date,stadtteil,n_total,n_Brandstiftung,n_Diebstahl,n_Drogendelikt,n_Einbruch,n_Fahrzeugaufbruch,n_Hasskriminalitaet,n_Koerperverletzung,n_Raub,n_Sachbeschaedigung,n_Sexualdelikt,n_Sonstiges,n_Toetungsdelikt,n_Verkehrsunfall,n_Waffendelikt
2024-10-31,Blockland,0,0,0,0,0,0,0,0,0,0,0,0,0,0,0
2024-10-31,Blumenthal,0,0,0,0,0,0,0,0,0,0,0,0,0,0,0
2024-10-31,Borgfeld,0,0,0,0,0,0,0,0,0,0,0,0,0,0,0
2024-10-31,Burglesum,0,0,0,0,0,0,0,0,0,0,0,0,0,0,0
2024-10-31,Findorff,0,0,0,0,0,0,0,0,0,0,0,0,0,0,0
2024-10-31,Gröpelingen,1,0,1,0,0,0,0,0,0,0,0,0,0,0,0
2024-10-31,Hemelingen,0,0,0,0,0,0,0,0,0,0,0,0,0,0,0
2024-10-31,Horn-Lehe,0,0,0,0,0,0,0,0,0,0,0,0,0,0,0
2024-10-31,Huchting,0,0,0,0,0,0,0,0,0,0,0,0,0,0,0
2024-10-31,Häfen,0,0,0,0,0,0,0,0,0,0,0,0,0,0,0
2024-10-31,Mitte,0,0,0,0,0,0,0,0,0,0,0,0,0,0,0
2024-10-31,Neustadt,0,0,0,0,0,0,0,0,0,0,0,0,0,0,0
2024-10-31,Oberneuland,0,0,0,0,0,0,0,0,0,0,0,0,0,0,0
2024-10-31,Obervieland,0,0,0,0,0,0,0,0,0,0,0,0,0,0,0
2024-10-31,Osterholz,0,0,0,0,0,0,0,0,0,0,0,0,0,0,0
2024-10-31,Schwachhausen,0,0,0,0,0,0,0,0,0,0,0,0,0,0,0
2024-10-31,Seehausen,0,0,0,0,0,0,0,0,0,0,0,0,0,0,0
2024-10-31,Strom,0,0,0,0,0,0,0,0,0,0,0,0,0,0,0
2024-10-31,Vahr,0,0,0,0,0,0,0,0,0,0,0,0,0,0,0
2024-10-31,Vegesack,0,0,0,0,0,0,0,0,0,0,0,0,0,0,0
2024-10-31,Walle,0,0,0,0,0,0,0,0,0,0,0,0,0,0,0
2024-10-31,Woltmershausen,0,0,0,0,0,0,0,0,0,0,0,0,0,0,0
2024-10-31,Östliche Vorstadt,0,0,0,0,0,0,0,0,0,0,0,0,0,0,0
2024-11-01,Blockland,0,0,0,0,0,0,0,0,0,0,0,0,0,0,0
2024-11-01,Blumenthal,0,0,0,0,0,0,0,0,0,0,0,0,0,0,0
2024-11-01,Borgfeld,0,0,0,0,0,0,0,0,0,0,0,0,0,0,0
2024-11-01,Burglesum,0,0,0,0,0,0,0,0,0,0,0,0,0,0,0
2024-11-01,Findorff,0,0,0,0,0,0,0,0,0,0,0,0,0,0,0
2024-11-01,Gröpelingen,0,0,0,0,0,0,0,0,0,0,0,0,0,0,0
2024-11-01,Hemelingen,0,0,0,0,0,0,0,0,0,0,0,0,0,0,0
2024-11-01,Horn-Lehe,0,0,0,0,0,0,0,0,0,0,0,0,0,0,0
2024-11-01,Huchting,0,0,0,0,0,0,0,0,0,0,0,0,0,0,0
2024-11-01,Häfen,0,0,0,0,0,0,0,0,0,0,0,0,0,0,0
2024-11-01,Mitte,0,0,0,0,0,0,0,0,0,0,0,0,0,0,0
2024-11-01,Neustadt,0,0,0,0,0,0,0,0,0,0,0,0,0,0,0
2024-11-01,Oberneuland,0,0,0,0,0,0,0,0,0,0,0,0,0,0,0
2024-11-01,Obervieland,0,0,0,0,0,0,0,0,0,0,0,0,0,0,0
2024-11-01,Osterholz,0,0,0,0,0,0,0,0,0,0,0,0,0,0,0
2024-11-01,Schwachhausen,0,0,0,0,0,0,0,0,0,0,0,0,0,0,0
2024-11-01,Seehausen,0,0,0,0,0,0,0,0,0,0,0,0,0,0,0
2024-11-01,Strom,0,0,0,0,0,0,0,0,0,0,0,0,0,0,0
2024-11-01,Vahr,0,0,0,0,0,0,0,0,0,0,0,0,0,0,0
2024-11-01,Vegesack,0,0,0,0,0,0,0,0,0,0,0,0,0,0,0
2024-11-01,Walle,0,0,0,0,0,0,0,0,0,0,0,0,0,0,0
2024-11-01,Woltmershausen,0,0,0,0,0,0,0,0,0,0,0,0,0,0,0
2024-11-01,Östliche Vorstadt,0,0,0,0,0,0,0,0,0,0,0,0,0,0,0
2024-11-02,Blockland,0,0,0,0,0,0,0,0,0,0,0,0,0,0,0
2024-11-02,Blumenthal,0,0,0,0,0,0,0,0,0,0,0,0,0,0,0
2024-11-02,Borgfeld,0,0,0,0,0,0,0,0,0,0,0,0,0,0,0
2024-11-02,Burglesum,0,0,0,0,0,0,0,0,0,0,0,0,0,0,0
2024-11-02,Findorff,0,0,0,0,0,0,0,0,0,0,0,0,0,0,0
2024-11-02,Gröpelingen,0,0,0,0,0,0,0,0,0,0,0,0,0,0,0
2024-11-02,Hemelingen,0,0,0,0,0,0,0,0,0,0,0,0,0,0,0
2024-11-02,Horn-Lehe,0,0,0,0,0,0,0,0,0,0,0,0,0,0,0
2024-11-02,Huchting,0,0,0,0,0,0,0,0,0,0,0,0,0,0,0
2024-11-02,Häfen,0,0,0,0,0,0,0,0,0,0,0,0,0,0,0
2024-11-02,Mitte,0,0,0,0,0,0,0,0,0,0,0,0,0,0,0
2024-11-02,Neustadt,0,0,0,0,0,0,0,0,0,0,0,0,0,0,0
2024-11-02,Oberneuland,0,0,0,0,0,0,0,0,0,0,0,0,0,0,0
2024-11-02,Obervieland,0,0,0,0,0,0,0,0,0,0,0,0,0,0,0
2024-11-02,Osterholz,0,0,0,0,0,0,0,0,0,0,0,0,0,0,0
2024-11-02,Schwachhausen,0,0,0,0,0,0,0,0,0,0,0,0,0,0,0
2024-11-02,Seehausen,0,0,0,0,0,0,0,0,0,0,0,0,0,0,0
2024-11-02,Strom,0,0,0,0,0,0,0,0,0,0,0,0,0,0,0
2024-11-02,Vahr,0,0,0,0,0,0,0,0,0,0,0,0,0,0,0
2024-11-02,Vegesack,0,0,0,0,0,0,0,0,0,0,0,0,0,0,0
2024-11-02,Walle,0,0,0,0,0,0,0,0,0,0,0,0,0,0,0
2024-11-02,Woltmershausen,0,0,0,0,0,0,0,0,0,0,0,0,0,0,0
2024-11-02,Östliche Vorstadt,0,0,0,0,0,0,0,0,0,0,0,0,0,0,0
2024-11-03,Blockland,0,0,0,0,0,0,0,0,0,0,0,0,0,0,0
2024-11-03,Blumenthal,0,0,0,0,0,0,0,0,0,0,0,0,0,0,0
2024-11-03,Borgfeld,0,0,0,0,0,0,0,0,0,0,0,0,0,0,0
2024-11-03,Burglesum,0,0,0,0,0,0,0,0,0,0,0,0,0,0,0
2024-11-03,Findorff,0,0,0,0,0,0,0,0,0,0,0,0,0,0,0
2024-11-03,Gröpelingen,0,0,0,0,0,0,0,0,0,0,0,0,0,0,0
2024-11-03,Hemelingen,0,0,0,0,0,0,0,0,0,0,0,0,0,0,0
2024-11-03,Horn-Lehe,0,0,0,0,0,0,0,0,0,0,0,0,0,0,0
2024-11-03,Huchting,0,0,0,0,0,0,0,0,0,0,0,0,0,0,0
2024-11-03,Häfen,0,0,0,0,0,0,0,0,0,0,0,0,0,0,0
2024-11-03,Mitte,0,0,0,0,0,0,0,0,0,0,0,0,0,0,0
2024-11-03,Neustadt,0,0,0,0,0,0,0,0,0,0,0,0,0,0,0
2024-11-03,Oberneuland,0,0,0,0,0,0,0,0,0,0,0,0,0,0,0
2024-11-03,Obervieland,0,0,0,0,0,0,0,0,0,0,0,0,0,0,0
2024-11-03,Osterholz,0,0,0,0,0,0,0,0,0,0,0,0,0,0,0
2024-11-03,Schwachhausen,0,0,0,0,0,0,0,0,0,0,0,0,0,0,0
2024-11-03,Seehausen,0,0,0,0,0,0,0,0,0,0,0,0,0,0,0
2024-11-03,Strom,0,0,0,0,0,0,0,0,0,0,0,0,0,0,0
2024-11-03,Vahr,0,0,0,0,0,0,0,0,0,0,0,0,0,0,0
2024-11-03,Vegesack,0,0,0,0,0,0,0,0,0,0,0,0,0,0,0
2024-11-03,Walle,0,0,0,0,0,0,0,0,0,0,0,0,0,0,0
2024-11-03,Woltmershausen,0,0,0,0,0,0,0,0,0,0,0,0,0,0,0
2024-11-03,Östliche Vorstadt,0,0,0,0,0,0,0,0,0,0,0,0,0,0,0
2024-11-04,Blockland,0,0,0,0,0,0,0,0,0,0,0,0,0,0,0
2024-11-04,Blumenthal,0,0,0,0,0,0,0,0,0,0,0,0,0,0,0
2024-11-04,Borgfeld,0,0,0,0,0,0,0,0,0,0,0,0,0,0,0
2024-11-04,Burglesum,0,0,0,0,0,0,0,0,0,0,0,0,0,0,0
2024-11-04,Findorff,0,0,0,0,0,0,0,0,0,0,0,0,0,0,0
2024-11-04,Gröpelingen,0,0,0,0,0,0,0,0,0,0,0,0,0,0,0
2024-11-04,Hemelingen,0,0,0,0,0,0,0,0,0,0,0,0,0,0,0
2024-11-04,Horn-Lehe,0,0,0,0,0,0,0,0,0,0,0,0,0,0,0
2024-11-04,Huchting,0,0,0,0,0,0,0,0,0,0,0,0,0,0,0
2024-11-04,Häfen,0,0,0,0,0,0,0,0,0,0,0,0,0,0,0
2024-11-04,Mitte,0,0,0,0,0,0,0,0,0,0,0,0,0,0,0
2024-11-04,Neustadt,0,0,0,0,0,0,0,0,0,0,0,0,0,0,0
2024-11-04,Oberneuland,0,0,0,0,0,0,0,0,0,0,0,0,0,0,0
2024-11-04,Obervieland,0,0,0,0,0,0,0,0,0,0,0,0,0,0,0
2024-11-04,Osterholz,0,0,0,0,0,0,0,0,0,0,0,0,0,0,0
2024-11-04,Schwachhausen,0,0,0,0,0,0,0,0,0,0,0,0,0,0,0
2024-11-04,Seehausen,0,0,0,0,0,0,0,0,0,0,0,0,0,0,0
2024-11-04,Strom,0,0,0,0,0,0,0,0,0,0,0,0,0,0,0
2024-11-04,Vahr,0,0,0,0,0,0,0,0,0,0,0,0,0,0,0
2024-11-04,Vegesack,0,0,0,0,0,0,0,0,0,0,0,0,0,0,0
2024-11-04,Walle,0,0,0,0,0,0,0,0,0,0,0,0,0,0,0
2024-11-04,Woltmershausen,0,0,0,0,0,0,0,0,0,0,0,0,0,0,0
2024-11-04,Östliche Vorstadt,0,0,0,0,0,0,0,0,0,0,0,0,0,0,0
2024-11-05,Blockland,0,0,0,0,0,0,0,0,0,0,0,0,0,0,0
2024-11-05,Blumenthal,0,0,0,0,0,0,0,0,0,0,0,0,0,0,0
2024-11-05,Borgfeld,0,0,0,0,0,0,0,0,0,0,0,0,0,0,0
2024-11-05,Burglesum,0,0,0,0,0,0,0,0,0,0,0,0,0,0,0
2024-11-05,Findorff,0,0,0,0,0,0,0,0,0,0,0,0,0,0,0
2024-11-05,Gröpelingen,0,0,0,0,0,0,0,0,0,0,0,0,0,0,0
2024-11-05,Hemelingen,0,0,0,0,0,0,0,0,0,0,0,0,0,0,0
2024-11-05,Horn-Lehe,0,0,0,0,0,0,0,0,0,0,0,0,0,0,0
2024-11-05,Huchting,0,0,0,0,0,0,0,0,0,0,0,0,0,0,0
2024-11-05,Häfen,0,0,0,0,0,0,0,0,0,0,0,0,0,0,0
2024-11-05,Mitte,0,0,0,0,0,0,0,0,0,0,0,0,0,0,0
2024-11-05,Neustadt,0,0,0,0,0,0,0,0,0,0,0,0,0,0,0
2024-11-05,Oberneuland,0,0,0,0,0,0,0,0,0,0,0,0,0,0,0
2024-11-05,Obervieland,0,0,0,0,0,0,0,0,0,0,0,0,0,0,0
2024-11-05,Osterholz,0,0,0,0,0,0,0,0,0,0,0,0,0,0,0
2024-11-05,Schwachhausen,0,0,0,0,0,0,0,0,0,0,0,0,0,0,0
2024-11-05,Seehausen,0,0,0,0,0,0,0,0,0,0,0,0,0,0,0
2024-11-05,Strom,0,0,0,0,0,0,0,0,0,0,0,0,0,0,0
2024-11-05,Vahr,0,0,0,0,0,0,0,0,0,0,0,0,0,0,0
2024-11-05,Vegesack,0,0,0,0,0,0,0,0,0,0,0,0,0,0,0
2024-11-05,Walle,0,0,0,0,0,0,0,0,0,0,0,0,0,0,0
2024-11-05,Woltmershausen,0,0,0,0,0,0,0,0,0,0,0,0,0,0,0
2024-11-05,Östliche Vorstadt,0,0,0,0,0,0,0,0,0,0,0,0,0,0,0
2024-11-06,Blockland,0,0,0,0,0,0,0,0,0,0,0,0,0,0,0
2024-11-06,Blumenthal,0,0,0,0,0,0,0,0,0,0,0,0,0,0,0
2024-11-06,Borgfeld,0,0,0,0,0,0,0,0,0,0,0,0,0,0,0
2024-11-06,Burglesum,0,0,0,0,0,0,0,0,0,0,0,0,0,0,0
2024-11-06,Findorff,0,0,0,0,0,0,0,0,0,0,0,0,0,0,0
2024-11-06,Gröpelingen,0,0,0,0,0,0,0,0,0,0,0,0,0,0,0
2024-11-06,Hemelingen,0,0,0,0,0,0,0,0,0,0,0,0,0,0,0
2024-11-06,Horn-Lehe,0,0,0,0,0,0,0,0,0,0,0,0,0,0,0
2024-11-06,Huchting,0,0,0,0,0,0,0,0,0,0,0,0,0,0,0
2024-11-06,Häfen,0,0,0,0,0,0,0,0,0,0,0,0,0,0,0
2024-11-06,Mitte,0,0,0,0,0,0,0,0,0,0,0,0,0,0,0
2024-11-06,Neustadt,0,0,0,0,0,0,0,0,0,0,0,0,0,0,0
2024-11-06,Oberneuland,0,0,0,0,0,0,0,0,0,0,0,0,0,0,0
2024-11-06,Obervieland,0,0,0,0,0,0,0,0,0,0,0,0,0,0,0
2024-11-06,Osterholz,0,0,0,0,0,0,0,0,0,0,0,0,0,0,0
2024-11-06,Schwachhausen,0,0,0,0,0,0,0,0,0,0,0,0,0,0,0
2024-11-06,Seehausen,0,0,0,0,0,0,0,0,0,0,0,0,0,0,0
2024-11-06,Strom,0,0,0,0,0,0,0,0,0,0,0,0,0,0,0
2024-11-06,Vahr,0,0,0,0,0,0,0,0,0,0,0,0,0,0,0
2024-11-06,Vegesack,0,0,0,0,0,0,0,0,0,0,0,0,0,0,0
2024-11-06,Walle,0,0,0,0,0,0,0,0,0,0,0,0,0,0,0
2024-11-06,Woltmershausen,0,0,0,0,0,0,0,0,0,0,0,0,0,0,0
2024-11-06,Östliche Vorstadt,0,0,0,0,0,0,0,0,0,0,0,0,0,0,0
2024-11-07,Blockland,0,0,0,0,0,0,0,0,0,0,0,0,0,0,0
2024-11-07,Blumenthal,0,0,0,0,0,0,0,0,0,0,0,0,0,0,0
2024-11-07,Borgfeld,0,0,0,0,0,0,0,0,0,0,0,0,0,0,0
2024-11-07,Burglesum,0,0,0,0,0,0,0,0,0,0,0,0,0,0,0
2024-11-07,Findorff,0,0,0,0,0,0,0,0,0,0,0,0,0,0,0
2024-11-07,Gröpelingen,0,0,0,0,0,0,0,0,0,0,0,0,0,0,0
2024-11-07,Hemelingen,0,0,0,0,0,0,0,0,0,0,0,0,0,0,0
2024-11-07,Horn-Lehe,0,0,0,0,0,0,0,0,0,0,0,0,0,0,0
2024-11-07,Huchting,0,0,0,0,0,0,0,0,0,0,0,0,0,0,0
2024-11-07,Häfen,0,0,0,0,0,0,0,0,0,0,0,0,0,0,0
2024-11-07,Mitte,0,0,0,0,0,0,0,0,0,0,0,0,0,0,0
2024-11-07,Neustadt,0,0,0,0,0,0,0,0,0,0,0,0,0,0,0
2024-11-07,Oberneuland,0,0,0,0,0,0,0,0,0,0,0,0,0,0,0
2024-11-07,Obervieland,0,0,0,0,0,0,0,0,0,0,0,0,0,0,0
2024-11-07,Osterholz,0,0,0,0,0,0,0,0,0,0,0,0,0,0,0
2024-11-07,Schwachhausen,0,0,0,0,0,0,0,0,0,0,0,0,0,0,0
2024-11-07,Seehausen,0,0,0,0,0,0,0,0,0,0,0,0,0,0,0
2024-11-07,Strom,0,0,0,0,0,0,0,0,0,0,0,0,0,0,0
2024-11-07,Vahr,0,0,0,0,0,0,0,0,0,0,0,0,0,0,0
2024-11-07,Vegesack,0,0,0,0,0,0,0,0,0,0,0,0,0,0,0
2024-11-07,Walle,0,0,0,0,0,0,0,0,0,0,0,0,0,0,0
2024-11-07,Woltmershausen,0,0,0,0,0,0,0,0,0,0,0,0,0,0,0
2024-11-07,Östliche Vorstadt,0,0,0,0,0,0,0,0,0,0,0,0,0,0,0
2024-11-08,Blockland,0,0,0,0,0,0,0,0,0,0,0,0,0,0,0
2024-11-08,Blumenthal,0,0,0,0,0,0,0,0,0,0,0,0,0,0,0
2024-11-08,Borgfeld,0,0,0,0,0,0,0,0,0,0,0,0,0,0,0
2024-11-08,Burglesum,0,0,0,0,0,0,0,0,0,0,0,0,0,0,0
2024-11-08,Findorff,0,0,0,0,0,0,0,0,0,0,0,0,0,0,0
2024-11-08,Gröpelingen,0,0,0,0,0,0,0,0,0,0,0,0,0,0,0
2024-11-08,Hemelingen,0,0,0,0,0,0,0,0,0,0,0,0,0,0,0
2024-11-08,Horn-Lehe,0,0,0,0,0,0,0,0,0,0,0,0,0,0,0
2024-11-08,Huchting,0,0,0,0,0,0,0,0,0,0,0,0,0,0,0
2024-11-08,Häfen,0,0,0,0,0,0,0,0,0,0,0,0,0,0,0
2024-11-08,Mitte,0,0,0,0,0,0,0,0,0,0,0,0,0,0,0
2024-11-08,Neustadt,0,0,0,0,0,0,0,0,0,0,0,0,0,0,0
2024-11-08,Oberneuland,0,0,0,0,0,0,0,0,0,0,0,0,0,0,0
2024-11-08,Obervieland,0,0,0,0,0,0,0,0,0,0,0,0,0,0,0
2024-11-08,Osterholz,0,0,0,0,0,0,0,0,0,0,0,0,0,0,0
2024-11-08,Schwachhausen,0,0,0,0,0,0,0,0,0,0,0,0,0,0,0
2024-11-08,Seehausen,0,0,0,0,0,0,0,0,0,0,0,0,0,0,0
2024-11-08,Strom,0,0,0,0,0,0,0,0,0,0,0,0,0,0,0
2024-11-08,Vahr,0,0,0,0,0,0,0,0,0,0,0,0,0,0,0
2024-11-08,Vegesack,0,0,0,0,0,0,0,0,0,0,0,0,0,0,0
2024-11-08,Walle,0,0,0,0,0,0,0,0,0,0,0,0,0,0,0
2024-11-08,Woltmershausen,0,0,0,0,0,0,0,0,0,0,0,0,0,0,0
2024-11-08,Östliche Vorstadt,0,0,0,0,0,0,0,0,0,0,0,0,0,0,0
2024-11-09,Blockland,0,0,0,0,0,0,0,0,0,0,0,0,0,0,0
2024-11-09,Blumenthal,0,0,0,0,0,0,0,0,0,0,0,0,0,0,0
2024-11-09,Borgfeld,0,0,0,0,0,0,0,0,0,0,0,0,0,0,0
2024-11-09,Burglesum,0,0,0,0,0,0,0,0,0,0,0,0,0,0,0
2024-11-09,Findorff,0,0,0,0,0,0,0,0,0,0,0,0,0,0,0
2024-11-09,Gröpelingen,0,0,0,0,0,0,0,0,0,0,0,0,0,0,0
2024-11-09,Hemelingen,0,0,0,0,0,0,0,0,0,0,0,0,0,0,0
2024-11-09,Horn-Lehe,0,0,0,0,0,0,0,0,0,0,0,0,0,0,0
2024-11-09,Huchting,0,0,0,0,0,0,0,0,0,0,0,0,0,0,0
2024-11-09,Häfen,0,0,0,0,0,0,0,0,0,0,0,0,0,0,0
2024-11-09,Mitte,0,0,0,0,0,0,0,0,0,0,0,0,0,0,0
2024-11-09,Neustadt,0,0,0,0,0,0,0,0,0,0,0,0,0,0,0
2024-11-09,Oberneuland,0,0,0,0,0,0,0,0,0,0,0,0,0,0,0
2024-11-09,Obervieland,0,0,0,0,0,0,0,0,0,0,0,0,0,0,0
2024-11-09,Osterholz,0,0,0,0,0,0,0,0,0,0,0,0,0,0,0
2024-11-09,Schwachhausen,0,0,0,0,0,0,0,0,0,0,0,0,0,0,0
2024-11-09,Seehausen,0,0,0,0,0,0,0,0,0,0,0,0,0,0,0
2024-11-09,Strom,0,0,0,0,0,0,0,0,0,0,0,0,0,0,0
2024-11-09,Vahr,0,0,0,0,0,0,0,0,0,0,0,0,0,0,0
2024-11-09,Vegesack,0,0,0,0,0,0,0,0,0,0,0,0,0,0,0
2024-11-09,Walle,0,0,0,0,0,0,0,0,0,0,0,0,0,0,0
2024-11-09,Woltmershausen,0,0,0,0,0,0,0,0,0,0,0,0,0,0,0
2024-11-09,Östliche Vorstadt,0,0,0,0,0,0,0,0,0,0,0,0,0,0,0
2024-11-10,Blockland,0,0,0,0,0,0,0,0,0,0,0,0,0,0,0
2024-11-10,Blumenthal,0,0,0,0,0,0,0,0,0,0,0,0,0,0,0
2024-11-10,Borgfeld,0,0,0,0,0,0,0,0,0,0,0,0,0,0,0
2024-11-10,Burglesum,0,0,0,0,0,0,0,0,0,0,0,0,0,0,0
2024-11-10,Findorff,0,0,0,0,0,0,0,0,0,0,0,0,0,0,0
2024-11-10,Gröpelingen,0,0,0,0,0,0,0,0,0,0,0,0,0,0,0
2024-11-10,Hemelingen,0,0,0,0,0,0,0,0,0,0,0,0,0,0,0
2024-11-10,Horn-Lehe,0,0,0,0,0,0,0,0,0,0,0,0,0,0,0
2024-11-10,Huchting,0,0,0,0,0,0,0,0,0,0,0,0,0,0,0
2024-11-10,Häfen,0,0,0,0,0,0,0,0,0,0,0,0,0,0,0
2024-11-10,Mitte,0,0,0,0,0,0,0,0,0,0,0,0,0,0,0
2024-11-10,Neustadt,0,0,0,0,0,0,0,0,0,0,0,0,0,0,0
2024-11-10,Oberneuland,0,0,0,0,0,0,0,0,0,0,0,0,0,0,0
2024-11-10,Obervieland,0,0,0,0,0,0,0,0,0,0,0,0,0,0,0
2024-11-10,Osterholz,0,0,0,0,0,0,0,0,0,0,0,0,0,0,0
2024-11-10,Schwachhausen,0,0,0,0,0,0,0,0,0,0,0,0,0,0,0
2024-11-10,Seehausen,0,0,0,0,0,0,0,0,0,0,0,0,0,0,0
2024-11-10,Strom,0,0,0,0,0,0,0,0,0,0,0,0,0,0,0
2024-11-10,Vahr,0,0,0,0,0,0,0,0,0,0,0,0,0,0,0
2024-11-10,Vegesack,0,0,0,0,0,0,0,0,0,0,0,0,0,0,0
2024-11-10,Walle,0,0,0,0,0,0,0,0,0,0,0,0,0,0,0
2024-11-10,Woltmershausen,0,0,0,0,0,0,0,0,0,0,0,0,0,0,0
2024-11-10,Östliche Vorstadt,0,0,0,0,0,0,0,0,0,0,0,0,0,0,0
2024-11-11,Blockland,0,0,0,0,0,0,0,0,0,0,0,0,0,0,0
2024-11-11,Blumenthal,0,0,0,0,0,0,0,0,0,0,0,0,0,0,0
2024-11-11,Borgfeld,0,0,0,0,0,0,0,0,0,0,0,0,0,0,0
2024-11-11,Burglesum,0,0,0,0,0,0,0,0,0,0,0,0,0,0,0
2024-11-11,Findorff,0,0,0,0,0,0,0,0,0,0,0,0,0,0,0
2024-11-11,Gröpelingen,0,0,0,0,0,0,0,0,0,0,0,0,0,0,0
2024-11-11,Hemelingen,0,0,0,0,0,0,0,0,0,0,0,0,0,0,0
2024-11-11,Horn-Lehe,0,0,0,0,0,0,0,0,0,0,0,0,0,0,0
2024-11-11,Huchting,0,0,0,0,0,0,0,0,0,0,0,0,0,0,0
2024-11-11,Häfen,0,0,0,0,0,0,0,0,0,0,0,0,0,0,0
2024-11-11,Mitte,0,0,0,0,0,0,0,0,0,0,0,0,0,0,0
2024-11-11,Neustadt,0,0,0,0,0,0,0,0,0,0,0,0,0,0,0
2024-11-11,Oberneuland,0,0,0,0,0,0,0,0,0,0,0,0,0,0,0
2024-11-11,Obervieland,0,0,0,0,0,0,0,0,0,0,0,0,0,0,0
2024-11-11,Osterholz,0,0,0,0,0,0,0,0,0,0,0,0,0,0,0
2024-11-11,Schwachhausen,0,0,0,0,0,0,0,0,0,0,0,0,0,0,0
2024-11-11,Seehausen,0,0,0,0,0,0,0,0,0,0,0,0,0,0,0
2024-11-11,Strom,0,0,0,0,0,0,0,0,0,0,0,0,0,0,0
2024-11-11,Vahr,0,0,0,0,0,0,0,0,0,0,0,0,0,0,0
2024-11-11,Vegesack,0,0,0,0,0,0,0,0,0,0,0,0,0,0,0
2024-11-11,Walle,0,0,0,0,0,0,0,0,0,0,0,0,0,0,0
2024-11-11,Woltmershausen,0,0,0,0,0,0,0,0,0,0,0,0,0,0,0
2024-11-11,Östliche Vorstadt,0,0,0,0,0,0,0,0,0,0,0,0,0,0,0
2024-11-12,Blockland,0,0,0,0,0,0,0,0,0,0,0,0,0,0,0
2024-11-12,Blumenthal,0,0,0,0,0,0,0,0,0,0,0,0,0,0,0
2024-11-12,Borgfeld,0,0,0,0,0,0,0,0,0,0,0,0,0,0,0
2024-11-12,Burglesum,0,0,0,0,0,0,0,0,0,0,0,0,0,0,0
2024-11-12,Findorff,0,0,0,0,0,0,0,0,0,0,0,0,0,0,0
2024-11-12,Gröpelingen,0,0,0,0,0,0,0,0,0,0,0,0,0,0,0
2024-11-12,Hemelingen,0,0,0,0,0,0,0,0,0,0,0,0,0,0,0
2024-11-12,Horn-Lehe,0,0,0,0,0,0,0,0,0,0,0,0,0,0,0
2024-11-12,Huchting,0,0,0,0,0,0,0,0,0,0,0,0,0,0,0
2024-11-12,Häfen,0,0,0,0,0,0,0,0,0,0,0,0,0,0,0
2024-11-12,Mitte,0,0,0,0,0,0,0,0,0,0,0,0,0,0,0
2024-11-12,Neustadt,0,0,0,0,0,0,0,0,0,0,0,0,0,0,0
2024-11-12,Oberneuland,0,0,0,0,0,0,0,0,0,0,0,0,0,0,0
2024-11-12,Obervieland,0,0,0,0,0,0,0,0,0,0,0,0,0,0,0
2024-11-12,Osterholz,0,0,0,0,0,0,0,0,0,0,0,0,0,0,0
2024-11-12,Schwachhausen,0,0,0,0,0,0,0,0,0,0,0,0,0,0,0
2024-11-12,Seehausen,0,0,0,0,0,0,0,0,0,0,0,0,0,0,0
2024-11-12,Strom,0,0,0,0,0,0,0,0,0,0,0,0,0,0,0
2024-11-12,Vahr,0,0,0,0,0,0,0,0,0,0,0,0,0,0,0
2024-11-12,Vegesack,0,0,0,0,0,0,0,0,0,0,0,0,0,0,0
2024-11-12,Walle,0,0,0,0,0,0,0,0,0,0,0,0,0,0,0
2024-11-12,Woltmershausen,0,0,0,0,0,0,0,0,0,0,0,0,0,0,0
2024-11-12,Östliche Vorstadt,0,0,0,0,0,0,0,0,0,0,0,0,0,0,0
2024-11-13,Blockland,0,0,0,0,0,0,0,0,0,0,0,0,0,0,0
2024-11-13,Blumenthal,0,0,0,0,0,0,0,0,0,0,0,0,0,0,0
2024-11-13,Borgfeld,0,0,0,0,0,0,0,0,0,0,0,0,0,0,0
2024-11-13,Burglesum,0,0,0,0,0,0,0,0,0,0,0,0,0,0,0
2024-11-13,Findorff,0,0,0,0,0,0,0,0,0,0,0,0,0,0,0
2024-11-13,Gröpelingen,0,0,0,0,0,0,0,0,0,0,0,0,0,0,0
2024-11-13,Hemelingen,0,0,0,0,0,0,0,0,0,0,0,0,0,0,0
2024-11-13,Horn-Lehe,0,0,0,0,0,0,0,0,0,0,0,0,0,0,0
2024-11-13,Huchting,0,0,0,0,0,0,0,0,0,0,0,0,0,0,0
2024-11-13,Häfen,0,0,0,0,0,0,0,0,0,0,0,0,0,0,0
2024-11-13,Mitte,0,0,0,0,0,0,0,0,0,0,0,0,0,0,0
2024-11-13,Neustadt,0,0,0,0,0,0,0,0,0,0,0,0,0,0,0
2024-11-13,Oberneuland,0,0,0,0,0,0,0,0,0,0,0,0,0,0,0
2024-11-13,Obervieland,0,0,0,0,0,0,0,0,0,0,0,0,0,0,0
2024-11-13,Osterholz,0,0,0,0,0,0,0,0,0,0,0,0,0,0,0
2024-11-13,Schwachhausen,0,0,0,0,0,0,0,0,0,0,0,0,0,0,0
2024-11-13,Seehausen,0,0,0,0,0,0,0,0,0,0,0,0,0,0,0
2024-11-13,Strom,0,0,0,0,0,0,0,0,0,0,0,0,0,0,0
2024-11-13,Vahr,0,0,0,0,0,0,0,0,0,0,0,0,0,0,0
2024-11-13,Vegesack,0,0,0,0,0,0,0,0,0,0,0,0,0,0,0
2024-11-13,Walle,0,0,0,0,0,0,0,0,0,0,0,0,0,0,0
2024-11-13,Woltmershausen,0,0,0,0,0,0,0,0,0,0,0,0,0,0,0
2024-11-13,Östliche Vorstadt,0,0,0,0,0,0,0,0,0,0,0,0,0,0,0
2024-11-14,Blockland,0,0,0,0,0,0,0,0,0,0,0,0,0,0,0
2024-11-14,Blumenthal,0,0,0,0,0,0,0,0,0,0,0,0,0,0,0
2024-11-14,Borgfeld,0,0,0,0,0,0,0,0,0,0,0,0,0,0,0
2024-11-14,Burglesum,0,0,0,0,0,0,0,0,0,0,0,0,0,0,0
2024-11-14,Findorff,0,0,0,0,0,0,0,0,0,0,0,0,0,0,0
2024-11-14,Gröpelingen,0,0,0,0,0,0,0,0,0,0,0,0,0,0,0
2024-11-14,Hemelingen,0,0,0,0,0,0,0,0,0,0,0,0,0,0,0
2024-11-14,Horn-Lehe,0,0,0,0,0,0,0,0,0,0,0,0,0,0,0
2024-11-14,Huchting,0,0,0,0,0,0,0,0,0,0,0,0,0,0,0
2024-11-14,Häfen,0,0,0,0,0,0,0,0,0,0,0,0,0,0,0
2024-11-14,Mitte,0,0,0,0,0,0,0,0,0,0,0,0,0,0,0
2024-11-14,Neustadt,0,0,0,0,0,0,0,0,0,0,0,0,0,0,0
2024-11-14,Oberneuland,0,0,0,0,0,0,0,0,0,0,0,0,0,0,0
2024-11-14,Obervieland,0,0,0,0,0,0,0,0,0,0,0,0,0,0,0
2024-11-14,Osterholz,0,0,0,0,0,0,0,0,0,0,0,0,0,0,0
2024-11-14,Schwachhausen,0,0,0,0,0,0,0,0,0,0,0,0,0,0,0
2024-11-14,Seehausen,0,0,0,0,0,0,0,0,0,0,0,0,0,0,0
2024-11-14,Strom,0,0,0,0,0,0,0,0,0,0,0,0,0,0,0
2024-11-14,Vahr,0,0,0,0,0,0,0,0,0,0,0,0,0,0,0
2024-11-14,Vegesack,0,0,0,0,0,0,0,0,0,0,0,0,0,0,0
2024-11-14,Walle,0,0,0,0,0,0,0,0,0,0,0,0,0,0,0
2024-11-14,Woltmershausen,0,0,0,0,0,0,0,0,0,0,0,0,0,0,0
2024-11-14,Östliche Vorstadt,0,0,0,0,0,0,0,0,0,0,0,0,0,0,0
2024-11-15,Blockland,0,0,0,0,0,0,0,0,0,0,0,0,0,0,0
2024-11-15,Blumenthal,0,0,0,0,0,0,0,0,0,0,0,0,0,0,0
2024-11-15,Borgfeld,0,0,0,0,0,0,0,0,0,0,0,0,0,0,0
2024-11-15,Burglesum,0,0,0,0,0,0,0,0,0,0,0,0,0,0,0
2024-11-15,Findorff,0,0,0,0,0,0,0,0,0,0,0,0,0,0,0
2024-11-15,Gröpelingen,0,0,0,0,0,0,0,0,0,0,0,0,0,0,0
2024-11-15,Hemelingen,0,0,0,0,0,0,0,0,0,0,0,0,0,0,0
2024-11-15,Horn-Lehe,0,0,0,0,0,0,0,0,0,0,0,0,0,0,0
2024-11-15,Huchting,0,0,0,0,0,0,0,0,0,0,0,0,0,0,0
2024-11-15,Häfen,0,0,0,0,0,0,0,0,0,0,0,0,0,0,0
2024-11-15,Mitte,0,0,0,0,0,0,0,0,0,0,0,0,0,0,0
2024-11-15,Neustadt,0,0,0,0,0,0,0,0,0,0,0,0,0,0,0
2024-11-15,Oberneuland,0,0,0,0,0,0,0,0,0,0,0,0,0,0,0
2024-11-15,Obervieland,0,0,0,0,0,0,0,0,0,0,0,0,0,0,0
2024-11-15,Osterholz,0,0,0,0,0,0,0,0,0,0,0,0,0,0,0
2024-11-15,Schwachhausen,0,0,0,0,0,0,0,0,0,0,0,0,0,0,0
2024-11-15,Seehausen,0,0,0,0,0,0,0,0,0,0,0,0,0,0,0
2024-11-15,Strom,0,0,0,0,0,0,0,0,0,0,0,0,0,0,0
2024-11-15,Vahr,0,0,0,0,0,0,0,0,0,0,0,0,0,0,0
2024-11-15,Vegesack,0,0,0,0,0,0,0,0,0,0,0,0,0,0,0
2024-11-15,Walle,0,0,0,0,0,0,0,0,0,0,0,0,0,0,0
2024-11-15,Woltmershausen,0,0,0,0,0,0,0,0,0,0,0,0,0,0,0
2024-11-15,Östliche Vorstadt,0,0,0,0,0,0,0,0,0,0,0,0,0,0,0
2024-11-16,Blockland,0,0,0,0,0,0,0,0,0,0,0,0,0,0,0
2024-11-16,Blumenthal,0,0,0,0,0,0,0,0,0,0,0,0,0,0,0
2024-11-16,Borgfeld,0,0,0,0,0,0,0,0,0,0,0,0,0,0,0
2024-11-16,Burglesum,0,0,0,0,0,0,0,0,0,0,0,0,0,0,0
2024-11-16,Findorff,0,0,0,0,0,0,0,0,0,0,0,0,0,0,0
2024-11-16,Gröpelingen,0,0,0,0,0,0,0,0,0,0,0,0,0,0,0
2024-11-16,Hemelingen,0,0,0,0,0,0,0,0,0,0,0,0,0,0,0
2024-11-16,Horn-Lehe,0,0,0,0,0,0,0,0,0,0,0,0,0,0,0
2024-11-16,Huchting,0,0,0,0,0,0,0,0,0,0,0,0,0,0,0
2024-11-16,Häfen,0,0,0,0,0,0,0,0,0,0,0,0,0,0,0
2024-11-16,Mitte,0,0,0,0,0,0,0,0,0,0,0,0,0,0,0
2024-11-16,Neustadt,0,0,0,0,0,0,0,0,0,0,0,0,0,0,0
2024-11-16,Oberneuland,0,0,0,0,0,0,0,0,0,0,0,0,0,0,0
2024-11-16,Obervieland,0,0,0,0,0,0,0,0,0,0,0,0,0,0,0
2024-11-16,Osterholz,0,0,0,0,0,0,0,0,0,0,0,0,0,0,0
2024-11-16,Schwachhausen,0,0,0,0,0,0,0,0,0,0,0,0,0,0,0
2024-11-16,Seehausen,0,0,0,0,0,0,0,0,0,0,0,0,0,0,0
2024-11-16,Strom,0,0,0,0,0,0,0,0,0,0,0,0,0,0,0
2024-11-16,Vahr,0,0,0,0,0,0,0,0,0,0,0,0,0,0,0
2024-11-16,Vegesack,0,0,0,0,0,0,0,0,0,0,0,0,0,0,0
2024-11-16,Walle,0,0,0,0,0,0,0,0,0,0,0,0,0,0,0
2024-11-16,Woltmershausen,0,0,0,0,0,0,0,0,0,0,0,0,0,0,0
2024-11-16,Östliche Vorstadt,0,0,0,0,0,0,0,0,0,0,0,0,0,0,0
2024-11-17,Blockland,0,0,0,0,0,0,0,0,0,0,0,0,0,0,0
2024-11-17,Blumenthal,0,0,0,0,0,0,0,0,0,0,0,0,0,0,0
2024-11-17,Borgfeld,0,0,0,0,0,0,0,0,0,0,0,0,0,0,0
2024-11-17,Burglesum,0,0,0,0,0,0,0,0,0,0,0,0,0,0,0
2024-11-17,Findorff,0,0,0,0,0,0,0,0,0,0,0,0,0,0,0
2024-11-17,Gröpelingen,0,0,0,0,0,0,0,0,0,0,0,0,0,0,0
2024-11-17,Hemelingen,0,0,0,0,0,0,0,0,0,0,0,0,0,0,0
2024-11-17,Horn-Lehe,0,0,0,0,0,0,0,0,0,0,0,0,0,0,0
2024-11-17,Huchting,0,0,0,0,0,0,0,0,0,0,0,0,0,0,0
2024-11-17,Häfen,0,0,0,0,0,0,0,0,0,0,0,0,0,0,0
2024-11-17,Mitte,0,0,0,0,0,0,0,0,0,0,0,0,0,0,0
2024-11-17,Neustadt,0,0,0,0,0,0,0,0,0,0,0,0,0,0,0
2024-11-17,Oberneuland,0,0,0,0,0,0,0,0,0,0,0,0,0,0,0
2024-11-17,Obervieland,0,0,0,0,0,0,0,0,0,0,0,0,0,0,0
2024-11-17,Osterholz,0,0,0,0,0,0,0,0,0,0,0,0,0,0,0
2024-11-17,Schwachhausen,0,0,0,0,0,0,0,0,0,0,0,0,0,0,0
2024-11-17,Seehausen,0,0,0,0,0,0,0,0,0,0,0,0,0,0,0
2024-11-17,Strom,0,0,0,0,0,0,0,0,0,0,0,0,0,0,0
2024-11-17,Vahr,0,0,0,0,0,0,0,0,0,0,0,0,0,0,0
2024-11-17,Vegesack,0,0,0,0,0,0,0,0,0,0,0,0,0,0,0
2024-11-17,Walle,0,0,0,0,0,0,0,0,0,0,0,0,0,0,0
2024-11-17,Woltmershausen,0,0,0,0,0,0,0,0,0,0,0,0,0,0,0
2024-11-17,Östliche Vorstadt,0,0,0,0,0,0,0,0,0,0,0,0,0,0,0
2024-11-18,Blockland,0,0,0,0,0,0,0,0,0,0,0,0,0,0,0
2024-11-18,Blumenthal,0,0,0,0,0,0,0,0,0,0,0,0,0,0,0
2024-11-18,Borgfeld,0,0,0,0,0,0,0,0,0,0,0,0,0,0,0
2024-11-18,Burglesum,0,0,0,0,0,0,0,0,0,0,0,0,0,0,0
2024-11-18,Findorff,0,0,0,0,0,0,0,0,0,0,0,0,0,0,0
2024-11-18,Gröpelingen,0,0,0,0,0,0,0,0,0,0,0,0,0,0,0
2024-11-18,Hemelingen,0,0,0,0,0,0,0,0,0,0,0,0,0,0,0
2024-11-18,Horn-Lehe,0,0,0,0,0,0,0,0,0,0,0,0,0,0,0
2024-11-18,Huchting,0,0,0,0,0,0,0,0,0,0,0,0,0,0,0
2024-11-18,Häfen,0,0,0,0,0,0,0,0,0,0,0,0,0,0,0
2024-11-18,Mitte,0,0,0,0,0,0,0,0,0,0,0,0,0,0,0
2024-11-18,Neustadt,0,0,0,0,0,0,0,0,0,0,0,0,0,0,0
2024-11-18,Oberneuland,0,0,0,0,0,0,0,0,0,0,0,0,0,0,0
2024-11-18,Obervieland,0,0,0,0,0,0,0,0,0,0,0,0,0,0,0
2024-11-18,Osterholz,0,0,0,0,0,0,0,0,0,0,0,0,0,0,0
2024-11-18,Schwachhausen,0,0,0,0,0,0,0,0,0,0,0,0,0,0,0
2024-11-18,Seehausen,0,0,0,0,0,0,0,0,0,0,0,0,0,0,0
2024-11-18,Strom,0,0,0,0,0,0,0,0,0,0,0,0,0,0,0
2024-11-18,Vahr,0,0,0,0,0,0,0,0,0,0,0,0,0,0,0
2024-11-18,Vegesack,0,0,0,0,0,0,0,0,0,0,0,0,0,0,0
2024-11-18,Walle,0,0,0,0,0,0,0,0,0,0,0,0,0,0,0
2024-11-18,Woltmershausen,0,0,0,0,0,0,0,0,0,0,0,0,0,0,0
2024-11-18,Östliche Vorstadt,0,0,0,0,0,0,0,0,0,0,0,0,0,0,0
2024-11-19,Blockland,0,0,0,0,0,0,0,0,0,0,0,0,0,0,0
2024-11-19,Blumenthal,0,0,0,0,0,0,0,0,0,0,0,0,0,0,0
2024-11-19,Borgfeld,0,0,0,0,0,0,0,0,0,0,0,0,0,0,0
2024-11-19,Burglesum,0,0,0,0,0,0,0,0,0,0,0,0,0,0,0
2024-11-19,Findorff,0,0,0,0,0,0,0,0,0,0,0,0,0,0,0
2024-11-19,Gröpelingen,0,0,0,0,0,0,0,0,0,0,0,0,0,0,0
2024-11-19,Hemelingen,0,0,0,0,0,0,0,0,0,0,0,0,0,0,0
2024-11-19,Horn-Lehe,0,0,0,0,0,0,0,0,0,0,0,0,0,0,0
2024-11-19,Huchting,0,0,0,0,0,0,0,0,0,0,0,0,0,0,0
2024-11-19,Häfen,0,0,0,0,0,0,0,0,0,0,0,0,0,0,0
2024-11-19,Mitte,0,0,0,0,0,0,0,0,0,0,0,0,0,0,0
2024-11-19,Neustadt,0,0,0,0,0,0,0,0,0,0,0,0,0,0,0
2024-11-19,Oberneuland,0,0,0,0,0,0,0,0,0,0,0,0,0,0,0
2024-11-19,Obervieland,0,0,0,0,0,0,0,0,0,0,0,0,0,0,0
2024-11-19,Osterholz,0,0,0,0,0,0,0,0,0,0,0,0,0,0,0
2024-11-19,Schwachhausen,0,0,0,0,0,0,0,0,0,0,0,0,0,0,0
2024-11-19,Seehausen,0,0,0,0,0,0,0,0,0,0,0,0,0,0,0
2024-11-19,Strom,0,0,0,0,0,0,0,0,0,0,0,0,0,0,0
2024-11-19,Vahr,0,0,0,0,0,0,0,0,0,0,0,0,0,0,0
2024-11-19,Vegesack,0,0,0,0,0,0,0,0,0,0,0,0,0,0,0
2024-11-19,Walle,0,0,0,0,0,0,0,0,0,0,0,0,0,0,0
2024-11-19,Woltmershausen,0,0,0,0,0,0,0,0,0,0,0,0,0,0,0
2024-11-19,Östliche Vorstadt,0,0,0,0,0,0,0,0,0,0,0,0,0,0,0
2024-11-20,Blockland,0,0,0,0,0,0,0,0,0,0,0,0,0,0,0
2024-11-20,Blumenthal,0,0,0,0,0,0,0,0,0,0,0,0,0,0,0
2024-11-20,Borgfeld,0,0,0,0,0,0,0,0,0,0,0,0,0,0,0
2024-11-20,Burglesum,0,0,0,0,0,0,0,0,0,0,0,0,0,0,0
2024-11-20,Findorff,0,0,0,0,0,0,0,0,0,0,0,0,0,0,0
2024-11-20,Gröpelingen,0,0,0,0,0,0,0,0,0,0,0,0,0,0,0
2024-11-20,Hemelingen,0,0,0,0,0,0,0,0,0,0,0,0,0,0,0
2024-11-20,Horn-Lehe,0,0,0,0,0,0,0,0,0,0,0,0,0,0,0
2024-11-20,Huchting,0,0,0,0,0,0,0,0,0,0,0,0,0,0,0
2024-11-20,Häfen,0,0,0,0,0,0,0,0,0,0,0,0,0,0,0
2024-11-20,Mitte,0,0,0,0,0,0,0,0,0,0,0,0,0,0,0
2024-11-20,Neustadt,0,0,0,0,0,0,0,0,0,0,0,0,0,0,0
2024-11-20,Oberneuland,0,0,0,0,0,0,0,0,0,0,0,0,0,0,0
2024-11-20,Obervieland,0,0,0,0,0,0,0,0,0,0,0,0,0,0,0
2024-11-20,Osterholz,0,0,0,0,0,0,0,0,0,0,0,0,0,0,0
2024-11-20,Schwachhausen,0,0,0,0,0,0,0,0,0,0,0,0,0,0,0
2024-11-20,Seehausen,0,0,0,0,0,0,0,0,0,0,0,0,0,0,0
2024-11-20,Strom,0,0,0,0,0,0,0,0,0,0,0,0,0,0,0
2024-11-20,Vahr,0,0,0,0,0,0,0,0,0,0,0,0,0,0,0
2024-11-20,Vegesack,0,0,0,0,0,0,0,0,0,0,0,0,0,0,0
2024-11-20,Walle,0,0,0,0,0,0,0,0,0,0,0,0,0,0,0
2024-11-20,Woltmershausen,0,0,0,0,0,0,0,0,0,0,0,0,0,0,0
2024-11-20,Östliche Vorstadt,0,0,0,0,0,0,0,0,0,0,0,0,0,0,0
2024-11-21,Blockland,0,0,0,0,0,0,0,0,0,0,0,0,0,0,0
2024-11-21,Blumenthal,0,0,0,0,0,0,0,0,0,0,0,0,0,0,0
2024-11-21,Borgfeld,0,0,0,0,0,0,0,0,0,0,0,0,0,0,0
2024-11-21,Burglesum,0,0,0,0,0,0,0,0,0,0,0,0,0,0,0
2024-11-21,Findorff,0,0,0,0,0,0,0,0,0,0,0,0,0,0,0
2024-11-21,Gröpelingen,0,0,0,0,0,0,0,0,0,0,0,0,0,0,0
2024-11-21,Hemelingen,0,0,0,0,0,0,0,0,0,0,0,0,0,0,0
2024-11-21,Horn-Lehe,0,0,0,0,0,0,0,0,0,0,0,0,0,0,0
2024-11-21,Huchting,0,0,0,0,0,0,0,0,0,0,0,0,0,0,0
2024-11-21,Häfen,0,0,0,0,0,0,0,0,0,0,0,0,0,0,0
2024-11-21,Mitte,0,0,0,0,0,0,0,0,0,0,0,0,0,0,0
2024-11-21,Neustadt,0,0,0,0,0,0,0,0,0,0,0,0,0,0,0
2024-11-21,Oberneuland,0,0,0,0,0,0,0,0,0,0,0,0,0,0,0
2024-11-21,Obervieland,0,0,0,0,0,0,0,0,0,0,0,0,0,0,0
2024-11-21,Osterholz,0,0,0,0,0,0,0,0,0,0,0,0,0,0,0
2024-11-21,Schwachhausen,0,0,0,0,0,0,0,0,0,0,0,0,0,0,0
2024-11-21,Seehausen,0,0,0,0,0,0,0,0,0,0,0,0,0,0,0
2024-11-21,Strom,0,0,0,0,0,0,0,0,0,0,0,0,0,0,0
2024-11-21,Vahr,0,0,0,0,0,0,0,0,0,0,0,0,0,0,0
2024-11-21,Vegesack,0,0,0,0,0,0,0,0,0,0,0,0,0,0,0
2024-11-21,Walle,0,0,0,0,0,0,0,0,0,0,0,0,0,0,0
2024-11-21,Woltmershausen,0,0,0,0,0,0,0,0,0,0,0,0,0,0,0
2024-11-21,Östliche Vorstadt,0,0,0,0,0,0,0,0,0,0,0,0,0,0,0
2024-11-22,Blockland,0,0,0,0,0,0,0,0,0,0,0,0,0,0,0
2024-11-22,Blumenthal,0,0,0,0,0,0,0,0,0,0,0,0,0,0,0
2024-11-22,Borgfeld,0,0,0,0,0,0,0,0,0,0,0,0,0,0,0
2024-11-22,Burglesum,0,0,0,0,0,0,0,0,0,0,0,0,0,0,0
2024-11-22,Findorff,0,0,0,0,0,0,0,0,0,0,0,0,0,0,0
2024-11-22,Gröpelingen,0,0,0,0,0,0,0,0,0,0,0,0,0,0,0
2024-11-22,Hemelingen,0,0,0,0,0,0,0,0,0,0,0,0,0,0,0
2024-11-22,Horn-Lehe,0,0,0,0,0,0,0,0,0,0,0,0,0,0,0
2024-11-22,Huchting,0,0,0,0,0,0,0,0,0,0,0,0,0,0,0
2024-11-22,Häfen,0,0,0,0,0,0,0,0,0,0,0,0,0,0,0
2024-11-22,Mitte,0,0,0,0,0,0,0,0,0,0,0,0,0,0,0
2024-11-22,Neustadt,0,0,0,0,0,0,0,0,0,0,0,0,0,0,0
2024-11-22,Oberneuland,0,0,0,0,0,0,0,0,0,0,0,0,0,0,0
2024-11-22,Obervieland,0,0,0,0,0,0,0,0,0,0,0,0,0,0,0
2024-11-22,Osterholz,0,0,0,0,0,0,0,0,0,0,0,0,0,0,0
2024-11-22,Schwachhausen,0,0,0,0,0,0,0,0,0,0,0,0,0,0,0
2024-11-22,Seehausen,0,0,0,0,0,0,0,0,0,0,0,0,0,0,0
2024-11-22,Strom,0,0,0,0,0,0,0,0,0,0,0,0,0,0,0
2024-11-22,Vahr,0,0,0,0,0,0,0,0,0,0,0,0,0,0,0
2024-11-22,Vegesack,0,0,0,0,0,0,0,0,0,0,0,0,0,0,0
2024-11-22,Walle,0,0,0,0,0,0,0,0,0,0,0,0,0,0,0
2024-11-22,Woltmershausen,0,0,0,0,0,0,0,0,0,0,0,0,0,0,0
2024-11-22,Östliche Vorstadt,0,0,0,0,0,0,0,0,0,0,0,0,0,0,0
2024-11-23,Blockland,0,0,0,0,0,0,0,0,0,0,0,0,0,0,0
2024-11-23,Blumenthal,0,0,0,0,0,0,0,0,0,0,0,0,0,0,0
2024-11-23,Borgfeld,0,0,0,0,0,0,0,0,0,0,0,0,0,0,0
2024-11-23,Burglesum,0,0,0,0,0,0,0,0,0,0,0,0,0,0,0
2024-11-23,Findorff,0,0,0,0,0,0,0,0,0,0,0,0,0,0,0
2024-11-23,Gröpelingen,0,0,0,0,0,0,0,0,0,0,0,0,0,0,0
2024-11-23,Hemelingen,0,0,0,0,0,0,0,0,0,0,0,0,0,0,0
2024-11-23,Horn-Lehe,0,0,0,0,0,0,0,0,0,0,0,0,0,0,0
2024-11-23,Huchting,0,0,0,0,0,0,0,0,0,0,0,0,0,0,0
2024-11-23,Häfen,0,0,0,0,0,0,0,0,0,0,0,0,0,0,0
2024-11-23,Mitte,0,0,0,0,0,0,0,0,0,0,0,0,0,0,0
2024-11-23,Neustadt,0,0,0,0,0,0,0,0,0,0,0,0,0,0,0
2024-11-23,Oberneuland,0,0,0,0,0,0,0,0,0,0,0,0,0,0,0
2024-11-23,Obervieland,0,0,0,0,0,0,0,0,0,0,0,0,0,0,0
2024-11-23,Osterholz,0,0,0,0,0,0,0,0,0,0,0,0,0,0,0
2024-11-23,Schwachhausen,0,0,0,0,0,0,0,0,0,0,0,0,0,0,0
2024-11-23,Seehausen,0,0,0,0,0,0,0,0,0,0,0,0,0,0,0
2024-11-23,Strom,0,0,0,0,0,0,0,0,0,0,0,0,0,0,0
2024-11-23,Vahr,0,0,0,0,0,0,0,0,0,0,0,0,0,0,0
2024-11-23,Vegesack,0,0,0,0,0,0,0,0,0,0,0,0,0,0,0
2024-11-23,Walle,0,0,0,0,0,0,0,0,0,0,0,0,0,0,0
2024-11-23,Woltmershausen,0,0,0,0,0,0,0,0,0,0,0,0,0,0,0
2024-11-23,Östliche Vorstadt,0,0,0,0,0,0,0,0,0,0,0,0,0,0,0
2024-11-24,Blockland,0,0,0,0,0,0,0,0,0,0,0,0,0,0,0
2024-11-24,Blumenthal,0,0,0,0,0,0,0,0,0,0,0,0,0,0,0
2024-11-24,Borgfeld,0,0,0,0,0,0,0,0,0,0,0,0,0,0,0
2024-11-24,Burglesum,0,0,0,0,0,0,0,0,0,0,0,0,0,0,0
2024-11-24,Findorff,0,0,0,0,0,0,0,0,0,0,0,0,0,0,0
2024-11-24,Gröpelingen,0,0,0,0,0,0,0,0,0,0,0,0,0,0,0
2024-11-24,Hemelingen,0,0,0,0,0,0,0,0,0,0,0,0,0,0,0
2024-11-24,Horn-Lehe,0,0,0,0,0,0,0,0,0,0,0,0,0,0,0
2024-11-24,Huchting,0,0,0,0,0,0,0,0,0,0,0,0,0,0,0
2024-11-24,Häfen,0,0,0,0,0,0,0,0,0,0,0,0,0,0,0
2024-11-24,Mitte,0,0,0,0,0,0,0,0,0,0,0,0,0,0,0
2024-11-24,Neustadt,0,0,0,0,0,0,0,0,0,0,0,0,0,0,0
2024-11-24,Oberneuland,0,0,0,0,0,0,0,0,0,0,0,0,0,0,0
2024-11-24,Obervieland,0,0,0,0,0,0,0,0,0,0,0,0,0,0,0
2024-11-24,Osterholz,0,0,0,0,0,0,0,0,0,0,0,0,0,0,0
2024-11-24,Schwachhausen,0,0,0,0,0,0,0,0,0,0,0,0,0,0,0
2024-11-24,Seehausen,0,0,0,0,0,0,0,0,0,0,0,0,0,0,0
2024-11-24,Strom,0,0,0,0,0,0,0,0,0,0,0,0,0,0,0
2024-11-24,Vahr,0,0,0,0,0,0,0,0,0,0,0,0,0,0,0
2024-11-24,Vegesack,0,0,0,0,0,0,0,0,0,0,0,0,0,0,0
2024-11-24,Walle,0,0,0,0,0,0,0,0,0,0,0,0,0,0,0
2024-11-24,Woltmershausen,0,0,0,0,0,0,0,0,0,0,0,0,0,0,0
2024-11-24,Östliche Vorstadt,0,0,0,0,0,0,0,0,0,0,0,0,0,0,0
2024-11-25,Blockland,0,0,0,0,0,0,0,0,0,0,0,0,0,0,0
2024-11-25,Blumenthal,0,0,0,0,0,0,0,0,0,0,0,0,0,0,0
2024-11-25,Borgfeld,0,0,0,0,0,0,0,0,0,0,0,0,0,0,0
2024-11-25,Burglesum,0,0,0,0,0,0,0,0,0,0,0,0,0,0,0
2024-11-25,Findorff,0,0,0,0,0,0,0,0,0,0,0,0,0,0,0
2024-11-25,Gröpelingen,0,0,0,0,0,0,0,0,0,0,0,0,0,0,0
2024-11-25,Hemelingen,0,0,0,0,0,0,0,0,0,0,0,0,0,0,0
2024-11-25,Horn-Lehe,0,0,0,0,0,0,0,0,0,0,0,0,0,0,0
2024-11-25,Huchting,0,0,0,0,0,0,0,0,0,0,0,0,0,0,0
2024-11-25,Häfen,0,0,0,0,0,0,0,0,0,0,0,0,0,0,0
2024-11-25,Mitte,0,0,0,0,0,0,0,0,0,0,0,0,0,0,0
2024-11-25,Neustadt,0,0,0,0,0,0,0,0,0,0,0,0,0,0,0
2024-11-25,Oberneuland,0,0,0,0,0,0,0,0,0,0,0,0,0,0,0
2024-11-25,Obervieland,0,0,0,0,0,0,0,0,0,0,0,0,0,0,0
2024-11-25,Osterholz,0,0,0,0,0,0,0,0,0,0,0,0,0,0,0
2024-11-25,Schwachhausen,0,0,0,0,0,0,0,0,0,0,0,0,0,0,0
2024-11-25,Seehausen,0,0,0,0,0,0,0,0,0,0,0,0,0,0,0
2024-11-25,Strom,0,0,0,0,0,0,0,0,0,0,0,0,0,0,0
2024-11-25,Vahr,0,0,0,0,0,0,0,0,0,0,0,0,0,0,0
2024-11-25,Vegesack,0,0,0,0,0,0,0,0,0,0,0,0,0,0,0
2024-11-25,Walle,0,0,0,0,0,0,0,0,0,0,0,0,0,0,0
2024-11-25,Woltmershausen,0,0,0,0,0,0,0,0,0,0,0,0,0,0,0
2024-11-25,Östliche Vorstadt,0,0,0,0,0,0,0,0,0,0,0,0,0,0,0
2024-11-26,Blockland,0,0,0,0,0,0,0,0,0,0,0,0,0,0,0
2024-11-26,Blumenthal,0,0,0,0,0,0,0,0,0,0,0,0,0,0,0
2024-11-26,Borgfeld,0,0,0,0,0,0,0,0,0,0,0,0,0,0,0
2024-11-26,Burglesum,0,0,0,0,0,0,0,0,0,0,0,0,0,0,0
2024-11-26,Findorff,0,0,0,0,0,0,0,0,0,0,0,0,0,0,0
2024-11-26,Gröpelingen,0,0,0,0,0,0,0,0,0,0,0,0,0,0,0
2024-11-26,Hemelingen,0,0,0,0,0,0,0,0,0,0,0,0,0,0,0
2024-11-26,Horn-Lehe,0,0,0,0,0,0,0,0,0,0,0,0,0,0,0
2024-11-26,Huchting,0,0,0,0,0,0,0,0,0,0,0,0,0,0,0
2024-11-26,Häfen,0,0,0,0,0,0,0,0,0,0,0,0,0,0,0
2024-11-26,Mitte,0,0,0,0,0,0,0,0,0,0,0,0,0,0,0
2024-11-26,Neustadt,0,0,0,0,0,0,0,0,0,0,0,0,0,0,0
2024-11-26,Oberneuland,0,0,0,0,0,0,0,0,0,0,0,0,0,0,0
2024-11-26,Obervieland,0,0,0,0,0,0,0,0,0,0,0,0,0,0,0
2024-11-26,Osterholz,0,0,0,0,0,0,0,0,0,0,0,0,0,0,0
2024-11-26,Schwachhausen,0,0,0,0,0,0,0,0,0,0,0,0,0,0,0
2024-11-26,Seehausen,0,0,0,0,0,0,0,0,0,0,0,0,0,0,0
2024-11-26,Strom,0,0,0,0,0,0,0,0,0,0,0,0,0,0,0
2024-11-26,Vahr,0,0,0,0,0,0,0,0,0,0,0,0,0,0,0
2024-11-26,Vegesack,0,0,0,0,0,0,0,0,0,0,0,0,0,0,0
2024-11-26,Walle,0,0,0,0,0,0,0,0,0,0,0,0,0,0,0
2024-11-26,Woltmershausen,0,0,0,0,0,0,0,0,0,0,0,0,0,0,0
2024-11-26,Östliche Vorstadt,0,0,0,0,0,0,0,0,0,0,0,0,0,0,0
2024-11-27,Blockland,0,0,0,0,0,0,0,0,0,0,0,0,0,0,0
2024-11-27,Blumenthal,0,0,0,0,0,0,0,0,0,0,0,0,0,0,0
2024-11-27,Borgfeld,0,0,0,0,0,0,0,0,0,0,0,0,0,0,0
2024-11-27,Burglesum,0,0,0,0,0,0,0,0,0,0,0,0,0,0,0
2024-11-27,Findorff,0,0,0,0,0,0,0,0,0,0,0,0,0,0,0
2024-11-27,Gröpelingen,0,0,0,0,0,0,0,0,0,0,0,0,0,0,0
2024-11-27,Hemelingen,0,0,0,0,0,0,0,0,0,0,0,0,0,0,0
2024-11-27,Horn-Lehe,0,0,0,0,0,0,0,0,0,0,0,0,0,0,0
2024-11-27,Huchting,0,0,0,0,0,0,0,0,0,0,0,0,0,0,0
2024-11-27,Häfen,0,0,0,0,0,0,0,0,0,0,0,0,0,0,0
2024-11-27,Mitte,0,0,0,0,0,0,0,0,0,0,0,0,0,0,0
2024-11-27,Neustadt,0,0,0,0,0,0,0,0,0,0,0,0,0,0,0
2024-11-27,Oberneuland,0,0,0,0,0,0,0,0,0,0,0,0,0,0,0
2024-11-27,Obervieland,0,0,0,0,0,0,0,0,0,0,0,0,0,0,0
2024-11-27,Osterholz,0,0,0,0,0,0,0,0,0,0,0,0,0,0,0
2024-11-27,Schwachhausen,0,0,0,0,0,0,0,0,0,0,0,0,0,0,0
2024-11-27,Seehausen,0,0,0,0,0,0,0,0,0,0,0,0,0,0,0
2024-11-27,Strom,0,0,0,0,0,0,0,0,0,0,0,0,0,0,0
2024-11-27,Vahr,0,0,0,0,0,0,0,0,0,0,0,0,0,0,0
2024-11-27,Vegesack,0,0,0,0,0,0,0,0,0,0,0,0,0,0,0
2024-11-27,Walle,0,0,0,0,0,0,0,0,0,0,0,0,0,0,0
2024-11-27,Woltmershausen,0,0,0,0,0,0,0,0,0,0,0,0,0,0,0
2024-11-27,Östliche Vorstadt,0,0,0,0,0,0,0,0,0,0,0,0,0,0,0
2024-11-28,Blockland,0,0,0,0,0,0,0,0,0,0,0,0,0,0,0
2024-11-28,Blumenthal,0,0,0,0,0,0,0,0,0,0,0,0,0,0,0
2024-11-28,Borgfeld,0,0,0,0,0,0,0,0,0,0,0,0,0,0,0
2024-11-28,Burglesum,0,0,0,0,0,0,0,0,0,0,0,0,0,0,0
2024-11-28,Findorff,0,0,0,0,0,0,0,0,0,0,0,0,0,0,0
2024-11-28,Gröpelingen,0,0,0,0,0,0,0,0,0,0,0,0,0,0,0
2024-11-28,Hemelingen,0,0,0,0,0,0,0,0,0,0,0,0,0,0,0
2024-11-28,Horn-Lehe,0,0,0,0,0,0,0,0,0,0,0,0,0,0,0
2024-11-28,Huchting,0,0,0,0,0,0,0,0,0,0,0,0,0,0,0
2024-11-28,Häfen,0,0,0,0,0,0,0,0,0,0,0,0,0,0,0
2024-11-28,Mitte,0,0,0,0,0,0,0,0,0,0,0,0,0,0,0
2024-11-28,Neustadt,0,0,0,0,0,0,0,0,0,0,0,0,0,0,0
2024-11-28,Oberneuland,0,0,0,0,0,0,0,0,0,0,0,0,0,0,0
2024-11-28,Obervieland,0,0,0,0,0,0,0,0,0,0,0,0,0,0,0
2024-11-28,Osterholz,0,0,0,0,0,0,0,0,0,0,0,0,0,0,0
2024-11-28,Schwachhausen,0,0,0,0,0,0,0,0,0,0,0,0,0,0,0
2024-11-28,Seehausen,0,0,0,0,0,0,0,0,0,0,0,0,0,0,0
2024-11-28,Strom,0,0,0,0,0,0,0,0,0,0,0,0,0,0,0
2024-11-28,Vahr,0,0,0,0,0,0,0,0,0,0,0,0,0,0,0
2024-11-28,Vegesack,0,0,0,0,0,0,0,0,0,0,0,0,0,0,0
2024-11-28,Walle,0,0,0,0,0,0,0,0,0,0,0,0,0,0,0
2024-11-28,Woltmershausen,0,0,0,0,0,0,0,0,0,0,0,0,0,0,0
2024-11-28,Östliche Vorstadt,0,0,0,0,0,0,0,0,0,0,0,0,0,0,0
2024-11-29,Blockland,0,0,0,0,0,0,0,0,0,0,0,0,0,0,0
2024-11-29,Blumenthal,0,0,0,0,0,0,0,0,0,0,0,0,0,0,0
2024-11-29,Borgfeld,0,0,0,0,0,0,0,0,0,0,0,0,0,0,0
2024-11-29,Burglesum,0,0,0,0,0,0,0,0,0,0,0,0,0,0,0
2024-11-29,Findorff,0,0,0,0,0,0,0,0,0,0,0,0,0,0,0
2024-11-29,Gröpelingen,0,0,0,0,0,0,0,0,0,0,0,0,0,0,0
2024-11-29,Hemelingen,0,0,0,0,0,0,0,0,0,0,0,0,0,0,0
2024-11-29,Horn-Lehe,0,0,0,0,0,0,0,0,0,0,0,0,0,0,0
2024-11-29,Huchting,0,0,0,0,0,0,0,0,0,0,0,0,0,0,0
2024-11-29,Häfen,0,0,0,0,0,0,0,0,0,0,0,0,0,0,0
2024-11-29,Mitte,0,0,0,0,0,0,0,0,0,0,0,0,0,0,0
2024-11-29,Neustadt,0,0,0,0,0,0,0,0,0,0,0,0,0,0,0
2024-11-29,Oberneuland,0,0,0,0,0,0,0,0,0,0,0,0,0,0,0
2024-11-29,Obervieland,0,0,0,0,0,0,0,0,0,0,0,0,0,0,0
2024-11-29,Osterholz,0,0,0,0,0,0,0,0,0,0,0,0,0,0,0
2024-11-29,Schwachhausen,0,0,0,0,0,0,0,0,0,0,0,0,0,0,0
2024-11-29,Seehausen,0,0,0,0,0,0,0,0,0,0,0,0,0,0,0
2024-11-29,Strom,0,0,0,0,0,0,0,0,0,0,0,0,0,0,0
2024-11-29,Vahr,0,0,0,0,0,0,0,0,0,0,0,0,0,0,0
2024-11-29,Vegesack,0,0,0,0,0,0,0,0,0,0,0,0,0,0,0
2024-11-29,Walle,0,0,0,0,0,0,0,0,0,0,0,0,0,0,0
2024-11-29,Woltmershausen,0,0,0,0,0,0,0,0,0,0,0,0,0,0,0
2024-11-29,Östliche Vorstadt,0,0,0,0,0,0,0,0,0,0,0,0,0,0,0
2024-11-30,Blockland,0,0,0,0,0,0,0,0,0,0,0,0,0,0,0
2024-11-30,Blumenthal,0,0,0,0,0,0,0,0,0,0,0,0,0,0,0
2024-11-30,Borgfeld,0,0,0,0,0,0,0,0,0,0,0,0,0,0,0
2024-11-30,Burglesum,0,0,0,0,0,0,0,0,0,0,0,0,0,0,0
2024-11-30,Findorff,0,0,0,0,0,0,0,0,0,0,0,0,0,0,0
2024-11-30,Gröpelingen,0,0,0,0,0,0,0,0,0,0,0,0,0,0,0
2024-11-30,Hemelingen,0,0,0,0,0,0,0,0,0,0,0,0,0,0,0
2024-11-30,Horn-Lehe,0,0,0,0,0,0,0,0,0,0,0,0,0,0,0
2024-11-30,Huchting,0,0,0,0,0,0,0,0,0,0,0,0,0,0,0
2024-11-30,Häfen,0,0,0,0,0,0,0,0,0,0,0,0,0,0,0
2024-11-30,Mitte,0,0,0,0,0,0,0,0,0,0,0,0,0,0,0
2024-11-30,Neustadt,0,0,0,0,0,0,0,0,0,0,0,0,0,0,0
2024-11-30,Oberneuland,0,0,0,0,0,0,0,0,0,0,0,0,0,0,0
2024-11-30,Obervieland,0,0,0,0,0,0,0,0,0,0,0,0,0,0,0
2024-11-30,Osterholz,0,0,0,0,0,0,0,0,0,0,0,0,0,0,0
2024-11-30,Schwachhausen,0,0,0,0,0,0,0,0,0,0,0,0,0,0,0
2024-11-30,Seehausen,0,0,0,0,0,0,0,0,0,0,0,0,0,0,0
2024-11-30,Strom,0,0,0,0,0,0,0,0,0,0,0,0,0,0,0
2024-11-30,Vahr,0,0,0,0,0,0,0,0,0,0,0,0,0,0,0
2024-11-30,Vegesack,0,0,0,0,0,0,0,0,0,0,0,0,0,0,0
2024-11-30,Walle,0,0,0,0,0,0,0,0,0,0,0,0,0,0,0
2024-11-30,Woltmershausen,0,0,0,0,0,0,0,0,0,0,0,0,0,0,0
2024-11-30,Östliche Vorstadt,0,0,0,0,0,0,0,0,0,0,0,0,0,0,0
2024-12-01,Blockland,0,0,0,0,0,0,0,0,0,0,0,0,0,0,0
2024-12-01,Blumenthal,0,0,0,0,0,0,0,0,0,0,0,0,0,0,0
2024-12-01,Borgfeld,0,0,0,0,0,0,0,0,0,0,0,0,0,0,0
2024-12-01,Burglesum,0,0,0,0,0,0,0,0,0,0,0,0,0,0,0
2024-12-01,Findorff,0,0,0,0,0,0,0,0,0,0,0,0,0,0,0
2024-12-01,Gröpelingen,0,0,0,0,0,0,0,0,0,0,0,0,0,0,0
2024-12-01,Hemelingen,0,0,0,0,0,0,0,0,0,0,0,0,0,0,0
2024-12-01,Horn-Lehe,0,0,0,0,0,0,0,0,0,0,0,0,0,0,0
2024-12-01,Huchting,0,0,0,0,0,0,0,0,0,0,0,0,0,0,0
2024-12-01,Häfen,0,0,0,0,0,0,0,0,0,0,0,0,0,0,0
2024-12-01,Mitte,0,0,0,0,0,0,0,0,0,0,0,0,0,0,0
2024-12-01,Neustadt,0,0,0,0,0,0,0,0,0,0,0,0,0,0,0
2024-12-01,Oberneuland,0,0,0,0,0,0,0,0,0,0,0,0,0,0,0
2024-12-01,Obervieland,0,0,0,0,0,0,0,0,0,0,0,0,0,0,0
2024-12-01,Osterholz,0,0,0,0,0,0,0,0,0,0,0,0,0,0,0
2024-12-01,Schwachhausen,0,0,0,0,0,0,0,0,0,0,0,0,0,0,0
2024-12-01,Seehausen,0,0,0,0,0,0,0,0,0,0,0,0,0,0,0
2024-12-01,Strom,0,0,0,0,0,0,0,0,0,0,0,0,0,0,0
2024-12-01,Vahr,0,0,0,0,0,0,0,0,0,0,0,0,0,0,0
2024-12-01,Vegesack,0,0,0,0,0,0,0,0,0,0,0,0,0,0,0
2024-12-01,Walle,0,0,0,0,0,0,0,0,0,0,0,0,0,0,0
2024-12-01,Woltmershausen,0,0,0,0,0,0,0,0,0,0,0,0,0,0,0
2024-12-01,Östliche Vorstadt,0,0,0,0,0,0,0,0,0,0,0,0,0,0,0
2024-12-02,Blockland,0,0,0,0,0,0,0,0,0,0,0,0,0,0,0
2024-12-02,Blumenthal,0,0,0,0,0,0,0,0,0,0,0,0,0,0,0
2024-12-02,Borgfeld,0,0,0,0,0,0,0,0,0,0,0,0,0,0,0
2024-12-02,Burglesum,0,0,0,0,0,0,0,0,0,0,0,0,0,0,0
2024-12-02,Findorff,0,0,0,0,0,0,0,0,0,0,0,0,0,0,0
2024-12-02,Gröpelingen,0,0,0,0,0,0,0,0,0,0,0,0,0,0,0
2024-12-02,Hemelingen,0,0,0,0,0,0,0,0,0,0,0,0,0,0,0
2024-12-02,Horn-Lehe,0,0,0,0,0,0,0,0,0,0,0,0,0,0,0
2024-12-02,Huchting,0,0,0,0,0,0,0,0,0,0,0,0,0,0,0
2024-12-02,Häfen,0,0,0,0,0,0,0,0,0,0,0,0,0,0,0
2024-12-02,Mitte,0,0,0,0,0,0,0,0,0,0,0,0,0,0,0
2024-12-02,Neustadt,0,0,0,0,0,0,0,0,0,0,0,0,0,0,0
2024-12-02,Oberneuland,0,0,0,0,0,0,0,0,0,0,0,0,0,0,0
2024-12-02,Obervieland,0,0,0,0,0,0,0,0,0,0,0,0,0,0,0
2024-12-02,Osterholz,0,0,0,0,0,0,0,0,0,0,0,0,0,0,0
2024-12-02,Schwachhausen,0,0,0,0,0,0,0,0,0,0,0,0,0,0,0
2024-12-02,Seehausen,0,0,0,0,0,0,0,0,0,0,0,0,0,0,0
2024-12-02,Strom,0,0,0,0,0,0,0,0,0,0,0,0,0,0,0
2024-12-02,Vahr,0,0,0,0,0,0,0,0,0,0,0,0,0,0,0
2024-12-02,Vegesack,0,0,0,0,0,0,0,0,0,0,0,0,0,0,0
2024-12-02,Walle,0,0,0,0,0,0,0,0,0,0,0,0,0,0,0
2024-12-02,Woltmershausen,0,0,0,0,0,0,0,0,0,0,0,0,0,0,0
2024-12-02,Östliche Vorstadt,0,0,0,0,0,0,0,0,0,0,0,0,0,0,0
2024-12-03,Blockland,0,0,0,0,0,0,0,0,0,0,0,0,0,0,0
2024-12-03,Blumenthal,0,0,0,0,0,0,0,0,0,0,0,0,0,0,0
2024-12-03,Borgfeld,0,0,0,0,0,0,0,0,0,0,0,0,0,0,0
2024-12-03,Burglesum,0,0,0,0,0,0,0,0,0,0,0,0,0,0,0
2024-12-03,Findorff,0,0,0,0,0,0,0,0,0,0,0,0,0,0,0
2024-12-03,Gröpelingen,0,0,0,0,0,0,0,0,0,0,0,0,0,0,0
2024-12-03,Hemelingen,0,0,0,0,0,0,0,0,0,0,0,0,0,0,0
2024-12-03,Horn-Lehe,0,0,0,0,0,0,0,0,0,0,0,0,0,0,0
2024-12-03,Huchting,0,0,0,0,0,0,0,0,0,0,0,0,0,0,0
2024-12-03,Häfen,0,0,0,0,0,0,0,0,0,0,0,0,0,0,0
2024-12-03,Mitte,0,0,0,0,0,0,0,0,0,0,0,0,0,0,0
2024-12-03,Neustadt,0,0,0,0,0,0,0,0,0,0,0,0,0,0,0
2024-12-03,Oberneuland,0,0,0,0,0,0,0,0,0,0,0,0,0,0,0
2024-12-03,Obervieland,0,0,0,0,0,0,0,0,0,0,0,0,0,0,0
2024-12-03,Osterholz,0,0,0,0,0,0,0,0,0,0,0,0,0,0,0
2024-12-03,Schwachhausen,0,0,0,0,0,0,0,0,0,0,0,0,0,0,0
2024-12-03,Seehausen,0,0,0,0,0,0,0,0,0,0,0,0,0,0,0
2024-12-03,Strom,0,0,0,0,0,0,0,0,0,0,0,0,0,0,0
2024-12-03,Vahr,0,0,0,0,0,0,0,0,0,0,0,0,0,0,0
2024-12-03,Vegesack,0,0,0,0,0,0,0,0,0,0,0,0,0,0,0
2024-12-03,Walle,0,0,0,0,0,0,0,0,0,0,0,0,0,0,0
2024-12-03,Woltmershausen,0,0,0,0,0,0,0,0,0,0,0,0,0,0,0
2024-12-03,Östliche Vorstadt,0,0,0,0,0,0,0,0,0,0,0,0,0,0,0
2024-12-04,Blockland,0,0,0,0,0,0,0,0,0,0,0,0,0,0,0
2024-12-04,Blumenthal,0,0,0,0,0,0,0,0,0,0,0,0,0,0,0
2024-12-04,Borgfeld,0,0,0,0,0,0,0,0,0,0,0,0,0,0,0
2024-12-04,Burglesum,0,0,0,0,0,0,0,0,0,0,0,0,0,0,0
2024-12-04,Findorff,0,0,0,0,0,0,0,0,0,0,0,0,0,0,0
2024-12-04,Gröpelingen,0,0,0,0,0,0,0,0,0,0,0,0,0,0,0
2024-12-04,Hemelingen,0,0,0,0,0,0,0,0,0,0,0,0,0,0,0
2024-12-04,Horn-Lehe,0,0,0,0,0,0,0,0,0,0,0,0,0,0,0
2024-12-04,Huchting,0,0,0,0,0,0,0,0,0,0,0,0,0,0,0
2024-12-04,Häfen,0,0,0,0,0,0,0,0,0,0,0,0,0,0,0
2024-12-04,Mitte,0,0,0,0,0,0,0,0,0,0,0,0,0,0,0
2024-12-04,Neustadt,0,0,0,0,0,0,0,0,0,0,0,0,0,0,0
2024-12-04,Oberneuland,0,0,0,0,0,0,0,0,0,0,0,0,0,0,0
2024-12-04,Obervieland,0,0,0,0,0,0,0,0,0,0,0,0,0,0,0
2024-12-04,Osterholz,0,0,0,0,0,0,0,0,0,0,0,0,0,0,0
2024-12-04,Schwachhausen,0,0,0,0,0,0,0,0,0,0,0,0,0,0,0
2024-12-04,Seehausen,0,0,0,0,0,0,0,0,0,0,0,0,0,0,0
2024-12-04,Strom,0,0,0,0,0,0,0,0,0,0,0,0,0,0,0
2024-12-04,Vahr,0,0,0,0,0,0,0,0,0,0,0,0,0,0,0
2024-12-04,Vegesack,0,0,0,0,0,0,0,0,0,0,0,0,0,0,0
2024-12-04,Walle,0,0,0,0,0,0,0,0,0,0,0,0,0,0,0
2024-12-04,Woltmershausen,0,0,0,0,0,0,0,0,0,0,0,0,0,0,0
2024-12-04,Östliche Vorstadt,0,0,0,0,0,0,0,0,0,0,0,0,0,0,0
2024-12-05,Blockland,0,0,0,0,0,0,0,0,0,0,0,0,0,0,0
2024-12-05,Blumenthal,0,0,0,0,0,0,0,0,0,0,0,0,0,0,0
2024-12-05,Borgfeld,0,0,0,0,0,0,0,0,0,0,0,0,0,0,0
2024-12-05,Burglesum,0,0,0,0,0,0,0,0,0,0,0,0,0,0,0
2024-12-05,Findorff,0,0,0,0,0,0,0,0,0,0,0,0,0,0,0
2024-12-05,Gröpelingen,0,0,0,0,0,0,0,0,0,0,0,0,0,0,0
2024-12-05,Hemelingen,0,0,0,0,0,0,0,0,0,0,0,0,0,0,0
2024-12-05,Horn-Lehe,0,0,0,0,0,0,0,0,0,0,0,0,0,0,0
2024-12-05,Huchting,0,0,0,0,0,0,0,0,0,0,0,0,0,0,0
2024-12-05,Häfen,0,0,0,0,0,0,0,0,0,0,0,0,0,0,0
2024-12-05,Mitte,0,0,0,0,0,0,0,0,0,0,0,0,0,0,0
2024-12-05,Neustadt,0,0,0,0,0,0,0,0,0,0,0,0,0,0,0
2024-12-05,Oberneuland,0,0,0,0,0,0,0,0,0,0,0,0,0,0,0
2024-12-05,Obervieland,0,0,0,0,0,0,0,0,0,0,0,0,0,0,0
2024-12-05,Osterholz,0,0,0,0,0,0,0,0,0,0,0,0,0,0,0
2024-12-05,Schwachhausen,0,0,0,0,0,0,0,0,0,0,0,0,0,0,0
2024-12-05,Seehausen,0,0,0,0,0,0,0,0,0,0,0,0,0,0,0
2024-12-05,Strom,0,0,0,0,0,0,0,0,0,0,0,0,0,0,0
2024-12-05,Vahr,0,0,0,0,0,0,0,0,0,0,0,0,0,0,0
2024-12-05,Vegesack,0,0,0,0,0,0,0,0,0,0,0,0,0,0,0
2024-12-05,Walle,0,0,0,0,0,0,0,0,0,0,0,0,0,0,0
2024-12-05,Woltmershausen,0,0,0,0,0,0,0,0,0,0,0,0,0,0,0
2024-12-05,Östliche Vorstadt,0,0,0,0,0,0,0,0,0,0,0,0,0,0,0
2024-12-06,Blockland,0,0,0,0,0,0,0,0,0,0,0,0,0,0,0
2024-12-06,Blumenthal,0,0,0,0,0,0,0,0,0,0,0,0,0,0,0
2024-12-06,Borgfeld,0,0,0,0,0,0,0,0,0,0,0,0,0,0,0
2024-12-06,Burglesum,0,0,0,0,0,0,0,0,0,0,0,0,0,0,0
2024-12-06,Findorff,0,0,0,0,0,0,0,0,0,0,0,0,0,0,0
2024-12-06,Gröpelingen,0,0,0,0,0,0,0,0,0,0,0,0,0,0,0
2024-12-06,Hemelingen,0,0,0,0,0,0,0,0,0,0,0,0,0,0,0
2024-12-06,Horn-Lehe,0,0,0,0,0,0,0,0,0,0,0,0,0,0,0
2024-12-06,Huchting,0,0,0,0,0,0,0,0,0,0,0,0,0,0,0
2024-12-06,Häfen,0,0,0,0,0,0,0,0,0,0,0,0,0,0,0
2024-12-06,Mitte,0,0,0,0,0,0,0,0,0,0,0,0,0,0,0
2024-12-06,Neustadt,0,0,0,0,0,0,0,0,0,0,0,0,0,0,0
2024-12-06,Oberneuland,0,0,0,0,0,0,0,0,0,0,0,0,0,0,0
2024-12-06,Obervieland,0,0,0,0,0,0,0,0,0,0,0,0,0,0,0
2024-12-06,Osterholz,0,0,0,0,0,0,0,0,0,0,0,0,0,0,0
2024-12-06,Schwachhausen,0,0,0,0,0,0,0,0,0,0,0,0,0,0,0
2024-12-06,Seehausen,0,0,0,0,0,0,0,0,0,0,0,0,0,0,0
2024-12-06,Strom,0,0,0,0,0,0,0,0,0,0,0,0,0,0,0
2024-12-06,Vahr,0,0,0,0,0,0,0,0,0,0,0,0,0,0,0
2024-12-06,Vegesack,0,0,0,0,0,0,0,0,0,0,0,0,0,0,0
2024-12-06,Walle,0,0,0,0,0,0,0,0,0,0,0,0,0,0,0
2024-12-06,Woltmershausen,0,0,0,0,0,0,0,0,0,0,0,0,0,0,0
2024-12-06,Östliche Vorstadt,0,0,0,0,0,0,0,0,0,0,0,0,0,0,0
2024-12-07,Blockland,0,0,0,0,0,0,0,0,0,0,0,0,0,0,0
2024-12-07,Blumenthal,0,0,0,0,0,0,0,0,0,0,0,0,0,0,0
2024-12-07,Borgfeld,0,0,0,0,0,0,0,0,0,0,0,0,0,0,0
2024-12-07,Burglesum,0,0,0,0,0,0,0,0,0,0,0,0,0,0,0
2024-12-07,Findorff,0,0,0,0,0,0,0,0,0,0,0,0,0,0,0
2024-12-07,Gröpelingen,0,0,0,0,0,0,0,0,0,0,0,0,0,0,0
2024-12-07,Hemelingen,0,0,0,0,0,0,0,0,0,0,0,0,0,0,0
2024-12-07,Horn-Lehe,0,0,0,0,0,0,0,0,0,0,0,0,0,0,0
2024-12-07,Huchting,0,0,0,0,0,0,0,0,0,0,0,0,0,0,0
2024-12-07,Häfen,0,0,0,0,0,0,0,0,0,0,0,0,0,0,0
2024-12-07,Mitte,0,0,0,0,0,0,0,0,0,0,0,0,0,0,0
2024-12-07,Neustadt,0,0,0,0,0,0,0,0,0,0,0,0,0,0,0
2024-12-07,Oberneuland,0,0,0,0,0,0,0,0,0,0,0,0,0,0,0
2024-12-07,Obervieland,0,0,0,0,0,0,0,0,0,0,0,0,0,0,0
2024-12-07,Osterholz,0,0,0,0,0,0,0,0,0,0,0,0,0,0,0
2024-12-07,Schwachhausen,0,0,0,0,0,0,0,0,0,0,0,0,0,0,0
2024-12-07,Seehausen,0,0,0,0,0,0,0,0,0,0,0,0,0,0,0
2024-12-07,Strom,0,0,0,0,0,0,0,0,0,0,0,0,0,0,0
2024-12-07,Vahr,0,0,0,0,0,0,0,0,0,0,0,0,0,0,0
2024-12-07,Vegesack,0,0,0,0,0,0,0,0,0,0,0,0,0,0,0
2024-12-07,Walle,0,0,0,0,0,0,0,0,0,0,0,0,0,0,0
2024-12-07,Woltmershausen,0,0,0,0,0,0,0,0,0,0,0,0,0,0,0
2024-12-07,Östliche Vorstadt,0,0,0,0,0,0,0,0,0,0,0,0,0,0,0
2024-12-08,Blockland,0,0,0,0,0,0,0,0,0,0,0,0,0,0,0
2024-12-08,Blumenthal,0,0,0,0,0,0,0,0,0,0,0,0,0,0,0
2024-12-08,Borgfeld,0,0,0,0,0,0,0,0,0,0,0,0,0,0,0
2024-12-08,Burglesum,0,0,0,0,0,0,0,0,0,0,0,0,0,0,0
2024-12-08,Findorff,0,0,0,0,0,0,0,0,0,0,0,0,0,0,0
2024-12-08,Gröpelingen,0,0,0,0,0,0,0,0,0,0,0,0,0,0,0
2024-12-08,Hemelingen,0,0,0,0,0,0,0,0,0,0,0,0,0,0,0
2024-12-08,Horn-Lehe,0,0,0,0,0,0,0,0,0,0,0,0,0,0,0
2024-12-08,Huchting,0,0,0,0,0,0,0,0,0,0,0,0,0,0,0
2024-12-08,Häfen,0,0,0,0,0,0,0,0,0,0,0,0,0,0,0
2024-12-08,Mitte,0,0,0,0,0,0,0,0,0,0,0,0,0,0,0
2024-12-08,Neustadt,0,0,0,0,0,0,0,0,0,0,0,0,0,0,0
2024-12-08,Oberneuland,0,0,0,0,0,0,0,0,0,0,0,0,0,0,0
2024-12-08,Obervieland,0,0,0,0,0,0,0,0,0,0,0,0,0,0,0
2024-12-08,Osterholz,0,0,0,0,0,0,0,0,0,0,0,0,0,0,0
2024-12-08,Schwachhausen,0,0,0,0,0,0,0,0,0,0,0,0,0,0,0
2024-12-08,Seehausen,0,0,0,0,0,0,0,0,0,0,0,0,0,0,0
2024-12-08,Strom,0,0,0,0,0,0,0,0,0,0,0,0,0,0,0
2024-12-08,Vahr,0,0,0,0,0,0,0,0,0,0,0,0,0,0,0
2024-12-08,Vegesack,0,0,0,0,0,0,0,0,0,0,0,0,0,0,0
2024-12-08,Walle,0,0,0,0,0,0,0,0,0,0,0,0,0,0,0
2024-12-08,Woltmershausen,0,0,0,0,0,0,0,0,0,0,0,0,0,0,0
2024-12-08,Östliche Vorstadt,0,0,0,0,0,0,0,0,0,0,0,0,0,0,0
2024-12-09,Blockland,0,0,0,0,0,0,0,0,0,0,0,0,0,0,0
2024-12-09,Blumenthal,0,0,0,0,0,0,0,0,0,0,0,0,0,0,0
2024-12-09,Borgfeld,0,0,0,0,0,0,0,0,0,0,0,0,0,0,0
2024-12-09,Burglesum,0,0,0,0,0,0,0,0,0,0,0,0,0,0,0
2024-12-09,Findorff,0,0,0,0,0,0,0,0,0,0,0,0,0,0,0
2024-12-09,Gröpelingen,0,0,0,0,0,0,0,0,0,0,0,0,0,0,0
2024-12-09,Hemelingen,0,0,0,0,0,0,0,0,0,0,0,0,0,0,0
2024-12-09,Horn-Lehe,0,0,0,0,0,0,0,0,0,0,0,0,0,0,0
2024-12-09,Huchting,0,0,0,0,0,0,0,0,0,0,0,0,0,0,0
2024-12-09,Häfen,0,0,0,0,0,0,0,0,0,0,0,0,0,0,0
2024-12-09,Mitte,0,0,0,0,0,0,0,0,0,0,0,0,0,0,0
2024-12-09,Neustadt,0,0,0,0,0,0,0,0,0,0,0,0,0,0,0
2024-12-09,Oberneuland,0,0,0,0,0,0,0,0,0,0,0,0,0,0,0
2024-12-09,Obervieland,0,0,0,0,0,0,0,0,0,0,0,0,0,0,0
2024-12-09,Osterholz,0,0,0,0,0,0,0,0,0,0,0,0,0,0,0
2024-12-09,Schwachhausen,0,0,0,0,0,0,0,0,0,0,0,0,0,0,0
2024-12-09,Seehausen,0,0,0,0,0,0,0,0,0,0,0,0,0,0,0
2024-12-09,Strom,0,0,0,0,0,0,0,0,0,0,0,0,0,0,0
2024-12-09,Vahr,0,0,0,0,0,0,0,0,0,0,0,0,0,0,0
2024-12-09,Vegesack,0,0,0,0,0,0,0,0,0,0,0,0,0,0,0
2024-12-09,Walle,0,0,0,0,0,0,0,0,0,0,0,0,0,0,0
2024-12-09,Woltmershausen,0,0,0,0,0,0,0,0,0,0,0,0,0,0,0
2024-12-09,Östliche Vorstadt,0,0,0,0,0,0,0,0,0,0,0,0,0,0,0
2024-12-10,Blockland,0,0,0,0,0,0,0,0,0,0,0,0,0,0,0
2024-12-10,Blumenthal,0,0,0,0,0,0,0,0,0,0,0,0,0,0,0
2024-12-10,Borgfeld,0,0,0,0,0,0,0,0,0,0,0,0,0,0,0
2024-12-10,Burglesum,0,0,0,0,0,0,0,0,0,0,0,0,0,0,0
2024-12-10,Findorff,0,0,0,0,0,0,0,0,0,0,0,0,0,0,0
2024-12-10,Gröpelingen,0,0,0,0,0,0,0,0,0,0,0,0,0,0,0
2024-12-10,Hemelingen,0,0,0,0,0,0,0,0,0,0,0,0,0,0,0
2024-12-10,Horn-Lehe,0,0,0,0,0,0,0,0,0,0,0,0,0,0,0
2024-12-10,Huchting,0,0,0,0,0,0,0,0,0,0,0,0,0,0,0
2024-12-10,Häfen,0,0,0,0,0,0,0,0,0,0,0,0,0,0,0
2024-12-10,Mitte,0,0,0,0,0,0,0,0,0,0,0,0,0,0,0
2024-12-10,Neustadt,0,0,0,0,0,0,0,0,0,0,0,0,0,0,0
2024-12-10,Oberneuland,0,0,0,0,0,0,0,0,0,0,0,0,0,0,0
2024-12-10,Obervieland,0,0,0,0,0,0,0,0,0,0,0,0,0,0,0
2024-12-10,Osterholz,0,0,0,0,0,0,0,0,0,0,0,0,0,0,0
2024-12-10,Schwachhausen,0,0,0,0,0,0,0,0,0,0,0,0,0,0,0
2024-12-10,Seehausen,0,0,0,0,0,0,0,0,0,0,0,0,0,0,0
2024-12-10,Strom,0,0,0,0,0,0,0,0,0,0,0,0,0,0,0
2024-12-10,Vahr,0,0,0,0,0,0,0,0,0,0,0,0,0,0,0
2024-12-10,Vegesack,0,0,0,0,0,0,0,0,0,0,0,0,0,0,0
2024-12-10,Walle,0,0,0,0,0,0,0,0,0,0,0,0,0,0,0
2024-12-10,Woltmershausen,0,0,0,0,0,0,0,0,0,0,0,0,0,0,0
2024-12-10,Östliche Vorstadt,0,0,0,0,0,0,0,0,0,0,0,0,0,0,0
2024-12-11,Blockland,0,0,0,0,0,0,0,0,0,0,0,0,0,0,0
2024-12-11,Blumenthal,0,0,0,0,0,0,0,0,0,0,0,0,0,0,0
2024-12-11,Borgfeld,0,0,0,0,0,0,0,0,0,0,0,0,0,0,0
2024-12-11,Burglesum,0,0,0,0,0,0,0,0,0,0,0,0,0,0,0
2024-12-11,Findorff,0,0,0,0,0,0,0,0,0,0,0,0,0,0,0
2024-12-11,Gröpelingen,0,0,0,0,0,0,0,0,0,0,0,0,0,0,0
2024-12-11,Hemelingen,0,0,0,0,0,0,0,0,0,0,0,0,0,0,0
2024-12-11,Horn-Lehe,0,0,0,0,0,0,0,0,0,0,0,0,0,0,0
2024-12-11,Huchting,0,0,0,0,0,0,0,0,0,0,0,0,0,0,0
2024-12-11,Häfen,0,0,0,0,0,0,0,0,0,0,0,0,0,0,0
2024-12-11,Mitte,0,0,0,0,0,0,0,0,0,0,0,0,0,0,0
2024-12-11,Neustadt,0,0,0,0,0,0,0,0,0,0,0,0,0,0,0
2024-12-11,Oberneuland,0,0,0,0,0,0,0,0,0,0,0,0,0,0,0
2024-12-11,Obervieland,0,0,0,0,0,0,0,0,0,0,0,0,0,0,0
2024-12-11,Osterholz,0,0,0,0,0,0,0,0,0,0,0,0,0,0,0
2024-12-11,Schwachhausen,0,0,0,0,0,0,0,0,0,0,0,0,0,0,0
2024-12-11,Seehausen,0,0,0,0,0,0,0,0,0,0,0,0,0,0,0
2024-12-11,Strom,0,0,0,0,0,0,0,0,0,0,0,0,0,0,0
2024-12-11,Vahr,0,0,0,0,0,0,0,0,0,0,0,0,0,0,0
2024-12-11,Vegesack,0,0,0,0,0,0,0,0,0,0,0,0,0,0,0
2024-12-11,Walle,0,0,0,0,0,0,0,0,0,0,0,0,0,0,0
2024-12-11,Woltmershausen,0,0,0,0,0,0,0,0,0,0,0,0,0,0,0
2024-12-11,Östliche Vorstadt,0,0,0,0,0,0,0,0,0,0,0,0,0,0,0
2024-12-12,Blockland,0,0,0,0,0,0,0,0,0,0,0,0,0,0,0
2024-12-12,Blumenthal,0,0,0,0,0,0,0,0,0,0,0,0,0,0,0
2024-12-12,Borgfeld,0,0,0,0,0,0,0,0,0,0,0,0,0,0,0
2024-12-12,Burglesum,0,0,0,0,0,0,0,0,0,0,0,0,0,0,0
2024-12-12,Findorff,0,0,0,0,0,0,0,0,0,0,0,0,0,0,0
2024-12-12,Gröpelingen,0,0,0,0,0,0,0,0,0,0,0,0,0,0,0
2024-12-12,Hemelingen,0,0,0,0,0,0,0,0,0,0,0,0,0,0,0
2024-12-12,Horn-Lehe,0,0,0,0,0,0,0,0,0,0,0,0,0,0,0
2024-12-12,Huchting,0,0,0,0,0,0,0,0,0,0,0,0,0,0,0
2024-12-12,Häfen,0,0,0,0,0,0,0,0,0,0,0,0,0,0,0
2024-12-12,Mitte,0,0,0,0,0,0,0,0,0,0,0,0,0,0,0
2024-12-12,Neustadt,0,0,0,0,0,0,0,0,0,0,0,0,0,0,0
2024-12-12,Oberneuland,0,0,0,0,0,0,0,0,0,0,0,0,0,0,0
2024-12-12,Obervieland,0,0,0,0,0,0,0,0,0,0,0,0,0,0,0
2024-12-12,Osterholz,0,0,0,0,0,0,0,0,0,0,0,0,0,0,0
2024-12-12,Schwachhausen,0,0,0,0,0,0,0,0,0,0,0,0,0,0,0
2024-12-12,Seehausen,0,0,0,0,0,0,0,0,0,0,0,0,0,0,0
2024-12-12,Strom,0,0,0,0,0,0,0,0,0,0,0,0,0,0,0
2024-12-12,Vahr,0,0,0,0,0,0,0,0,0,0,0,0,0,0,0
2024-12-12,Vegesack,0,0,0,0,0,0,0,0,0,0,0,0,0,0,0
2024-12-12,Walle,0,0,0,0,0,0,0,0,0,0,0,0,0,0,0
2024-12-12,Woltmershausen,0,0,0,0,0,0,0,0,0,0,0,0,0,0,0
2024-12-12,Östliche Vorstadt,0,0,0,0,0,0,0,0,0,0,0,0,0,0,0
2024-12-13,Blockland,0,0,0,0,0,0,0,0,0,0,0,0,0,0,0
2024-12-13,Blumenthal,0,0,0,0,0,0,0,0,0,0,0,0,0,0,0
2024-12-13,Borgfeld,0,0,0,0,0,0,0,0,0,0,0,0,0,0,0
2024-12-13,Burglesum,0,0,0,0,0,0,0,0,0,0,0,0,0,0,0
2024-12-13,Findorff,0,0,0,0,0,0,0,0,0,0,0,0,0,0,0
2024-12-13,Gröpelingen,0,0,0,0,0,0,0,0,0,0,0,0,0,0,0
2024-12-13,Hemelingen,0,0,0,0,0,0,0,0,0,0,0,0,0,0,0
2024-12-13,Horn-Lehe,0,0,0,0,0,0,0,0,0,0,0,0,0,0,0
2024-12-13,Huchting,0,0,0,0,0,0,0,0,0,0,0,0,0,0,0
2024-12-13,Häfen,0,0,0,0,0,0,0,0,0,0,0,0,0,0,0
2024-12-13,Mitte,0,0,0,0,0,0,0,0,0,0,0,0,0,0,0
2024-12-13,Neustadt,0,0,0,0,0,0,0,0,0,0,0,0,0,0,0
2024-12-13,Oberneuland,0,0,0,0,0,0,0,0,0,0,0,0,0,0,0
2024-12-13,Obervieland,0,0,0,0,0,0,0,0,0,0,0,0,0,0,0
2024-12-13,Osterholz,0,0,0,0,0,0,0,0,0,0,0,0,0,0,0
2024-12-13,Schwachhausen,0,0,0,0,0,0,0,0,0,0,0,0,0,0,0
2024-12-13,Seehausen,0,0,0,0,0,0,0,0,0,0,0,0,0,0,0
2024-12-13,Strom,0,0,0,0,0,0,0,0,0,0,0,0,0,0,0
2024-12-13,Vahr,0,0,0,0,0,0,0,0,0,0,0,0,0,0,0
2024-12-13,Vegesack,0,0,0,0,0,0,0,0,0,0,0,0,0,0,0
2024-12-13,Walle,0,0,0,0,0,0,0,0,0,0,0,0,0,0,0
2024-12-13,Woltmershausen,0,0,0,0,0,0,0,0,0,0,0,0,0,0,0
2024-12-13,Östliche Vorstadt,0,0,0,0,0,0,0,0,0,0,0,0,0,0,0
2024-12-14,Blockland,0,0,0,0,0,0,0,0,0,0,0,0,0,0,0
2024-12-14,Blumenthal,0,0,0,0,0,0,0,0,0,0,0,0,0,0,0
2024-12-14,Borgfeld,0,0,0,0,0,0,0,0,0,0,0,0,0,0,0
2024-12-14,Burglesum,0,0,0,0,0,0,0,0,0,0,0,0,0,0,0
2024-12-14,Findorff,0,0,0,0,0,0,0,0,0,0,0,0,0,0,0
2024-12-14,Gröpelingen,0,0,0,0,0,0,0,0,0,0,0,0,0,0,0
2024-12-14,Hemelingen,0,0,0,0,0,0,0,0,0,0,0,0,0,0,0
2024-12-14,Horn-Lehe,0,0,0,0,0,0,0,0,0,0,0,0,0,0,0
2024-12-14,Huchting,0,0,0,0,0,0,0,0,0,0,0,0,0,0,0
2024-12-14,Häfen,0,0,0,0,0,0,0,0,0,0,0,0,0,0,0
2024-12-14,Mitte,0,0,0,0,0,0,0,0,0,0,0,0,0,0,0
2024-12-14,Neustadt,0,0,0,0,0,0,0,0,0,0,0,0,0,0,0
2024-12-14,Oberneuland,0,0,0,0,0,0,0,0,0,0,0,0,0,0,0
2024-12-14,Obervieland,0,0,0,0,0,0,0,0,0,0,0,0,0,0,0
2024-12-14,Osterholz,0,0,0,0,0,0,0,0,0,0,0,0,0,0,0
2024-12-14,Schwachhausen,0,0,0,0,0,0,0,0,0,0,0,0,0,0,0
2024-12-14,Seehausen,0,0,0,0,0,0,0,0,0,0,0,0,0,0,0
2024-12-14,Strom,0,0,0,0,0,0,0,0,0,0,0,0,0,0,0
2024-12-14,Vahr,0,0,0,0,0,0,0,0,0,0,0,0,0,0,0
2024-12-14,Vegesack,0,0,0,0,0,0,0,0,0,0,0,0,0,0,0
2024-12-14,Walle,0,0,0,0,0,0,0,0,0,0,0,0,0,0,0
2024-12-14,Woltmershausen,0,0,0,0,0,0,0,0,0,0,0,0,0,0,0
2024-12-14,Östliche Vorstadt,0,0,0,0,0,0,0,0,0,0,0,0,0,0,0
2024-12-15,Blockland,0,0,0,0,0,0,0,0,0,0,0,0,0,0,0
2024-12-15,Blumenthal,0,0,0,0,0,0,0,0,0,0,0,0,0,0,0
2024-12-15,Borgfeld,0,0,0,0,0,0,0,0,0,0,0,0,0,0,0
2024-12-15,Burglesum,0,0,0,0,0,0,0,0,0,0,0,0,0,0,0
2024-12-15,Findorff,0,0,0,0,0,0,0,0,0,0,0,0,0,0,0
2024-12-15,Gröpelingen,0,0,0,0,0,0,0,0,0,0,0,0,0,0,0
2024-12-15,Hemelingen,0,0,0,0,0,0,0,0,0,0,0,0,0,0,0
2024-12-15,Horn-Lehe,0,0,0,0,0,0,0,0,0,0,0,0,0,0,0
2024-12-15,Huchting,0,0,0,0,0,0,0,0,0,0,0,0,0,0,0
2024-12-15,Häfen,0,0,0,0,0,0,0,0,0,0,0,0,0,0,0
2024-12-15,Mitte,0,0,0,0,0,0,0,0,0,0,0,0,0,0,0
2024-12-15,Neustadt,0,0,0,0,0,0,0,0,0,0,0,0,0,0,0
2024-12-15,Oberneuland,0,0,0,0,0,0,0,0,0,0,0,0,0,0,0
2024-12-15,Obervieland,0,0,0,0,0,0,0,0,0,0,0,0,0,0,0
2024-12-15,Osterholz,0,0,0,0,0,0,0,0,0,0,0,0,0,0,0
2024-12-15,Schwachhausen,0,0,0,0,0,0,0,0,0,0,0,0,0,0,0
2024-12-15,Seehausen,0,0,0,0,0,0,0,0,0,0,0,0,0,0,0
2024-12-15,Strom,0,0,0,0,0,0,0,0,0,0,0,0,0,0,0
2024-12-15,Vahr,0,0,0,0,0,0,0,0,0,0,0,0,0,0,0
2024-12-15,Vegesack,0,0,0,0,0,0,0,0,0,0,0,0,0,0,0
2024-12-15,Walle,0,0,0,0,0,0,0,0,0,0,0,0,0,0,0
2024-12-15,Woltmershausen,0,0,0,0,0,0,0,0,0,0,0,0,0,0,0
2024-12-15,Östliche Vorstadt,0,0,0,0,0,0,0,0,0,0,0,0,0,0,0
2024-12-16,Blockland,0,0,0,0,0,0,0,0,0,0,0,0,0,0,0
2024-12-16,Blumenthal,0,0,0,0,0,0,0,0,0,0,0,0,0,0,0
2024-12-16,Borgfeld,0,0,0,0,0,0,0,0,0,0,0,0,0,0,0
2024-12-16,Burglesum,0,0,0,0,0,0,0,0,0,0,0,0,0,0,0
2024-12-16,Findorff,0,0,0,0,0,0,0,0,0,0,0,0,0,0,0
2024-12-16,Gröpelingen,0,0,0,0,0,0,0,0,0,0,0,0,0,0,0
2024-12-16,Hemelingen,0,0,0,0,0,0,0,0,0,0,0,0,0,0,0
2024-12-16,Horn-Lehe,0,0,0,0,0,0,0,0,0,0,0,0,0,0,0
2024-12-16,Huchting,0,0,0,0,0,0,0,0,0,0,0,0,0,0,0
2024-12-16,Häfen,0,0,0,0,0,0,0,0,0,0,0,0,0,0,0
2024-12-16,Mitte,0,0,0,0,0,0,0,0,0,0,0,0,0,0,0
2024-12-16,Neustadt,0,0,0,0,0,0,0,0,0,0,0,0,0,0,0
2024-12-16,Oberneuland,0,0,0,0,0,0,0,0,0,0,0,0,0,0,0
2024-12-16,Obervieland,0,0,0,0,0,0,0,0,0,0,0,0,0,0,0
2024-12-16,Osterholz,0,0,0,0,0,0,0,0,0,0,0,0,0,0,0
2024-12-16,Schwachhausen,0,0,0,0,0,0,0,0,0,0,0,0,0,0,0
2024-12-16,Seehausen,0,0,0,0,0,0,0,0,0,0,0,0,0,0,0
2024-12-16,Strom,0,0,0,0,0,0,0,0,0,0,0,0,0,0,0
2024-12-16,Vahr,0,0,0,0,0,0,0,0,0,0,0,0,0,0,0
2024-12-16,Vegesack,0,0,0,0,0,0,0,0,0,0,0,0,0,0,0
2024-12-16,Walle,0,0,0,0,0,0,0,0,0,0,0,0,0,0,0
2024-12-16,Woltmershausen,0,0,0,0,0,0,0,0,0,0,0,0,0,0,0
2024-12-16,Östliche Vorstadt,0,0,0,0,0,0,0,0,0,0,0,0,0,0,0
2024-12-17,Blockland,0,0,0,0,0,0,0,0,0,0,0,0,0,0,0
2024-12-17,Blumenthal,0,0,0,0,0,0,0,0,0,0,0,0,0,0,0
2024-12-17,Borgfeld,0,0,0,0,0,0,0,0,0,0,0,0,0,0,0
2024-12-17,Burglesum,0,0,0,0,0,0,0,0,0,0,0,0,0,0,0
2024-12-17,Findorff,0,0,0,0,0,0,0,0,0,0,0,0,0,0,0
2024-12-17,Gröpelingen,0,0,0,0,0,0,0,0,0,0,0,0,0,0,0
2024-12-17,Hemelingen,0,0,0,0,0,0,0,0,0,0,0,0,0,0,0
2024-12-17,Horn-Lehe,0,0,0,0,0,0,0,0,0,0,0,0,0,0,0
2024-12-17,Huchting,0,0,0,0,0,0,0,0,0,0,0,0,0,0,0
2024-12-17,Häfen,0,0,0,0,0,0,0,0,0,0,0,0,0,0,0
2024-12-17,Mitte,0,0,0,0,0,0,0,0,0,0,0,0,0,0,0
2024-12-17,Neustadt,0,0,0,0,0,0,0,0,0,0,0,0,0,0,0
2024-12-17,Oberneuland,0,0,0,0,0,0,0,0,0,0,0,0,0,0,0
2024-12-17,Obervieland,0,0,0,0,0,0,0,0,0,0,0,0,0,0,0
2024-12-17,Osterholz,0,0,0,0,0,0,0,0,0,0,0,0,0,0,0
2024-12-17,Schwachhausen,0,0,0,0,0,0,0,0,0,0,0,0,0,0,0
2024-12-17,Seehausen,0,0,0,0,0,0,0,0,0,0,0,0,0,0,0
2024-12-17,Strom,0,0,0,0,0,0,0,0,0,0,0,0,0,0,0
2024-12-17,Vahr,0,0,0,0,0,0,0,0,0,0,0,0,0,0,0
2024-12-17,Vegesack,0,0,0,0,0,0,0,0,0,0,0,0,0,0,0
2024-12-17,Walle,0,0,0,0,0,0,0,0,0,0,0,0,0,0,0
2024-12-17,Woltmershausen,0,0,0,0,0,0,0,0,0,0,0,0,0,0,0
2024-12-17,Östliche Vorstadt,0,0,0,0,0,0,0,0,0,0,0,0,0,0,0
2024-12-18,Blockland,0,0,0,0,0,0,0,0,0,0,0,0,0,0,0
2024-12-18,Blumenthal,0,0,0,0,0,0,0,0,0,0,0,0,0,0,0
2024-12-18,Borgfeld,0,0,0,0,0,0,0,0,0,0,0,0,0,0,0
2024-12-18,Burglesum,0,0,0,0,0,0,0,0,0,0,0,0,0,0,0
2024-12-18,Findorff,0,0,0,0,0,0,0,0,0,0,0,0,0,0,0
2024-12-18,Gröpelingen,0,0,0,0,0,0,0,0,0,0,0,0,0,0,0
2024-12-18,Hemelingen,0,0,0,0,0,0,0,0,0,0,0,0,0,0,0
2024-12-18,Horn-Lehe,0,0,0,0,0,0,0,0,0,0,0,0,0,0,0
2024-12-18,Huchting,0,0,0,0,0,0,0,0,0,0,0,0,0,0,0
2024-12-18,Häfen,0,0,0,0,0,0,0,0,0,0,0,0,0,0,0
2024-12-18,Mitte,0,0,0,0,0,0,0,0,0,0,0,0,0,0,0
2024-12-18,Neustadt,0,0,0,0,0,0,0,0,0,0,0,0,0,0,0
2024-12-18,Oberneuland,0,0,0,0,0,0,0,0,0,0,0,0,0,0,0
2024-12-18,Obervieland,0,0,0,0,0,0,0,0,0,0,0,0,0,0,0
2024-12-18,Osterholz,0,0,0,0,0,0,0,0,0,0,0,0,0,0,0
2024-12-18,Schwachhausen,0,0,0,0,0,0,0,0,0,0,0,0,0,0,0
2024-12-18,Seehausen,0,0,0,0,0,0,0,0,0,0,0,0,0,0,0
2024-12-18,Strom,0,0,0,0,0,0,0,0,0,0,0,0,0,0,0
2024-12-18,Vahr,0,0,0,0,0,0,0,0,0,0,0,0,0,0,0
2024-12-18,Vegesack,0,0,0,0,0,0,0,0,0,0,0,0,0,0,0
2024-12-18,Walle,0,0,0,0,0,0,0,0,0,0,0,0,0,0,0
2024-12-18,Woltmershausen,0,0,0,0,0,0,0,0,0,0,0,0,0,0,0
2024-12-18,Östliche Vorstadt,0,0,0,0,0,0,0,0,0,0,0,0,0,0,0
2024-12-19,Blockland,0,0,0,0,0,0,0,0,0,0,0,0,0,0,0
2024-12-19,Blumenthal,0,0,0,0,0,0,0,0,0,0,0,0,0,0,0
2024-12-19,Borgfeld,0,0,0,0,0,0,0,0,0,0,0,0,0,0,0
2024-12-19,Burglesum,0,0,0,0,0,0,0,0,0,0,0,0,0,0,0
2024-12-19,Findorff,0,0,0,0,0,0,0,0,0,0,0,0,0,0,0
2024-12-19,Gröpelingen,0,0,0,0,0,0,0,0,0,0,0,0,0,0,0
2024-12-19,Hemelingen,0,0,0,0,0,0,0,0,0,0,0,0,0,0,0
2024-12-19,Horn-Lehe,0,0,0,0,0,0,0,0,0,0,0,0,0,0,0
2024-12-19,Huchting,0,0,0,0,0,0,0,0,0,0,0,0,0,0,0
2024-12-19,Häfen,0,0,0,0,0,0,0,0,0,0,0,0,0,0,0
2024-12-19,Mitte,0,0,0,0,0,0,0,0,0,0,0,0,0,0,0
2024-12-19,Neustadt,0,0,0,0,0,0,0,0,0,0,0,0,0,0,0
2024-12-19,Oberneuland,0,0,0,0,0,0,0,0,0,0,0,0,0,0,0
2024-12-19,Obervieland,0,0,0,0,0,0,0,0,0,0,0,0,0,0,0
2024-12-19,Osterholz,0,0,0,0,0,0,0,0,0,0,0,0,0,0,0
2024-12-19,Schwachhausen,0,0,0,0,0,0,0,0,0,0,0,0,0,0,0
2024-12-19,Seehausen,0,0,0,0,0,0,0,0,0,0,0,0,0,0,0
2024-12-19,Strom,0,0,0,0,0,0,0,0,0,0,0,0,0,0,0
2024-12-19,Vahr,0,0,0,0,0,0,0,0,0,0,0,0,0,0,0
2024-12-19,Vegesack,0,0,0,0,0,0,0,0,0,0,0,0,0,0,0
2024-12-19,Walle,0,0,0,0,0,0,0,0,0,0,0,0,0,0,0
2024-12-19,Woltmershausen,0,0,0,0,0,0,0,0,0,0,0,0,0,0,0
2024-12-19,Östliche Vorstadt,0,0,0,0,0,0,0,0,0,0,0,0,0,0,0
2024-12-20,Blockland,0,0,0,0,0,0,0,0,0,0,0,0,0,0,0
2024-12-20,Blumenthal,0,0,0,0,0,0,0,0,0,0,0,0,0,0,0
2024-12-20,Borgfeld,0,0,0,0,0,0,0,0,0,0,0,0,0,0,0
2024-12-20,Burglesum,0,0,0,0,0,0,0,0,0,0,0,0,0,0,0
2024-12-20,Findorff,0,0,0,0,0,0,0,0,0,0,0,0,0,0,0
2024-12-20,Gröpelingen,0,0,0,0,0,0,0,0,0,0,0,0,0,0,0
2024-12-20,Hemelingen,0,0,0,0,0,0,0,0,0,0,0,0,0,0,0
2024-12-20,Horn-Lehe,0,0,0,0,0,0,0,0,0,0,0,0,0,0,0
2024-12-20,Huchting,0,0,0,0,0,0,0,0,0,0,0,0,0,0,0
2024-12-20,Häfen,0,0,0,0,0,0,0,0,0,0,0,0,0,0,0
2024-12-20,Mitte,0,0,0,0,0,0,0,0,0,0,0,0,0,0,0
2024-12-20,Neustadt,0,0,0,0,0,0,0,0,0,0,0,0,0,0,0
2024-12-20,Oberneuland,0,0,0,0,0,0,0,0,0,0,0,0,0,0,0
2024-12-20,Obervieland,0,0,0,0,0,0,0,0,0,0,0,0,0,0,0
2024-12-20,Osterholz,0,0,0,0,0,0,0,0,0,0,0,0,0,0,0
2024-12-20,Schwachhausen,0,0,0,0,0,0,0,0,0,0,0,0,0,0,0
2024-12-20,Seehausen,0,0,0,0,0,0,0,0,0,0,0,0,0,0,0
2024-12-20,Strom,0,0,0,0,0,0,0,0,0,0,0,0,0,0,0
2024-12-20,Vahr,0,0,0,0,0,0,0,0,0,0,0,0,0,0,0
2024-12-20,Vegesack,0,0,0,0,0,0,0,0,0,0,0,0,0,0,0
2024-12-20,Walle,0,0,0,0,0,0,0,0,0,0,0,0,0,0,0
2024-12-20,Woltmershausen,0,0,0,0,0,0,0,0,0,0,0,0,0,0,0
2024-12-20,Östliche Vorstadt,0,0,0,0,0,0,0,0,0,0,0,0,0,0,0
2024-12-21,Blockland,0,0,0,0,0,0,0,0,0,0,0,0,0,0,0
2024-12-21,Blumenthal,0,0,0,0,0,0,0,0,0,0,0,0,0,0,0
2024-12-21,Borgfeld,0,0,0,0,0,0,0,0,0,0,0,0,0,0,0
2024-12-21,Burglesum,0,0,0,0,0,0,0,0,0,0,0,0,0,0,0
2024-12-21,Findorff,0,0,0,0,0,0,0,0,0,0,0,0,0,0,0
2024-12-21,Gröpelingen,0,0,0,0,0,0,0,0,0,0,0,0,0,0,0
2024-12-21,Hemelingen,0,0,0,0,0,0,0,0,0,0,0,0,0,0,0
2024-12-21,Horn-Lehe,0,0,0,0,0,0,0,0,0,0,0,0,0,0,0
2024-12-21,Huchting,0,0,0,0,0,0,0,0,0,0,0,0,0,0,0
2024-12-21,Häfen,0,0,0,0,0,0,0,0,0,0,0,0,0,0,0
2024-12-21,Mitte,0,0,0,0,0,0,0,0,0,0,0,0,0,0,0
2024-12-21,Neustadt,0,0,0,0,0,0,0,0,0,0,0,0,0,0,0
2024-12-21,Oberneuland,0,0,0,0,0,0,0,0,0,0,0,0,0,0,0
2024-12-21,Obervieland,0,0,0,0,0,0,0,0,0,0,0,0,0,0,0
2024-12-21,Osterholz,0,0,0,0,0,0,0,0,0,0,0,0,0,0,0
2024-12-21,Schwachhausen,0,0,0,0,0,0,0,0,0,0,0,0,0,0,0
2024-12-21,Seehausen,0,0,0,0,0,0,0,0,0,0,0,0,0,0,0
2024-12-21,Strom,0,0,0,0,0,0,0,0,0,0,0,0,0,0,0
2024-12-21,Vahr,0,0,0,0,0,0,0,0,0,0,0,0,0,0,0
2024-12-21,Vegesack,0,0,0,0,0,0,0,0,0,0,0,0,0,0,0
2024-12-21,Walle,0,0,0,0,0,0,0,0,0,0,0,0,0,0,0
2024-12-21,Woltmershausen,0,0,0,0,0,0,0,0,0,0,0,0,0,0,0
2024-12-21,Östliche Vorstadt,0,0,0,0,0,0,0,0,0,0,0,0,0,0,0
2024-12-22,Blockland,0,0,0,0,0,0,0,0,0,0,0,0,0,0,0
2024-12-22,Blumenthal,0,0,0,0,0,0,0,0,0,0,0,0,0,0,0
2024-12-22,Borgfeld,0,0,0,0,0,0,0,0,0,0,0,0,0,0,0
2024-12-22,Burglesum,0,0,0,0,0,0,0,0,0,0,0,0,0,0,0
2024-12-22,Findorff,0,0,0,0,0,0,0,0,0,0,0,0,0,0,0
2024-12-22,Gröpelingen,0,0,0,0,0,0,0,0,0,0,0,0,0,0,0
2024-12-22,Hemelingen,0,0,0,0,0,0,0,0,0,0,0,0,0,0,0
2024-12-22,Horn-Lehe,0,0,0,0,0,0,0,0,0,0,0,0,0,0,0
2024-12-22,Huchting,0,0,0,0,0,0,0,0,0,0,0,0,0,0,0
2024-12-22,Häfen,0,0,0,0,0,0,0,0,0,0,0,0,0,0,0
2024-12-22,Mitte,0,0,0,0,0,0,0,0,0,0,0,0,0,0,0
2024-12-22,Neustadt,0,0,0,0,0,0,0,0,0,0,0,0,0,0,0
2024-12-22,Oberneuland,0,0,0,0,0,0,0,0,0,0,0,0,0,0,0
2024-12-22,Obervieland,0,0,0,0,0,0,0,0,0,0,0,0,0,0,0
2024-12-22,Osterholz,0,0,0,0,0,0,0,0,0,0,0,0,0,0,0
2024-12-22,Schwachhausen,0,0,0,0,0,0,0,0,0,0,0,0,0,0,0
2024-12-22,Seehausen,0,0,0,0,0,0,0,0,0,0,0,0,0,0,0
2024-12-22,Strom,0,0,0,0,0,0,0,0,0,0,0,0,0,0,0
2024-12-22,Vahr,0,0,0,0,0,0,0,0,0,0,0,0,0,0,0
2024-12-22,Vegesack,0,0,0,0,0,0,0,0,0,0,0,0,0,0,0
2024-12-22,Walle,0,0,0,0,0,0,0,0,0,0,0,0,0,0,0
2024-12-22,Woltmershausen,0,0,0,0,0,0,0,0,0,0,0,0,0,0,0
2024-12-22,Östliche Vorstadt,0,0,0,0,0,0,0,0,0,0,0,0,0,0,0
2024-12-23,Blockland,0,0,0,0,0,0,0,0,0,0,0,0,0,0,0
2024-12-23,Blumenthal,0,0,0,0,0,0,0,0,0,0,0,0,0,0,0
2024-12-23,Borgfeld,0,0,0,0,0,0,0,0,0,0,0,0,0,0,0
2024-12-23,Burglesum,0,0,0,0,0,0,0,0,0,0,0,0,0,0,0
2024-12-23,Findorff,0,0,0,0,0,0,0,0,0,0,0,0,0,0,0
2024-12-23,Gröpelingen,0,0,0,0,0,0,0,0,0,0,0,0,0,0,0
2024-12-23,Hemelingen,0,0,0,0,0,0,0,0,0,0,0,0,0,0,0
2024-12-23,Horn-Lehe,0,0,0,0,0,0,0,0,0,0,0,0,0,0,0
2024-12-23,Huchting,0,0,0,0,0,0,0,0,0,0,0,0,0,0,0
2024-12-23,Häfen,0,0,0,0,0,0,0,0,0,0,0,0,0,0,0
2024-12-23,Mitte,0,0,0,0,0,0,0,0,0,0,0,0,0,0,0
2024-12-23,Neustadt,0,0,0,0,0,0,0,0,0,0,0,0,0,0,0
2024-12-23,Oberneuland,0,0,0,0,0,0,0,0,0,0,0,0,0,0,0
2024-12-23,Obervieland,0,0,0,0,0,0,0,0,0,0,0,0,0,0,0
2024-12-23,Osterholz,0,0,0,0,0,0,0,0,0,0,0,0,0,0,0
2024-12-23,Schwachhausen,0,0,0,0,0,0,0,0,0,0,0,0,0,0,0
2024-12-23,Seehausen,0,0,0,0,0,0,0,0,0,0,0,0,0,0,0
2024-12-23,Strom,0,0,0,0,0,0,0,0,0,0,0,0,0,0,0
2024-12-23,Vahr,0,0,0,0,0,0,0,0,0,0,0,0,0,0,0
2024-12-23,Vegesack,0,0,0,0,0,0,0,0,0,0,0,0,0,0,0
2024-12-23,Walle,0,0,0,0,0,0,0,0,0,0,0,0,0,0,0
2024-12-23,Woltmershausen,0,0,0,0,0,0,0,0,0,0,0,0,0,0,0
2024-12-23,Östliche Vorstadt,0,0,0,0,0,0,0,0,0,0,0,0,0,0,0
2024-12-24,Blockland,0,0,0,0,0,0,0,0,0,0,0,0,0,0,0
2024-12-24,Blumenthal,0,0,0,0,0,0,0,0,0,0,0,0,0,0,0
2024-12-24,Borgfeld,0,0,0,0,0,0,0,0,0,0,0,0,0,0,0
2024-12-24,Burglesum,0,0,0,0,0,0,0,0,0,0,0,0,0,0,0
2024-12-24,Findorff,0,0,0,0,0,0,0,0,0,0,0,0,0,0,0
2024-12-24,Gröpelingen,0,0,0,0,0,0,0,0,0,0,0,0,0,0,0
2024-12-24,Hemelingen,0,0,0,0,0,0,0,0,0,0,0,0,0,0,0
2024-12-24,Horn-Lehe,0,0,0,0,0,0,0,0,0,0,0,0,0,0,0
2024-12-24,Huchting,0,0,0,0,0,0,0,0,0,0,0,0,0,0,0
2024-12-24,Häfen,0,0,0,0,0,0,0,0,0,0,0,0,0,0,0
2024-12-24,Mitte,0,0,0,0,0,0,0,0,0,0,0,0,0,0,0
2024-12-24,Neustadt,0,0,0,0,0,0,0,0,0,0,0,0,0,0,0
2024-12-24,Oberneuland,0,0,0,0,0,0,0,0,0,0,0,0,0,0,0
2024-12-24,Obervieland,0,0,0,0,0,0,0,0,0,0,0,0,0,0,0
2024-12-24,Osterholz,0,0,0,0,0,0,0,0,0,0,0,0,0,0,0
2024-12-24,Schwachhausen,0,0,0,0,0,0,0,0,0,0,0,0,0,0,0
2024-12-24,Seehausen,0,0,0,0,0,0,0,0,0,0,0,0,0,0,0
2024-12-24,Strom,0,0,0,0,0,0,0,0,0,0,0,0,0,0,0
2024-12-24,Vahr,0,0,0,0,0,0,0,0,0,0,0,0,0,0,0
2024-12-24,Vegesack,0,0,0,0,0,0,0,0,0,0,0,0,0,0,0
2024-12-24,Walle,0,0,0,0,0,0,0,0,0,0,0,0,0,0,0
2024-12-24,Woltmershausen,0,0,0,0,0,0,0,0,0,0,0,0,0,0,0
2024-12-24,Östliche Vorstadt,0,0,0,0,0,0,0,0,0,0,0,0,0,0,0
2024-12-25,Blockland,0,0,0,0,0,0,0,0,0,0,0,0,0,0,0
2024-12-25,Blumenthal,0,0,0,0,0,0,0,0,0,0,0,0,0,0,0
2024-12-25,Borgfeld,0,0,0,0,0,0,0,0,0,0,0,0,0,0,0
2024-12-25,Burglesum,0,0,0,0,0,0,0,0,0,0,0,0,0,0,0
2024-12-25,Findorff,0,0,0,0,0,0,0,0,0,0,0,0,0,0,0
2024-12-25,Gröpelingen,0,0,0,0,0,0,0,0,0,0,0,0,0,0,0
2024-12-25,Hemelingen,0,0,0,0,0,0,0,0,0,0,0,0,0,0,0
2024-12-25,Horn-Lehe,0,0,0,0,0,0,0,0,0,0,0,0,0,0,0
2024-12-25,Huchting,0,0,0,0,0,0,0,0,0,0,0,0,0,0,0
2024-12-25,Häfen,0,0,0,0,0,0,0,0,0,0,0,0,0,0,0
2024-12-25,Mitte,0,0,0,0,0,0,0,0,0,0,0,0,0,0,0
2024-12-25,Neustadt,0,0,0,0,0,0,0,0,0,0,0,0,0,0,0
2024-12-25,Oberneuland,0,0,0,0,0,0,0,0,0,0,0,0,0,0,0
2024-12-25,Obervieland,0,0,0,0,0,0,0,0,0,0,0,0,0,0,0
2024-12-25,Osterholz,0,0,0,0,0,0,0,0,0,0,0,0,0,0,0
2024-12-25,Schwachhausen,0,0,0,0,0,0,0,0,0,0,0,0,0,0,0
2024-12-25,Seehausen,0,0,0,0,0,0,0,0,0,0,0,0,0,0,0
2024-12-25,Strom,0,0,0,0,0,0,0,0,0,0,0,0,0,0,0
2024-12-25,Vahr,0,0,0,0,0,0,0,0,0,0,0,0,0,0,0
2024-12-25,Vegesack,0,0,0,0,0,0,0,0,0,0,0,0,0,0,0
2024-12-25,Walle,0,0,0,0,0,0,0,0,0,0,0,0,0,0,0
2024-12-25,Woltmershausen,0,0,0,0,0,0,0,0,0,0,0,0,0,0,0
2024-12-25,Östliche Vorstadt,0,0,0,0,0,0,0,0,0,0,0,0,0,0,0
2024-12-26,Blockland,0,0,0,0,0,0,0,0,0,0,0,0,0,0,0
2024-12-26,Blumenthal,0,0,0,0,0,0,0,0,0,0,0,0,0,0,0
2024-12-26,Borgfeld,0,0,0,0,0,0,0,0,0,0,0,0,0,0,0
2024-12-26,Burglesum,0,0,0,0,0,0,0,0,0,0,0,0,0,0,0
2024-12-26,Findorff,0,0,0,0,0,0,0,0,0,0,0,0,0,0,0
2024-12-26,Gröpelingen,0,0,0,0,0,0,0,0,0,0,0,0,0,0,0
2024-12-26,Hemelingen,0,0,0,0,0,0,0,0,0,0,0,0,0,0,0
2024-12-26,Horn-Lehe,0,0,0,0,0,0,0,0,0,0,0,0,0,0,0
2024-12-26,Huchting,0,0,0,0,0,0,0,0,0,0,0,0,0,0,0
2024-12-26,Häfen,0,0,0,0,0,0,0,0,0,0,0,0,0,0,0
2024-12-26,Mitte,0,0,0,0,0,0,0,0,0,0,0,0,0,0,0
2024-12-26,Neustadt,0,0,0,0,0,0,0,0,0,0,0,0,0,0,0
2024-12-26,Oberneuland,0,0,0,0,0,0,0,0,0,0,0,0,0,0,0
2024-12-26,Obervieland,0,0,0,0,0,0,0,0,0,0,0,0,0,0,0
2024-12-26,Osterholz,0,0,0,0,0,0,0,0,0,0,0,0,0,0,0
2024-12-26,Schwachhausen,0,0,0,0,0,0,0,0,0,0,0,0,0,0,0
2024-12-26,Seehausen,0,0,0,0,0,0,0,0,0,0,0,0,0,0,0
2024-12-26,Strom,0,0,0,0,0,0,0,0,0,0,0,0,0,0,0
2024-12-26,Vahr,0,0,0,0,0,0,0,0,0,0,0,0,0,0,0
2024-12-26,Vegesack,0,0,0,0,0,0,0,0,0,0,0,0,0,0,0
2024-12-26,Walle,0,0,0,0,0,0,0,0,0,0,0,0,0,0,0
2024-12-26,Woltmershausen,0,0,0,0,0,0,0,0,0,0,0,0,0,0,0
2024-12-26,Östliche Vorstadt,0,0,0,0,0,0,0,0,0,0,0,0,0,0,0
2024-12-27,Blockland,0,0,0,0,0,0,0,0,0,0,0,0,0,0,0
2024-12-27,Blumenthal,0,0,0,0,0,0,0,0,0,0,0,0,0,0,0
2024-12-27,Borgfeld,0,0,0,0,0,0,0,0,0,0,0,0,0,0,0
2024-12-27,Burglesum,0,0,0,0,0,0,0,0,0,0,0,0,0,0,0
2024-12-27,Findorff,0,0,0,0,0,0,0,0,0,0,0,0,0,0,0
2024-12-27,Gröpelingen,0,0,0,0,0,0,0,0,0,0,0,0,0,0,0
2024-12-27,Hemelingen,0,0,0,0,0,0,0,0,0,0,0,0,0,0,0
2024-12-27,Horn-Lehe,0,0,0,0,0,0,0,0,0,0,0,0,0,0,0
2024-12-27,Huchting,0,0,0,0,0,0,0,0,0,0,0,0,0,0,0
2024-12-27,Häfen,0,0,0,0,0,0,0,0,0,0,0,0,0,0,0
2024-12-27,Mitte,0,0,0,0,0,0,0,0,0,0,0,0,0,0,0
2024-12-27,Neustadt,0,0,0,0,0,0,0,0,0,0,0,0,0,0,0
2024-12-27,Oberneuland,0,0,0,0,0,0,0,0,0,0,0,0,0,0,0
2024-12-27,Obervieland,0,0,0,0,0,0,0,0,0,0,0,0,0,0,0
2024-12-27,Osterholz,0,0,0,0,0,0,0,0,0,0,0,0,0,0,0
2024-12-27,Schwachhausen,0,0,0,0,0,0,0,0,0,0,0,0,0,0,0
2024-12-27,Seehausen,0,0,0,0,0,0,0,0,0,0,0,0,0,0,0
2024-12-27,Strom,0,0,0,0,0,0,0,0,0,0,0,0,0,0,0
2024-12-27,Vahr,0,0,0,0,0,0,0,0,0,0,0,0,0,0,0
2024-12-27,Vegesack,0,0,0,0,0,0,0,0,0,0,0,0,0,0,0
2024-12-27,Walle,0,0,0,0,0,0,0,0,0,0,0,0,0,0,0
2024-12-27,Woltmershausen,0,0,0,0,0,0,0,0,0,0,0,0,0,0,0
2024-12-27,Östliche Vorstadt,0,0,0,0,0,0,0,0,0,0,0,0,0,0,0
2024-12-28,Blockland,0,0,0,0,0,0,0,0,0,0,0,0,0,0,0
2024-12-28,Blumenthal,0,0,0,0,0,0,0,0,0,0,0,0,0,0,0
2024-12-28,Borgfeld,0,0,0,0,0,0,0,0,0,0,0,0,0,0,0
2024-12-28,Burglesum,0,0,0,0,0,0,0,0,0,0,0,0,0,0,0
2024-12-28,Findorff,0,0,0,0,0,0,0,0,0,0,0,0,0,0,0
2024-12-28,Gröpelingen,0,0,0,0,0,0,0,0,0,0,0,0,0,0,0
2024-12-28,Hemelingen,0,0,0,0,0,0,0,0,0,0,0,0,0,0,0
2024-12-28,Horn-Lehe,0,0,0,0,0,0,0,0,0,0,0,0,0,0,0
2024-12-28,Huchting,0,0,0,0,0,0,0,0,0,0,0,0,0,0,0
2024-12-28,Häfen,0,0,0,0,0,0,0,0,0,0,0,0,0,0,0
2024-12-28,Mitte,0,0,0,0,0,0,0,0,0,0,0,0,0,0,0
2024-12-28,Neustadt,0,0,0,0,0,0,0,0,0,0,0,0,0,0,0
2024-12-28,Oberneuland,0,0,0,0,0,0,0,0,0,0,0,0,0,0,0
2024-12-28,Obervieland,0,0,0,0,0,0,0,0,0,0,0,0,0,0,0
2024-12-28,Osterholz,0,0,0,0,0,0,0,0,0,0,0,0,0,0,0
2024-12-28,Schwachhausen,0,0,0,0,0,0,0,0,0,0,0,0,0,0,0
2024-12-28,Seehausen,0,0,0,0,0,0,0,0,0,0,0,0,0,0,0
2024-12-28,Strom,0,0,0,0,0,0,0,0,0,0,0,0,0,0,0
2024-12-28,Vahr,0,0,0,0,0,0,0,0,0,0,0,0,0,0,0
2024-12-28,Vegesack,0,0,0,0,0,0,0,0,0,0,0,0,0,0,0
2024-12-28,Walle,0,0,0,0,0,0,0,0,0,0,0,0,0,0,0
2024-12-28,Woltmershausen,0,0,0,0,0,0,0,0,0,0,0,0,0,0,0
2024-12-28,Östliche Vorstadt,0,0,0,0,0,0,0,0,0,0,0,0,0,0,0
2024-12-29,Blockland,0,0,0,0,0,0,0,0,0,0,0,0,0,0,0
2024-12-29,Blumenthal,0,0,0,0,0,0,0,0,0,0,0,0,0,0,0
2024-12-29,Borgfeld,0,0,0,0,0,0,0,0,0,0,0,0,0,0,0
2024-12-29,Burglesum,0,0,0,0,0,0,0,0,0,0,0,0,0,0,0
2024-12-29,Findorff,0,0,0,0,0,0,0,0,0,0,0,0,0,0,0
2024-12-29,Gröpelingen,0,0,0,0,0,0,0,0,0,0,0,0,0,0,0
2024-12-29,Hemelingen,0,0,0,0,0,0,0,0,0,0,0,0,0,0,0
2024-12-29,Horn-Lehe,0,0,0,0,0,0,0,0,0,0,0,0,0,0,0
2024-12-29,Huchting,0,0,0,0,0,0,0,0,0,0,0,0,0,0,0
2024-12-29,Häfen,0,0,0,0,0,0,0,0,0,0,0,0,0,0,0
2024-12-29,Mitte,0,0,0,0,0,0,0,0,0,0,0,0,0,0,0
2024-12-29,Neustadt,0,0,0,0,0,0,0,0,0,0,0,0,0,0,0
2024-12-29,Oberneuland,0,0,0,0,0,0,0,0,0,0,0,0,0,0,0
2024-12-29,Obervieland,0,0,0,0,0,0,0,0,0,0,0,0,0,0,0
2024-12-29,Osterholz,0,0,0,0,0,0,0,0,0,0,0,0,0,0,0
2024-12-29,Schwachhausen,0,0,0,0,0,0,0,0,0,0,0,0,0,0,0
2024-12-29,Seehausen,0,0,0,0,0,0,0,0,0,0,0,0,0,0,0
2024-12-29,Strom,0,0,0,0,0,0,0,0,0,0,0,0,0,0,0
2024-12-29,Vahr,0,0,0,0,0,0,0,0,0,0,0,0,0,0,0
2024-12-29,Vegesack,0,0,0,0,0,0,0,0,0,0,0,0,0,0,0
2024-12-29,Walle,0,0,0,0,0,0,0,0,0,0,0,0,0,0,0
2024-12-29,Woltmershausen,0,0,0,0,0,0,0,0,0,0,0,0,0,0,0
2024-12-29,Östliche Vorstadt,0,0,0,0,0,0,0,0,0,0,0,0,0,0,0
2024-12-30,Blockland,0,0,0,0,0,0,0,0,0,0,0,0,0,0,0
2024-12-30,Blumenthal,0,0,0,0,0,0,0,0,0,0,0,0,0,0,0
2024-12-30,Borgfeld,0,0,0,0,0,0,0,0,0,0,0,0,0,0,0
2024-12-30,Burglesum,0,0,0,0,0,0,0,0,0,0,0,0,0,0,0
2024-12-30,Findorff,0,0,0,0,0,0,0,0,0,0,0,0,0,0,0
2024-12-30,Gröpelingen,0,0,0,0,0,0,0,0,0,0,0,0,0,0,0
2024-12-30,Hemelingen,0,0,0,0,0,0,0,0,0,0,0,0,0,0,0
2024-12-30,Horn-Lehe,0,0,0,0,0,0,0,0,0,0,0,0,0,0,0
2024-12-30,Huchting,0,0,0,0,0,0,0,0,0,0,0,0,0,0,0
2024-12-30,Häfen,0,0,0,0,0,0,0,0,0,0,0,0,0,0,0
2024-12-30,Mitte,0,0,0,0,0,0,0,0,0,0,0,0,0,0,0
2024-12-30,Neustadt,0,0,0,0,0,0,0,0,0,0,0,0,0,0,0
2024-12-30,Oberneuland,0,0,0,0,0,0,0,0,0,0,0,0,0,0,0
2024-12-30,Obervieland,0,0,0,0,0,0,0,0,0,0,0,0,0,0,0
2024-12-30,Osterholz,0,0,0,0,0,0,0,0,0,0,0,0,0,0,0
2024-12-30,Schwachhausen,0,0,0,0,0,0,0,0,0,0,0,0,0,0,0
2024-12-30,Seehausen,0,0,0,0,0,0,0,0,0,0,0,0,0,0,0
2024-12-30,Strom,0,0,0,0,0,0,0,0,0,0,0,0,0,0,0
2024-12-30,Vahr,0,0,0,0,0,0,0,0,0,0,0,0,0,0,0
2024-12-30,Vegesack,0,0,0,0,0,0,0,0,0,0,0,0,0,0,0
2024-12-30,Walle,0,0,0,0,0,0,0,0,0,0,0,0,0,0,0
2024-12-30,Woltmershausen,0,0,0,0,0,0,0,0,0,0,0,0,0,0,0
2024-12-30,Östliche Vorstadt,0,0,0,0,0,0,0,0,0,0,0,0,0,0,0
2024-12-31,Blockland,0,0,0,0,0,0,0,0,0,0,0,0,0,0,0
2024-12-31,Blumenthal,0,0,0,0,0,0,0,0,0,0,0,0,0,0,0
2024-12-31,Borgfeld,0,0,0,0,0,0,0,0,0,0,0,0,0,0,0
2024-12-31,Burglesum,0,0,0,0,0,0,0,0,0,0,0,0,0,0,0
2024-12-31,Findorff,0,0,0,0,0,0,0,0,0,0,0,0,0,0,0
2024-12-31,Gröpelingen,0,0,0,0,0,0,0,0,0,0,0,0,0,0,0
2024-12-31,Hemelingen,0,0,0,0,0,0,0,0,0,0,0,0,0,0,0
2024-12-31,Horn-Lehe,0,0,0,0,0,0,0,0,0,0,0,0,0,0,0
2024-12-31,Huchting,0,0,0,0,0,0,0,0,0,0,0,0,0,0,0
2024-12-31,Häfen,0,0,0,0,0,0,0,0,0,0,0,0,0,0,0
2024-12-31,Mitte,0,0,0,0,0,0,0,0,0,0,0,0,0,0,0
2024-12-31,Neustadt,0,0,0,0,0,0,0,0,0,0,0,0,0,0,0
2024-12-31,Oberneuland,0,0,0,0,0,0,0,0,0,0,0,0,0,0,0
2024-12-31,Obervieland,0,0,0,0,0,0,0,0,0,0,0,0,0,0,0
2024-12-31,Osterholz,0,0,0,0,0,0,0,0,0,0,0,0,0,0,0
2024-12-31,Schwachhausen,0,0,0,0,0,0,0,0,0,0,0,0,0,0,0
2024-12-31,Seehausen,0,0,0,0,0,0,0,0,0,0,0,0,0,0,0
2024-12-31,Strom,0,0,0,0,0,0,0,0,0,0,0,0,0,0,0
2024-12-31,Vahr,0,0,0,0,0,0,0,0,0,0,0,0,0,0,0
2024-12-31,Vegesack,0,0,0,0,0,0,0,0,0,0,0,0,0,0,0
2024-12-31,Walle,0,0,0,0,0,0,0,0,0,0,0,0,0,0,0
2024-12-31,Woltmershausen,0,0,0,0,0,0,0,0,0,0,0,0,0,0,0
2024-12-31,Östliche Vorstadt,0,0,0,0,0,0,0,0,0,0,0,0,0,0,0
2025-01-01,Blockland,0,0,0,0,0,0,0,0,0,0,0,0,0,0,0
2025-01-01,Blumenthal,0,0,0,0,0,0,0,0,0,0,0,0,0,0,0
2025-01-01,Borgfeld,0,0,0,0,0,0,0,0,0,0,0,0,0,0,0
2025-01-01,Burglesum,0,0,0,0,0,0,0,0,0,0,0,0,0,0,0
2025-01-01,Findorff,0,0,0,0,0,0,0,0,0,0,0,0,0,0,0
2025-01-01,Gröpelingen,0,0,0,0,0,0,0,0,0,0,0,0,0,0,0
2025-01-01,Hemelingen,0,0,0,0,0,0,0,0,0,0,0,0,0,0,0
2025-01-01,Horn-Lehe,0,0,0,0,0,0,0,0,0,0,0,0,0,0,0
2025-01-01,Huchting,0,0,0,0,0,0,0,0,0,0,0,0,0,0,0
2025-01-01,Häfen,0,0,0,0,0,0,0,0,0,0,0,0,0,0,0
2025-01-01,Mitte,0,0,0,0,0,0,0,0,0,0,0,0,0,0,0
2025-01-01,Neustadt,0,0,0,0,0,0,0,0,0,0,0,0,0,0,0
2025-01-01,Oberneuland,0,0,0,0,0,0,0,0,0,0,0,0,0,0,0
2025-01-01,Obervieland,0,0,0,0,0,0,0,0,0,0,0,0,0,0,0
2025-01-01,Osterholz,0,0,0,0,0,0,0,0,0,0,0,0,0,0,0
2025-01-01,Schwachhausen,0,0,0,0,0,0,0,0,0,0,0,0,0,0,0
2025-01-01,Seehausen,0,0,0,0,0,0,0,0,0,0,0,0,0,0,0
2025-01-01,Strom,0,0,0,0,0,0,0,0,0,0,0,0,0,0,0
2025-01-01,Vahr,0,0,0,0,0,0,0,0,0,0,0,0,0,0,0
2025-01-01,Vegesack,0,0,0,0,0,0,0,0,0,0,0,0,0,0,0
2025-01-01,Walle,0,0,0,0,0,0,0,0,0,0,0,0,0,0,0
2025-01-01,Woltmershausen,0,0,0,0,0,0,0,0,0,0,0,0,0,0,0
2025-01-01,Östliche Vorstadt,0,0,0,0,0,0,0,0,0,0,0,0,0,0,0
2025-01-02,Blockland,0,0,0,0,0,0,0,0,0,0,0,0,0,0,0
2025-01-02,Blumenthal,0,0,0,0,0,0,0,0,0,0,0,0,0,0,0
2025-01-02,Borgfeld,0,0,0,0,0,0,0,0,0,0,0,0,0,0,0
2025-01-02,Burglesum,0,0,0,0,0,0,0,0,0,0,0,0,0,0,0
2025-01-02,Findorff,0,0,0,0,0,0,0,0,0,0,0,0,0,0,0
2025-01-02,Gröpelingen,0,0,0,0,0,0,0,0,0,0,0,0,0,0,0
2025-01-02,Hemelingen,0,0,0,0,0,0,0,0,0,0,0,0,0,0,0
2025-01-02,Horn-Lehe,0,0,0,0,0,0,0,0,0,0,0,0,0,0,0
2025-01-02,Huchting,0,0,0,0,0,0,0,0,0,0,0,0,0,0,0
2025-01-02,Häfen,0,0,0,0,0,0,0,0,0,0,0,0,0,0,0
2025-01-02,Mitte,0,0,0,0,0,0,0,0,0,0,0,0,0,0,0
2025-01-02,Neustadt,0,0,0,0,0,0,0,0,0,0,0,0,0,0,0
2025-01-02,Oberneuland,0,0,0,0,0,0,0,0,0,0,0,0,0,0,0
2025-01-02,Obervieland,0,0,0,0,0,0,0,0,0,0,0,0,0,0,0
2025-01-02,Osterholz,0,0,0,0,0,0,0,0,0,0,0,0,0,0,0
2025-01-02,Schwachhausen,0,0,0,0,0,0,0,0,0,0,0,0,0,0,0
2025-01-02,Seehausen,0,0,0,0,0,0,0,0,0,0,0,0,0,0,0
2025-01-02,Strom,0,0,0,0,0,0,0,0,0,0,0,0,0,0,0
2025-01-02,Vahr,0,0,0,0,0,0,0,0,0,0,0,0,0,0,0
2025-01-02,Vegesack,0,0,0,0,0,0,0,0,0,0,0,0,0,0,0
2025-01-02,Walle,0,0,0,0,0,0,0,0,0,0,0,0,0,0,0
2025-01-02,Woltmershausen,0,0,0,0,0,0,0,0,0,0,0,0,0,0,0
2025-01-02,Östliche Vorstadt,0,0,0,0,0,0,0,0,0,0,0,0,0,0,0
2025-01-03,Blockland,0,0,0,0,0,0,0,0,0,0,0,0,0,0,0
2025-01-03,Blumenthal,0,0,0,0,0,0,0,0,0,0,0,0,0,0,0
2025-01-03,Borgfeld,0,0,0,0,0,0,0,0,0,0,0,0,0,0,0
2025-01-03,Burglesum,0,0,0,0,0,0,0,0,0,0,0,0,0,0,0
2025-01-03,Findorff,0,0,0,0,0,0,0,0,0,0,0,0,0,0,0
2025-01-03,Gröpelingen,0,0,0,0,0,0,0,0,0,0,0,0,0,0,0
2025-01-03,Hemelingen,0,0,0,0,0,0,0,0,0,0,0,0,0,0,0
2025-01-03,Horn-Lehe,0,0,0,0,0,0,0,0,0,0,0,0,0,0,0
2025-01-03,Huchting,0,0,0,0,0,0,0,0,0,0,0,0,0,0,0
2025-01-03,Häfen,0,0,0,0,0,0,0,0,0,0,0,0,0,0,0
2025-01-03,Mitte,0,0,0,0,0,0,0,0,0,0,0,0,0,0,0
2025-01-03,Neustadt,0,0,0,0,0,0,0,0,0,0,0,0,0,0,0
2025-01-03,Oberneuland,0,0,0,0,0,0,0,0,0,0,0,0,0,0,0
2025-01-03,Obervieland,0,0,0,0,0,0,0,0,0,0,0,0,0,0,0
2025-01-03,Osterholz,0,0,0,0,0,0,0,0,0,0,0,0,0,0,0
2025-01-03,Schwachhausen,0,0,0,0,0,0,0,0,0,0,0,0,0,0,0
2025-01-03,Seehausen,0,0,0,0,0,0,0,0,0,0,0,0,0,0,0
2025-01-03,Strom,0,0,0,0,0,0,0,0,0,0,0,0,0,0,0
2025-01-03,Vahr,0,0,0,0,0,0,0,0,0,0,0,0,0,0,0
2025-01-03,Vegesack,0,0,0,0,0,0,0,0,0,0,0,0,0,0,0
2025-01-03,Walle,0,0,0,0,0,0,0,0,0,0,0,0,0,0,0
2025-01-03,Woltmershausen,0,0,0,0,0,0,0,0,0,0,0,0,0,0,0
2025-01-03,Östliche Vorstadt,0,0,0,0,0,0,0,0,0,0,0,0,0,0,0
2025-01-04,Blockland,0,0,0,0,0,0,0,0,0,0,0,0,0,0,0
2025-01-04,Blumenthal,0,0,0,0,0,0,0,0,0,0,0,0,0,0,0
2025-01-04,Borgfeld,0,0,0,0,0,0,0,0,0,0,0,0,0,0,0
2025-01-04,Burglesum,0,0,0,0,0,0,0,0,0,0,0,0,0,0,0
2025-01-04,Findorff,0,0,0,0,0,0,0,0,0,0,0,0,0,0,0
2025-01-04,Gröpelingen,0,0,0,0,0,0,0,0,0,0,0,0,0,0,0
2025-01-04,Hemelingen,0,0,0,0,0,0,0,0,0,0,0,0,0,0,0
2025-01-04,Horn-Lehe,0,0,0,0,0,0,0,0,0,0,0,0,0,0,0
2025-01-04,Huchting,0,0,0,0,0,0,0,0,0,0,0,0,0,0,0
2025-01-04,Häfen,0,0,0,0,0,0,0,0,0,0,0,0,0,0,0
2025-01-04,Mitte,0,0,0,0,0,0,0,0,0,0,0,0,0,0,0
2025-01-04,Neustadt,0,0,0,0,0,0,0,0,0,0,0,0,0,0,0
2025-01-04,Oberneuland,0,0,0,0,0,0,0,0,0,0,0,0,0,0,0
2025-01-04,Obervieland,0,0,0,0,0,0,0,0,0,0,0,0,0,0,0
2025-01-04,Osterholz,0,0,0,0,0,0,0,0,0,0,0,0,0,0,0
2025-01-04,Schwachhausen,0,0,0,0,0,0,0,0,0,0,0,0,0,0,0
2025-01-04,Seehausen,0,0,0,0,0,0,0,0,0,0,0,0,0,0,0
2025-01-04,Strom,0,0,0,0,0,0,0,0,0,0,0,0,0,0,0
2025-01-04,Vahr,0,0,0,0,0,0,0,0,0,0,0,0,0,0,0
2025-01-04,Vegesack,0,0,0,0,0,0,0,0,0,0,0,0,0,0,0
2025-01-04,Walle,0,0,0,0,0,0,0,0,0,0,0,0,0,0,0
2025-01-04,Woltmershausen,0,0,0,0,0,0,0,0,0,0,0,0,0,0,0
2025-01-04,Östliche Vorstadt,0,0,0,0,0,0,0,0,0,0,0,0,0,0,0
2025-01-05,Blockland,0,0,0,0,0,0,0,0,0,0,0,0,0,0,0
2025-01-05,Blumenthal,0,0,0,0,0,0,0,0,0,0,0,0,0,0,0
2025-01-05,Borgfeld,0,0,0,0,0,0,0,0,0,0,0,0,0,0,0
2025-01-05,Burglesum,0,0,0,0,0,0,0,0,0,0,0,0,0,0,0
2025-01-05,Findorff,0,0,0,0,0,0,0,0,0,0,0,0,0,0,0
2025-01-05,Gröpelingen,0,0,0,0,0,0,0,0,0,0,0,0,0,0,0
2025-01-05,Hemelingen,0,0,0,0,0,0,0,0,0,0,0,0,0,0,0
2025-01-05,Horn-Lehe,0,0,0,0,0,0,0,0,0,0,0,0,0,0,0
2025-01-05,Huchting,0,0,0,0,0,0,0,0,0,0,0,0,0,0,0
2025-01-05,Häfen,0,0,0,0,0,0,0,0,0,0,0,0,0,0,0
2025-01-05,Mitte,0,0,0,0,0,0,0,0,0,0,0,0,0,0,0
2025-01-05,Neustadt,0,0,0,0,0,0,0,0,0,0,0,0,0,0,0
2025-01-05,Oberneuland,0,0,0,0,0,0,0,0,0,0,0,0,0,0,0
2025-01-05,Obervieland,0,0,0,0,0,0,0,0,0,0,0,0,0,0,0
2025-01-05,Osterholz,0,0,0,0,0,0,0,0,0,0,0,0,0,0,0
2025-01-05,Schwachhausen,0,0,0,0,0,0,0,0,0,0,0,0,0,0,0
2025-01-05,Seehausen,0,0,0,0,0,0,0,0,0,0,0,0,0,0,0
2025-01-05,Strom,0,0,0,0,0,0,0,0,0,0,0,0,0,0,0
2025-01-05,Vahr,0,0,0,0,0,0,0,0,0,0,0,0,0,0,0
2025-01-05,Vegesack,0,0,0,0,0,0,0,0,0,0,0,0,0,0,0
2025-01-05,Walle,0,0,0,0,0,0,0,0,0,0,0,0,0,0,0
2025-01-05,Woltmershausen,0,0,0,0,0,0,0,0,0,0,0,0,0,0,0
2025-01-05,Östliche Vorstadt,0,0,0,0,0,0,0,0,0,0,0,0,0,0,0
2025-01-06,Blockland,0,0,0,0,0,0,0,0,0,0,0,0,0,0,0
2025-01-06,Blumenthal,0,0,0,0,0,0,0,0,0,0,0,0,0,0,0
2025-01-06,Borgfeld,0,0,0,0,0,0,0,0,0,0,0,0,0,0,0
2025-01-06,Burglesum,0,0,0,0,0,0,0,0,0,0,0,0,0,0,0
2025-01-06,Findorff,0,0,0,0,0,0,0,0,0,0,0,0,0,0,0
2025-01-06,Gröpelingen,0,0,0,0,0,0,0,0,0,0,0,0,0,0,0
2025-01-06,Hemelingen,0,0,0,0,0,0,0,0,0,0,0,0,0,0,0
2025-01-06,Horn-Lehe,0,0,0,0,0,0,0,0,0,0,0,0,0,0,0
2025-01-06,Huchting,0,0,0,0,0,0,0,0,0,0,0,0,0,0,0
2025-01-06,Häfen,0,0,0,0,0,0,0,0,0,0,0,0,0,0,0
2025-01-06,Mitte,0,0,0,0,0,0,0,0,0,0,0,0,0,0,0
2025-01-06,Neustadt,0,0,0,0,0,0,0,0,0,0,0,0,0,0,0
2025-01-06,Oberneuland,0,0,0,0,0,0,0,0,0,0,0,0,0,0,0
2025-01-06,Obervieland,0,0,0,0,0,0,0,0,0,0,0,0,0,0,0
2025-01-06,Osterholz,0,0,0,0,0,0,0,0,0,0,0,0,0,0,0
2025-01-06,Schwachhausen,0,0,0,0,0,0,0,0,0,0,0,0,0,0,0
2025-01-06,Seehausen,0,0,0,0,0,0,0,0,0,0,0,0,0,0,0
2025-01-06,Strom,0,0,0,0,0,0,0,0,0,0,0,0,0,0,0
2025-01-06,Vahr,0,0,0,0,0,0,0,0,0,0,0,0,0,0,0
2025-01-06,Vegesack,0,0,0,0,0,0,0,0,0,0,0,0,0,0,0
2025-01-06,Walle,0,0,0,0,0,0,0,0,0,0,0,0,0,0,0
2025-01-06,Woltmershausen,0,0,0,0,0,0,0,0,0,0,0,0,0,0,0
2025-01-06,Östliche Vorstadt,0,0,0,0,0,0,0,0,0,0,0,0,0,0,0
2025-01-07,Blockland,0,0,0,0,0,0,0,0,0,0,0,0,0,0,0
2025-01-07,Blumenthal,0,0,0,0,0,0,0,0,0,0,0,0,0,0,0
2025-01-07,Borgfeld,0,0,0,0,0,0,0,0,0,0,0,0,0,0,0
2025-01-07,Burglesum,0,0,0,0,0,0,0,0,0,0,0,0,0,0,0
2025-01-07,Findorff,0,0,0,0,0,0,0,0,0,0,0,0,0,0,0
2025-01-07,Gröpelingen,0,0,0,0,0,0,0,0,0,0,0,0,0,0,0
2025-01-07,Hemelingen,0,0,0,0,0,0,0,0,0,0,0,0,0,0,0
2025-01-07,Horn-Lehe,0,0,0,0,0,0,0,0,0,0,0,0,0,0,0
2025-01-07,Huchting,0,0,0,0,0,0,0,0,0,0,0,0,0,0,0
2025-01-07,Häfen,0,0,0,0,0,0,0,0,0,0,0,0,0,0,0
2025-01-07,Mitte,0,0,0,0,0,0,0,0,0,0,0,0,0,0,0
2025-01-07,Neustadt,0,0,0,0,0,0,0,0,0,0,0,0,0,0,0
2025-01-07,Oberneuland,0,0,0,0,0,0,0,0,0,0,0,0,0,0,0
2025-01-07,Obervieland,0,0,0,0,0,0,0,0,0,0,0,0,0,0,0
2025-01-07,Osterholz,0,0,0,0,0,0,0,0,0,0,0,0,0,0,0
2025-01-07,Schwachhausen,0,0,0,0,0,0,0,0,0,0,0,0,0,0,0
2025-01-07,Seehausen,0,0,0,0,0,0,0,0,0,0,0,0,0,0,0
2025-01-07,Strom,0,0,0,0,0,0,0,0,0,0,0,0,0,0,0
2025-01-07,Vahr,0,0,0,0,0,0,0,0,0,0,0,0,0,0,0
2025-01-07,Vegesack,0,0,0,0,0,0,0,0,0,0,0,0,0,0,0
2025-01-07,Walle,0,0,0,0,0,0,0,0,0,0,0,0,0,0,0
2025-01-07,Woltmershausen,0,0,0,0,0,0,0,0,0,0,0,0,0,0,0
2025-01-07,Östliche Vorstadt,0,0,0,0,0,0,0,0,0,0,0,0,0,0,0
2025-01-08,Blockland,0,0,0,0,0,0,0,0,0,0,0,0,0,0,0
2025-01-08,Blumenthal,0,0,0,0,0,0,0,0,0,0,0,0,0,0,0
2025-01-08,Borgfeld,0,0,0,0,0,0,0,0,0,0,0,0,0,0,0
2025-01-08,Burglesum,0,0,0,0,0,0,0,0,0,0,0,0,0,0,0
2025-01-08,Findorff,0,0,0,0,0,0,0,0,0,0,0,0,0,0,0
2025-01-08,Gröpelingen,0,0,0,0,0,0,0,0,0,0,0,0,0,0,0
2025-01-08,Hemelingen,0,0,0,0,0,0,0,0,0,0,0,0,0,0,0
2025-01-08,Horn-Lehe,0,0,0,0,0,0,0,0,0,0,0,0,0,0,0
2025-01-08,Huchting,0,0,0,0,0,0,0,0,0,0,0,0,0,0,0
2025-01-08,Häfen,0,0,0,0,0,0,0,0,0,0,0,0,0,0,0
2025-01-08,Mitte,0,0,0,0,0,0,0,0,0,0,0,0,0,0,0
2025-01-08,Neustadt,0,0,0,0,0,0,0,0,0,0,0,0,0,0,0
2025-01-08,Oberneuland,0,0,0,0,0,0,0,0,0,0,0,0,0,0,0
2025-01-08,Obervieland,0,0,0,0,0,0,0,0,0,0,0,0,0,0,0
2025-01-08,Osterholz,0,0,0,0,0,0,0,0,0,0,0,0,0,0,0
2025-01-08,Schwachhausen,0,0,0,0,0,0,0,0,0,0,0,0,0,0,0
2025-01-08,Seehausen,0,0,0,0,0,0,0,0,0,0,0,0,0,0,0
2025-01-08,Strom,0,0,0,0,0,0,0,0,0,0,0,0,0,0,0
2025-01-08,Vahr,0,0,0,0,0,0,0,0,0,0,0,0,0,0,0
2025-01-08,Vegesack,0,0,0,0,0,0,0,0,0,0,0,0,0,0,0
2025-01-08,Walle,0,0,0,0,0,0,0,0,0,0,0,0,0,0,0
2025-01-08,Woltmershausen,0,0,0,0,0,0,0,0,0,0,0,0,0,0,0
2025-01-08,Östliche Vorstadt,0,0,0,0,0,0,0,0,0,0,0,0,0,0,0
2025-01-09,Blockland,0,0,0,0,0,0,0,0,0,0,0,0,0,0,0
2025-01-09,Blumenthal,0,0,0,0,0,0,0,0,0,0,0,0,0,0,0
2025-01-09,Borgfeld,0,0,0,0,0,0,0,0,0,0,0,0,0,0,0
2025-01-09,Burglesum,0,0,0,0,0,0,0,0,0,0,0,0,0,0,0
2025-01-09,Findorff,0,0,0,0,0,0,0,0,0,0,0,0,0,0,0
2025-01-09,Gröpelingen,0,0,0,0,0,0,0,0,0,0,0,0,0,0,0
2025-01-09,Hemelingen,0,0,0,0,0,0,0,0,0,0,0,0,0,0,0
2025-01-09,Horn-Lehe,0,0,0,0,0,0,0,0,0,0,0,0,0,0,0
2025-01-09,Huchting,0,0,0,0,0,0,0,0,0,0,0,0,0,0,0
2025-01-09,Häfen,0,0,0,0,0,0,0,0,0,0,0,0,0,0,0
2025-01-09,Mitte,0,0,0,0,0,0,0,0,0,0,0,0,0,0,0
2025-01-09,Neustadt,0,0,0,0,0,0,0,0,0,0,0,0,0,0,0
2025-01-09,Oberneuland,0,0,0,0,0,0,0,0,0,0,0,0,0,0,0
2025-01-09,Obervieland,0,0,0,0,0,0,0,0,0,0,0,0,0,0,0
2025-01-09,Osterholz,0,0,0,0,0,0,0,0,0,0,0,0,0,0,0
2025-01-09,Schwachhausen,0,0,0,0,0,0,0,0,0,0,0,0,0,0,0
2025-01-09,Seehausen,0,0,0,0,0,0,0,0,0,0,0,0,0,0,0
2025-01-09,Strom,0,0,0,0,0,0,0,0,0,0,0,0,0,0,0
2025-01-09,Vahr,0,0,0,0,0,0,0,0,0,0,0,0,0,0,0
2025-01-09,Vegesack,0,0,0,0,0,0,0,0,0,0,0,0,0,0,0
2025-01-09,Walle,0,0,0,0,0,0,0,0,0,0,0,0,0,0,0
2025-01-09,Woltmershausen,0,0,0,0,0,0,0,0,0,0,0,0,0,0,0
2025-01-09,Östliche Vorstadt,0,0,0,0,0,0,0,0,0,0,0,0,0,0,0
2025-01-10,Blockland,0,0,0,0,0,0,0,0,0,0,0,0,0,0,0
2025-01-10,Blumenthal,0,0,0,0,0,0,0,0,0,0,0,0,0,0,0
2025-01-10,Borgfeld,0,0,0,0,0,0,0,0,0,0,0,0,0,0,0
2025-01-10,Burglesum,0,0,0,0,0,0,0,0,0,0,0,0,0,0,0
2025-01-10,Findorff,0,0,0,0,0,0,0,0,0,0,0,0,0,0,0
2025-01-10,Gröpelingen,0,0,0,0,0,0,0,0,0,0,0,0,0,0,0
2025-01-10,Hemelingen,0,0,0,0,0,0,0,0,0,0,0,0,0,0,0
2025-01-10,Horn-Lehe,0,0,0,0,0,0,0,0,0,0,0,0,0,0,0
2025-01-10,Huchting,0,0,0,0,0,0,0,0,0,0,0,0,0,0,0
2025-01-10,Häfen,0,0,0,0,0,0,0,0,0,0,0,0,0,0,0
2025-01-10,Mitte,0,0,0,0,0,0,0,0,0,0,0,0,0,0,0
2025-01-10,Neustadt,0,0,0,0,0,0,0,0,0,0,0,0,0,0,0
2025-01-10,Oberneuland,0,0,0,0,0,0,0,0,0,0,0,0,0,0,0
2025-01-10,Obervieland,0,0,0,0,0,0,0,0,0,0,0,0,0,0,0
2025-01-10,Osterholz,0,0,0,0,0,0,0,0,0,0,0,0,0,0,0
2025-01-10,Schwachhausen,0,0,0,0,0,0,0,0,0,0,0,0,0,0,0
2025-01-10,Seehausen,0,0,0,0,0,0,0,0,0,0,0,0,0,0,0
2025-01-10,Strom,0,0,0,0,0,0,0,0,0,0,0,0,0,0,0
2025-01-10,Vahr,0,0,0,0,0,0,0,0,0,0,0,0,0,0,0
2025-01-10,Vegesack,0,0,0,0,0,0,0,0,0,0,0,0,0,0,0
2025-01-10,Walle,0,0,0,0,0,0,0,0,0,0,0,0,0,0,0
2025-01-10,Woltmershausen,0,0,0,0,0,0,0,0,0,0,0,0,0,0,0
2025-01-10,Östliche Vorstadt,0,0,0,0,0,0,0,0,0,0,0,0,0,0,0
2025-01-11,Blockland,0,0,0,0,0,0,0,0,0,0,0,0,0,0,0
2025-01-11,Blumenthal,0,0,0,0,0,0,0,0,0,0,0,0,0,0,0
2025-01-11,Borgfeld,0,0,0,0,0,0,0,0,0,0,0,0,0,0,0
2025-01-11,Burglesum,0,0,0,0,0,0,0,0,0,0,0,0,0,0,0
2025-01-11,Findorff,0,0,0,0,0,0,0,0,0,0,0,0,0,0,0
2025-01-11,Gröpelingen,0,0,0,0,0,0,0,0,0,0,0,0,0,0,0
2025-01-11,Hemelingen,0,0,0,0,0,0,0,0,0,0,0,0,0,0,0
2025-01-11,Horn-Lehe,0,0,0,0,0,0,0,0,0,0,0,0,0,0,0
2025-01-11,Huchting,0,0,0,0,0,0,0,0,0,0,0,0,0,0,0
2025-01-11,Häfen,0,0,0,0,0,0,0,0,0,0,0,0,0,0,0
2025-01-11,Mitte,0,0,0,0,0,0,0,0,0,0,0,0,0,0,0
2025-01-11,Neustadt,0,0,0,0,0,0,0,0,0,0,0,0,0,0,0
2025-01-11,Oberneuland,0,0,0,0,0,0,0,0,0,0,0,0,0,0,0
2025-01-11,Obervieland,0,0,0,0,0,0,0,0,0,0,0,0,0,0,0
2025-01-11,Osterholz,0,0,0,0,0,0,0,0,0,0,0,0,0,0,0
2025-01-11,Schwachhausen,0,0,0,0,0,0,0,0,0,0,0,0,0,0,0
2025-01-11,Seehausen,0,0,0,0,0,0,0,0,0,0,0,0,0,0,0
2025-01-11,Strom,0,0,0,0,0,0,0,0,0,0,0,0,0,0,0
2025-01-11,Vahr,0,0,0,0,0,0,0,0,0,0,0,0,0,0,0
2025-01-11,Vegesack,0,0,0,0,0,0,0,0,0,0,0,0,0,0,0
2025-01-11,Walle,0,0,0,0,0,0,0,0,0,0,0,0,0,0,0
2025-01-11,Woltmershausen,0,0,0,0,0,0,0,0,0,0,0,0,0,0,0
2025-01-11,Östliche Vorstadt,0,0,0,0,0,0,0,0,0,0,0,0,0,0,0
2025-01-12,Blockland,0,0,0,0,0,0,0,0,0,0,0,0,0,0,0
2025-01-12,Blumenthal,0,0,0,0,0,0,0,0,0,0,0,0,0,0,0
2025-01-12,Borgfeld,0,0,0,0,0,0,0,0,0,0,0,0,0,0,0
2025-01-12,Burglesum,0,0,0,0,0,0,0,0,0,0,0,0,0,0,0
2025-01-12,Findorff,0,0,0,0,0,0,0,0,0,0,0,0,0,0,0
2025-01-12,Gröpelingen,0,0,0,0,0,0,0,0,0,0,0,0,0,0,0
2025-01-12,Hemelingen,0,0,0,0,0,0,0,0,0,0,0,0,0,0,0
2025-01-12,Horn-Lehe,0,0,0,0,0,0,0,0,0,0,0,0,0,0,0
2025-01-12,Huchting,0,0,0,0,0,0,0,0,0,0,0,0,0,0,0
2025-01-12,Häfen,0,0,0,0,0,0,0,0,0,0,0,0,0,0,0
2025-01-12,Mitte,0,0,0,0,0,0,0,0,0,0,0,0,0,0,0
2025-01-12,Neustadt,0,0,0,0,0,0,0,0,0,0,0,0,0,0,0
2025-01-12,Oberneuland,0,0,0,0,0,0,0,0,0,0,0,0,0,0,0
2025-01-12,Obervieland,0,0,0,0,0,0,0,0,0,0,0,0,0,0,0
2025-01-12,Osterholz,0,0,0,0,0,0,0,0,0,0,0,0,0,0,0
2025-01-12,Schwachhausen,0,0,0,0,0,0,0,0,0,0,0,0,0,0,0
2025-01-12,Seehausen,0,0,0,0,0,0,0,0,0,0,0,0,0,0,0
2025-01-12,Strom,0,0,0,0,0,0,0,0,0,0,0,0,0,0,0
2025-01-12,Vahr,0,0,0,0,0,0,0,0,0,0,0,0,0,0,0
2025-01-12,Vegesack,0,0,0,0,0,0,0,0,0,0,0,0,0,0,0
2025-01-12,Walle,0,0,0,0,0,0,0,0,0,0,0,0,0,0,0
2025-01-12,Woltmershausen,0,0,0,0,0,0,0,0,0,0,0,0,0,0,0
2025-01-12,Östliche Vorstadt,0,0,0,0,0,0,0,0,0,0,0,0,0,0,0
2025-01-13,Blockland,0,0,0,0,0,0,0,0,0,0,0,0,0,0,0
2025-01-13,Blumenthal,0,0,0,0,0,0,0,0,0,0,0,0,0,0,0
2025-01-13,Borgfeld,0,0,0,0,0,0,0,0,0,0,0,0,0,0,0
2025-01-13,Burglesum,0,0,0,0,0,0,0,0,0,0,0,0,0,0,0
2025-01-13,Findorff,0,0,0,0,0,0,0,0,0,0,0,0,0,0,0
2025-01-13,Gröpelingen,0,0,0,0,0,0,0,0,0,0,0,0,0,0,0
2025-01-13,Hemelingen,0,0,0,0,0,0,0,0,0,0,0,0,0,0,0
2025-01-13,Horn-Lehe,0,0,0,0,0,0,0,0,0,0,0,0,0,0,0
2025-01-13,Huchting,1,0,0,0,0,0,0,0,1,0,0,0,0,0,0
2025-01-13,Häfen,0,0,0,0,0,0,0,0,0,0,0,0,0,0,0
2025-01-13,Mitte,0,0,0,0,0,0,0,0,0,0,0,0,0,0,0
2025-01-13,Neustadt,0,0,0,0,0,0,0,0,0,0,0,0,0,0,0
2025-01-13,Oberneuland,0,0,0,0,0,0,0,0,0,0,0,0,0,0,0
2025-01-13,Obervieland,0,0,0,0,0,0,0,0,0,0,0,0,0,0,0
2025-01-13,Osterholz,0,0,0,0,0,0,0,0,0,0,0,0,0,0,0
2025-01-13,Schwachhausen,0,0,0,0,0,0,0,0,0,0,0,0,0,0,0
2025-01-13,Seehausen,0,0,0,0,0,0,0,0,0,0,0,0,0,0,0
2025-01-13,Strom,0,0,0,0,0,0,0,0,0,0,0,0,0,0,0
2025-01-13,Vahr,0,0,0,0,0,0,0,0,0,0,0,0,0,0,0
2025-01-13,Vegesack,0,0,0,0,0,0,0,0,0,0,0,0,0,0,0
2025-01-13,Walle,0,0,0,0,0,0,0,0,0,0,0,0,0,0,0
2025-01-13,Woltmershausen,0,0,0,0,0,0,0,0,0,0,0,0,0,0,0
2025-01-13,Östliche Vorstadt,0,0,0,0,0,0,0,0,0,0,0,0,0,0,0
2025-01-14,Blockland,0,0,0,0,0,0,0,0,0,0,0,0,0,0,0
2025-01-14,Blumenthal,0,0,0,0,0,0,0,0,0,0,0,0,0,0,0
2025-01-14,Borgfeld,0,0,0,0,0,0,0,0,0,0,0,0,0,0,0
2025-01-14,Burglesum,0,0,0,0,0,0,0,0,0,0,0,0,0,0,0
2025-01-14,Findorff,0,0,0,0,0,0,0,0,0,0,0,0,0,0,0
2025-01-14,Gröpelingen,0,0,0,0,0,0,0,0,0,0,0,0,0,0,0
2025-01-14,Hemelingen,0,0,0,0,0,0,0,0,0,0,0,0,0,0,0
2025-01-14,Horn-Lehe,0,0,0,0,0,0,0,0,0,0,0,0,0,0,0
2025-01-14,Huchting,0,0,0,0,0,0,0,0,0,0,0,0,0,0,0
2025-01-14,Häfen,0,0,0,0,0,0,0,0,0,0,0,0,0,0,0
2025-01-14,Mitte,1,0,0,0,0,0,0,0,1,0,0,0,0,0,0
2025-01-14,Neustadt,1,0,0,0,0,0,0,1,0,0,0,0,0,0,0
2025-01-14,Oberneuland,0,0,0,0,0,0,0,0,0,0,0,0,0,0,0
2025-01-14,Obervieland,0,0,0,0,0,0,0,0,0,0,0,0,0,0,0
2025-01-14,Osterholz,0,0,0,0,0,0,0,0,0,0,0,0,0,0,0
2025-01-14,Schwachhausen,0,0,0,0,0,0,0,0,0,0,0,0,0,0,0
2025-01-14,Seehausen,0,0,0,0,0,0,0,0,0,0,0,0,0,0,0
2025-01-14,Strom,0,0,0,0,0,0,0,0,0,0,0,0,0,0,0
2025-01-14,Vahr,0,0,0,0,0,0,0,0,0,0,0,0,0,0,0
2025-01-14,Vegesack,0,0,0,0,0,0,0,0,0,0,0,0,0,0,0
2025-01-14,Walle,0,0,0,0,0,0,0,0,0,0,0,0,0,0,0
2025-01-14,Woltmershausen,0,0,0,0,0,0,0,0,0,0,0,0,0,0,0
2025-01-14,Östliche Vorstadt,0,0,0,0,0,0,0,0,0,0,0,0,0,0,0
2025-01-15,Blockland,0,0,0,0,0,0,0,0,0,0,0,0,0,0,0
2025-01-15,Blumenthal,0,0,0,0,0,0,0,0,0,0,0,0,0,0,0
2025-01-15,Borgfeld,0,0,0,0,0,0,0,0,0,0,0,0,0,0,0
2025-01-15,Burglesum,0,0,0,0,0,0,0,0,0,0,0,0,0,0,0
2025-01-15,Findorff,0,0,0,0,0,0,0,0,0,0,0,0,0,0,0
2025-01-15,Gröpelingen,0,0,0,0,0,0,0,0,0,0,0,0,0,0,0
2025-01-15,Hemelingen,0,0,0,0,0,0,0,0,0,0,0,0,0,0,0
2025-01-15,Horn-Lehe,0,0,0,0,0,0,0,0,0,0,0,0,0,0,0
2025-01-15,Huchting,0,0,0,0,0,0,0,0,0,0,0,0,0,0,0
2025-01-15,Häfen,0,0,0,0,0,0,0,0,0,0,0,0,0,0,0
2025-01-15,Mitte,0,0,0,0,0,0,0,0,0,0,0,0,0,0,0
2025-01-15,Neustadt,0,0,0,0,0,0,0,0,0,0,0,0,0,0,0
2025-01-15,Oberneuland,0,0,0,0,0,0,0,0,0,0,0,0,0,0,0
2025-01-15,Obervieland,0,0,0,0,0,0,0,0,0,0,0,0,0,0,0
2025-01-15,Osterholz,0,0,0,0,0,0,0,0,0,0,0,0,0,0,0
2025-01-15,Schwachhausen,0,0,0,0,0,0,0,0,0,0,0,0,0,0,0
2025-01-15,Seehausen,0,0,0,0,0,0,0,0,0,0,0,0,0,0,0
2025-01-15,Strom,0,0,0,0,0,0,0,0,0,0,0,0,0,0,0
2025-01-15,Vahr,0,0,0,0,0,0,0,0,0,0,0,0,0,0,0
2025-01-15,Vegesack,0,0,0,0,0,0,0,0,0,0,0,0,0,0,0
2025-01-15,Walle,0,0,0,0,0,0,0,0,0,0,0,0,0,0,0
2025-01-15,Woltmershausen,0,0,0,0,0,0,0,0,0,0,0,0,0,0,0
2025-01-15,Östliche Vorstadt,0,0,0,0,0,0,0,0,0,0,0,0,0,0,0
2025-01-16,Blockland,0,0,0,0,0,0,0,0,0,0,0,0,0,0,0
2025-01-16,Blumenthal,0,0,0,0,0,0,0,0,0,0,0,0,0,0,0
2025-01-16,Borgfeld,0,0,0,0,0,0,0,0,0,0,0,0,0,0,0
2025-01-16,Burglesum,0,0,0,0,0,0,0,0,0,0,0,0,0,0,0
2025-01-16,Findorff,0,0,0,0,0,0,0,0,0,0,0,0,0,0,0
2025-01-16,Gröpelingen,0,0,0,0,0,0,0,0,0,0,0,0,0,0,0
2025-01-16,Hemelingen,0,0,0,0,0,0,0,0,0,0,0,0,0,0,0
2025-01-16,Horn-Lehe,0,0,0,0,0,0,0,0,0,0,0,0,0,0,0
2025-01-16,Huchting,0,0,0,0,0,0,0,0,0,0,0,0,0,0,0
2025-01-16,Häfen,0,0,0,0,0,0,0,0,0,0,0,0,0,0,0
2025-01-16,Mitte,0,0,0,0,0,0,0,0,0,0,0,0,0,0,0
2025-01-16,Neustadt,0,0,0,0,0,0,0,0,0,0,0,0,0,0,0
2025-01-16,Oberneuland,0,0,0,0,0,0,0,0,0,0,0,0,0,0,0
2025-01-16,Obervieland,0,0,0,0,0,0,0,0,0,0,0,0,0,0,0
2025-01-16,Osterholz,0,0,0,0,0,0,0,0,0,0,0,0,0,0,0
2025-01-16,Schwachhausen,1,0,0,0,0,0,0,0,0,0,0,1,0,0,0
2025-01-16,Seehausen,0,0,0,0,0,0,0,0,0,0,0,0,0,0,0
2025-01-16,Strom,0,0,0,0,0,0,0,0,0,0,0,0,0,0,0
2025-01-16,Vahr,0,0,0,0,0,0,0,0,0,0,0,0,0,0,0
2025-01-16,Vegesack,0,0,0,0,0,0,0,0,0,0,0,0,0,0,0
2025-01-16,Walle,0,0,0,0,0,0,0,0,0,0,0,0,0,0,0
2025-01-16,Woltmershausen,0,0,0,0,0,0,0,0,0,0,0,0,0,0,0
2025-01-16,Östliche Vorstadt,0,0,0,0,0,0,0,0,0,0,0,0,0,0,0
2025-01-17,Blockland,0,0,0,0,0,0,0,0,0,0,0,0,0,0,0
2025-01-17,Blumenthal,0,0,0,0,0,0,0,0,0,0,0,0,0,0,0
2025-01-17,Borgfeld,0,0,0,0,0,0,0,0,0,0,0,0,0,0,0
2025-01-17,Burglesum,0,0,0,0,0,0,0,0,0,0,0,0,0,0,0
2025-01-17,Findorff,0,0,0,0,0,0,0,0,0,0,0,0,0,0,0
2025-01-17,Gröpelingen,0,0,0,0,0,0,0,0,0,0,0,0,0,0,0
2025-01-17,Hemelingen,1,0,0,0,0,0,0,0,1,0,0,0,0,0,0
2025-01-17,Horn-Lehe,0,0,0,0,0,0,0,0,0,0,0,0,0,0,0
2025-01-17,Huchting,0,0,0,0,0,0,0,0,0,0,0,0,0,0,0
2025-01-17,Häfen,0,0,0,0,0,0,0,0,0,0,0,0,0,0,0
2025-01-17,Mitte,0,0,0,0,0,0,0,0,0,0,0,0,0,0,0
2025-01-17,Neustadt,0,0,0,0,0,0,0,0,0,0,0,0,0,0,0
2025-01-17,Oberneuland,0,0,0,0,0,0,0,0,0,0,0,0,0,0,0
2025-01-17,Obervieland,0,0,0,0,0,0,0,0,0,0,0,0,0,0,0
2025-01-17,Osterholz,0,0,0,0,0,0,0,0,0,0,0,0,0,0,0
2025-01-17,Schwachhausen,0,0,0,0,0,0,0,0,0,0,0,0,0,0,0
2025-01-17,Seehausen,0,0,0,0,0,0,0,0,0,0,0,0,0,0,0
2025-01-17,Strom,0,0,0,0,0,0,0,0,0,0,0,0,0,0,0
2025-01-17,Vahr,0,0,0,0,0,0,0,0,0,0,0,0,0,0,0
2025-01-17,Vegesack,1,0,0,0,0,0,0,0,0,0,0,0,0,0,1
2025-01-17,Walle,0,0,0,0,0,0,0,0,0,0,0,0,0,0,0
2025-01-17,Woltmershausen,0,0,0,0,0,0,0,0,0,0,0,0,0,0,0
2025-01-17,Östliche Vorstadt,0,0,0,0,0,0,0,0,0,0,0,0,0,0,0
2025-01-18,Blockland,0,0,0,0,0,0,0,0,0,0,0,0,0,0,0
2025-01-18,Blumenthal,0,0,0,0,0,0,0,0,0,0,0,0,0,0,0
2025-01-18,Borgfeld,0,0,0,0,0,0,0,0,0,0,0,0,0,0,0
2025-01-18,Burglesum,0,0,0,0,0,0,0,0,0,0,0,0,0,0,0
2025-01-18,Findorff,0,0,0,0,0,0,0,0,0,0,0,0,0,0,0
2025-01-18,Gröpelingen,0,0,0,0,0,0,0,0,0,0,0,0,0,0,0
2025-01-18,Hemelingen,0,0,0,0,0,0,0,0,0,0,0,0,0,0,0
2025-01-18,Horn-Lehe,0,0,0,0,0,0,0,0,0,0,0,0,0,0,0
2025-01-18,Huchting,0,0,0,0,0,0,0,0,0,0,0,0,0,0,0
2025-01-18,Häfen,0,0,0,0,0,0,0,0,0,0,0,0,0,0,0
2025-01-18,Mitte,0,0,0,0,0,0,0,0,0,0,0,0,0,0,0
2025-01-18,Neustadt,0,0,0,0,0,0,0,0,0,0,0,0,0,0,0
2025-01-18,Oberneuland,0,0,0,0,0,0,0,0,0,0,0,0,0,0,0
2025-01-18,Obervieland,0,0,0,0,0,0,0,0,0,0,0,0,0,0,0
2025-01-18,Osterholz,0,0,0,0,0,0,0,0,0,0,0,0,0,0,0
2025-01-18,Schwachhausen,0,0,0,0,0,0,0,0,0,0,0,0,0,0,0
2025-01-18,Seehausen,0,0,0,0,0,0,0,0,0,0,0,0,0,0,0
2025-01-18,Strom,0,0,0,0,0,0,0,0,0,0,0,0,0,0,0
2025-01-18,Vahr,0,0,0,0,0,0,0,0,0,0,0,0,0,0,0
2025-01-18,Vegesack,0,0,0,0,0,0,0,0,0,0,0,0,0,0,0
2025-01-18,Walle,0,0,0,0,0,0,0,0,0,0,0,0,0,0,0
2025-01-18,Woltmershausen,0,0,0,0,0,0,0,0,0,0,0,0,0,0,0
2025-01-18,Östliche Vorstadt,0,0,0,0,0,0,0,0,0,0,0,0,0,0,0
2025-01-19,Blockland,0,0,0,0,0,0,0,0,0,0,0,0,0,0,0
2025-01-19,Blumenthal,1,0,0,1,0,0,0,0,0,0,0,0,0,0,0
2025-01-19,Borgfeld,0,0,0,0,0,0,0,0,0,0,0,0,0,0,0
2025-01-19,Burglesum,0,0,0,0,0,0,0,0,0,0,0,0,0,0,0
2025-01-19,Findorff,0,0,0,0,0,0,0,0,0,0,0,0,0,0,0
2025-01-19,Gröpelingen,1,0,0,0,0,0,0,0,0,0,0,0,0,0,1
2025-01-19,Hemelingen,0,0,0,0,0,0,0,0,0,0,0,0,0,0,0
2025-01-19,Horn-Lehe,0,0,0,0,0,0,0,0,0,0,0,0,0,0,0
2025-01-19,Huchting,0,0,0,0,0,0,0,0,0,0,0,0,0,0,0
2025-01-19,Häfen,0,0,0,0,0,0,0,0,0,0,0,0,0,0,0
2025-01-19,Mitte,0,0,0,0,0,0,0,0,0,0,0,0,0,0,0
2025-01-19,Neustadt,0,0,0,0,0,0,0,0,0,0,0,0,0,0,0
2025-01-19,Oberneuland,0,0,0,0,0,0,0,0,0,0,0,0,0,0,0
2025-01-19,Obervieland,0,0,0,0,0,0,0,0,0,0,0,0,0,0,0
2025-01-19,Osterholz,0,0,0,0,0,0,0,0,0,0,0,0,0,0,0
2025-01-19,Schwachhausen,0,0,0,0,0,0,0,0,0,0,0,0,0,0,0
2025-01-19,Seehausen,0,0,0,0,0,0,0,0,0,0,0,0,0,0,0
2025-01-19,Strom,0,0,0,0,0,0,0,0,0,0,0,0,0,0,0
2025-01-19,Vahr,0,0,0,0,0,0,0,0,0,0,0,0,0,0,0
2025-01-19,Vegesack,0,0,0,0,0,0,0,0,0,0,0,0,0,0,0
2025-01-19,Walle,0,0,0,0,0,0,0,0,0,0,0,0,0,0,0
2025-01-19,Woltmershausen,0,0,0,0,0,0,0,0,0,0,0,0,0,0,0
2025-01-19,Östliche Vorstadt,0,0,0,0,0,0,0,0,0,0,0,0,0,0,0
2025-01-20,Blockland,0,0,0,0,0,0,0,0,0,0,0,0,0,0,0
2025-01-20,Blumenthal,0,0,0,0,0,0,0,0,0,0,0,0,0,0,0
2025-01-20,Borgfeld,0,0,0,0,0,0,0,0,0,0,0,0,0,0,0
2025-01-20,Burglesum,0,0,0,0,0,0,0,0,0,0,0,0,0,0,0
2025-01-20,Findorff,0,0,0,0,0,0,0,0,0,0,0,0,0,0,0
2025-01-20,Gröpelingen,0,0,0,0,0,0,0,0,0,0,0,0,0,0,0
2025-01-20,Hemelingen,0,0,0,0,0,0,0,0,0,0,0,0,0,0,0
2025-01-20,Horn-Lehe,0,0,0,0,0,0,0,0,0,0,0,0,0,0,0
2025-01-20,Huchting,0,0,0,0,0,0,0,0,0,0,0,0,0,0,0
2025-01-20,Häfen,0,0,0,0,0,0,0,0,0,0,0,0,0,0,0
2025-01-20,Mitte,0,0,0,0,0,0,0,0,0,0,0,0,0,0,0
2025-01-20,Neustadt,1,0,0,0,0,0,0,0,1,0,0,0,0,0,0
2025-01-20,Oberneuland,0,0,0,0,0,0,0,0,0,0,0,0,0,0,0
2025-01-20,Obervieland,0,0,0,0,0,0,0,0,0,0,0,0,0,0,0
2025-01-20,Osterholz,0,0,0,0,0,0,0,0,0,0,0,0,0,0,0
2025-01-20,Schwachhausen,1,0,0,0,1,0,0,0,0,0,0,0,0,0,0
2025-01-20,Seehausen,0,0,0,0,0,0,0,0,0,0,0,0,0,0,0
2025-01-20,Strom,0,0,0,0,0,0,0,0,0,0,0,0,0,0,0
2025-01-20,Vahr,0,0,0,0,0,0,0,0,0,0,0,0,0,0,0
2025-01-20,Vegesack,0,0,0,0,0,0,0,0,0,0,0,0,0,0,0
2025-01-20,Walle,0,0,0,0,0,0,0,0,0,0,0,0,0,0,0
2025-01-20,Woltmershausen,0,0,0,0,0,0,0,0,0,0,0,0,0,0,0
2025-01-20,Östliche Vorstadt,0,0,0,0,0,0,0,0,0,0,0,0,0,0,0
2025-01-21,Blockland,0,0,0,0,0,0,0,0,0,0,0,0,0,0,0
2025-01-21,Blumenthal,0,0,0,0,0,0,0,0,0,0,0,0,0,0,0
2025-01-21,Borgfeld,0,0,0,0,0,0,0,0,0,0,0,0,0,0,0
2025-01-21,Burglesum,0,0,0,0,0,0,0,0,0,0,0,0,0,0,0
2025-01-21,Findorff,0,0,0,0,0,0,0,0,0,0,0,0,0,0,0
2025-01-21,Gröpelingen,1,0,0,0,0,0,0,0,0,0,0,0,1,0,0
2025-01-21,Hemelingen,0,0,0,0,0,0,0,0,0,0,0,0,0,0,0
2025-01-21,Horn-Lehe,0,0,0,0,0,0,0,0,0,0,0,0,0,0,0
2025-01-21,Huchting,0,0,0,0,0,0,0,0,0,0,0,0,0,0,0
2025-01-21,Häfen,0,0,0,0,0,0,0,0,0,0,0,0,0,0,0
2025-01-21,Mitte,2,0,0,1,0,0,0,0,0,0,0,0,0,0,1
2025-01-21,Neustadt,0,0,0,0,0,0,0,0,0,0,0,0,0,0,0
2025-01-21,Oberneuland,0,0,0,0,0,0,0,0,0,0,0,0,0,0,0
2025-01-21,Obervieland,0,0,0,0,0,0,0,0,0,0,0,0,0,0,0
2025-01-21,Osterholz,0,0,0,0,0,0,0,0,0,0,0,0,0,0,0
2025-01-21,Schwachhausen,0,0,0,0,0,0,0,0,0,0,0,0,0,0,0
2025-01-21,Seehausen,0,0,0,0,0,0,0,0,0,0,0,0,0,0,0
2025-01-21,Strom,0,0,0,0,0,0,0,0,0,0,0,0,0,0,0
2025-01-21,Vahr,0,0,0,0,0,0,0,0,0,0,0,0,0,0,0
2025-01-21,Vegesack,0,0,0,0,0,0,0,0,0,0,0,0,0,0,0
2025-01-21,Walle,0,0,0,0,0,0,0,0,0,0,0,0,0,0,0
2025-01-21,Woltmershausen,0,0,0,0,0,0,0,0,0,0,0,0,0,0,0
2025-01-21,Östliche Vorstadt,0,0,0,0,0,0,0,0,0,0,0,0,0,0,0
2025-01-22,Blockland,0,0,0,0,0,0,0,0,0,0,0,0,0,0,0
2025-01-22,Blumenthal,0,0,0,0,0,0,0,0,0,0,0,0,0,0,0
2025-01-22,Borgfeld,0,0,0,0,0,0,0,0,0,0,0,0,0,0,0
2025-01-22,Burglesum,0,0,0,0,0,0,0,0,0,0,0,0,0,0,0
2025-01-22,Findorff,0,0,0,0,0,0,0,0,0,0,0,0,0,0,0
2025-01-22,Gröpelingen,0,0,0,0,0,0,0,0,0,0,0,0,0,0,0
2025-01-22,Hemelingen,0,0,0,0,0,0,0,0,0,0,0,0,0,0,0
2025-01-22,Horn-Lehe,0,0,0,0,0,0,0,0,0,0,0,0,0,0,0
2025-01-22,Huchting,0,0,0,0,0,0,0,0,0,0,0,0,0,0,0
2025-01-22,Häfen,0,0,0,0,0,0,0,0,0,0,0,0,0,0,0
2025-01-22,Mitte,0,0,0,0,0,0,0,0,0,0,0,0,0,0,0
2025-01-22,Neustadt,2,0,0,0,0,0,0,2,0,0,0,0,0,0,0
2025-01-22,Oberneuland,0,0,0,0,0,0,0,0,0,0,0,0,0,0,0
2025-01-22,Obervieland,0,0,0,0,0,0,0,0,0,0,0,0,0,0,0
2025-01-22,Osterholz,0,0,0,0,0,0,0,0,0,0,0,0,0,0,0
2025-01-22,Schwachhausen,0,0,0,0,0,0,0,0,0,0,0,0,0,0,0
2025-01-22,Seehausen,0,0,0,0,0,0,0,0,0,0,0,0,0,0,0
2025-01-22,Strom,0,0,0,0,0,0,0,0,0,0,0,0,0,0,0
2025-01-22,Vahr,0,0,0,0,0,0,0,0,0,0,0,0,0,0,0
2025-01-22,Vegesack,0,0,0,0,0,0,0,0,0,0,0,0,0,0,0
2025-01-22,Walle,0,0,0,0,0,0,0,0,0,0,0,0,0,0,0
2025-01-22,Woltmershausen,0,0,0,0,0,0,0,0,0,0,0,0,0,0,0
2025-01-22,Östliche Vorstadt,0,0,0,0,0,0,0,0,0,0,0,0,0,0,0
2025-01-23,Blockland,0,0,0,0,0,0,0,0,0,0,0,0,0,0,0
2025-01-23,Blumenthal,0,0,0,0,0,0,0,0,0,0,0,0,0,0,0
2025-01-23,Borgfeld,0,0,0,0,0,0,0,0,0,0,0,0,0,0,0
2025-01-23,Burglesum,0,0,0,0,0,0,0,0,0,0,0,0,0,0,0
2025-01-23,Findorff,0,0,0,0,0,0,0,0,0,0,0,0,0,0,0
2025-01-23,Gröpelingen,0,0,0,0,0,0,0,0,0,0,0,0,0,0,0
2025-01-23,Hemelingen,0,0,0,0,0,0,0,0,0,0,0,0,0,0,0
2025-01-23,Horn-Lehe,0,0,0,0,0,0,0,0,0,0,0,0,0,0,0
2025-01-23,Huchting,0,0,0,0,0,0,0,0,0,0,0,0,0,0,0
2025-01-23,Häfen,0,0,0,0,0,0,0,0,0,0,0,0,0,0,0
2025-01-23,Mitte,2,0,1,0,0,0,0,0,1,0,0,0,0,0,0
2025-01-23,Neustadt,0,0,0,0,0,0,0,0,0,0,0,0,0,0,0
2025-01-23,Oberneuland,0,0,0,0,0,0,0,0,0,0,0,0,0,0,0
2025-01-23,Obervieland,0,0,0,0,0,0,0,0,0,0,0,0,0,0,0
2025-01-23,Osterholz,0,0,0,0,0,0,0,0,0,0,0,0,0,0,0
2025-01-23,Schwachhausen,0,0,0,0,0,0,0,0,0,0,0,0,0,0,0
2025-01-23,Seehausen,0,0,0,0,0,0,0,0,0,0,0,0,0,0,0
2025-01-23,Strom,0,0,0,0,0,0,0,0,0,0,0,0,0,0,0
2025-01-23,Vahr,0,0,0,0,0,0,0,0,0,0,0,0,0,0,0
2025-01-23,Vegesack,0,0,0,0,0,0,0,0,0,0,0,0,0,0,0
2025-01-23,Walle,0,0,0,0,0,0,0,0,0,0,0,0,0,0,0
2025-01-23,Woltmershausen,0,0,0,0,0,0,0,0,0,0,0,0,0,0,0
2025-01-23,Östliche Vorstadt,0,0,0,0,0,0,0,0,0,0,0,0,0,0,0
2025-01-24,Blockland,0,0,0,0,0,0,0,0,0,0,0,0,0,0,0
2025-01-24,Blumenthal,0,0,0,0,0,0,0,0,0,0,0,0,0,0,0
2025-01-24,Borgfeld,0,0,0,0,0,0,0,0,0,0,0,0,0,0,0
2025-01-24,Burglesum,0,0,0,0,0,0,0,0,0,0,0,0,0,0,0
2025-01-24,Findorff,0,0,0,0,0,0,0,0,0,0,0,0,0,0,0
2025-01-24,Gröpelingen,1,0,0,1,0,0,0,0,0,0,0,0,0,0,0
2025-01-24,Hemelingen,0,0,0,0,0,0,0,0,0,0,0,0,0,0,0
2025-01-24,Horn-Lehe,0,0,0,0,0,0,0,0,0,0,0,0,0,0,0
2025-01-24,Huchting,0,0,0,0,0,0,0,0,0,0,0,0,0,0,0
2025-01-24,Häfen,0,0,0,0,0,0,0,0,0,0,0,0,0,0,0
2025-01-24,Mitte,0,0,0,0,0,0,0,0,0,0,0,0,0,0,0
2025-01-24,Neustadt,1,0,0,0,0,0,0,0,0,0,0,0,0,0,1
2025-01-24,Oberneuland,0,0,0,0,0,0,0,0,0,0,0,0,0,0,0
2025-01-24,Obervieland,0,0,0,0,0,0,0,0,0,0,0,0,0,0,0
2025-01-24,Osterholz,0,0,0,0,0,0,0,0,0,0,0,0,0,0,0
2025-01-24,Schwachhausen,0,0,0,0,0,0,0,0,0,0,0,0,0,0,0
2025-01-24,Seehausen,0,0,0,0,0,0,0,0,0,0,0,0,0,0,0
2025-01-24,Strom,0,0,0,0,0,0,0,0,0,0,0,0,0,0,0
2025-01-24,Vahr,0,0,0,0,0,0,0,0,0,0,0,0,0,0,0
2025-01-24,Vegesack,0,0,0,0,0,0,0,0,0,0,0,0,0,0,0
2025-01-24,Walle,1,0,0,1,0,0,0,0,0,0,0,0,0,0,0
2025-01-24,Woltmershausen,0,0,0,0,0,0,0,0,0,0,0,0,0,0,0
2025-01-24,Östliche Vorstadt,2,0,0,1,0,0,0,0,0,0,0,0,0,1,0
2025-01-25,Blockland,0,0,0,0,0,0,0,0,0,0,0,0,0,0,0
2025-01-25,Blumenthal,0,0,0,0,0,0,0,0,0,0,0,0,0,0,0
2025-01-25,Borgfeld,0,0,0,0,0,0,0,0,0,0,0,0,0,0,0
2025-01-25,Burglesum,0,0,0,0,0,0,0,0,0,0,0,0,0,0,0
2025-01-25,Findorff,0,0,0,0,0,0,0,0,0,0,0,0,0,0,0
2025-01-25,Gröpelingen,0,0,0,0,0,0,0,0,0,0,0,0,0,0,0
2025-01-25,Hemelingen,0,0,0,0,0,0,0,0,0,0,0,0,0,0,0
2025-01-25,Horn-Lehe,0,0,0,0,0,0,0,0,0,0,0,0,0,0,0
2025-01-25,Huchting,0,0,0,0,0,0,0,0,0,0,0,0,0,0,0
2025-01-25,Häfen,0,0,0,0,0,0,0,0,0,0,0,0,0,0,0
2025-01-25,Mitte,0,0,0,0,0,0,0,0,0,0,0,0,0,0,0
2025-01-25,Neustadt,0,0,0,0,0,0,0,0,0,0,0,0,0,0,0
2025-01-25,Oberneuland,0,0,0,0,0,0,0,0,0,0,0,0,0,0,0
2025-01-25,Obervieland,0,0,0,0,0,0,0,0,0,0,0,0,0,0,0
2025-01-25,Osterholz,0,0,0,0,0,0,0,0,0,0,0,0,0,0,0
2025-01-25,Schwachhausen,0,0,0,0,0,0,0,0,0,0,0,0,0,0,0
2025-01-25,Seehausen,0,0,0,0,0,0,0,0,0,0,0,0,0,0,0
2025-01-25,Strom,0,0,0,0,0,0,0,0,0,0,0,0,0,0,0
2025-01-25,Vahr,0,0,0,0,0,0,0,0,0,0,0,0,0,0,0
2025-01-25,Vegesack,0,0,0,0,0,0,0,0,0,0,0,0,0,0,0
2025-01-25,Walle,0,0,0,0,0,0,0,0,0,0,0,0,0,0,0
2025-01-25,Woltmershausen,0,0,0,0,0,0,0,0,0,0,0,0,0,0,0
2025-01-25,Östliche Vorstadt,0,0,0,0,0,0,0,0,0,0,0,0,0,0,0
2025-01-26,Blockland,0,0,0,0,0,0,0,0,0,0,0,0,0,0,0
2025-01-26,Blumenthal,0,0,0,0,0,0,0,0,0,0,0,0,0,0,0
2025-01-26,Borgfeld,0,0,0,0,0,0,0,0,0,0,0,0,0,0,0
2025-01-26,Burglesum,0,0,0,0,0,0,0,0,0,0,0,0,0,0,0
2025-01-26,Findorff,0,0,0,0,0,0,0,0,0,0,0,0,0,0,0
2025-01-26,Gröpelingen,0,0,0,0,0,0,0,0,0,0,0,0,0,0,0
2025-01-26,Hemelingen,0,0,0,0,0,0,0,0,0,0,0,0,0,0,0
2025-01-26,Horn-Lehe,0,0,0,0,0,0,0,0,0,0,0,0,0,0,0
2025-01-26,Huchting,0,0,0,0,0,0,0,0,0,0,0,0,0,0,0
2025-01-26,Häfen,0,0,0,0,0,0,0,0,0,0,0,0,0,0,0
2025-01-26,Mitte,0,0,0,0,0,0,0,0,0,0,0,0,0,0,0
2025-01-26,Neustadt,0,0,0,0,0,0,0,0,0,0,0,0,0,0,0
2025-01-26,Oberneuland,0,0,0,0,0,0,0,0,0,0,0,0,0,0,0
2025-01-26,Obervieland,0,0,0,0,0,0,0,0,0,0,0,0,0,0,0
2025-01-26,Osterholz,0,0,0,0,0,0,0,0,0,0,0,0,0,0,0
2025-01-26,Schwachhausen,0,0,0,0,0,0,0,0,0,0,0,0,0,0,0
2025-01-26,Seehausen,0,0,0,0,0,0,0,0,0,0,0,0,0,0,0
2025-01-26,Strom,0,0,0,0,0,0,0,0,0,0,0,0,0,0,0
2025-01-26,Vahr,0,0,0,0,0,0,0,0,0,0,0,0,0,0,0
2025-01-26,Vegesack,0,0,0,0,0,0,0,0,0,0,0,0,0,0,0
2025-01-26,Walle,1,0,0,0,0,0,0,0,0,0,0,1,0,0,0
2025-01-26,Woltmershausen,0,0,0,0,0,0,0,0,0,0,0,0,0,0,0
2025-01-26,Östliche Vorstadt,0,0,0,0,0,0,0,0,0,0,0,0,0,0,0
2025-01-27,Blockland,0,0,0,0,0,0,0,0,0,0,0,0,0,0,0
2025-01-27,Blumenthal,0,0,0,0,0,0,0,0,0,0,0,0,0,0,0
2025-01-27,Borgfeld,0,0,0,0,0,0,0,0,0,0,0,0,0,0,0
2025-01-27,Burglesum,0,0,0,0,0,0,0,0,0,0,0,0,0,0,0
2025-01-27,Findorff,0,0,0,0,0,0,0,0,0,0,0,0,0,0,0
2025-01-27,Gröpelingen,0,0,0,0,0,0,0,0,0,0,0,0,0,0,0
2025-01-27,Hemelingen,0,0,0,0,0,0,0,0,0,0,0,0,0,0,0
2025-01-27,Horn-Lehe,0,0,0,0,0,0,0,0,0,0,0,0,0,0,0
2025-01-27,Huchting,0,0,0,0,0,0,0,0,0,0,0,0,0,0,0
2025-01-27,Häfen,0,0,0,0,0,0,0,0,0,0,0,0,0,0,0
2025-01-27,Mitte,0,0,0,0,0,0,0,0,0,0,0,0,0,0,0
2025-01-27,Neustadt,0,0,0,0,0,0,0,0,0,0,0,0,0,0,0
2025-01-27,Oberneuland,0,0,0,0,0,0,0,0,0,0,0,0,0,0,0
2025-01-27,Obervieland,0,0,0,0,0,0,0,0,0,0,0,0,0,0,0
2025-01-27,Osterholz,0,0,0,0,0,0,0,0,0,0,0,0,0,0,0
2025-01-27,Schwachhausen,0,0,0,0,0,0,0,0,0,0,0,0,0,0,0
2025-01-27,Seehausen,0,0,0,0,0,0,0,0,0,0,0,0,0,0,0
2025-01-27,Strom,0,0,0,0,0,0,0,0,0,0,0,0,0,0,0
2025-01-27,Vahr,0,0,0,0,0,0,0,0,0,0,0,0,0,0,0
2025-01-27,Vegesack,0,0,0,0,0,0,0,0,0,0,0,0,0,0,0
2025-01-27,Walle,0,0,0,0,0,0,0,0,0,0,0,0,0,0,0
2025-01-27,Woltmershausen,0,0,0,0,0,0,0,0,0,0,0,0,0,0,0
2025-01-27,Östliche Vorstadt,0,0,0,0,0,0,0,0,0,0,0,0,0,0,0
2025-01-28,Blockland,0,0,0,0,0,0,0,0,0,0,0,0,0,0,0
2025-01-28,Blumenthal,0,0,0,0,0,0,0,0,0,0,0,0,0,0,0
2025-01-28,Borgfeld,0,0,0,0,0,0,0,0,0,0,0,0,0,0,0
2025-01-28,Burglesum,0,0,0,0,0,0,0,0,0,0,0,0,0,0,0
2025-01-28,Findorff,0,0,0,0,0,0,0,0,0,0,0,0,0,0,0
2025-01-28,Gröpelingen,0,0,0,0,0,0,0,0,0,0,0,0,0,0,0
2025-01-28,Hemelingen,0,0,0,0,0,0,0,0,0,0,0,0,0,0,0
2025-01-28,Horn-Lehe,0,0,0,0,0,0,0,0,0,0,0,0,0,0,0
2025-01-28,Huchting,0,0,0,0,0,0,0,0,0,0,0,0,0,0,0
2025-01-28,Häfen,0,0,0,0,0,0,0,0,0,0,0,0,0,0,0
2025-01-28,Mitte,1,0,0,0,0,1,0,0,0,0,0,0,0,0,0
2025-01-28,Neustadt,0,0,0,0,0,0,0,0,0,0,0,0,0,0,0
2025-01-28,Oberneuland,0,0,0,0,0,0,0,0,0,0,0,0,0,0,0
2025-01-28,Obervieland,0,0,0,0,0,0,0,0,0,0,0,0,0,0,0
2025-01-28,Osterholz,0,0,0,0,0,0,0,0,0,0,0,0,0,0,0
2025-01-28,Schwachhausen,0,0,0,0,0,0,0,0,0,0,0,0,0,0,0
2025-01-28,Seehausen,0,0,0,0,0,0,0,0,0,0,0,0,0,0,0
2025-01-28,Strom,0,0,0,0,0,0,0,0,0,0,0,0,0,0,0
2025-01-28,Vahr,0,0,0,0,0,0,0,0,0,0,0,0,0,0,0
2025-01-28,Vegesack,0,0,0,0,0,0,0,0,0,0,0,0,0,0,0
2025-01-28,Walle,0,0,0,0,0,0,0,0,0,0,0,0,0,0,0
2025-01-28,Woltmershausen,0,0,0,0,0,0,0,0,0,0,0,0,0,0,0
2025-01-28,Östliche Vorstadt,0,0,0,0,0,0,0,0,0,0,0,0,0,0,0
2025-01-29,Blockland,0,0,0,0,0,0,0,0,0,0,0,0,0,0,0
2025-01-29,Blumenthal,0,0,0,0,0,0,0,0,0,0,0,0,0,0,0
2025-01-29,Borgfeld,0,0,0,0,0,0,0,0,0,0,0,0,0,0,0
2025-01-29,Burglesum,0,0,0,0,0,0,0,0,0,0,0,0,0,0,0
2025-01-29,Findorff,0,0,0,0,0,0,0,0,0,0,0,0,0,0,0
2025-01-29,Gröpelingen,0,0,0,0,0,0,0,0,0,0,0,0,0,0,0
2025-01-29,Hemelingen,0,0,0,0,0,0,0,0,0,0,0,0,0,0,0
2025-01-29,Horn-Lehe,0,0,0,0,0,0,0,0,0,0,0,0,0,0,0
2025-01-29,Huchting,0,0,0,0,0,0,0,0,0,0,0,0,0,0,0
2025-01-29,Häfen,0,0,0,0,0,0,0,0,0,0,0,0,0,0,0
2025-01-29,Mitte,2,0,0,0,0,0,0,1,0,1,0,0,0,0,0
2025-01-29,Neustadt,0,0,0,0,0,0,0,0,0,0,0,0,0,0,0
2025-01-29,Oberneuland,0,0,0,0,0,0,0,0,0,0,0,0,0,0,0
2025-01-29,Obervieland,1,0,1,0,0,0,0,0,0,0,0,0,0,0,0
2025-01-29,Osterholz,0,0,0,0,0,0,0,0,0,0,0,0,0,0,0
2025-01-29,Schwachhausen,0,0,0,0,0,0,0,0,0,0,0,0,0,0,0
2025-01-29,Seehausen,0,0,0,0,0,0,0,0,0,0,0,0,0,0,0
2025-01-29,Strom,0,0,0,0,0,0,0,0,0,0,0,0,0,0,0
2025-01-29,Vahr,0,0,0,0,0,0,0,0,0,0,0,0,0,0,0
2025-01-29,Vegesack,0,0,0,0,0,0,0,0,0,0,0,0,0,0,0
2025-01-29,Walle,0,0,0,0,0,0,0,0,0,0,0,0,0,0,0
2025-01-29,Woltmershausen,0,0,0,0,0,0,0,0,0,0,0,0,0,0,0
2025-01-29,Östliche Vorstadt,0,0,0,0,0,0,0,0,0,0,0,0,0,0,0
2025-01-30,Blockland,0,0,0,0,0,0,0,0,0,0,0,0,0,0,0
2025-01-30,Blumenthal,0,0,0,0,0,0,0,0,0,0,0,0,0,0,0
2025-01-30,Borgfeld,0,0,0,0,0,0,0,0,0,0,0,0,0,0,0
2025-01-30,Burglesum,0,0,0,0,0,0,0,0,0,0,0,0,0,0,0
2025-01-30,Findorff,0,0,0,0,0,0,0,0,0,0,0,0,0,0,0
2025-01-30,Gröpelingen,0,0,0,0,0,0,0,0,0,0,0,0,0,0,0
2025-01-30,Hemelingen,2,0,0,0,0,0,0,1,0,0,0,1,0,0,0
2025-01-30,Horn-Lehe,1,0,0,0,0,0,0,0,0,0,0,0,0,1,0
2025-01-30,Huchting,0,0,0,0,0,0,0,0,0,0,0,0,0,0,0
2025-01-30,Häfen,0,0,0,0,0,0,0,0,0,0,0,0,0,0,0
2025-01-30,Mitte,0,0,0,0,0,0,0,0,0,0,0,0,0,0,0
2025-01-30,Neustadt,0,0,0,0,0,0,0,0,0,0,0,0,0,0,0
2025-01-30,Oberneuland,0,0,0,0,0,0,0,0,0,0,0,0,0,0,0
2025-01-30,Obervieland,0,0,0,0,0,0,0,0,0,0,0,0,0,0,0
2025-01-30,Osterholz,0,0,0,0,0,0,0,0,0,0,0,0,0,0,0
2025-01-30,Schwachhausen,0,0,0,0,0,0,0,0,0,0,0,0,0,0,0
2025-01-30,Seehausen,0,0,0,0,0,0,0,0,0,0,0,0,0,0,0
2025-01-30,Strom,0,0,0,0,0,0,0,0,0,0,0,0,0,0,0
2025-01-30,Vahr,0,0,0,0,0,0,0,0,0,0,0,0,0,0,0
2025-01-30,Vegesack,0,0,0,0,0,0,0,0,0,0,0,0,0,0,0
2025-01-30,Walle,0,0,0,0,0,0,0,0,0,0,0,0,0,0,0
2025-01-30,Woltmershausen,0,0,0,0,0,0,0,0,0,0,0,0,0,0,0
2025-01-30,Östliche Vorstadt,0,0,0,0,0,0,0,0,0,0,0,0,0,0,0
2025-01-31,Blockland,0,0,0,0,0,0,0,0,0,0,0,0,0,0,0
2025-01-31,Blumenthal,0,0,0,0,0,0,0,0,0,0,0,0,0,0,0
2025-01-31,Borgfeld,0,0,0,0,0,0,0,0,0,0,0,0,0,0,0
2025-01-31,Burglesum,0,0,0,0,0,0,0,0,0,0,0,0,0,0,0
2025-01-31,Findorff,0,0,0,0,0,0,0,0,0,0,0,0,0,0,0
2025-01-31,Gröpelingen,1,0,0,0,0,0,0,1,0,0,0,0,0,0,0
2025-01-31,Hemelingen,0,0,0,0,0,0,0,0,0,0,0,0,0,0,0
2025-01-31,Horn-Lehe,0,0,0,0,0,0,0,0,0,0,0,0,0,0,0
2025-01-31,Huchting,0,0,0,0,0,0,0,0,0,0,0,0,0,0,0
2025-01-31,Häfen,0,0,0,0,0,0,0,0,0,0,0,0,0,0,0
2025-01-31,Mitte,0,0,0,0,0,0,0,0,0,0,0,0,0,0,0
2025-01-31,Neustadt,0,0,0,0,0,0,0,0,0,0,0,0,0,0,0
2025-01-31,Oberneuland,0,0,0,0,0,0,0,0,0,0,0,0,0,0,0
2025-01-31,Obervieland,0,0,0,0,0,0,0,0,0,0,0,0,0,0,0
2025-01-31,Osterholz,1,0,0,0,0,0,0,0,1,0,0,0,0,0,0
2025-01-31,Schwachhausen,0,0,0,0,0,0,0,0,0,0,0,0,0,0,0
2025-01-31,Seehausen,0,0,0,0,0,0,0,0,0,0,0,0,0,0,0
2025-01-31,Strom,0,0,0,0,0,0,0,0,0,0,0,0,0,0,0
2025-01-31,Vahr,0,0,0,0,0,0,0,0,0,0,0,0,0,0,0
2025-01-31,Vegesack,0,0,0,0,0,0,0,0,0,0,0,0,0,0,0
2025-01-31,Walle,0,0,0,0,0,0,0,0,0,0,0,0,0,0,0
2025-01-31,Woltmershausen,0,0,0,0,0,0,0,0,0,0,0,0,0,0,0
2025-01-31,Östliche Vorstadt,0,0,0,0,0,0,0,0,0,0,0,0,0,0,0
2025-02-01,Blockland,0,0,0,0,0,0,0,0,0,0,0,0,0,0,0
2025-02-01,Blumenthal,0,0,0,0,0,0,0,0,0,0,0,0,0,0,0
2025-02-01,Borgfeld,0,0,0,0,0,0,0,0,0,0,0,0,0,0,0
2025-02-01,Burglesum,0,0,0,0,0,0,0,0,0,0,0,0,0,0,0
2025-02-01,Findorff,0,0,0,0,0,0,0,0,0,0,0,0,0,0,0
2025-02-01,Gröpelingen,0,0,0,0,0,0,0,0,0,0,0,0,0,0,0
2025-02-01,Hemelingen,0,0,0,0,0,0,0,0,0,0,0,0,0,0,0
2025-02-01,Horn-Lehe,1,0,0,0,0,0,0,0,0,0,0,1,0,0,0
2025-02-01,Huchting,1,0,0,0,0,0,0,0,0,0,0,1,0,0,0
2025-02-01,Häfen,0,0,0,0,0,0,0,0,0,0,0,0,0,0,0
2025-02-01,Mitte,0,0,0,0,0,0,0,0,0,0,0,0,0,0,0
2025-02-01,Neustadt,0,0,0,0,0,0,0,0,0,0,0,0,0,0,0
2025-02-01,Oberneuland,0,0,0,0,0,0,0,0,0,0,0,0,0,0,0
2025-02-01,Obervieland,0,0,0,0,0,0,0,0,0,0,0,0,0,0,0
2025-02-01,Osterholz,0,0,0,0,0,0,0,0,0,0,0,0,0,0,0
2025-02-01,Schwachhausen,0,0,0,0,0,0,0,0,0,0,0,0,0,0,0
2025-02-01,Seehausen,0,0,0,0,0,0,0,0,0,0,0,0,0,0,0
2025-02-01,Strom,0,0,0,0,0,0,0,0,0,0,0,0,0,0,0
2025-02-01,Vahr,0,0,0,0,0,0,0,0,0,0,0,0,0,0,0
2025-02-01,Vegesack,0,0,0,0,0,0,0,0,0,0,0,0,0,0,0
2025-02-01,Walle,0,0,0,0,0,0,0,0,0,0,0,0,0,0,0
2025-02-01,Woltmershausen,0,0,0,0,0,0,0,0,0,0,0,0,0,0,0
2025-02-01,Östliche Vorstadt,0,0,0,0,0,0,0,0,0,0,0,0,0,0,0
2025-02-02,Blockland,0,0,0,0,0,0,0,0,0,0,0,0,0,0,0
2025-02-02,Blumenthal,0,0,0,0,0,0,0,0,0,0,0,0,0,0,0
2025-02-02,Borgfeld,0,0,0,0,0,0,0,0,0,0,0,0,0,0,0
2025-02-02,Burglesum,0,0,0,0,0,0,0,0,0,0,0,0,0,0,0
2025-02-02,Findorff,0,0,0,0,0,0,0,0,0,0,0,0,0,0,0
2025-02-02,Gröpelingen,0,0,0,0,0,0,0,0,0,0,0,0,0,0,0
2025-02-02,Hemelingen,0,0,0,0,0,0,0,0,0,0,0,0,0,0,0
2025-02-02,Horn-Lehe,0,0,0,0,0,0,0,0,0,0,0,0,0,0,0
2025-02-02,Huchting,0,0,0,0,0,0,0,0,0,0,0,0,0,0,0
2025-02-02,Häfen,0,0,0,0,0,0,0,0,0,0,0,0,0,0,0
2025-02-02,Mitte,0,0,0,0,0,0,0,0,0,0,0,0,0,0,0
2025-02-02,Neustadt,0,0,0,0,0,0,0,0,0,0,0,0,0,0,0
2025-02-02,Oberneuland,0,0,0,0,0,0,0,0,0,0,0,0,0,0,0
2025-02-02,Obervieland,0,0,0,0,0,0,0,0,0,0,0,0,0,0,0
2025-02-02,Osterholz,0,0,0,0,0,0,0,0,0,0,0,0,0,0,0
2025-02-02,Schwachhausen,0,0,0,0,0,0,0,0,0,0,0,0,0,0,0
2025-02-02,Seehausen,0,0,0,0,0,0,0,0,0,0,0,0,0,0,0
2025-02-02,Strom,0,0,0,0,0,0,0,0,0,0,0,0,0,0,0
2025-02-02,Vahr,0,0,0,0,0,0,0,0,0,0,0,0,0,0,0
2025-02-02,Vegesack,1,0,0,0,0,0,0,0,1,0,0,0,0,0,0
2025-02-02,Walle,0,0,0,0,0,0,0,0,0,0,0,0,0,0,0
2025-02-02,Woltmershausen,0,0,0,0,0,0,0,0,0,0,0,0,0,0,0
2025-02-02,Östliche Vorstadt,0,0,0,0,0,0,0,0,0,0,0,0,0,0,0
2025-02-03,Blockland,0,0,0,0,0,0,0,0,0,0,0,0,0,0,0
2025-02-03,Blumenthal,0,0,0,0,0,0,0,0,0,0,0,0,0,0,0
2025-02-03,Borgfeld,0,0,0,0,0,0,0,0,0,0,0,0,0,0,0
2025-02-03,Burglesum,0,0,0,0,0,0,0,0,0,0,0,0,0,0,0
2025-02-03,Findorff,0,0,0,0,0,0,0,0,0,0,0,0,0,0,0
2025-02-03,Gröpelingen,0,0,0,0,0,0,0,0,0,0,0,0,0,0,0
2025-02-03,Hemelingen,0,0,0,0,0,0,0,0,0,0,0,0,0,0,0
2025-02-03,Horn-Lehe,0,0,0,0,0,0,0,0,0,0,0,0,0,0,0
2025-02-03,Huchting,0,0,0,0,0,0,0,0,0,0,0,0,0,0,0
2025-02-03,Häfen,0,0,0,0,0,0,0,0,0,0,0,0,0,0,0
2025-02-03,Mitte,0,0,0,0,0,0,0,0,0,0,0,0,0,0,0
2025-02-03,Neustadt,0,0,0,0,0,0,0,0,0,0,0,0,0,0,0
2025-02-03,Oberneuland,0,0,0,0,0,0,0,0,0,0,0,0,0,0,0
2025-02-03,Obervieland,0,0,0,0,0,0,0,0,0,0,0,0,0,0,0
2025-02-03,Osterholz,0,0,0,0,0,0,0,0,0,0,0,0,0,0,0
2025-02-03,Schwachhausen,0,0,0,0,0,0,0,0,0,0,0,0,0,0,0
2025-02-03,Seehausen,0,0,0,0,0,0,0,0,0,0,0,0,0,0,0
2025-02-03,Strom,0,0,0,0,0,0,0,0,0,0,0,0,0,0,0
2025-02-03,Vahr,0,0,0,0,0,0,0,0,0,0,0,0,0,0,0
2025-02-03,Vegesack,0,0,0,0,0,0,0,0,0,0,0,0,0,0,0
2025-02-03,Walle,0,0,0,0,0,0,0,0,0,0,0,0,0,0,0
2025-02-03,Woltmershausen,0,0,0,0,0,0,0,0,0,0,0,0,0,0,0
2025-02-03,Östliche Vorstadt,0,0,0,0,0,0,0,0,0,0,0,0,0,0,0
2025-02-04,Blockland,0,0,0,0,0,0,0,0,0,0,0,0,0,0,0
2025-02-04,Blumenthal,0,0,0,0,0,0,0,0,0,0,0,0,0,0,0
2025-02-04,Borgfeld,0,0,0,0,0,0,0,0,0,0,0,0,0,0,0
2025-02-04,Burglesum,0,0,0,0,0,0,0,0,0,0,0,0,0,0,0
2025-02-04,Findorff,0,0,0,0,0,0,0,0,0,0,0,0,0,0,0
2025-02-04,Gröpelingen,0,0,0,0,0,0,0,0,0,0,0,0,0,0,0
2025-02-04,Hemelingen,0,0,0,0,0,0,0,0,0,0,0,0,0,0,0
2025-02-04,Horn-Lehe,0,0,0,0,0,0,0,0,0,0,0,0,0,0,0
2025-02-04,Huchting,0,0,0,0,0,0,0,0,0,0,0,0,0,0,0
2025-02-04,Häfen,0,0,0,0,0,0,0,0,0,0,0,0,0,0,0
2025-02-04,Mitte,0,0,0,0,0,0,0,0,0,0,0,0,0,0,0
2025-02-04,Neustadt,0,0,0,0,0,0,0,0,0,0,0,0,0,0,0
2025-02-04,Oberneuland,0,0,0,0,0,0,0,0,0,0,0,0,0,0,0
2025-02-04,Obervieland,0,0,0,0,0,0,0,0,0,0,0,0,0,0,0
2025-02-04,Osterholz,0,0,0,0,0,0,0,0,0,0,0,0,0,0,0
2025-02-04,Schwachhausen,0,0,0,0,0,0,0,0,0,0,0,0,0,0,0
2025-02-04,Seehausen,0,0,0,0,0,0,0,0,0,0,0,0,0,0,0
2025-02-04,Strom,0,0,0,0,0,0,0,0,0,0,0,0,0,0,0
2025-02-04,Vahr,0,0,0,0,0,0,0,0,0,0,0,0,0,0,0
2025-02-04,Vegesack,0,0,0,0,0,0,0,0,0,0,0,0,0,0,0
2025-02-04,Walle,0,0,0,0,0,0,0,0,0,0,0,0,0,0,0
2025-02-04,Woltmershausen,0,0,0,0,0,0,0,0,0,0,0,0,0,0,0
2025-02-04,Östliche Vorstadt,0,0,0,0,0,0,0,0,0,0,0,0,0,0,0
2025-02-05,Blockland,0,0,0,0,0,0,0,0,0,0,0,0,0,0,0
2025-02-05,Blumenthal,0,0,0,0,0,0,0,0,0,0,0,0,0,0,0
2025-02-05,Borgfeld,0,0,0,0,0,0,0,0,0,0,0,0,0,0,0
2025-02-05,Burglesum,0,0,0,0,0,0,0,0,0,0,0,0,0,0,0
2025-02-05,Findorff,0,0,0,0,0,0,0,0,0,0,0,0,0,0,0
2025-02-05,Gröpelingen,0,0,0,0,0,0,0,0,0,0,0,0,0,0,0
2025-02-05,Hemelingen,0,0,0,0,0,0,0,0,0,0,0,0,0,0,0
2025-02-05,Horn-Lehe,0,0,0,0,0,0,0,0,0,0,0,0,0,0,0
2025-02-05,Huchting,0,0,0,0,0,0,0,0,0,0,0,0,0,0,0
2025-02-05,Häfen,0,0,0,0,0,0,0,0,0,0,0,0,0,0,0
2025-02-05,Mitte,0,0,0,0,0,0,0,0,0,0,0,0,0,0,0
2025-02-05,Neustadt,0,0,0,0,0,0,0,0,0,0,0,0,0,0,0
2025-02-05,Oberneuland,0,0,0,0,0,0,0,0,0,0,0,0,0,0,0
2025-02-05,Obervieland,0,0,0,0,0,0,0,0,0,0,0,0,0,0,0
2025-02-05,Osterholz,0,0,0,0,0,0,0,0,0,0,0,0,0,0,0
2025-02-05,Schwachhausen,0,0,0,0,0,0,0,0,0,0,0,0,0,0,0
2025-02-05,Seehausen,0,0,0,0,0,0,0,0,0,0,0,0,0,0,0
2025-02-05,Strom,0,0,0,0,0,0,0,0,0,0,0,0,0,0,0
2025-02-05,Vahr,0,0,0,0,0,0,0,0,0,0,0,0,0,0,0
2025-02-05,Vegesack,0,0,0,0,0,0,0,0,0,0,0,0,0,0,0
2025-02-05,Walle,0,0,0,0,0,0,0,0,0,0,0,0,0,0,0
2025-02-05,Woltmershausen,0,0,0,0,0,0,0,0,0,0,0,0,0,0,0
2025-02-05,Östliche Vorstadt,0,0,0,0,0,0,0,0,0,0,0,0,0,0,0
2025-02-06,Blockland,0,0,0,0,0,0,0,0,0,0,0,0,0,0,0
2025-02-06,Blumenthal,0,0,0,0,0,0,0,0,0,0,0,0,0,0,0
2025-02-06,Borgfeld,0,0,0,0,0,0,0,0,0,0,0,0,0,0,0
2025-02-06,Burglesum,0,0,0,0,0,0,0,0,0,0,0,0,0,0,0
2025-02-06,Findorff,0,0,0,0,0,0,0,0,0,0,0,0,0,0,0
2025-02-06,Gröpelingen,0,0,0,0,0,0,0,0,0,0,0,0,0,0,0
2025-02-06,Hemelingen,0,0,0,0,0,0,0,0,0,0,0,0,0,0,0
2025-02-06,Horn-Lehe,0,0,0,0,0,0,0,0,0,0,0,0,0,0,0
2025-02-06,Huchting,0,0,0,0,0,0,0,0,0,0,0,0,0,0,0
2025-02-06,Häfen,0,0,0,0,0,0,0,0,0,0,0,0,0,0,0
2025-02-06,Mitte,0,0,0,0,0,0,0,0,0,0,0,0,0,0,0
2025-02-06,Neustadt,0,0,0,0,0,0,0,0,0,0,0,0,0,0,0
2025-02-06,Oberneuland,0,0,0,0,0,0,0,0,0,0,0,0,0,0,0
2025-02-06,Obervieland,0,0,0,0,0,0,0,0,0,0,0,0,0,0,0
2025-02-06,Osterholz,0,0,0,0,0,0,0,0,0,0,0,0,0,0,0
2025-02-06,Schwachhausen,0,0,0,0,0,0,0,0,0,0,0,0,0,0,0
2025-02-06,Seehausen,0,0,0,0,0,0,0,0,0,0,0,0,0,0,0
2025-02-06,Strom,0,0,0,0,0,0,0,0,0,0,0,0,0,0,0
2025-02-06,Vahr,0,0,0,0,0,0,0,0,0,0,0,0,0,0,0
2025-02-06,Vegesack,0,0,0,0,0,0,0,0,0,0,0,0,0,0,0
2025-02-06,Walle,0,0,0,0,0,0,0,0,0,0,0,0,0,0,0
2025-02-06,Woltmershausen,0,0,0,0,0,0,0,0,0,0,0,0,0,0,0
2025-02-06,Östliche Vorstadt,0,0,0,0,0,0,0,0,0,0,0,0,0,0,0
2025-02-07,Blockland,0,0,0,0,0,0,0,0,0,0,0,0,0,0,0
2025-02-07,Blumenthal,0,0,0,0,0,0,0,0,0,0,0,0,0,0,0
2025-02-07,Borgfeld,0,0,0,0,0,0,0,0,0,0,0,0,0,0,0
2025-02-07,Burglesum,0,0,0,0,0,0,0,0,0,0,0,0,0,0,0
2025-02-07,Findorff,0,0,0,0,0,0,0,0,0,0,0,0,0,0,0
2025-02-07,Gröpelingen,0,0,0,0,0,0,0,0,0,0,0,0,0,0,0
2025-02-07,Hemelingen,0,0,0,0,0,0,0,0,0,0,0,0,0,0,0
2025-02-07,Horn-Lehe,0,0,0,0,0,0,0,0,0,0,0,0,0,0,0
2025-02-07,Huchting,0,0,0,0,0,0,0,0,0,0,0,0,0,0,0
2025-02-07,Häfen,0,0,0,0,0,0,0,0,0,0,0,0,0,0,0
2025-02-07,Mitte,0,0,0,0,0,0,0,0,0,0,0,0,0,0,0
2025-02-07,Neustadt,0,0,0,0,0,0,0,0,0,0,0,0,0,0,0
2025-02-07,Oberneuland,0,0,0,0,0,0,0,0,0,0,0,0,0,0,0
2025-02-07,Obervieland,0,0,0,0,0,0,0,0,0,0,0,0,0,0,0
2025-02-07,Osterholz,0,0,0,0,0,0,0,0,0,0,0,0,0,0,0
2025-02-07,Schwachhausen,0,0,0,0,0,0,0,0,0,0,0,0,0,0,0
2025-02-07,Seehausen,0,0,0,0,0,0,0,0,0,0,0,0,0,0,0
2025-02-07,Strom,0,0,0,0,0,0,0,0,0,0,0,0,0,0,0
2025-02-07,Vahr,0,0,0,0,0,0,0,0,0,0,0,0,0,0,0
2025-02-07,Vegesack,0,0,0,0,0,0,0,0,0,0,0,0,0,0,0
2025-02-07,Walle,0,0,0,0,0,0,0,0,0,0,0,0,0,0,0
2025-02-07,Woltmershausen,0,0,0,0,0,0,0,0,0,0,0,0,0,0,0
2025-02-07,Östliche Vorstadt,0,0,0,0,0,0,0,0,0,0,0,0,0,0,0
2025-02-08,Blockland,0,0,0,0,0,0,0,0,0,0,0,0,0,0,0
2025-02-08,Blumenthal,0,0,0,0,0,0,0,0,0,0,0,0,0,0,0
2025-02-08,Borgfeld,0,0,0,0,0,0,0,0,0,0,0,0,0,0,0
2025-02-08,Burglesum,0,0,0,0,0,0,0,0,0,0,0,0,0,0,0
2025-02-08,Findorff,0,0,0,0,0,0,0,0,0,0,0,0,0,0,0
2025-02-08,Gröpelingen,0,0,0,0,0,0,0,0,0,0,0,0,0,0,0
2025-02-08,Hemelingen,0,0,0,0,0,0,0,0,0,0,0,0,0,0,0
2025-02-08,Horn-Lehe,0,0,0,0,0,0,0,0,0,0,0,0,0,0,0
2025-02-08,Huchting,0,0,0,0,0,0,0,0,0,0,0,0,0,0,0
2025-02-08,Häfen,0,0,0,0,0,0,0,0,0,0,0,0,0,0,0
2025-02-08,Mitte,0,0,0,0,0,0,0,0,0,0,0,0,0,0,0
2025-02-08,Neustadt,0,0,0,0,0,0,0,0,0,0,0,0,0,0,0
2025-02-08,Oberneuland,0,0,0,0,0,0,0,0,0,0,0,0,0,0,0
2025-02-08,Obervieland,0,0,0,0,0,0,0,0,0,0,0,0,0,0,0
2025-02-08,Osterholz,0,0,0,0,0,0,0,0,0,0,0,0,0,0,0
2025-02-08,Schwachhausen,0,0,0,0,0,0,0,0,0,0,0,0,0,0,0
2025-02-08,Seehausen,0,0,0,0,0,0,0,0,0,0,0,0,0,0,0
2025-02-08,Strom,0,0,0,0,0,0,0,0,0,0,0,0,0,0,0
2025-02-08,Vahr,0,0,0,0,0,0,0,0,0,0,0,0,0,0,0
2025-02-08,Vegesack,0,0,0,0,0,0,0,0,0,0,0,0,0,0,0
2025-02-08,Walle,0,0,0,0,0,0,0,0,0,0,0,0,0,0,0
2025-02-08,Woltmershausen,0,0,0,0,0,0,0,0,0,0,0,0,0,0,0
2025-02-08,Östliche Vorstadt,0,0,0,0,0,0,0,0,0,0,0,0,0,0,0
2025-02-09,Blockland,0,0,0,0,0,0,0,0,0,0,0,0,0,0,0
2025-02-09,Blumenthal,0,0,0,0,0,0,0,0,0,0,0,0,0,0,0
2025-02-09,Borgfeld,0,0,0,0,0,0,0,0,0,0,0,0,0,0,0
2025-02-09,Burglesum,0,0,0,0,0,0,0,0,0,0,0,0,0,0,0
2025-02-09,Findorff,0,0,0,0,0,0,0,0,0,0,0,0,0,0,0
2025-02-09,Gröpelingen,0,0,0,0,0,0,0,0,0,0,0,0,0,0,0
2025-02-09,Hemelingen,0,0,0,0,0,0,0,0,0,0,0,0,0,0,0
2025-02-09,Horn-Lehe,0,0,0,0,0,0,0,0,0,0,0,0,0,0,0
2025-02-09,Huchting,0,0,0,0,0,0,0,0,0,0,0,0,0,0,0
2025-02-09,Häfen,0,0,0,0,0,0,0,0,0,0,0,0,0,0,0
2025-02-09,Mitte,0,0,0,0,0,0,0,0,0,0,0,0,0,0,0
2025-02-09,Neustadt,0,0,0,0,0,0,0,0,0,0,0,0,0,0,0
2025-02-09,Oberneuland,0,0,0,0,0,0,0,0,0,0,0,0,0,0,0
2025-02-09,Obervieland,0,0,0,0,0,0,0,0,0,0,0,0,0,0,0
2025-02-09,Osterholz,0,0,0,0,0,0,0,0,0,0,0,0,0,0,0
2025-02-09,Schwachhausen,0,0,0,0,0,0,0,0,0,0,0,0,0,0,0
2025-02-09,Seehausen,0,0,0,0,0,0,0,0,0,0,0,0,0,0,0
2025-02-09,Strom,0,0,0,0,0,0,0,0,0,0,0,0,0,0,0
2025-02-09,Vahr,0,0,0,0,0,0,0,0,0,0,0,0,0,0,0
2025-02-09,Vegesack,0,0,0,0,0,0,0,0,0,0,0,0,0,0,0
2025-02-09,Walle,0,0,0,0,0,0,0,0,0,0,0,0,0,0,0
2025-02-09,Woltmershausen,0,0,0,0,0,0,0,0,0,0,0,0,0,0,0
2025-02-09,Östliche Vorstadt,0,0,0,0,0,0,0,0,0,0,0,0,0,0,0
2025-02-10,Blockland,0,0,0,0,0,0,0,0,0,0,0,0,0,0,0
2025-02-10,Blumenthal,0,0,0,0,0,0,0,0,0,0,0,0,0,0,0
2025-02-10,Borgfeld,0,0,0,0,0,0,0,0,0,0,0,0,0,0,0
2025-02-10,Burglesum,0,0,0,0,0,0,0,0,0,0,0,0,0,0,0
2025-02-10,Findorff,0,0,0,0,0,0,0,0,0,0,0,0,0,0,0
2025-02-10,Gröpelingen,0,0,0,0,0,0,0,0,0,0,0,0,0,0,0
2025-02-10,Hemelingen,0,0,0,0,0,0,0,0,0,0,0,0,0,0,0
2025-02-10,Horn-Lehe,0,0,0,0,0,0,0,0,0,0,0,0,0,0,0
2025-02-10,Huchting,0,0,0,0,0,0,0,0,0,0,0,0,0,0,0
2025-02-10,Häfen,0,0,0,0,0,0,0,0,0,0,0,0,0,0,0
2025-02-10,Mitte,0,0,0,0,0,0,0,0,0,0,0,0,0,0,0
2025-02-10,Neustadt,0,0,0,0,0,0,0,0,0,0,0,0,0,0,0
2025-02-10,Oberneuland,0,0,0,0,0,0,0,0,0,0,0,0,0,0,0
2025-02-10,Obervieland,0,0,0,0,0,0,0,0,0,0,0,0,0,0,0
2025-02-10,Osterholz,0,0,0,0,0,0,0,0,0,0,0,0,0,0,0
2025-02-10,Schwachhausen,0,0,0,0,0,0,0,0,0,0,0,0,0,0,0
2025-02-10,Seehausen,0,0,0,0,0,0,0,0,0,0,0,0,0,0,0
2025-02-10,Strom,0,0,0,0,0,0,0,0,0,0,0,0,0,0,0
2025-02-10,Vahr,0,0,0,0,0,0,0,0,0,0,0,0,0,0,0
2025-02-10,Vegesack,0,0,0,0,0,0,0,0,0,0,0,0,0,0,0
2025-02-10,Walle,0,0,0,0,0,0,0,0,0,0,0,0,0,0,0
2025-02-10,Woltmershausen,0,0,0,0,0,0,0,0,0,0,0,0,0,0,0
2025-02-10,Östliche Vorstadt,0,0,0,0,0,0,0,0,0,0,0,0,0,0,0
2025-02-11,Blockland,0,0,0,0,0,0,0,0,0,0,0,0,0,0,0
2025-02-11,Blumenthal,0,0,0,0,0,0,0,0,0,0,0,0,0,0,0
2025-02-11,Borgfeld,0,0,0,0,0,0,0,0,0,0,0,0,0,0,0
2025-02-11,Burglesum,0,0,0,0,0,0,0,0,0,0,0,0,0,0,0
2025-02-11,Findorff,0,0,0,0,0,0,0,0,0,0,0,0,0,0,0
2025-02-11,Gröpelingen,0,0,0,0,0,0,0,0,0,0,0,0,0,0,0
2025-02-11,Hemelingen,0,0,0,0,0,0,0,0,0,0,0,0,0,0,0
2025-02-11,Horn-Lehe,0,0,0,0,0,0,0,0,0,0,0,0,0,0,0
2025-02-11,Huchting,0,0,0,0,0,0,0,0,0,0,0,0,0,0,0
2025-02-11,Häfen,0,0,0,0,0,0,0,0,0,0,0,0,0,0,0
2025-02-11,Mitte,0,0,0,0,0,0,0,0,0,0,0,0,0,0,0
2025-02-11,Neustadt,0,0,0,0,0,0,0,0,0,0,0,0,0,0,0
2025-02-11,Oberneuland,0,0,0,0,0,0,0,0,0,0,0,0,0,0,0
2025-02-11,Obervieland,0,0,0,0,0,0,0,0,0,0,0,0,0,0,0
2025-02-11,Osterholz,0,0,0,0,0,0,0,0,0,0,0,0,0,0,0
2025-02-11,Schwachhausen,0,0,0,0,0,0,0,0,0,0,0,0,0,0,0
2025-02-11,Seehausen,0,0,0,0,0,0,0,0,0,0,0,0,0,0,0
2025-02-11,Strom,0,0,0,0,0,0,0,0,0,0,0,0,0,0,0
2025-02-11,Vahr,0,0,0,0,0,0,0,0,0,0,0,0,0,0,0
2025-02-11,Vegesack,0,0,0,0,0,0,0,0,0,0,0,0,0,0,0
2025-02-11,Walle,0,0,0,0,0,0,0,0,0,0,0,0,0,0,0
2025-02-11,Woltmershausen,0,0,0,0,0,0,0,0,0,0,0,0,0,0,0
2025-02-11,Östliche Vorstadt,0,0,0,0,0,0,0,0,0,0,0,0,0,0,0
2025-02-12,Blockland,0,0,0,0,0,0,0,0,0,0,0,0,0,0,0
2025-02-12,Blumenthal,0,0,0,0,0,0,0,0,0,0,0,0,0,0,0
2025-02-12,Borgfeld,0,0,0,0,0,0,0,0,0,0,0,0,0,0,0
2025-02-12,Burglesum,0,0,0,0,0,0,0,0,0,0,0,0,0,0,0
2025-02-12,Findorff,0,0,0,0,0,0,0,0,0,0,0,0,0,0,0
2025-02-12,Gröpelingen,0,0,0,0,0,0,0,0,0,0,0,0,0,0,0
2025-02-12,Hemelingen,0,0,0,0,0,0,0,0,0,0,0,0,0,0,0
2025-02-12,Horn-Lehe,0,0,0,0,0,0,0,0,0,0,0,0,0,0,0
2025-02-12,Huchting,0,0,0,0,0,0,0,0,0,0,0,0,0,0,0
2025-02-12,Häfen,0,0,0,0,0,0,0,0,0,0,0,0,0,0,0
2025-02-12,Mitte,0,0,0,0,0,0,0,0,0,0,0,0,0,0,0
2025-02-12,Neustadt,0,0,0,0,0,0,0,0,0,0,0,0,0,0,0
2025-02-12,Oberneuland,0,0,0,0,0,0,0,0,0,0,0,0,0,0,0
2025-02-12,Obervieland,0,0,0,0,0,0,0,0,0,0,0,0,0,0,0
2025-02-12,Osterholz,0,0,0,0,0,0,0,0,0,0,0,0,0,0,0
2025-02-12,Schwachhausen,0,0,0,0,0,0,0,0,0,0,0,0,0,0,0
2025-02-12,Seehausen,0,0,0,0,0,0,0,0,0,0,0,0,0,0,0
2025-02-12,Strom,0,0,0,0,0,0,0,0,0,0,0,0,0,0,0
2025-02-12,Vahr,0,0,0,0,0,0,0,0,0,0,0,0,0,0,0
2025-02-12,Vegesack,0,0,0,0,0,0,0,0,0,0,0,0,0,0,0
2025-02-12,Walle,0,0,0,0,0,0,0,0,0,0,0,0,0,0,0
2025-02-12,Woltmershausen,0,0,0,0,0,0,0,0,0,0,0,0,0,0,0
2025-02-12,Östliche Vorstadt,0,0,0,0,0,0,0,0,0,0,0,0,0,0,0
2025-02-13,Blockland,0,0,0,0,0,0,0,0,0,0,0,0,0,0,0
2025-02-13,Blumenthal,0,0,0,0,0,0,0,0,0,0,0,0,0,0,0
2025-02-13,Borgfeld,0,0,0,0,0,0,0,0,0,0,0,0,0,0,0
2025-02-13,Burglesum,0,0,0,0,0,0,0,0,0,0,0,0,0,0,0
2025-02-13,Findorff,0,0,0,0,0,0,0,0,0,0,0,0,0,0,0
2025-02-13,Gröpelingen,0,0,0,0,0,0,0,0,0,0,0,0,0,0,0
2025-02-13,Hemelingen,0,0,0,0,0,0,0,0,0,0,0,0,0,0,0
2025-02-13,Horn-Lehe,0,0,0,0,0,0,0,0,0,0,0,0,0,0,0
2025-02-13,Huchting,0,0,0,0,0,0,0,0,0,0,0,0,0,0,0
2025-02-13,Häfen,0,0,0,0,0,0,0,0,0,0,0,0,0,0,0
2025-02-13,Mitte,0,0,0,0,0,0,0,0,0,0,0,0,0,0,0
2025-02-13,Neustadt,0,0,0,0,0,0,0,0,0,0,0,0,0,0,0
2025-02-13,Oberneuland,0,0,0,0,0,0,0,0,0,0,0,0,0,0,0
2025-02-13,Obervieland,0,0,0,0,0,0,0,0,0,0,0,0,0,0,0
2025-02-13,Osterholz,0,0,0,0,0,0,0,0,0,0,0,0,0,0,0
2025-02-13,Schwachhausen,0,0,0,0,0,0,0,0,0,0,0,0,0,0,0
2025-02-13,Seehausen,0,0,0,0,0,0,0,0,0,0,0,0,0,0,0
2025-02-13,Strom,0,0,0,0,0,0,0,0,0,0,0,0,0,0,0
2025-02-13,Vahr,0,0,0,0,0,0,0,0,0,0,0,0,0,0,0
2025-02-13,Vegesack,0,0,0,0,0,0,0,0,0,0,0,0,0,0,0
2025-02-13,Walle,0,0,0,0,0,0,0,0,0,0,0,0,0,0,0
2025-02-13,Woltmershausen,0,0,0,0,0,0,0,0,0,0,0,0,0,0,0
2025-02-13,Östliche Vorstadt,0,0,0,0,0,0,0,0,0,0,0,0,0,0,0
2025-02-14,Blockland,0,0,0,0,0,0,0,0,0,0,0,0,0,0,0
2025-02-14,Blumenthal,0,0,0,0,0,0,0,0,0,0,0,0,0,0,0
2025-02-14,Borgfeld,0,0,0,0,0,0,0,0,0,0,0,0,0,0,0
2025-02-14,Burglesum,0,0,0,0,0,0,0,0,0,0,0,0,0,0,0
2025-02-14,Findorff,0,0,0,0,0,0,0,0,0,0,0,0,0,0,0
2025-02-14,Gröpelingen,0,0,0,0,0,0,0,0,0,0,0,0,0,0,0
2025-02-14,Hemelingen,0,0,0,0,0,0,0,0,0,0,0,0,0,0,0
2025-02-14,Horn-Lehe,0,0,0,0,0,0,0,0,0,0,0,0,0,0,0
2025-02-14,Huchting,0,0,0,0,0,0,0,0,0,0,0,0,0,0,0
2025-02-14,Häfen,0,0,0,0,0,0,0,0,0,0,0,0,0,0,0
2025-02-14,Mitte,0,0,0,0,0,0,0,0,0,0,0,0,0,0,0
2025-02-14,Neustadt,0,0,0,0,0,0,0,0,0,0,0,0,0,0,0
2025-02-14,Oberneuland,0,0,0,0,0,0,0,0,0,0,0,0,0,0,0
2025-02-14,Obervieland,0,0,0,0,0,0,0,0,0,0,0,0,0,0,0
2025-02-14,Osterholz,0,0,0,0,0,0,0,0,0,0,0,0,0,0,0
2025-02-14,Schwachhausen,0,0,0,0,0,0,0,0,0,0,0,0,0,0,0
2025-02-14,Seehausen,0,0,0,0,0,0,0,0,0,0,0,0,0,0,0
2025-02-14,Strom,0,0,0,0,0,0,0,0,0,0,0,0,0,0,0
2025-02-14,Vahr,0,0,0,0,0,0,0,0,0,0,0,0,0,0,0
2025-02-14,Vegesack,0,0,0,0,0,0,0,0,0,0,0,0,0,0,0
2025-02-14,Walle,0,0,0,0,0,0,0,0,0,0,0,0,0,0,0
2025-02-14,Woltmershausen,0,0,0,0,0,0,0,0,0,0,0,0,0,0,0
2025-02-14,Östliche Vorstadt,0,0,0,0,0,0,0,0,0,0,0,0,0,0,0
2025-02-15,Blockland,0,0,0,0,0,0,0,0,0,0,0,0,0,0,0
2025-02-15,Blumenthal,0,0,0,0,0,0,0,0,0,0,0,0,0,0,0
2025-02-15,Borgfeld,0,0,0,0,0,0,0,0,0,0,0,0,0,0,0
2025-02-15,Burglesum,0,0,0,0,0,0,0,0,0,0,0,0,0,0,0
2025-02-15,Findorff,0,0,0,0,0,0,0,0,0,0,0,0,0,0,0
2025-02-15,Gröpelingen,0,0,0,0,0,0,0,0,0,0,0,0,0,0,0
2025-02-15,Hemelingen,0,0,0,0,0,0,0,0,0,0,0,0,0,0,0
2025-02-15,Horn-Lehe,0,0,0,0,0,0,0,0,0,0,0,0,0,0,0
2025-02-15,Huchting,0,0,0,0,0,0,0,0,0,0,0,0,0,0,0
2025-02-15,Häfen,0,0,0,0,0,0,0,0,0,0,0,0,0,0,0
2025-02-15,Mitte,0,0,0,0,0,0,0,0,0,0,0,0,0,0,0
2025-02-15,Neustadt,0,0,0,0,0,0,0,0,0,0,0,0,0,0,0
2025-02-15,Oberneuland,0,0,0,0,0,0,0,0,0,0,0,0,0,0,0
2025-02-15,Obervieland,0,0,0,0,0,0,0,0,0,0,0,0,0,0,0
2025-02-15,Osterholz,0,0,0,0,0,0,0,0,0,0,0,0,0,0,0
2025-02-15,Schwachhausen,0,0,0,0,0,0,0,0,0,0,0,0,0,0,0
2025-02-15,Seehausen,0,0,0,0,0,0,0,0,0,0,0,0,0,0,0
2025-02-15,Strom,0,0,0,0,0,0,0,0,0,0,0,0,0,0,0
2025-02-15,Vahr,0,0,0,0,0,0,0,0,0,0,0,0,0,0,0
2025-02-15,Vegesack,0,0,0,0,0,0,0,0,0,0,0,0,0,0,0
2025-02-15,Walle,0,0,0,0,0,0,0,0,0,0,0,0,0,0,0
2025-02-15,Woltmershausen,0,0,0,0,0,0,0,0,0,0,0,0,0,0,0
2025-02-15,Östliche Vorstadt,0,0,0,0,0,0,0,0,0,0,0,0,0,0,0
2025-02-16,Blockland,0,0,0,0,0,0,0,0,0,0,0,0,0,0,0
2025-02-16,Blumenthal,0,0,0,0,0,0,0,0,0,0,0,0,0,0,0
2025-02-16,Borgfeld,0,0,0,0,0,0,0,0,0,0,0,0,0,0,0
2025-02-16,Burglesum,0,0,0,0,0,0,0,0,0,0,0,0,0,0,0
2025-02-16,Findorff,0,0,0,0,0,0,0,0,0,0,0,0,0,0,0
2025-02-16,Gröpelingen,0,0,0,0,0,0,0,0,0,0,0,0,0,0,0
2025-02-16,Hemelingen,0,0,0,0,0,0,0,0,0,0,0,0,0,0,0
2025-02-16,Horn-Lehe,0,0,0,0,0,0,0,0,0,0,0,0,0,0,0
2025-02-16,Huchting,0,0,0,0,0,0,0,0,0,0,0,0,0,0,0
2025-02-16,Häfen,0,0,0,0,0,0,0,0,0,0,0,0,0,0,0
2025-02-16,Mitte,0,0,0,0,0,0,0,0,0,0,0,0,0,0,0
2025-02-16,Neustadt,0,0,0,0,0,0,0,0,0,0,0,0,0,0,0
2025-02-16,Oberneuland,0,0,0,0,0,0,0,0,0,0,0,0,0,0,0
2025-02-16,Obervieland,0,0,0,0,0,0,0,0,0,0,0,0,0,0,0
2025-02-16,Osterholz,0,0,0,0,0,0,0,0,0,0,0,0,0,0,0
2025-02-16,Schwachhausen,0,0,0,0,0,0,0,0,0,0,0,0,0,0,0
2025-02-16,Seehausen,0,0,0,0,0,0,0,0,0,0,0,0,0,0,0
2025-02-16,Strom,0,0,0,0,0,0,0,0,0,0,0,0,0,0,0
2025-02-16,Vahr,0,0,0,0,0,0,0,0,0,0,0,0,0,0,0
2025-02-16,Vegesack,0,0,0,0,0,0,0,0,0,0,0,0,0,0,0
2025-02-16,Walle,0,0,0,0,0,0,0,0,0,0,0,0,0,0,0
2025-02-16,Woltmershausen,0,0,0,0,0,0,0,0,0,0,0,0,0,0,0
2025-02-16,Östliche Vorstadt,0,0,0,0,0,0,0,0,0,0,0,0,0,0,0
2025-02-17,Blockland,0,0,0,0,0,0,0,0,0,0,0,0,0,0,0
2025-02-17,Blumenthal,0,0,0,0,0,0,0,0,0,0,0,0,0,0,0
2025-02-17,Borgfeld,0,0,0,0,0,0,0,0,0,0,0,0,0,0,0
2025-02-17,Burglesum,0,0,0,0,0,0,0,0,0,0,0,0,0,0,0
2025-02-17,Findorff,0,0,0,0,0,0,0,0,0,0,0,0,0,0,0
2025-02-17,Gröpelingen,0,0,0,0,0,0,0,0,0,0,0,0,0,0,0
2025-02-17,Hemelingen,0,0,0,0,0,0,0,0,0,0,0,0,0,0,0
2025-02-17,Horn-Lehe,0,0,0,0,0,0,0,0,0,0,0,0,0,0,0
2025-02-17,Huchting,0,0,0,0,0,0,0,0,0,0,0,0,0,0,0
2025-02-17,Häfen,0,0,0,0,0,0,0,0,0,0,0,0,0,0,0
2025-02-17,Mitte,0,0,0,0,0,0,0,0,0,0,0,0,0,0,0
2025-02-17,Neustadt,0,0,0,0,0,0,0,0,0,0,0,0,0,0,0
2025-02-17,Oberneuland,0,0,0,0,0,0,0,0,0,0,0,0,0,0,0
2025-02-17,Obervieland,0,0,0,0,0,0,0,0,0,0,0,0,0,0,0
2025-02-17,Osterholz,0,0,0,0,0,0,0,0,0,0,0,0,0,0,0
2025-02-17,Schwachhausen,0,0,0,0,0,0,0,0,0,0,0,0,0,0,0
2025-02-17,Seehausen,0,0,0,0,0,0,0,0,0,0,0,0,0,0,0
2025-02-17,Strom,0,0,0,0,0,0,0,0,0,0,0,0,0,0,0
2025-02-17,Vahr,0,0,0,0,0,0,0,0,0,0,0,0,0,0,0
2025-02-17,Vegesack,0,0,0,0,0,0,0,0,0,0,0,0,0,0,0
2025-02-17,Walle,0,0,0,0,0,0,0,0,0,0,0,0,0,0,0
2025-02-17,Woltmershausen,0,0,0,0,0,0,0,0,0,0,0,0,0,0,0
2025-02-17,Östliche Vorstadt,0,0,0,0,0,0,0,0,0,0,0,0,0,0,0
2025-02-18,Blockland,0,0,0,0,0,0,0,0,0,0,0,0,0,0,0
2025-02-18,Blumenthal,0,0,0,0,0,0,0,0,0,0,0,0,0,0,0
2025-02-18,Borgfeld,0,0,0,0,0,0,0,0,0,0,0,0,0,0,0
2025-02-18,Burglesum,0,0,0,0,0,0,0,0,0,0,0,0,0,0,0
2025-02-18,Findorff,0,0,0,0,0,0,0,0,0,0,0,0,0,0,0
2025-02-18,Gröpelingen,0,0,0,0,0,0,0,0,0,0,0,0,0,0,0
2025-02-18,Hemelingen,0,0,0,0,0,0,0,0,0,0,0,0,0,0,0
2025-02-18,Horn-Lehe,0,0,0,0,0,0,0,0,0,0,0,0,0,0,0
2025-02-18,Huchting,0,0,0,0,0,0,0,0,0,0,0,0,0,0,0
2025-02-18,Häfen,0,0,0,0,0,0,0,0,0,0,0,0,0,0,0
2025-02-18,Mitte,0,0,0,0,0,0,0,0,0,0,0,0,0,0,0
2025-02-18,Neustadt,0,0,0,0,0,0,0,0,0,0,0,0,0,0,0
2025-02-18,Oberneuland,0,0,0,0,0,0,0,0,0,0,0,0,0,0,0
2025-02-18,Obervieland,0,0,0,0,0,0,0,0,0,0,0,0,0,0,0
2025-02-18,Osterholz,0,0,0,0,0,0,0,0,0,0,0,0,0,0,0
2025-02-18,Schwachhausen,0,0,0,0,0,0,0,0,0,0,0,0,0,0,0
2025-02-18,Seehausen,0,0,0,0,0,0,0,0,0,0,0,0,0,0,0
2025-02-18,Strom,0,0,0,0,0,0,0,0,0,0,0,0,0,0,0
2025-02-18,Vahr,0,0,0,0,0,0,0,0,0,0,0,0,0,0,0
2025-02-18,Vegesack,0,0,0,0,0,0,0,0,0,0,0,0,0,0,0
2025-02-18,Walle,0,0,0,0,0,0,0,0,0,0,0,0,0,0,0
2025-02-18,Woltmershausen,0,0,0,0,0,0,0,0,0,0,0,0,0,0,0
2025-02-18,Östliche Vorstadt,0,0,0,0,0,0,0,0,0,0,0,0,0,0,0
2025-02-19,Blockland,0,0,0,0,0,0,0,0,0,0,0,0,0,0,0
2025-02-19,Blumenthal,0,0,0,0,0,0,0,0,0,0,0,0,0,0,0
2025-02-19,Borgfeld,0,0,0,0,0,0,0,0,0,0,0,0,0,0,0
2025-02-19,Burglesum,0,0,0,0,0,0,0,0,0,0,0,0,0,0,0
2025-02-19,Findorff,0,0,0,0,0,0,0,0,0,0,0,0,0,0,0
2025-02-19,Gröpelingen,0,0,0,0,0,0,0,0,0,0,0,0,0,0,0
2025-02-19,Hemelingen,0,0,0,0,0,0,0,0,0,0,0,0,0,0,0
2025-02-19,Horn-Lehe,0,0,0,0,0,0,0,0,0,0,0,0,0,0,0
2025-02-19,Huchting,0,0,0,0,0,0,0,0,0,0,0,0,0,0,0
2025-02-19,Häfen,0,0,0,0,0,0,0,0,0,0,0,0,0,0,0
2025-02-19,Mitte,0,0,0,0,0,0,0,0,0,0,0,0,0,0,0
2025-02-19,Neustadt,0,0,0,0,0,0,0,0,0,0,0,0,0,0,0
2025-02-19,Oberneuland,0,0,0,0,0,0,0,0,0,0,0,0,0,0,0
2025-02-19,Obervieland,0,0,0,0,0,0,0,0,0,0,0,0,0,0,0
2025-02-19,Osterholz,0,0,0,0,0,0,0,0,0,0,0,0,0,0,0
2025-02-19,Schwachhausen,0,0,0,0,0,0,0,0,0,0,0,0,0,0,0
2025-02-19,Seehausen,0,0,0,0,0,0,0,0,0,0,0,0,0,0,0
2025-02-19,Strom,0,0,0,0,0,0,0,0,0,0,0,0,0,0,0
2025-02-19,Vahr,0,0,0,0,0,0,0,0,0,0,0,0,0,0,0
2025-02-19,Vegesack,0,0,0,0,0,0,0,0,0,0,0,0,0,0,0
2025-02-19,Walle,0,0,0,0,0,0,0,0,0,0,0,0,0,0,0
2025-02-19,Woltmershausen,0,0,0,0,0,0,0,0,0,0,0,0,0,0,0
2025-02-19,Östliche Vorstadt,0,0,0,0,0,0,0,0,0,0,0,0,0,0,0
2025-02-20,Blockland,0,0,0,0,0,0,0,0,0,0,0,0,0,0,0
2025-02-20,Blumenthal,0,0,0,0,0,0,0,0,0,0,0,0,0,0,0
2025-02-20,Borgfeld,0,0,0,0,0,0,0,0,0,0,0,0,0,0,0
2025-02-20,Burglesum,0,0,0,0,0,0,0,0,0,0,0,0,0,0,0
2025-02-20,Findorff,0,0,0,0,0,0,0,0,0,0,0,0,0,0,0
2025-02-20,Gröpelingen,0,0,0,0,0,0,0,0,0,0,0,0,0,0,0
2025-02-20,Hemelingen,0,0,0,0,0,0,0,0,0,0,0,0,0,0,0
2025-02-20,Horn-Lehe,0,0,0,0,0,0,0,0,0,0,0,0,0,0,0
2025-02-20,Huchting,0,0,0,0,0,0,0,0,0,0,0,0,0,0,0
2025-02-20,Häfen,0,0,0,0,0,0,0,0,0,0,0,0,0,0,0
2025-02-20,Mitte,0,0,0,0,0,0,0,0,0,0,0,0,0,0,0
2025-02-20,Neustadt,0,0,0,0,0,0,0,0,0,0,0,0,0,0,0
2025-02-20,Oberneuland,0,0,0,0,0,0,0,0,0,0,0,0,0,0,0
2025-02-20,Obervieland,0,0,0,0,0,0,0,0,0,0,0,0,0,0,0
2025-02-20,Osterholz,0,0,0,0,0,0,0,0,0,0,0,0,0,0,0
2025-02-20,Schwachhausen,0,0,0,0,0,0,0,0,0,0,0,0,0,0,0
2025-02-20,Seehausen,0,0,0,0,0,0,0,0,0,0,0,0,0,0,0
2025-02-20,Strom,0,0,0,0,0,0,0,0,0,0,0,0,0,0,0
2025-02-20,Vahr,0,0,0,0,0,0,0,0,0,0,0,0,0,0,0
2025-02-20,Vegesack,0,0,0,0,0,0,0,0,0,0,0,0,0,0,0
2025-02-20,Walle,0,0,0,0,0,0,0,0,0,0,0,0,0,0,0
2025-02-20,Woltmershausen,0,0,0,0,0,0,0,0,0,0,0,0,0,0,0
2025-02-20,Östliche Vorstadt,0,0,0,0,0,0,0,0,0,0,0,0,0,0,0
2025-02-21,Blockland,0,0,0,0,0,0,0,0,0,0,0,0,0,0,0
2025-02-21,Blumenthal,0,0,0,0,0,0,0,0,0,0,0,0,0,0,0
2025-02-21,Borgfeld,0,0,0,0,0,0,0,0,0,0,0,0,0,0,0
2025-02-21,Burglesum,0,0,0,0,0,0,0,0,0,0,0,0,0,0,0
2025-02-21,Findorff,0,0,0,0,0,0,0,0,0,0,0,0,0,0,0
2025-02-21,Gröpelingen,0,0,0,0,0,0,0,0,0,0,0,0,0,0,0
2025-02-21,Hemelingen,0,0,0,0,0,0,0,0,0,0,0,0,0,0,0
2025-02-21,Horn-Lehe,0,0,0,0,0,0,0,0,0,0,0,0,0,0,0
2025-02-21,Huchting,0,0,0,0,0,0,0,0,0,0,0,0,0,0,0
2025-02-21,Häfen,0,0,0,0,0,0,0,0,0,0,0,0,0,0,0
2025-02-21,Mitte,1,0,0,0,0,0,0,0,0,0,0,1,0,0,0
2025-02-21,Neustadt,0,0,0,0,0,0,0,0,0,0,0,0,0,0,0
2025-02-21,Oberneuland,0,0,0,0,0,0,0,0,0,0,0,0,0,0,0
2025-02-21,Obervieland,0,0,0,0,0,0,0,0,0,0,0,0,0,0,0
2025-02-21,Osterholz,0,0,0,0,0,0,0,0,0,0,0,0,0,0,0
2025-02-21,Schwachhausen,0,0,0,0,0,0,0,0,0,0,0,0,0,0,0
2025-02-21,Seehausen,0,0,0,0,0,0,0,0,0,0,0,0,0,0,0
2025-02-21,Strom,0,0,0,0,0,0,0,0,0,0,0,0,0,0,0
2025-02-21,Vahr,0,0,0,0,0,0,0,0,0,0,0,0,0,0,0
2025-02-21,Vegesack,0,0,0,0,0,0,0,0,0,0,0,0,0,0,0
2025-02-21,Walle,0,0,0,0,0,0,0,0,0,0,0,0,0,0,0
2025-02-21,Woltmershausen,0,0,0,0,0,0,0,0,0,0,0,0,0,0,0
2025-02-21,Östliche Vorstadt,0,0,0,0,0,0,0,0,0,0,0,0,0,0,0
2025-02-22,Blockland,0,0,0,0,0,0,0,0,0,0,0,0,0,0,0
2025-02-22,Blumenthal,0,0,0,0,0,0,0,0,0,0,0,0,0,0,0
2025-02-22,Borgfeld,0,0,0,0,0,0,0,0,0,0,0,0,0,0,0
2025-02-22,Burglesum,0,0,0,0,0,0,0,0,0,0,0,0,0,0,0
2025-02-22,Findorff,0,0,0,0,0,0,0,0,0,0,0,0,0,0,0
2025-02-22,Gröpelingen,0,0,0,0,0,0,0,0,0,0,0,0,0,0,0
2025-02-22,Hemelingen,0,0,0,0,0,0,0,0,0,0,0,0,0,0,0
2025-02-22,Horn-Lehe,0,0,0,0,0,0,0,0,0,0,0,0,0,0,0
2025-02-22,Huchting,0,0,0,0,0,0,0,0,0,0,0,0,0,0,0
2025-02-22,Häfen,0,0,0,0,0,0,0,0,0,0,0,0,0,0,0
2025-02-22,Mitte,0,0,0,0,0,0,0,0,0,0,0,0,0,0,0
2025-02-22,Neustadt,0,0,0,0,0,0,0,0,0,0,0,0,0,0,0
2025-02-22,Oberneuland,0,0,0,0,0,0,0,0,0,0,0,0,0,0,0
2025-02-22,Obervieland,0,0,0,0,0,0,0,0,0,0,0,0,0,0,0
2025-02-22,Osterholz,0,0,0,0,0,0,0,0,0,0,0,0,0,0,0
2025-02-22,Schwachhausen,0,0,0,0,0,0,0,0,0,0,0,0,0,0,0
2025-02-22,Seehausen,0,0,0,0,0,0,0,0,0,0,0,0,0,0,0
2025-02-22,Strom,0,0,0,0,0,0,0,0,0,0,0,0,0,0,0
2025-02-22,Vahr,0,0,0,0,0,0,0,0,0,0,0,0,0,0,0
2025-02-22,Vegesack,0,0,0,0,0,0,0,0,0,0,0,0,0,0,0
2025-02-22,Walle,0,0,0,0,0,0,0,0,0,0,0,0,0,0,0
2025-02-22,Woltmershausen,0,0,0,0,0,0,0,0,0,0,0,0,0,0,0
2025-02-22,Östliche Vorstadt,0,0,0,0,0,0,0,0,0,0,0,0,0,0,0
2025-02-23,Blockland,0,0,0,0,0,0,0,0,0,0,0,0,0,0,0
2025-02-23,Blumenthal,0,0,0,0,0,0,0,0,0,0,0,0,0,0,0
2025-02-23,Borgfeld,0,0,0,0,0,0,0,0,0,0,0,0,0,0,0
2025-02-23,Burglesum,0,0,0,0,0,0,0,0,0,0,0,0,0,0,0
2025-02-23,Findorff,0,0,0,0,0,0,0,0,0,0,0,0,0,0,0
2025-02-23,Gröpelingen,0,0,0,0,0,0,0,0,0,0,0,0,0,0,0
2025-02-23,Hemelingen,0,0,0,0,0,0,0,0,0,0,0,0,0,0,0
2025-02-23,Horn-Lehe,0,0,0,0,0,0,0,0,0,0,0,0,0,0,0
2025-02-23,Huchting,0,0,0,0,0,0,0,0,0,0,0,0,0,0,0
2025-02-23,Häfen,0,0,0,0,0,0,0,0,0,0,0,0,0,0,0
2025-02-23,Mitte,0,0,0,0,0,0,0,0,0,0,0,0,0,0,0
2025-02-23,Neustadt,0,0,0,0,0,0,0,0,0,0,0,0,0,0,0
2025-02-23,Oberneuland,0,0,0,0,0,0,0,0,0,0,0,0,0,0,0
2025-02-23,Obervieland,0,0,0,0,0,0,0,0,0,0,0,0,0,0,0
2025-02-23,Osterholz,0,0,0,0,0,0,0,0,0,0,0,0,0,0,0
2025-02-23,Schwachhausen,0,0,0,0,0,0,0,0,0,0,0,0,0,0,0
2025-02-23,Seehausen,0,0,0,0,0,0,0,0,0,0,0,0,0,0,0
2025-02-23,Strom,0,0,0,0,0,0,0,0,0,0,0,0,0,0,0
2025-02-23,Vahr,0,0,0,0,0,0,0,0,0,0,0,0,0,0,0
2025-02-23,Vegesack,0,0,0,0,0,0,0,0,0,0,0,0,0,0,0
2025-02-23,Walle,0,0,0,0,0,0,0,0,0,0,0,0,0,0,0
2025-02-23,Woltmershausen,0,0,0,0,0,0,0,0,0,0,0,0,0,0,0
2025-02-23,Östliche Vorstadt,0,0,0,0,0,0,0,0,0,0,0,0,0,0,0
2025-02-24,Blockland,0,0,0,0,0,0,0,0,0,0,0,0,0,0,0
2025-02-24,Blumenthal,0,0,0,0,0,0,0,0,0,0,0,0,0,0,0
2025-02-24,Borgfeld,0,0,0,0,0,0,0,0,0,0,0,0,0,0,0
2025-02-24,Burglesum,0,0,0,0,0,0,0,0,0,0,0,0,0,0,0
2025-02-24,Findorff,0,0,0,0,0,0,0,0,0,0,0,0,0,0,0
2025-02-24,Gröpelingen,0,0,0,0,0,0,0,0,0,0,0,0,0,0,0
2025-02-24,Hemelingen,0,0,0,0,0,0,0,0,0,0,0,0,0,0,0
2025-02-24,Horn-Lehe,0,0,0,0,0,0,0,0,0,0,0,0,0,0,0
2025-02-24,Huchting,0,0,0,0,0,0,0,0,0,0,0,0,0,0,0
2025-02-24,Häfen,0,0,0,0,0,0,0,0,0,0,0,0,0,0,0
2025-02-24,Mitte,0,0,0,0,0,0,0,0,0,0,0,0,0,0,0
2025-02-24,Neustadt,0,0,0,0,0,0,0,0,0,0,0,0,0,0,0
2025-02-24,Oberneuland,0,0,0,0,0,0,0,0,0,0,0,0,0,0,0
2025-02-24,Obervieland,0,0,0,0,0,0,0,0,0,0,0,0,0,0,0
2025-02-24,Osterholz,0,0,0,0,0,0,0,0,0,0,0,0,0,0,0
2025-02-24,Schwachhausen,0,0,0,0,0,0,0,0,0,0,0,0,0,0,0
2025-02-24,Seehausen,0,0,0,0,0,0,0,0,0,0,0,0,0,0,0
2025-02-24,Strom,0,0,0,0,0,0,0,0,0,0,0,0,0,0,0
2025-02-24,Vahr,0,0,0,0,0,0,0,0,0,0,0,0,0,0,0
2025-02-24,Vegesack,0,0,0,0,0,0,0,0,0,0,0,0,0,0,0
2025-02-24,Walle,0,0,0,0,0,0,0,0,0,0,0,0,0,0,0
2025-02-24,Woltmershausen,0,0,0,0,0,0,0,0,0,0,0,0,0,0,0
2025-02-24,Östliche Vorstadt,0,0,0,0,0,0,0,0,0,0,0,0,0,0,0
2025-02-25,Blockland,0,0,0,0,0,0,0,0,0,0,0,0,0,0,0
2025-02-25,Blumenthal,0,0,0,0,0,0,0,0,0,0,0,0,0,0,0
2025-02-25,Borgfeld,0,0,0,0,0,0,0,0,0,0,0,0,0,0,0
2025-02-25,Burglesum,0,0,0,0,0,0,0,0,0,0,0,0,0,0,0
2025-02-25,Findorff,0,0,0,0,0,0,0,0,0,0,0,0,0,0,0
2025-02-25,Gröpelingen,0,0,0,0,0,0,0,0,0,0,0,0,0,0,0
2025-02-25,Hemelingen,0,0,0,0,0,0,0,0,0,0,0,0,0,0,0
2025-02-25,Horn-Lehe,0,0,0,0,0,0,0,0,0,0,0,0,0,0,0
2025-02-25,Huchting,0,0,0,0,0,0,0,0,0,0,0,0,0,0,0
2025-02-25,Häfen,0,0,0,0,0,0,0,0,0,0,0,0,0,0,0
2025-02-25,Mitte,0,0,0,0,0,0,0,0,0,0,0,0,0,0,0
2025-02-25,Neustadt,0,0,0,0,0,0,0,0,0,0,0,0,0,0,0
2025-02-25,Oberneuland,0,0,0,0,0,0,0,0,0,0,0,0,0,0,0
2025-02-25,Obervieland,0,0,0,0,0,0,0,0,0,0,0,0,0,0,0
2025-02-25,Osterholz,0,0,0,0,0,0,0,0,0,0,0,0,0,0,0
2025-02-25,Schwachhausen,0,0,0,0,0,0,0,0,0,0,0,0,0,0,0
2025-02-25,Seehausen,0,0,0,0,0,0,0,0,0,0,0,0,0,0,0
2025-02-25,Strom,0,0,0,0,0,0,0,0,0,0,0,0,0,0,0
2025-02-25,Vahr,0,0,0,0,0,0,0,0,0,0,0,0,0,0,0
2025-02-25,Vegesack,0,0,0,0,0,0,0,0,0,0,0,0,0,0,0
2025-02-25,Walle,0,0,0,0,0,0,0,0,0,0,0,0,0,0,0
2025-02-25,Woltmershausen,0,0,0,0,0,0,0,0,0,0,0,0,0,0,0
2025-02-25,Östliche Vorstadt,0,0,0,0,0,0,0,0,0,0,0,0,0,0,0
2025-02-26,Blockland,0,0,0,0,0,0,0,0,0,0,0,0,0,0,0
2025-02-26,Blumenthal,0,0,0,0,0,0,0,0,0,0,0,0,0,0,0
2025-02-26,Borgfeld,0,0,0,0,0,0,0,0,0,0,0,0,0,0,0
2025-02-26,Burglesum,0,0,0,0,0,0,0,0,0,0,0,0,0,0,0
2025-02-26,Findorff,0,0,0,0,0,0,0,0,0,0,0,0,0,0,0
2025-02-26,Gröpelingen,0,0,0,0,0,0,0,0,0,0,0,0,0,0,0
2025-02-26,Hemelingen,0,0,0,0,0,0,0,0,0,0,0,0,0,0,0
2025-02-26,Horn-Lehe,0,0,0,0,0,0,0,0,0,0,0,0,0,0,0
2025-02-26,Huchting,0,0,0,0,0,0,0,0,0,0,0,0,0,0,0
2025-02-26,Häfen,0,0,0,0,0,0,0,0,0,0,0,0,0,0,0
2025-02-26,Mitte,0,0,0,0,0,0,0,0,0,0,0,0,0,0,0
2025-02-26,Neustadt,0,0,0,0,0,0,0,0,0,0,0,0,0,0,0
2025-02-26,Oberneuland,0,0,0,0,0,0,0,0,0,0,0,0,0,0,0
2025-02-26,Obervieland,0,0,0,0,0,0,0,0,0,0,0,0,0,0,0
2025-02-26,Osterholz,0,0,0,0,0,0,0,0,0,0,0,0,0,0,0
2025-02-26,Schwachhausen,0,0,0,0,0,0,0,0,0,0,0,0,0,0,0
2025-02-26,Seehausen,0,0,0,0,0,0,0,0,0,0,0,0,0,0,0
2025-02-26,Strom,0,0,0,0,0,0,0,0,0,0,0,0,0,0,0
2025-02-26,Vahr,0,0,0,0,0,0,0,0,0,0,0,0,0,0,0
2025-02-26,Vegesack,0,0,0,0,0,0,0,0,0,0,0,0,0,0,0
2025-02-26,Walle,0,0,0,0,0,0,0,0,0,0,0,0,0,0,0
2025-02-26,Woltmershausen,0,0,0,0,0,0,0,0,0,0,0,0,0,0,0
2025-02-26,Östliche Vorstadt,0,0,0,0,0,0,0,0,0,0,0,0,0,0,0
2025-02-27,Blockland,0,0,0,0,0,0,0,0,0,0,0,0,0,0,0
2025-02-27,Blumenthal,0,0,0,0,0,0,0,0,0,0,0,0,0,0,0
2025-02-27,Borgfeld,0,0,0,0,0,0,0,0,0,0,0,0,0,0,0
2025-02-27,Burglesum,0,0,0,0,0,0,0,0,0,0,0,0,0,0,0
2025-02-27,Findorff,0,0,0,0,0,0,0,0,0,0,0,0,0,0,0
2025-02-27,Gröpelingen,0,0,0,0,0,0,0,0,0,0,0,0,0,0,0
2025-02-27,Hemelingen,0,0,0,0,0,0,0,0,0,0,0,0,0,0,0
2025-02-27,Horn-Lehe,0,0,0,0,0,0,0,0,0,0,0,0,0,0,0
2025-02-27,Huchting,0,0,0,0,0,0,0,0,0,0,0,0,0,0,0
2025-02-27,Häfen,0,0,0,0,0,0,0,0,0,0,0,0,0,0,0
2025-02-27,Mitte,0,0,0,0,0,0,0,0,0,0,0,0,0,0,0
2025-02-27,Neustadt,0,0,0,0,0,0,0,0,0,0,0,0,0,0,0
2025-02-27,Oberneuland,0,0,0,0,0,0,0,0,0,0,0,0,0,0,0
2025-02-27,Obervieland,0,0,0,0,0,0,0,0,0,0,0,0,0,0,0
2025-02-27,Osterholz,0,0,0,0,0,0,0,0,0,0,0,0,0,0,0
2025-02-27,Schwachhausen,0,0,0,0,0,0,0,0,0,0,0,0,0,0,0
2025-02-27,Seehausen,0,0,0,0,0,0,0,0,0,0,0,0,0,0,0
2025-02-27,Strom,0,0,0,0,0,0,0,0,0,0,0,0,0,0,0
2025-02-27,Vahr,0,0,0,0,0,0,0,0,0,0,0,0,0,0,0
2025-02-27,Vegesack,0,0,0,0,0,0,0,0,0,0,0,0,0,0,0
2025-02-27,Walle,0,0,0,0,0,0,0,0,0,0,0,0,0,0,0
2025-02-27,Woltmershausen,0,0,0,0,0,0,0,0,0,0,0,0,0,0,0
2025-02-27,Östliche Vorstadt,0,0,0,0,0,0,0,0,0,0,0,0,0,0,0
2025-02-28,Blockland,0,0,0,0,0,0,0,0,0,0,0,0,0,0,0
2025-02-28,Blumenthal,0,0,0,0,0,0,0,0,0,0,0,0,0,0,0
2025-02-28,Borgfeld,0,0,0,0,0,0,0,0,0,0,0,0,0,0,0
2025-02-28,Burglesum,0,0,0,0,0,0,0,0,0,0,0,0,0,0,0
2025-02-28,Findorff,0,0,0,0,0,0,0,0,0,0,0,0,0,0,0
2025-02-28,Gröpelingen,0,0,0,0,0,0,0,0,0,0,0,0,0,0,0
2025-02-28,Hemelingen,0,0,0,0,0,0,0,0,0,0,0,0,0,0,0
2025-02-28,Horn-Lehe,0,0,0,0,0,0,0,0,0,0,0,0,0,0,0
2025-02-28,Huchting,0,0,0,0,0,0,0,0,0,0,0,0,0,0,0
2025-02-28,Häfen,0,0,0,0,0,0,0,0,0,0,0,0,0,0,0
2025-02-28,Mitte,0,0,0,0,0,0,0,0,0,0,0,0,0,0,0
2025-02-28,Neustadt,0,0,0,0,0,0,0,0,0,0,0,0,0,0,0
2025-02-28,Oberneuland,0,0,0,0,0,0,0,0,0,0,0,0,0,0,0
2025-02-28,Obervieland,0,0,0,0,0,0,0,0,0,0,0,0,0,0,0
2025-02-28,Osterholz,0,0,0,0,0,0,0,0,0,0,0,0,0,0,0
2025-02-28,Schwachhausen,0,0,0,0,0,0,0,0,0,0,0,0,0,0,0
2025-02-28,Seehausen,0,0,0,0,0,0,0,0,0,0,0,0,0,0,0
2025-02-28,Strom,0,0,0,0,0,0,0,0,0,0,0,0,0,0,0
2025-02-28,Vahr,0,0,0,0,0,0,0,0,0,0,0,0,0,0,0
2025-02-28,Vegesack,0,0,0,0,0,0,0,0,0,0,0,0,0,0,0
2025-02-28,Walle,0,0,0,0,0,0,0,0,0,0,0,0,0,0,0
2025-02-28,Woltmershausen,0,0,0,0,0,0,0,0,0,0,0,0,0,0,0
2025-02-28,Östliche Vorstadt,0,0,0,0,0,0,0,0,0,0,0,0,0,0,0
2025-03-01,Blockland,0,0,0,0,0,0,0,0,0,0,0,0,0,0,0
2025-03-01,Blumenthal,0,0,0,0,0,0,0,0,0,0,0,0,0,0,0
2025-03-01,Borgfeld,0,0,0,0,0,0,0,0,0,0,0,0,0,0,0
2025-03-01,Burglesum,0,0,0,0,0,0,0,0,0,0,0,0,0,0,0
2025-03-01,Findorff,0,0,0,0,0,0,0,0,0,0,0,0,0,0,0
2025-03-01,Gröpelingen,0,0,0,0,0,0,0,0,0,0,0,0,0,0,0
2025-03-01,Hemelingen,0,0,0,0,0,0,0,0,0,0,0,0,0,0,0
2025-03-01,Horn-Lehe,0,0,0,0,0,0,0,0,0,0,0,0,0,0,0
2025-03-01,Huchting,0,0,0,0,0,0,0,0,0,0,0,0,0,0,0
2025-03-01,Häfen,0,0,0,0,0,0,0,0,0,0,0,0,0,0,0
2025-03-01,Mitte,0,0,0,0,0,0,0,0,0,0,0,0,0,0,0
2025-03-01,Neustadt,0,0,0,0,0,0,0,0,0,0,0,0,0,0,0
2025-03-01,Oberneuland,0,0,0,0,0,0,0,0,0,0,0,0,0,0,0
2025-03-01,Obervieland,0,0,0,0,0,0,0,0,0,0,0,0,0,0,0
2025-03-01,Osterholz,0,0,0,0,0,0,0,0,0,0,0,0,0,0,0
2025-03-01,Schwachhausen,0,0,0,0,0,0,0,0,0,0,0,0,0,0,0
2025-03-01,Seehausen,0,0,0,0,0,0,0,0,0,0,0,0,0,0,0
2025-03-01,Strom,0,0,0,0,0,0,0,0,0,0,0,0,0,0,0
2025-03-01,Vahr,0,0,0,0,0,0,0,0,0,0,0,0,0,0,0
2025-03-01,Vegesack,0,0,0,0,0,0,0,0,0,0,0,0,0,0,0
2025-03-01,Walle,0,0,0,0,0,0,0,0,0,0,0,0,0,0,0
2025-03-01,Woltmershausen,0,0,0,0,0,0,0,0,0,0,0,0,0,0,0
2025-03-01,Östliche Vorstadt,0,0,0,0,0,0,0,0,0,0,0,0,0,0,0
2025-03-02,Blockland,0,0,0,0,0,0,0,0,0,0,0,0,0,0,0
2025-03-02,Blumenthal,0,0,0,0,0,0,0,0,0,0,0,0,0,0,0
2025-03-02,Borgfeld,0,0,0,0,0,0,0,0,0,0,0,0,0,0,0
2025-03-02,Burglesum,0,0,0,0,0,0,0,0,0,0,0,0,0,0,0
2025-03-02,Findorff,0,0,0,0,0,0,0,0,0,0,0,0,0,0,0
2025-03-02,Gröpelingen,0,0,0,0,0,0,0,0,0,0,0,0,0,0,0
2025-03-02,Hemelingen,0,0,0,0,0,0,0,0,0,0,0,0,0,0,0
2025-03-02,Horn-Lehe,0,0,0,0,0,0,0,0,0,0,0,0,0,0,0
2025-03-02,Huchting,0,0,0,0,0,0,0,0,0,0,0,0,0,0,0
2025-03-02,Häfen,0,0,0,0,0,0,0,0,0,0,0,0,0,0,0
2025-03-02,Mitte,0,0,0,0,0,0,0,0,0,0,0,0,0,0,0
2025-03-02,Neustadt,0,0,0,0,0,0,0,0,0,0,0,0,0,0,0
2025-03-02,Oberneuland,0,0,0,0,0,0,0,0,0,0,0,0,0,0,0
2025-03-02,Obervieland,0,0,0,0,0,0,0,0,0,0,0,0,0,0,0
2025-03-02,Osterholz,0,0,0,0,0,0,0,0,0,0,0,0,0,0,0
2025-03-02,Schwachhausen,0,0,0,0,0,0,0,0,0,0,0,0,0,0,0
2025-03-02,Seehausen,0,0,0,0,0,0,0,0,0,0,0,0,0,0,0
2025-03-02,Strom,0,0,0,0,0,0,0,0,0,0,0,0,0,0,0
2025-03-02,Vahr,0,0,0,0,0,0,0,0,0,0,0,0,0,0,0
2025-03-02,Vegesack,0,0,0,0,0,0,0,0,0,0,0,0,0,0,0
2025-03-02,Walle,0,0,0,0,0,0,0,0,0,0,0,0,0,0,0
2025-03-02,Woltmershausen,0,0,0,0,0,0,0,0,0,0,0,0,0,0,0
2025-03-02,Östliche Vorstadt,0,0,0,0,0,0,0,0,0,0,0,0,0,0,0
2025-03-03,Blockland,0,0,0,0,0,0,0,0,0,0,0,0,0,0,0
2025-03-03,Blumenthal,0,0,0,0,0,0,0,0,0,0,0,0,0,0,0
2025-03-03,Borgfeld,0,0,0,0,0,0,0,0,0,0,0,0,0,0,0
2025-03-03,Burglesum,0,0,0,0,0,0,0,0,0,0,0,0,0,0,0
2025-03-03,Findorff,0,0,0,0,0,0,0,0,0,0,0,0,0,0,0
2025-03-03,Gröpelingen,0,0,0,0,0,0,0,0,0,0,0,0,0,0,0
2025-03-03,Hemelingen,0,0,0,0,0,0,0,0,0,0,0,0,0,0,0
2025-03-03,Horn-Lehe,0,0,0,0,0,0,0,0,0,0,0,0,0,0,0
2025-03-03,Huchting,0,0,0,0,0,0,0,0,0,0,0,0,0,0,0
2025-03-03,Häfen,0,0,0,0,0,0,0,0,0,0,0,0,0,0,0
2025-03-03,Mitte,0,0,0,0,0,0,0,0,0,0,0,0,0,0,0
2025-03-03,Neustadt,0,0,0,0,0,0,0,0,0,0,0,0,0,0,0
2025-03-03,Oberneuland,0,0,0,0,0,0,0,0,0,0,0,0,0,0,0
2025-03-03,Obervieland,0,0,0,0,0,0,0,0,0,0,0,0,0,0,0
2025-03-03,Osterholz,0,0,0,0,0,0,0,0,0,0,0,0,0,0,0
2025-03-03,Schwachhausen,0,0,0,0,0,0,0,0,0,0,0,0,0,0,0
2025-03-03,Seehausen,0,0,0,0,0,0,0,0,0,0,0,0,0,0,0
2025-03-03,Strom,0,0,0,0,0,0,0,0,0,0,0,0,0,0,0
2025-03-03,Vahr,0,0,0,0,0,0,0,0,0,0,0,0,0,0,0
2025-03-03,Vegesack,0,0,0,0,0,0,0,0,0,0,0,0,0,0,0
2025-03-03,Walle,0,0,0,0,0,0,0,0,0,0,0,0,0,0,0
2025-03-03,Woltmershausen,0,0,0,0,0,0,0,0,0,0,0,0,0,0,0
2025-03-03,Östliche Vorstadt,0,0,0,0,0,0,0,0,0,0,0,0,0,0,0
2025-03-04,Blockland,0,0,0,0,0,0,0,0,0,0,0,0,0,0,0
2025-03-04,Blumenthal,0,0,0,0,0,0,0,0,0,0,0,0,0,0,0
2025-03-04,Borgfeld,0,0,0,0,0,0,0,0,0,0,0,0,0,0,0
2025-03-04,Burglesum,0,0,0,0,0,0,0,0,0,0,0,0,0,0,0
2025-03-04,Findorff,0,0,0,0,0,0,0,0,0,0,0,0,0,0,0
2025-03-04,Gröpelingen,0,0,0,0,0,0,0,0,0,0,0,0,0,0,0
2025-03-04,Hemelingen,0,0,0,0,0,0,0,0,0,0,0,0,0,0,0
2025-03-04,Horn-Lehe,0,0,0,0,0,0,0,0,0,0,0,0,0,0,0
2025-03-04,Huchting,0,0,0,0,0,0,0,0,0,0,0,0,0,0,0
2025-03-04,Häfen,0,0,0,0,0,0,0,0,0,0,0,0,0,0,0
2025-03-04,Mitte,0,0,0,0,0,0,0,0,0,0,0,0,0,0,0
2025-03-04,Neustadt,0,0,0,0,0,0,0,0,0,0,0,0,0,0,0
2025-03-04,Oberneuland,0,0,0,0,0,0,0,0,0,0,0,0,0,0,0
2025-03-04,Obervieland,0,0,0,0,0,0,0,0,0,0,0,0,0,0,0
2025-03-04,Osterholz,0,0,0,0,0,0,0,0,0,0,0,0,0,0,0
2025-03-04,Schwachhausen,0,0,0,0,0,0,0,0,0,0,0,0,0,0,0
2025-03-04,Seehausen,0,0,0,0,0,0,0,0,0,0,0,0,0,0,0
2025-03-04,Strom,0,0,0,0,0,0,0,0,0,0,0,0,0,0,0
2025-03-04,Vahr,0,0,0,0,0,0,0,0,0,0,0,0,0,0,0
2025-03-04,Vegesack,0,0,0,0,0,0,0,0,0,0,0,0,0,0,0
2025-03-04,Walle,0,0,0,0,0,0,0,0,0,0,0,0,0,0,0
2025-03-04,Woltmershausen,0,0,0,0,0,0,0,0,0,0,0,0,0,0,0
2025-03-04,Östliche Vorstadt,0,0,0,0,0,0,0,0,0,0,0,0,0,0,0
2025-03-05,Blockland,0,0,0,0,0,0,0,0,0,0,0,0,0,0,0
2025-03-05,Blumenthal,0,0,0,0,0,0,0,0,0,0,0,0,0,0,0
2025-03-05,Borgfeld,0,0,0,0,0,0,0,0,0,0,0,0,0,0,0
2025-03-05,Burglesum,0,0,0,0,0,0,0,0,0,0,0,0,0,0,0
2025-03-05,Findorff,0,0,0,0,0,0,0,0,0,0,0,0,0,0,0
2025-03-05,Gröpelingen,0,0,0,0,0,0,0,0,0,0,0,0,0,0,0
2025-03-05,Hemelingen,0,0,0,0,0,0,0,0,0,0,0,0,0,0,0
2025-03-05,Horn-Lehe,0,0,0,0,0,0,0,0,0,0,0,0,0,0,0
2025-03-05,Huchting,0,0,0,0,0,0,0,0,0,0,0,0,0,0,0
2025-03-05,Häfen,0,0,0,0,0,0,0,0,0,0,0,0,0,0,0
2025-03-05,Mitte,0,0,0,0,0,0,0,0,0,0,0,0,0,0,0
2025-03-05,Neustadt,0,0,0,0,0,0,0,0,0,0,0,0,0,0,0
2025-03-05,Oberneuland,0,0,0,0,0,0,0,0,0,0,0,0,0,0,0
2025-03-05,Obervieland,0,0,0,0,0,0,0,0,0,0,0,0,0,0,0
2025-03-05,Osterholz,0,0,0,0,0,0,0,0,0,0,0,0,0,0,0
2025-03-05,Schwachhausen,0,0,0,0,0,0,0,0,0,0,0,0,0,0,0
2025-03-05,Seehausen,0,0,0,0,0,0,0,0,0,0,0,0,0,0,0
2025-03-05,Strom,0,0,0,0,0,0,0,0,0,0,0,0,0,0,0
2025-03-05,Vahr,0,0,0,0,0,0,0,0,0,0,0,0,0,0,0
2025-03-05,Vegesack,0,0,0,0,0,0,0,0,0,0,0,0,0,0,0
2025-03-05,Walle,0,0,0,0,0,0,0,0,0,0,0,0,0,0,0
2025-03-05,Woltmershausen,0,0,0,0,0,0,0,0,0,0,0,0,0,0,0
2025-03-05,Östliche Vorstadt,0,0,0,0,0,0,0,0,0,0,0,0,0,0,0
2025-03-06,Blockland,0,0,0,0,0,0,0,0,0,0,0,0,0,0,0
2025-03-06,Blumenthal,0,0,0,0,0,0,0,0,0,0,0,0,0,0,0
2025-03-06,Borgfeld,0,0,0,0,0,0,0,0,0,0,0,0,0,0,0
2025-03-06,Burglesum,0,0,0,0,0,0,0,0,0,0,0,0,0,0,0
2025-03-06,Findorff,0,0,0,0,0,0,0,0,0,0,0,0,0,0,0
2025-03-06,Gröpelingen,0,0,0,0,0,0,0,0,0,0,0,0,0,0,0
2025-03-06,Hemelingen,0,0,0,0,0,0,0,0,0,0,0,0,0,0,0
2025-03-06,Horn-Lehe,0,0,0,0,0,0,0,0,0,0,0,0,0,0,0
2025-03-06,Huchting,0,0,0,0,0,0,0,0,0,0,0,0,0,0,0
2025-03-06,Häfen,0,0,0,0,0,0,0,0,0,0,0,0,0,0,0
2025-03-06,Mitte,0,0,0,0,0,0,0,0,0,0,0,0,0,0,0
2025-03-06,Neustadt,0,0,0,0,0,0,0,0,0,0,0,0,0,0,0
2025-03-06,Oberneuland,0,0,0,0,0,0,0,0,0,0,0,0,0,0,0
2025-03-06,Obervieland,0,0,0,0,0,0,0,0,0,0,0,0,0,0,0
2025-03-06,Osterholz,0,0,0,0,0,0,0,0,0,0,0,0,0,0,0
2025-03-06,Schwachhausen,0,0,0,0,0,0,0,0,0,0,0,0,0,0,0
2025-03-06,Seehausen,0,0,0,0,0,0,0,0,0,0,0,0,0,0,0
2025-03-06,Strom,0,0,0,0,0,0,0,0,0,0,0,0,0,0,0
2025-03-06,Vahr,0,0,0,0,0,0,0,0,0,0,0,0,0,0,0
2025-03-06,Vegesack,0,0,0,0,0,0,0,0,0,0,0,0,0,0,0
2025-03-06,Walle,0,0,0,0,0,0,0,0,0,0,0,0,0,0,0
2025-03-06,Woltmershausen,0,0,0,0,0,0,0,0,0,0,0,0,0,0,0
2025-03-06,Östliche Vorstadt,0,0,0,0,0,0,0,0,0,0,0,0,0,0,0
2025-03-07,Blockland,0,0,0,0,0,0,0,0,0,0,0,0,0,0,0
2025-03-07,Blumenthal,0,0,0,0,0,0,0,0,0,0,0,0,0,0,0
2025-03-07,Borgfeld,0,0,0,0,0,0,0,0,0,0,0,0,0,0,0
2025-03-07,Burglesum,0,0,0,0,0,0,0,0,0,0,0,0,0,0,0
2025-03-07,Findorff,0,0,0,0,0,0,0,0,0,0,0,0,0,0,0
2025-03-07,Gröpelingen,0,0,0,0,0,0,0,0,0,0,0,0,0,0,0
2025-03-07,Hemelingen,0,0,0,0,0,0,0,0,0,0,0,0,0,0,0
2025-03-07,Horn-Lehe,0,0,0,0,0,0,0,0,0,0,0,0,0,0,0
2025-03-07,Huchting,0,0,0,0,0,0,0,0,0,0,0,0,0,0,0
2025-03-07,Häfen,0,0,0,0,0,0,0,0,0,0,0,0,0,0,0
2025-03-07,Mitte,0,0,0,0,0,0,0,0,0,0,0,0,0,0,0
2025-03-07,Neustadt,0,0,0,0,0,0,0,0,0,0,0,0,0,0,0
2025-03-07,Oberneuland,0,0,0,0,0,0,0,0,0,0,0,0,0,0,0
2025-03-07,Obervieland,0,0,0,0,0,0,0,0,0,0,0,0,0,0,0
2025-03-07,Osterholz,0,0,0,0,0,0,0,0,0,0,0,0,0,0,0
2025-03-07,Schwachhausen,0,0,0,0,0,0,0,0,0,0,0,0,0,0,0
2025-03-07,Seehausen,0,0,0,0,0,0,0,0,0,0,0,0,0,0,0
2025-03-07,Strom,0,0,0,0,0,0,0,0,0,0,0,0,0,0,0
2025-03-07,Vahr,0,0,0,0,0,0,0,0,0,0,0,0,0,0,0
2025-03-07,Vegesack,0,0,0,0,0,0,0,0,0,0,0,0,0,0,0
2025-03-07,Walle,0,0,0,0,0,0,0,0,0,0,0,0,0,0,0
2025-03-07,Woltmershausen,0,0,0,0,0,0,0,0,0,0,0,0,0,0,0
2025-03-07,Östliche Vorstadt,0,0,0,0,0,0,0,0,0,0,0,0,0,0,0
2025-03-08,Blockland,0,0,0,0,0,0,0,0,0,0,0,0,0,0,0
2025-03-08,Blumenthal,0,0,0,0,0,0,0,0,0,0,0,0,0,0,0
2025-03-08,Borgfeld,0,0,0,0,0,0,0,0,0,0,0,0,0,0,0
2025-03-08,Burglesum,0,0,0,0,0,0,0,0,0,0,0,0,0,0,0
2025-03-08,Findorff,0,0,0,0,0,0,0,0,0,0,0,0,0,0,0
2025-03-08,Gröpelingen,0,0,0,0,0,0,0,0,0,0,0,0,0,0,0
2025-03-08,Hemelingen,0,0,0,0,0,0,0,0,0,0,0,0,0,0,0
2025-03-08,Horn-Lehe,0,0,0,0,0,0,0,0,0,0,0,0,0,0,0
2025-03-08,Huchting,0,0,0,0,0,0,0,0,0,0,0,0,0,0,0
2025-03-08,Häfen,0,0,0,0,0,0,0,0,0,0,0,0,0,0,0
2025-03-08,Mitte,0,0,0,0,0,0,0,0,0,0,0,0,0,0,0
2025-03-08,Neustadt,0,0,0,0,0,0,0,0,0,0,0,0,0,0,0
2025-03-08,Oberneuland,0,0,0,0,0,0,0,0,0,0,0,0,0,0,0
2025-03-08,Obervieland,0,0,0,0,0,0,0,0,0,0,0,0,0,0,0
2025-03-08,Osterholz,0,0,0,0,0,0,0,0,0,0,0,0,0,0,0
2025-03-08,Schwachhausen,0,0,0,0,0,0,0,0,0,0,0,0,0,0,0
2025-03-08,Seehausen,0,0,0,0,0,0,0,0,0,0,0,0,0,0,0
2025-03-08,Strom,0,0,0,0,0,0,0,0,0,0,0,0,0,0,0
2025-03-08,Vahr,0,0,0,0,0,0,0,0,0,0,0,0,0,0,0
2025-03-08,Vegesack,0,0,0,0,0,0,0,0,0,0,0,0,0,0,0
2025-03-08,Walle,0,0,0,0,0,0,0,0,0,0,0,0,0,0,0
2025-03-08,Woltmershausen,0,0,0,0,0,0,0,0,0,0,0,0,0,0,0
2025-03-08,Östliche Vorstadt,0,0,0,0,0,0,0,0,0,0,0,0,0,0,0
2025-03-09,Blockland,0,0,0,0,0,0,0,0,0,0,0,0,0,0,0
2025-03-09,Blumenthal,0,0,0,0,0,0,0,0,0,0,0,0,0,0,0
2025-03-09,Borgfeld,0,0,0,0,0,0,0,0,0,0,0,0,0,0,0
2025-03-09,Burglesum,0,0,0,0,0,0,0,0,0,0,0,0,0,0,0
2025-03-09,Findorff,0,0,0,0,0,0,0,0,0,0,0,0,0,0,0
2025-03-09,Gröpelingen,0,0,0,0,0,0,0,0,0,0,0,0,0,0,0
2025-03-09,Hemelingen,0,0,0,0,0,0,0,0,0,0,0,0,0,0,0
2025-03-09,Horn-Lehe,0,0,0,0,0,0,0,0,0,0,0,0,0,0,0
2025-03-09,Huchting,0,0,0,0,0,0,0,0,0,0,0,0,0,0,0
2025-03-09,Häfen,0,0,0,0,0,0,0,0,0,0,0,0,0,0,0
2025-03-09,Mitte,0,0,0,0,0,0,0,0,0,0,0,0,0,0,0
2025-03-09,Neustadt,0,0,0,0,0,0,0,0,0,0,0,0,0,0,0
2025-03-09,Oberneuland,0,0,0,0,0,0,0,0,0,0,0,0,0,0,0
2025-03-09,Obervieland,0,0,0,0,0,0,0,0,0,0,0,0,0,0,0
2025-03-09,Osterholz,0,0,0,0,0,0,0,0,0,0,0,0,0,0,0
2025-03-09,Schwachhausen,0,0,0,0,0,0,0,0,0,0,0,0,0,0,0
2025-03-09,Seehausen,0,0,0,0,0,0,0,0,0,0,0,0,0,0,0
2025-03-09,Strom,0,0,0,0,0,0,0,0,0,0,0,0,0,0,0
2025-03-09,Vahr,0,0,0,0,0,0,0,0,0,0,0,0,0,0,0
2025-03-09,Vegesack,0,0,0,0,0,0,0,0,0,0,0,0,0,0,0
2025-03-09,Walle,0,0,0,0,0,0,0,0,0,0,0,0,0,0,0
2025-03-09,Woltmershausen,0,0,0,0,0,0,0,0,0,0,0,0,0,0,0
2025-03-09,Östliche Vorstadt,0,0,0,0,0,0,0,0,0,0,0,0,0,0,0
2025-03-10,Blockland,0,0,0,0,0,0,0,0,0,0,0,0,0,0,0
2025-03-10,Blumenthal,0,0,0,0,0,0,0,0,0,0,0,0,0,0,0
2025-03-10,Borgfeld,0,0,0,0,0,0,0,0,0,0,0,0,0,0,0
2025-03-10,Burglesum,0,0,0,0,0,0,0,0,0,0,0,0,0,0,0
2025-03-10,Findorff,0,0,0,0,0,0,0,0,0,0,0,0,0,0,0
2025-03-10,Gröpelingen,0,0,0,0,0,0,0,0,0,0,0,0,0,0,0
2025-03-10,Hemelingen,0,0,0,0,0,0,0,0,0,0,0,0,0,0,0
2025-03-10,Horn-Lehe,0,0,0,0,0,0,0,0,0,0,0,0,0,0,0
2025-03-10,Huchting,0,0,0,0,0,0,0,0,0,0,0,0,0,0,0
2025-03-10,Häfen,0,0,0,0,0,0,0,0,0,0,0,0,0,0,0
2025-03-10,Mitte,0,0,0,0,0,0,0,0,0,0,0,0,0,0,0
2025-03-10,Neustadt,0,0,0,0,0,0,0,0,0,0,0,0,0,0,0
2025-03-10,Oberneuland,0,0,0,0,0,0,0,0,0,0,0,0,0,0,0
2025-03-10,Obervieland,0,0,0,0,0,0,0,0,0,0,0,0,0,0,0
2025-03-10,Osterholz,0,0,0,0,0,0,0,0,0,0,0,0,0,0,0
2025-03-10,Schwachhausen,0,0,0,0,0,0,0,0,0,0,0,0,0,0,0
2025-03-10,Seehausen,0,0,0,0,0,0,0,0,0,0,0,0,0,0,0
2025-03-10,Strom,0,0,0,0,0,0,0,0,0,0,0,0,0,0,0
2025-03-10,Vahr,0,0,0,0,0,0,0,0,0,0,0,0,0,0,0
2025-03-10,Vegesack,0,0,0,0,0,0,0,0,0,0,0,0,0,0,0
2025-03-10,Walle,0,0,0,0,0,0,0,0,0,0,0,0,0,0,0
2025-03-10,Woltmershausen,0,0,0,0,0,0,0,0,0,0,0,0,0,0,0
2025-03-10,Östliche Vorstadt,0,0,0,0,0,0,0,0,0,0,0,0,0,0,0
2025-03-11,Blockland,0,0,0,0,0,0,0,0,0,0,0,0,0,0,0
2025-03-11,Blumenthal,0,0,0,0,0,0,0,0,0,0,0,0,0,0,0
2025-03-11,Borgfeld,0,0,0,0,0,0,0,0,0,0,0,0,0,0,0
2025-03-11,Burglesum,0,0,0,0,0,0,0,0,0,0,0,0,0,0,0
2025-03-11,Findorff,0,0,0,0,0,0,0,0,0,0,0,0,0,0,0
2025-03-11,Gröpelingen,0,0,0,0,0,0,0,0,0,0,0,0,0,0,0
2025-03-11,Hemelingen,0,0,0,0,0,0,0,0,0,0,0,0,0,0,0
2025-03-11,Horn-Lehe,0,0,0,0,0,0,0,0,0,0,0,0,0,0,0
2025-03-11,Huchting,0,0,0,0,0,0,0,0,0,0,0,0,0,0,0
2025-03-11,Häfen,0,0,0,0,0,0,0,0,0,0,0,0,0,0,0
2025-03-11,Mitte,0,0,0,0,0,0,0,0,0,0,0,0,0,0,0
2025-03-11,Neustadt,0,0,0,0,0,0,0,0,0,0,0,0,0,0,0
2025-03-11,Oberneuland,0,0,0,0,0,0,0,0,0,0,0,0,0,0,0
2025-03-11,Obervieland,0,0,0,0,0,0,0,0,0,0,0,0,0,0,0
2025-03-11,Osterholz,0,0,0,0,0,0,0,0,0,0,0,0,0,0,0
2025-03-11,Schwachhausen,0,0,0,0,0,0,0,0,0,0,0,0,0,0,0
2025-03-11,Seehausen,0,0,0,0,0,0,0,0,0,0,0,0,0,0,0
2025-03-11,Strom,0,0,0,0,0,0,0,0,0,0,0,0,0,0,0
2025-03-11,Vahr,0,0,0,0,0,0,0,0,0,0,0,0,0,0,0
2025-03-11,Vegesack,0,0,0,0,0,0,0,0,0,0,0,0,0,0,0
2025-03-11,Walle,0,0,0,0,0,0,0,0,0,0,0,0,0,0,0
2025-03-11,Woltmershausen,0,0,0,0,0,0,0,0,0,0,0,0,0,0,0
2025-03-11,Östliche Vorstadt,0,0,0,0,0,0,0,0,0,0,0,0,0,0,0
2025-03-12,Blockland,0,0,0,0,0,0,0,0,0,0,0,0,0,0,0
2025-03-12,Blumenthal,0,0,0,0,0,0,0,0,0,0,0,0,0,0,0
2025-03-12,Borgfeld,0,0,0,0,0,0,0,0,0,0,0,0,0,0,0
2025-03-12,Burglesum,0,0,0,0,0,0,0,0,0,0,0,0,0,0,0
2025-03-12,Findorff,0,0,0,0,0,0,0,0,0,0,0,0,0,0,0
2025-03-12,Gröpelingen,0,0,0,0,0,0,0,0,0,0,0,0,0,0,0
2025-03-12,Hemelingen,0,0,0,0,0,0,0,0,0,0,0,0,0,0,0
2025-03-12,Horn-Lehe,0,0,0,0,0,0,0,0,0,0,0,0,0,0,0
2025-03-12,Huchting,0,0,0,0,0,0,0,0,0,0,0,0,0,0,0
2025-03-12,Häfen,0,0,0,0,0,0,0,0,0,0,0,0,0,0,0
2025-03-12,Mitte,0,0,0,0,0,0,0,0,0,0,0,0,0,0,0
2025-03-12,Neustadt,0,0,0,0,0,0,0,0,0,0,0,0,0,0,0
2025-03-12,Oberneuland,0,0,0,0,0,0,0,0,0,0,0,0,0,0,0
2025-03-12,Obervieland,0,0,0,0,0,0,0,0,0,0,0,0,0,0,0
2025-03-12,Osterholz,0,0,0,0,0,0,0,0,0,0,0,0,0,0,0
2025-03-12,Schwachhausen,0,0,0,0,0,0,0,0,0,0,0,0,0,0,0
2025-03-12,Seehausen,0,0,0,0,0,0,0,0,0,0,0,0,0,0,0
2025-03-12,Strom,0,0,0,0,0,0,0,0,0,0,0,0,0,0,0
2025-03-12,Vahr,0,0,0,0,0,0,0,0,0,0,0,0,0,0,0
2025-03-12,Vegesack,0,0,0,0,0,0,0,0,0,0,0,0,0,0,0
2025-03-12,Walle,0,0,0,0,0,0,0,0,0,0,0,0,0,0,0
2025-03-12,Woltmershausen,0,0,0,0,0,0,0,0,0,0,0,0,0,0,0
2025-03-12,Östliche Vorstadt,0,0,0,0,0,0,0,0,0,0,0,0,0,0,0
2025-03-13,Blockland,0,0,0,0,0,0,0,0,0,0,0,0,0,0,0
2025-03-13,Blumenthal,0,0,0,0,0,0,0,0,0,0,0,0,0,0,0
2025-03-13,Borgfeld,0,0,0,0,0,0,0,0,0,0,0,0,0,0,0
2025-03-13,Burglesum,0,0,0,0,0,0,0,0,0,0,0,0,0,0,0
2025-03-13,Findorff,0,0,0,0,0,0,0,0,0,0,0,0,0,0,0
2025-03-13,Gröpelingen,0,0,0,0,0,0,0,0,0,0,0,0,0,0,0
2025-03-13,Hemelingen,0,0,0,0,0,0,0,0,0,0,0,0,0,0,0
2025-03-13,Horn-Lehe,0,0,0,0,0,0,0,0,0,0,0,0,0,0,0
2025-03-13,Huchting,0,0,0,0,0,0,0,0,0,0,0,0,0,0,0
2025-03-13,Häfen,0,0,0,0,0,0,0,0,0,0,0,0,0,0,0
2025-03-13,Mitte,0,0,0,0,0,0,0,0,0,0,0,0,0,0,0
2025-03-13,Neustadt,0,0,0,0,0,0,0,0,0,0,0,0,0,0,0
2025-03-13,Oberneuland,0,0,0,0,0,0,0,0,0,0,0,0,0,0,0
2025-03-13,Obervieland,0,0,0,0,0,0,0,0,0,0,0,0,0,0,0
2025-03-13,Osterholz,0,0,0,0,0,0,0,0,0,0,0,0,0,0,0
2025-03-13,Schwachhausen,0,0,0,0,0,0,0,0,0,0,0,0,0,0,0
2025-03-13,Seehausen,0,0,0,0,0,0,0,0,0,0,0,0,0,0,0
2025-03-13,Strom,0,0,0,0,0,0,0,0,0,0,0,0,0,0,0
2025-03-13,Vahr,0,0,0,0,0,0,0,0,0,0,0,0,0,0,0
2025-03-13,Vegesack,0,0,0,0,0,0,0,0,0,0,0,0,0,0,0
2025-03-13,Walle,0,0,0,0,0,0,0,0,0,0,0,0,0,0,0
2025-03-13,Woltmershausen,0,0,0,0,0,0,0,0,0,0,0,0,0,0,0
2025-03-13,Östliche Vorstadt,0,0,0,0,0,0,0,0,0,0,0,0,0,0,0
2025-03-14,Blockland,0,0,0,0,0,0,0,0,0,0,0,0,0,0,0
2025-03-14,Blumenthal,0,0,0,0,0,0,0,0,0,0,0,0,0,0,0
2025-03-14,Borgfeld,0,0,0,0,0,0,0,0,0,0,0,0,0,0,0
2025-03-14,Burglesum,0,0,0,0,0,0,0,0,0,0,0,0,0,0,0
2025-03-14,Findorff,0,0,0,0,0,0,0,0,0,0,0,0,0,0,0
2025-03-14,Gröpelingen,0,0,0,0,0,0,0,0,0,0,0,0,0,0,0
2025-03-14,Hemelingen,0,0,0,0,0,0,0,0,0,0,0,0,0,0,0
2025-03-14,Horn-Lehe,0,0,0,0,0,0,0,0,0,0,0,0,0,0,0
2025-03-14,Huchting,0,0,0,0,0,0,0,0,0,0,0,0,0,0,0
2025-03-14,Häfen,0,0,0,0,0,0,0,0,0,0,0,0,0,0,0
2025-03-14,Mitte,0,0,0,0,0,0,0,0,0,0,0,0,0,0,0
2025-03-14,Neustadt,0,0,0,0,0,0,0,0,0,0,0,0,0,0,0
2025-03-14,Oberneuland,0,0,0,0,0,0,0,0,0,0,0,0,0,0,0
2025-03-14,Obervieland,0,0,0,0,0,0,0,0,0,0,0,0,0,0,0
2025-03-14,Osterholz,0,0,0,0,0,0,0,0,0,0,0,0,0,0,0
2025-03-14,Schwachhausen,0,0,0,0,0,0,0,0,0,0,0,0,0,0,0
2025-03-14,Seehausen,0,0,0,0,0,0,0,0,0,0,0,0,0,0,0
2025-03-14,Strom,0,0,0,0,0,0,0,0,0,0,0,0,0,0,0
2025-03-14,Vahr,0,0,0,0,0,0,0,0,0,0,0,0,0,0,0
2025-03-14,Vegesack,0,0,0,0,0,0,0,0,0,0,0,0,0,0,0
2025-03-14,Walle,0,0,0,0,0,0,0,0,0,0,0,0,0,0,0
2025-03-14,Woltmershausen,0,0,0,0,0,0,0,0,0,0,0,0,0,0,0
2025-03-14,Östliche Vorstadt,0,0,0,0,0,0,0,0,0,0,0,0,0,0,0
2025-03-15,Blockland,0,0,0,0,0,0,0,0,0,0,0,0,0,0,0
2025-03-15,Blumenthal,0,0,0,0,0,0,0,0,0,0,0,0,0,0,0
2025-03-15,Borgfeld,0,0,0,0,0,0,0,0,0,0,0,0,0,0,0
2025-03-15,Burglesum,0,0,0,0,0,0,0,0,0,0,0,0,0,0,0
2025-03-15,Findorff,0,0,0,0,0,0,0,0,0,0,0,0,0,0,0
2025-03-15,Gröpelingen,0,0,0,0,0,0,0,0,0,0,0,0,0,0,0
2025-03-15,Hemelingen,0,0,0,0,0,0,0,0,0,0,0,0,0,0,0
2025-03-15,Horn-Lehe,0,0,0,0,0,0,0,0,0,0,0,0,0,0,0
2025-03-15,Huchting,0,0,0,0,0,0,0,0,0,0,0,0,0,0,0
2025-03-15,Häfen,0,0,0,0,0,0,0,0,0,0,0,0,0,0,0
2025-03-15,Mitte,0,0,0,0,0,0,0,0,0,0,0,0,0,0,0
2025-03-15,Neustadt,0,0,0,0,0,0,0,0,0,0,0,0,0,0,0
2025-03-15,Oberneuland,0,0,0,0,0,0,0,0,0,0,0,0,0,0,0
2025-03-15,Obervieland,0,0,0,0,0,0,0,0,0,0,0,0,0,0,0
2025-03-15,Osterholz,0,0,0,0,0,0,0,0,0,0,0,0,0,0,0
2025-03-15,Schwachhausen,0,0,0,0,0,0,0,0,0,0,0,0,0,0,0
2025-03-15,Seehausen,0,0,0,0,0,0,0,0,0,0,0,0,0,0,0
2025-03-15,Strom,0,0,0,0,0,0,0,0,0,0,0,0,0,0,0
2025-03-15,Vahr,0,0,0,0,0,0,0,0,0,0,0,0,0,0,0
2025-03-15,Vegesack,0,0,0,0,0,0,0,0,0,0,0,0,0,0,0
2025-03-15,Walle,0,0,0,0,0,0,0,0,0,0,0,0,0,0,0
2025-03-15,Woltmershausen,0,0,0,0,0,0,0,0,0,0,0,0,0,0,0
2025-03-15,Östliche Vorstadt,0,0,0,0,0,0,0,0,0,0,0,0,0,0,0
2025-03-16,Blockland,0,0,0,0,0,0,0,0,0,0,0,0,0,0,0
2025-03-16,Blumenthal,0,0,0,0,0,0,0,0,0,0,0,0,0,0,0
2025-03-16,Borgfeld,0,0,0,0,0,0,0,0,0,0,0,0,0,0,0
2025-03-16,Burglesum,0,0,0,0,0,0,0,0,0,0,0,0,0,0,0
2025-03-16,Findorff,0,0,0,0,0,0,0,0,0,0,0,0,0,0,0
2025-03-16,Gröpelingen,0,0,0,0,0,0,0,0,0,0,0,0,0,0,0
2025-03-16,Hemelingen,0,0,0,0,0,0,0,0,0,0,0,0,0,0,0
2025-03-16,Horn-Lehe,0,0,0,0,0,0,0,0,0,0,0,0,0,0,0
2025-03-16,Huchting,0,0,0,0,0,0,0,0,0,0,0,0,0,0,0
2025-03-16,Häfen,0,0,0,0,0,0,0,0,0,0,0,0,0,0,0
2025-03-16,Mitte,0,0,0,0,0,0,0,0,0,0,0,0,0,0,0
2025-03-16,Neustadt,0,0,0,0,0,0,0,0,0,0,0,0,0,0,0
2025-03-16,Oberneuland,0,0,0,0,0,0,0,0,0,0,0,0,0,0,0
2025-03-16,Obervieland,0,0,0,0,0,0,0,0,0,0,0,0,0,0,0
2025-03-16,Osterholz,0,0,0,0,0,0,0,0,0,0,0,0,0,0,0
2025-03-16,Schwachhausen,0,0,0,0,0,0,0,0,0,0,0,0,0,0,0
2025-03-16,Seehausen,0,0,0,0,0,0,0,0,0,0,0,0,0,0,0
2025-03-16,Strom,0,0,0,0,0,0,0,0,0,0,0,0,0,0,0
2025-03-16,Vahr,0,0,0,0,0,0,0,0,0,0,0,0,0,0,0
2025-03-16,Vegesack,0,0,0,0,0,0,0,0,0,0,0,0,0,0,0
2025-03-16,Walle,0,0,0,0,0,0,0,0,0,0,0,0,0,0,0
2025-03-16,Woltmershausen,0,0,0,0,0,0,0,0,0,0,0,0,0,0,0
2025-03-16,Östliche Vorstadt,0,0,0,0,0,0,0,0,0,0,0,0,0,0,0
2025-03-17,Blockland,0,0,0,0,0,0,0,0,0,0,0,0,0,0,0
2025-03-17,Blumenthal,0,0,0,0,0,0,0,0,0,0,0,0,0,0,0
2025-03-17,Borgfeld,0,0,0,0,0,0,0,0,0,0,0,0,0,0,0
2025-03-17,Burglesum,0,0,0,0,0,0,0,0,0,0,0,0,0,0,0
2025-03-17,Findorff,0,0,0,0,0,0,0,0,0,0,0,0,0,0,0
2025-03-17,Gröpelingen,0,0,0,0,0,0,0,0,0,0,0,0,0,0,0
2025-03-17,Hemelingen,0,0,0,0,0,0,0,0,0,0,0,0,0,0,0
2025-03-17,Horn-Lehe,0,0,0,0,0,0,0,0,0,0,0,0,0,0,0
2025-03-17,Huchting,0,0,0,0,0,0,0,0,0,0,0,0,0,0,0
2025-03-17,Häfen,0,0,0,0,0,0,0,0,0,0,0,0,0,0,0
2025-03-17,Mitte,0,0,0,0,0,0,0,0,0,0,0,0,0,0,0
2025-03-17,Neustadt,0,0,0,0,0,0,0,0,0,0,0,0,0,0,0
2025-03-17,Oberneuland,0,0,0,0,0,0,0,0,0,0,0,0,0,0,0
2025-03-17,Obervieland,0,0,0,0,0,0,0,0,0,0,0,0,0,0,0
2025-03-17,Osterholz,0,0,0,0,0,0,0,0,0,0,0,0,0,0,0
2025-03-17,Schwachhausen,0,0,0,0,0,0,0,0,0,0,0,0,0,0,0
2025-03-17,Seehausen,0,0,0,0,0,0,0,0,0,0,0,0,0,0,0
2025-03-17,Strom,0,0,0,0,0,0,0,0,0,0,0,0,0,0,0
2025-03-17,Vahr,0,0,0,0,0,0,0,0,0,0,0,0,0,0,0
2025-03-17,Vegesack,0,0,0,0,0,0,0,0,0,0,0,0,0,0,0
2025-03-17,Walle,0,0,0,0,0,0,0,0,0,0,0,0,0,0,0
2025-03-17,Woltmershausen,0,0,0,0,0,0,0,0,0,0,0,0,0,0,0
2025-03-17,Östliche Vorstadt,0,0,0,0,0,0,0,0,0,0,0,0,0,0,0
2025-03-18,Blockland,0,0,0,0,0,0,0,0,0,0,0,0,0,0,0
2025-03-18,Blumenthal,0,0,0,0,0,0,0,0,0,0,0,0,0,0,0
2025-03-18,Borgfeld,0,0,0,0,0,0,0,0,0,0,0,0,0,0,0
2025-03-18,Burglesum,0,0,0,0,0,0,0,0,0,0,0,0,0,0,0
2025-03-18,Findorff,0,0,0,0,0,0,0,0,0,0,0,0,0,0,0
2025-03-18,Gröpelingen,0,0,0,0,0,0,0,0,0,0,0,0,0,0,0
2025-03-18,Hemelingen,0,0,0,0,0,0,0,0,0,0,0,0,0,0,0
2025-03-18,Horn-Lehe,0,0,0,0,0,0,0,0,0,0,0,0,0,0,0
2025-03-18,Huchting,0,0,0,0,0,0,0,0,0,0,0,0,0,0,0
2025-03-18,Häfen,0,0,0,0,0,0,0,0,0,0,0,0,0,0,0
2025-03-18,Mitte,0,0,0,0,0,0,0,0,0,0,0,0,0,0,0
2025-03-18,Neustadt,0,0,0,0,0,0,0,0,0,0,0,0,0,0,0
2025-03-18,Oberneuland,0,0,0,0,0,0,0,0,0,0,0,0,0,0,0
2025-03-18,Obervieland,0,0,0,0,0,0,0,0,0,0,0,0,0,0,0
2025-03-18,Osterholz,0,0,0,0,0,0,0,0,0,0,0,0,0,0,0
2025-03-18,Schwachhausen,0,0,0,0,0,0,0,0,0,0,0,0,0,0,0
2025-03-18,Seehausen,0,0,0,0,0,0,0,0,0,0,0,0,0,0,0
2025-03-18,Strom,0,0,0,0,0,0,0,0,0,0,0,0,0,0,0
2025-03-18,Vahr,0,0,0,0,0,0,0,0,0,0,0,0,0,0,0
2025-03-18,Vegesack,0,0,0,0,0,0,0,0,0,0,0,0,0,0,0
2025-03-18,Walle,0,0,0,0,0,0,0,0,0,0,0,0,0,0,0
2025-03-18,Woltmershausen,0,0,0,0,0,0,0,0,0,0,0,0,0,0,0
2025-03-18,Östliche Vorstadt,0,0,0,0,0,0,0,0,0,0,0,0,0,0,0
2025-03-19,Blockland,0,0,0,0,0,0,0,0,0,0,0,0,0,0,0
2025-03-19,Blumenthal,0,0,0,0,0,0,0,0,0,0,0,0,0,0,0
2025-03-19,Borgfeld,0,0,0,0,0,0,0,0,0,0,0,0,0,0,0
2025-03-19,Burglesum,0,0,0,0,0,0,0,0,0,0,0,0,0,0,0
2025-03-19,Findorff,0,0,0,0,0,0,0,0,0,0,0,0,0,0,0
2025-03-19,Gröpelingen,0,0,0,0,0,0,0,0,0,0,0,0,0,0,0
2025-03-19,Hemelingen,0,0,0,0,0,0,0,0,0,0,0,0,0,0,0
2025-03-19,Horn-Lehe,0,0,0,0,0,0,0,0,0,0,0,0,0,0,0
2025-03-19,Huchting,0,0,0,0,0,0,0,0,0,0,0,0,0,0,0
2025-03-19,Häfen,0,0,0,0,0,0,0,0,0,0,0,0,0,0,0
2025-03-19,Mitte,0,0,0,0,0,0,0,0,0,0,0,0,0,0,0
2025-03-19,Neustadt,0,0,0,0,0,0,0,0,0,0,0,0,0,0,0
2025-03-19,Oberneuland,0,0,0,0,0,0,0,0,0,0,0,0,0,0,0
2025-03-19,Obervieland,0,0,0,0,0,0,0,0,0,0,0,0,0,0,0
2025-03-19,Osterholz,0,0,0,0,0,0,0,0,0,0,0,0,0,0,0
2025-03-19,Schwachhausen,0,0,0,0,0,0,0,0,0,0,0,0,0,0,0
2025-03-19,Seehausen,0,0,0,0,0,0,0,0,0,0,0,0,0,0,0
2025-03-19,Strom,0,0,0,0,0,0,0,0,0,0,0,0,0,0,0
2025-03-19,Vahr,0,0,0,0,0,0,0,0,0,0,0,0,0,0,0
2025-03-19,Vegesack,0,0,0,0,0,0,0,0,0,0,0,0,0,0,0
2025-03-19,Walle,0,0,0,0,0,0,0,0,0,0,0,0,0,0,0
2025-03-19,Woltmershausen,0,0,0,0,0,0,0,0,0,0,0,0,0,0,0
2025-03-19,Östliche Vorstadt,0,0,0,0,0,0,0,0,0,0,0,0,0,0,0
2025-03-20,Blockland,0,0,0,0,0,0,0,0,0,0,0,0,0,0,0
2025-03-20,Blumenthal,0,0,0,0,0,0,0,0,0,0,0,0,0,0,0
2025-03-20,Borgfeld,0,0,0,0,0,0,0,0,0,0,0,0,0,0,0
2025-03-20,Burglesum,0,0,0,0,0,0,0,0,0,0,0,0,0,0,0
2025-03-20,Findorff,0,0,0,0,0,0,0,0,0,0,0,0,0,0,0
2025-03-20,Gröpelingen,0,0,0,0,0,0,0,0,0,0,0,0,0,0,0
2025-03-20,Hemelingen,0,0,0,0,0,0,0,0,0,0,0,0,0,0,0
2025-03-20,Horn-Lehe,0,0,0,0,0,0,0,0,0,0,0,0,0,0,0
2025-03-20,Huchting,0,0,0,0,0,0,0,0,0,0,0,0,0,0,0
2025-03-20,Häfen,0,0,0,0,0,0,0,0,0,0,0,0,0,0,0
2025-03-20,Mitte,0,0,0,0,0,0,0,0,0,0,0,0,0,0,0
2025-03-20,Neustadt,0,0,0,0,0,0,0,0,0,0,0,0,0,0,0
2025-03-20,Oberneuland,0,0,0,0,0,0,0,0,0,0,0,0,0,0,0
2025-03-20,Obervieland,0,0,0,0,0,0,0,0,0,0,0,0,0,0,0
2025-03-20,Osterholz,0,0,0,0,0,0,0,0,0,0,0,0,0,0,0
2025-03-20,Schwachhausen,0,0,0,0,0,0,0,0,0,0,0,0,0,0,0
2025-03-20,Seehausen,0,0,0,0,0,0,0,0,0,0,0,0,0,0,0
2025-03-20,Strom,0,0,0,0,0,0,0,0,0,0,0,0,0,0,0
2025-03-20,Vahr,0,0,0,0,0,0,0,0,0,0,0,0,0,0,0
2025-03-20,Vegesack,0,0,0,0,0,0,0,0,0,0,0,0,0,0,0
2025-03-20,Walle,0,0,0,0,0,0,0,0,0,0,0,0,0,0,0
2025-03-20,Woltmershausen,0,0,0,0,0,0,0,0,0,0,0,0,0,0,0
2025-03-20,Östliche Vorstadt,0,0,0,0,0,0,0,0,0,0,0,0,0,0,0
2025-03-21,Blockland,0,0,0,0,0,0,0,0,0,0,0,0,0,0,0
2025-03-21,Blumenthal,0,0,0,0,0,0,0,0,0,0,0,0,0,0,0
2025-03-21,Borgfeld,0,0,0,0,0,0,0,0,0,0,0,0,0,0,0
2025-03-21,Burglesum,0,0,0,0,0,0,0,0,0,0,0,0,0,0,0
2025-03-21,Findorff,0,0,0,0,0,0,0,0,0,0,0,0,0,0,0
2025-03-21,Gröpelingen,0,0,0,0,0,0,0,0,0,0,0,0,0,0,0
2025-03-21,Hemelingen,0,0,0,0,0,0,0,0,0,0,0,0,0,0,0
2025-03-21,Horn-Lehe,0,0,0,0,0,0,0,0,0,0,0,0,0,0,0
2025-03-21,Huchting,0,0,0,0,0,0,0,0,0,0,0,0,0,0,0
2025-03-21,Häfen,0,0,0,0,0,0,0,0,0,0,0,0,0,0,0
2025-03-21,Mitte,0,0,0,0,0,0,0,0,0,0,0,0,0,0,0
2025-03-21,Neustadt,0,0,0,0,0,0,0,0,0,0,0,0,0,0,0
2025-03-21,Oberneuland,0,0,0,0,0,0,0,0,0,0,0,0,0,0,0
2025-03-21,Obervieland,0,0,0,0,0,0,0,0,0,0,0,0,0,0,0
2025-03-21,Osterholz,0,0,0,0,0,0,0,0,0,0,0,0,0,0,0
2025-03-21,Schwachhausen,0,0,0,0,0,0,0,0,0,0,0,0,0,0,0
2025-03-21,Seehausen,0,0,0,0,0,0,0,0,0,0,0,0,0,0,0
2025-03-21,Strom,0,0,0,0,0,0,0,0,0,0,0,0,0,0,0
2025-03-21,Vahr,0,0,0,0,0,0,0,0,0,0,0,0,0,0,0
2025-03-21,Vegesack,0,0,0,0,0,0,0,0,0,0,0,0,0,0,0
2025-03-21,Walle,0,0,0,0,0,0,0,0,0,0,0,0,0,0,0
2025-03-21,Woltmershausen,0,0,0,0,0,0,0,0,0,0,0,0,0,0,0
2025-03-21,Östliche Vorstadt,0,0,0,0,0,0,0,0,0,0,0,0,0,0,0
2025-03-22,Blockland,0,0,0,0,0,0,0,0,0,0,0,0,0,0,0
2025-03-22,Blumenthal,0,0,0,0,0,0,0,0,0,0,0,0,0,0,0
2025-03-22,Borgfeld,0,0,0,0,0,0,0,0,0,0,0,0,0,0,0
2025-03-22,Burglesum,0,0,0,0,0,0,0,0,0,0,0,0,0,0,0
2025-03-22,Findorff,0,0,0,0,0,0,0,0,0,0,0,0,0,0,0
2025-03-22,Gröpelingen,0,0,0,0,0,0,0,0,0,0,0,0,0,0,0
2025-03-22,Hemelingen,0,0,0,0,0,0,0,0,0,0,0,0,0,0,0
2025-03-22,Horn-Lehe,0,0,0,0,0,0,0,0,0,0,0,0,0,0,0
2025-03-22,Huchting,0,0,0,0,0,0,0,0,0,0,0,0,0,0,0
2025-03-22,Häfen,0,0,0,0,0,0,0,0,0,0,0,0,0,0,0
2025-03-22,Mitte,0,0,0,0,0,0,0,0,0,0,0,0,0,0,0
2025-03-22,Neustadt,0,0,0,0,0,0,0,0,0,0,0,0,0,0,0
2025-03-22,Oberneuland,0,0,0,0,0,0,0,0,0,0,0,0,0,0,0
2025-03-22,Obervieland,0,0,0,0,0,0,0,0,0,0,0,0,0,0,0
2025-03-22,Osterholz,0,0,0,0,0,0,0,0,0,0,0,0,0,0,0
2025-03-22,Schwachhausen,0,0,0,0,0,0,0,0,0,0,0,0,0,0,0
2025-03-22,Seehausen,0,0,0,0,0,0,0,0,0,0,0,0,0,0,0
2025-03-22,Strom,0,0,0,0,0,0,0,0,0,0,0,0,0,0,0
2025-03-22,Vahr,0,0,0,0,0,0,0,0,0,0,0,0,0,0,0
2025-03-22,Vegesack,0,0,0,0,0,0,0,0,0,0,0,0,0,0,0
2025-03-22,Walle,0,0,0,0,0,0,0,0,0,0,0,0,0,0,0
2025-03-22,Woltmershausen,0,0,0,0,0,0,0,0,0,0,0,0,0,0,0
2025-03-22,Östliche Vorstadt,0,0,0,0,0,0,0,0,0,0,0,0,0,0,0
2025-03-23,Blockland,0,0,0,0,0,0,0,0,0,0,0,0,0,0,0
2025-03-23,Blumenthal,0,0,0,0,0,0,0,0,0,0,0,0,0,0,0
2025-03-23,Borgfeld,0,0,0,0,0,0,0,0,0,0,0,0,0,0,0
2025-03-23,Burglesum,0,0,0,0,0,0,0,0,0,0,0,0,0,0,0
2025-03-23,Findorff,0,0,0,0,0,0,0,0,0,0,0,0,0,0,0
2025-03-23,Gröpelingen,0,0,0,0,0,0,0,0,0,0,0,0,0,0,0
2025-03-23,Hemelingen,0,0,0,0,0,0,0,0,0,0,0,0,0,0,0
2025-03-23,Horn-Lehe,0,0,0,0,0,0,0,0,0,0,0,0,0,0,0
2025-03-23,Huchting,0,0,0,0,0,0,0,0,0,0,0,0,0,0,0
2025-03-23,Häfen,0,0,0,0,0,0,0,0,0,0,0,0,0,0,0
2025-03-23,Mitte,0,0,0,0,0,0,0,0,0,0,0,0,0,0,0
2025-03-23,Neustadt,0,0,0,0,0,0,0,0,0,0,0,0,0,0,0
2025-03-23,Oberneuland,0,0,0,0,0,0,0,0,0,0,0,0,0,0,0
2025-03-23,Obervieland,0,0,0,0,0,0,0,0,0,0,0,0,0,0,0
2025-03-23,Osterholz,0,0,0,0,0,0,0,0,0,0,0,0,0,0,0
2025-03-23,Schwachhausen,0,0,0,0,0,0,0,0,0,0,0,0,0,0,0
2025-03-23,Seehausen,0,0,0,0,0,0,0,0,0,0,0,0,0,0,0
2025-03-23,Strom,0,0,0,0,0,0,0,0,0,0,0,0,0,0,0
2025-03-23,Vahr,0,0,0,0,0,0,0,0,0,0,0,0,0,0,0
2025-03-23,Vegesack,0,0,0,0,0,0,0,0,0,0,0,0,0,0,0
2025-03-23,Walle,0,0,0,0,0,0,0,0,0,0,0,0,0,0,0
2025-03-23,Woltmershausen,0,0,0,0,0,0,0,0,0,0,0,0,0,0,0
2025-03-23,Östliche Vorstadt,0,0,0,0,0,0,0,0,0,0,0,0,0,0,0
2025-03-24,Blockland,0,0,0,0,0,0,0,0,0,0,0,0,0,0,0
2025-03-24,Blumenthal,0,0,0,0,0,0,0,0,0,0,0,0,0,0,0
2025-03-24,Borgfeld,0,0,0,0,0,0,0,0,0,0,0,0,0,0,0
2025-03-24,Burglesum,0,0,0,0,0,0,0,0,0,0,0,0,0,0,0
2025-03-24,Findorff,0,0,0,0,0,0,0,0,0,0,0,0,0,0,0
2025-03-24,Gröpelingen,0,0,0,0,0,0,0,0,0,0,0,0,0,0,0
2025-03-24,Hemelingen,0,0,0,0,0,0,0,0,0,0,0,0,0,0,0
2025-03-24,Horn-Lehe,0,0,0,0,0,0,0,0,0,0,0,0,0,0,0
2025-03-24,Huchting,0,0,0,0,0,0,0,0,0,0,0,0,0,0,0
2025-03-24,Häfen,0,0,0,0,0,0,0,0,0,0,0,0,0,0,0
2025-03-24,Mitte,0,0,0,0,0,0,0,0,0,0,0,0,0,0,0
2025-03-24,Neustadt,0,0,0,0,0,0,0,0,0,0,0,0,0,0,0
2025-03-24,Oberneuland,0,0,0,0,0,0,0,0,0,0,0,0,0,0,0
2025-03-24,Obervieland,0,0,0,0,0,0,0,0,0,0,0,0,0,0,0
2025-03-24,Osterholz,0,0,0,0,0,0,0,0,0,0,0,0,0,0,0
2025-03-24,Schwachhausen,0,0,0,0,0,0,0,0,0,0,0,0,0,0,0
2025-03-24,Seehausen,0,0,0,0,0,0,0,0,0,0,0,0,0,0,0
2025-03-24,Strom,0,0,0,0,0,0,0,0,0,0,0,0,0,0,0
2025-03-24,Vahr,0,0,0,0,0,0,0,0,0,0,0,0,0,0,0
2025-03-24,Vegesack,0,0,0,0,0,0,0,0,0,0,0,0,0,0,0
2025-03-24,Walle,0,0,0,0,0,0,0,0,0,0,0,0,0,0,0
2025-03-24,Woltmershausen,0,0,0,0,0,0,0,0,0,0,0,0,0,0,0
2025-03-24,Östliche Vorstadt,0,0,0,0,0,0,0,0,0,0,0,0,0,0,0
2025-03-25,Blockland,0,0,0,0,0,0,0,0,0,0,0,0,0,0,0
2025-03-25,Blumenthal,0,0,0,0,0,0,0,0,0,0,0,0,0,0,0
2025-03-25,Borgfeld,0,0,0,0,0,0,0,0,0,0,0,0,0,0,0
2025-03-25,Burglesum,0,0,0,0,0,0,0,0,0,0,0,0,0,0,0
2025-03-25,Findorff,0,0,0,0,0,0,0,0,0,0,0,0,0,0,0
2025-03-25,Gröpelingen,0,0,0,0,0,0,0,0,0,0,0,0,0,0,0
2025-03-25,Hemelingen,0,0,0,0,0,0,0,0,0,0,0,0,0,0,0
2025-03-25,Horn-Lehe,0,0,0,0,0,0,0,0,0,0,0,0,0,0,0
2025-03-25,Huchting,0,0,0,0,0,0,0,0,0,0,0,0,0,0,0
2025-03-25,Häfen,0,0,0,0,0,0,0,0,0,0,0,0,0,0,0
2025-03-25,Mitte,0,0,0,0,0,0,0,0,0,0,0,0,0,0,0
2025-03-25,Neustadt,0,0,0,0,0,0,0,0,0,0,0,0,0,0,0
2025-03-25,Oberneuland,0,0,0,0,0,0,0,0,0,0,0,0,0,0,0
2025-03-25,Obervieland,0,0,0,0,0,0,0,0,0,0,0,0,0,0,0
2025-03-25,Osterholz,0,0,0,0,0,0,0,0,0,0,0,0,0,0,0
2025-03-25,Schwachhausen,0,0,0,0,0,0,0,0,0,0,0,0,0,0,0
2025-03-25,Seehausen,0,0,0,0,0,0,0,0,0,0,0,0,0,0,0
2025-03-25,Strom,0,0,0,0,0,0,0,0,0,0,0,0,0,0,0
2025-03-25,Vahr,0,0,0,0,0,0,0,0,0,0,0,0,0,0,0
2025-03-25,Vegesack,0,0,0,0,0,0,0,0,0,0,0,0,0,0,0
2025-03-25,Walle,0,0,0,0,0,0,0,0,0,0,0,0,0,0,0
2025-03-25,Woltmershausen,0,0,0,0,0,0,0,0,0,0,0,0,0,0,0
2025-03-25,Östliche Vorstadt,0,0,0,0,0,0,0,0,0,0,0,0,0,0,0
2025-03-26,Blockland,0,0,0,0,0,0,0,0,0,0,0,0,0,0,0
2025-03-26,Blumenthal,0,0,0,0,0,0,0,0,0,0,0,0,0,0,0
2025-03-26,Borgfeld,0,0,0,0,0,0,0,0,0,0,0,0,0,0,0
2025-03-26,Burglesum,0,0,0,0,0,0,0,0,0,0,0,0,0,0,0
2025-03-26,Findorff,0,0,0,0,0,0,0,0,0,0,0,0,0,0,0
2025-03-26,Gröpelingen,0,0,0,0,0,0,0,0,0,0,0,0,0,0,0
2025-03-26,Hemelingen,0,0,0,0,0,0,0,0,0,0,0,0,0,0,0
2025-03-26,Horn-Lehe,0,0,0,0,0,0,0,0,0,0,0,0,0,0,0
2025-03-26,Huchting,0,0,0,0,0,0,0,0,0,0,0,0,0,0,0
2025-03-26,Häfen,0,0,0,0,0,0,0,0,0,0,0,0,0,0,0
2025-03-26,Mitte,0,0,0,0,0,0,0,0,0,0,0,0,0,0,0
2025-03-26,Neustadt,0,0,0,0,0,0,0,0,0,0,0,0,0,0,0
2025-03-26,Oberneuland,0,0,0,0,0,0,0,0,0,0,0,0,0,0,0
2025-03-26,Obervieland,0,0,0,0,0,0,0,0,0,0,0,0,0,0,0
2025-03-26,Osterholz,0,0,0,0,0,0,0,0,0,0,0,0,0,0,0
2025-03-26,Schwachhausen,0,0,0,0,0,0,0,0,0,0,0,0,0,0,0
2025-03-26,Seehausen,0,0,0,0,0,0,0,0,0,0,0,0,0,0,0
2025-03-26,Strom,0,0,0,0,0,0,0,0,0,0,0,0,0,0,0
2025-03-26,Vahr,0,0,0,0,0,0,0,0,0,0,0,0,0,0,0
2025-03-26,Vegesack,0,0,0,0,0,0,0,0,0,0,0,0,0,0,0
2025-03-26,Walle,0,0,0,0,0,0,0,0,0,0,0,0,0,0,0
2025-03-26,Woltmershausen,0,0,0,0,0,0,0,0,0,0,0,0,0,0,0
2025-03-26,Östliche Vorstadt,0,0,0,0,0,0,0,0,0,0,0,0,0,0,0
2025-03-27,Blockland,0,0,0,0,0,0,0,0,0,0,0,0,0,0,0
2025-03-27,Blumenthal,0,0,0,0,0,0,0,0,0,0,0,0,0,0,0
2025-03-27,Borgfeld,0,0,0,0,0,0,0,0,0,0,0,0,0,0,0
2025-03-27,Burglesum,0,0,0,0,0,0,0,0,0,0,0,0,0,0,0
2025-03-27,Findorff,0,0,0,0,0,0,0,0,0,0,0,0,0,0,0
2025-03-27,Gröpelingen,0,0,0,0,0,0,0,0,0,0,0,0,0,0,0
2025-03-27,Hemelingen,0,0,0,0,0,0,0,0,0,0,0,0,0,0,0
2025-03-27,Horn-Lehe,0,0,0,0,0,0,0,0,0,0,0,0,0,0,0
2025-03-27,Huchting,0,0,0,0,0,0,0,0,0,0,0,0,0,0,0
2025-03-27,Häfen,0,0,0,0,0,0,0,0,0,0,0,0,0,0,0
2025-03-27,Mitte,0,0,0,0,0,0,0,0,0,0,0,0,0,0,0
2025-03-27,Neustadt,0,0,0,0,0,0,0,0,0,0,0,0,0,0,0
2025-03-27,Oberneuland,0,0,0,0,0,0,0,0,0,0,0,0,0,0,0
2025-03-27,Obervieland,0,0,0,0,0,0,0,0,0,0,0,0,0,0,0
2025-03-27,Osterholz,0,0,0,0,0,0,0,0,0,0,0,0,0,0,0
2025-03-27,Schwachhausen,0,0,0,0,0,0,0,0,0,0,0,0,0,0,0
2025-03-27,Seehausen,0,0,0,0,0,0,0,0,0,0,0,0,0,0,0
2025-03-27,Strom,0,0,0,0,0,0,0,0,0,0,0,0,0,0,0
2025-03-27,Vahr,0,0,0,0,0,0,0,0,0,0,0,0,0,0,0
2025-03-27,Vegesack,0,0,0,0,0,0,0,0,0,0,0,0,0,0,0
2025-03-27,Walle,0,0,0,0,0,0,0,0,0,0,0,0,0,0,0
2025-03-27,Woltmershausen,0,0,0,0,0,0,0,0,0,0,0,0,0,0,0
2025-03-27,Östliche Vorstadt,0,0,0,0,0,0,0,0,0,0,0,0,0,0,0
2025-03-28,Blockland,0,0,0,0,0,0,0,0,0,0,0,0,0,0,0
2025-03-28,Blumenthal,0,0,0,0,0,0,0,0,0,0,0,0,0,0,0
2025-03-28,Borgfeld,0,0,0,0,0,0,0,0,0,0,0,0,0,0,0
2025-03-28,Burglesum,0,0,0,0,0,0,0,0,0,0,0,0,0,0,0
2025-03-28,Findorff,0,0,0,0,0,0,0,0,0,0,0,0,0,0,0
2025-03-28,Gröpelingen,0,0,0,0,0,0,0,0,0,0,0,0,0,0,0
2025-03-28,Hemelingen,0,0,0,0,0,0,0,0,0,0,0,0,0,0,0
2025-03-28,Horn-Lehe,0,0,0,0,0,0,0,0,0,0,0,0,0,0,0
2025-03-28,Huchting,0,0,0,0,0,0,0,0,0,0,0,0,0,0,0
2025-03-28,Häfen,0,0,0,0,0,0,0,0,0,0,0,0,0,0,0
2025-03-28,Mitte,0,0,0,0,0,0,0,0,0,0,0,0,0,0,0
2025-03-28,Neustadt,0,0,0,0,0,0,0,0,0,0,0,0,0,0,0
2025-03-28,Oberneuland,0,0,0,0,0,0,0,0,0,0,0,0,0,0,0
2025-03-28,Obervieland,0,0,0,0,0,0,0,0,0,0,0,0,0,0,0
2025-03-28,Osterholz,0,0,0,0,0,0,0,0,0,0,0,0,0,0,0
2025-03-28,Schwachhausen,0,0,0,0,0,0,0,0,0,0,0,0,0,0,0
2025-03-28,Seehausen,0,0,0,0,0,0,0,0,0,0,0,0,0,0,0
2025-03-28,Strom,0,0,0,0,0,0,0,0,0,0,0,0,0,0,0
2025-03-28,Vahr,0,0,0,0,0,0,0,0,0,0,0,0,0,0,0
2025-03-28,Vegesack,0,0,0,0,0,0,0,0,0,0,0,0,0,0,0
2025-03-28,Walle,0,0,0,0,0,0,0,0,0,0,0,0,0,0,0
2025-03-28,Woltmershausen,0,0,0,0,0,0,0,0,0,0,0,0,0,0,0
2025-03-28,Östliche Vorstadt,0,0,0,0,0,0,0,0,0,0,0,0,0,0,0
2025-03-29,Blockland,0,0,0,0,0,0,0,0,0,0,0,0,0,0,0
2025-03-29,Blumenthal,0,0,0,0,0,0,0,0,0,0,0,0,0,0,0
2025-03-29,Borgfeld,0,0,0,0,0,0,0,0,0,0,0,0,0,0,0
2025-03-29,Burglesum,0,0,0,0,0,0,0,0,0,0,0,0,0,0,0
2025-03-29,Findorff,0,0,0,0,0,0,0,0,0,0,0,0,0,0,0
2025-03-29,Gröpelingen,0,0,0,0,0,0,0,0,0,0,0,0,0,0,0
2025-03-29,Hemelingen,0,0,0,0,0,0,0,0,0,0,0,0,0,0,0
2025-03-29,Horn-Lehe,0,0,0,0,0,0,0,0,0,0,0,0,0,0,0
2025-03-29,Huchting,0,0,0,0,0,0,0,0,0,0,0,0,0,0,0
2025-03-29,Häfen,0,0,0,0,0,0,0,0,0,0,0,0,0,0,0
2025-03-29,Mitte,0,0,0,0,0,0,0,0,0,0,0,0,0,0,0
2025-03-29,Neustadt,0,0,0,0,0,0,0,0,0,0,0,0,0,0,0
2025-03-29,Oberneuland,0,0,0,0,0,0,0,0,0,0,0,0,0,0,0
2025-03-29,Obervieland,0,0,0,0,0,0,0,0,0,0,0,0,0,0,0
2025-03-29,Osterholz,0,0,0,0,0,0,0,0,0,0,0,0,0,0,0
2025-03-29,Schwachhausen,0,0,0,0,0,0,0,0,0,0,0,0,0,0,0
2025-03-29,Seehausen,0,0,0,0,0,0,0,0,0,0,0,0,0,0,0
2025-03-29,Strom,0,0,0,0,0,0,0,0,0,0,0,0,0,0,0
2025-03-29,Vahr,0,0,0,0,0,0,0,0,0,0,0,0,0,0,0
2025-03-29,Vegesack,0,0,0,0,0,0,0,0,0,0,0,0,0,0,0
2025-03-29,Walle,0,0,0,0,0,0,0,0,0,0,0,0,0,0,0
2025-03-29,Woltmershausen,0,0,0,0,0,0,0,0,0,0,0,0,0,0,0
2025-03-29,Östliche Vorstadt,0,0,0,0,0,0,0,0,0,0,0,0,0,0,0
2025-03-30,Blockland,0,0,0,0,0,0,0,0,0,0,0,0,0,0,0
2025-03-30,Blumenthal,0,0,0,0,0,0,0,0,0,0,0,0,0,0,0
2025-03-30,Borgfeld,0,0,0,0,0,0,0,0,0,0,0,0,0,0,0
2025-03-30,Burglesum,0,0,0,0,0,0,0,0,0,0,0,0,0,0,0
2025-03-30,Findorff,0,0,0,0,0,0,0,0,0,0,0,0,0,0,0
2025-03-30,Gröpelingen,0,0,0,0,0,0,0,0,0,0,0,0,0,0,0
2025-03-30,Hemelingen,0,0,0,0,0,0,0,0,0,0,0,0,0,0,0
2025-03-30,Horn-Lehe,0,0,0,0,0,0,0,0,0,0,0,0,0,0,0
2025-03-30,Huchting,0,0,0,0,0,0,0,0,0,0,0,0,0,0,0
2025-03-30,Häfen,0,0,0,0,0,0,0,0,0,0,0,0,0,0,0
2025-03-30,Mitte,0,0,0,0,0,0,0,0,0,0,0,0,0,0,0
2025-03-30,Neustadt,0,0,0,0,0,0,0,0,0,0,0,0,0,0,0
2025-03-30,Oberneuland,0,0,0,0,0,0,0,0,0,0,0,0,0,0,0
2025-03-30,Obervieland,0,0,0,0,0,0,0,0,0,0,0,0,0,0,0
2025-03-30,Osterholz,0,0,0,0,0,0,0,0,0,0,0,0,0,0,0
2025-03-30,Schwachhausen,0,0,0,0,0,0,0,0,0,0,0,0,0,0,0
2025-03-30,Seehausen,0,0,0,0,0,0,0,0,0,0,0,0,0,0,0
2025-03-30,Strom,0,0,0,0,0,0,0,0,0,0,0,0,0,0,0
2025-03-30,Vahr,0,0,0,0,0,0,0,0,0,0,0,0,0,0,0
2025-03-30,Vegesack,0,0,0,0,0,0,0,0,0,0,0,0,0,0,0
2025-03-30,Walle,0,0,0,0,0,0,0,0,0,0,0,0,0,0,0
2025-03-30,Woltmershausen,0,0,0,0,0,0,0,0,0,0,0,0,0,0,0
2025-03-30,Östliche Vorstadt,0,0,0,0,0,0,0,0,0,0,0,0,0,0,0
2025-03-31,Blockland,0,0,0,0,0,0,0,0,0,0,0,0,0,0,0
2025-03-31,Blumenthal,0,0,0,0,0,0,0,0,0,0,0,0,0,0,0
2025-03-31,Borgfeld,0,0,0,0,0,0,0,0,0,0,0,0,0,0,0
2025-03-31,Burglesum,0,0,0,0,0,0,0,0,0,0,0,0,0,0,0
2025-03-31,Findorff,0,0,0,0,0,0,0,0,0,0,0,0,0,0,0
2025-03-31,Gröpelingen,0,0,0,0,0,0,0,0,0,0,0,0,0,0,0
2025-03-31,Hemelingen,0,0,0,0,0,0,0,0,0,0,0,0,0,0,0
2025-03-31,Horn-Lehe,0,0,0,0,0,0,0,0,0,0,0,0,0,0,0
2025-03-31,Huchting,0,0,0,0,0,0,0,0,0,0,0,0,0,0,0
2025-03-31,Häfen,0,0,0,0,0,0,0,0,0,0,0,0,0,0,0
2025-03-31,Mitte,0,0,0,0,0,0,0,0,0,0,0,0,0,0,0
2025-03-31,Neustadt,0,0,0,0,0,0,0,0,0,0,0,0,0,0,0
2025-03-31,Oberneuland,0,0,0,0,0,0,0,0,0,0,0,0,0,0,0
2025-03-31,Obervieland,0,0,0,0,0,0,0,0,0,0,0,0,0,0,0
2025-03-31,Osterholz,0,0,0,0,0,0,0,0,0,0,0,0,0,0,0
2025-03-31,Schwachhausen,0,0,0,0,0,0,0,0,0,0,0,0,0,0,0
2025-03-31,Seehausen,0,0,0,0,0,0,0,0,0,0,0,0,0,0,0
2025-03-31,Strom,0,0,0,0,0,0,0,0,0,0,0,0,0,0,0
2025-03-31,Vahr,0,0,0,0,0,0,0,0,0,0,0,0,0,0,0
2025-03-31,Vegesack,0,0,0,0,0,0,0,0,0,0,0,0,0,0,0
2025-03-31,Walle,0,0,0,0,0,0,0,0,0,0,0,0,0,0,0
2025-03-31,Woltmershausen,0,0,0,0,0,0,0,0,0,0,0,0,0,0,0
2025-03-31,Östliche Vorstadt,0,0,0,0,0,0,0,0,0,0,0,0,0,0,0
2025-04-01,Blockland,0,0,0,0,0,0,0,0,0,0,0,0,0,0,0
2025-04-01,Blumenthal,0,0,0,0,0,0,0,0,0,0,0,0,0,0,0
2025-04-01,Borgfeld,0,0,0,0,0,0,0,0,0,0,0,0,0,0,0
2025-04-01,Burglesum,0,0,0,0,0,0,0,0,0,0,0,0,0,0,0
2025-04-01,Findorff,0,0,0,0,0,0,0,0,0,0,0,0,0,0,0
2025-04-01,Gröpelingen,0,0,0,0,0,0,0,0,0,0,0,0,0,0,0
2025-04-01,Hemelingen,0,0,0,0,0,0,0,0,0,0,0,0,0,0,0
2025-04-01,Horn-Lehe,0,0,0,0,0,0,0,0,0,0,0,0,0,0,0
2025-04-01,Huchting,0,0,0,0,0,0,0,0,0,0,0,0,0,0,0
2025-04-01,Häfen,0,0,0,0,0,0,0,0,0,0,0,0,0,0,0
2025-04-01,Mitte,0,0,0,0,0,0,0,0,0,0,0,0,0,0,0
2025-04-01,Neustadt,0,0,0,0,0,0,0,0,0,0,0,0,0,0,0
2025-04-01,Oberneuland,0,0,0,0,0,0,0,0,0,0,0,0,0,0,0
2025-04-01,Obervieland,0,0,0,0,0,0,0,0,0,0,0,0,0,0,0
2025-04-01,Osterholz,0,0,0,0,0,0,0,0,0,0,0,0,0,0,0
2025-04-01,Schwachhausen,0,0,0,0,0,0,0,0,0,0,0,0,0,0,0
2025-04-01,Seehausen,0,0,0,0,0,0,0,0,0,0,0,0,0,0,0
2025-04-01,Strom,0,0,0,0,0,0,0,0,0,0,0,0,0,0,0
2025-04-01,Vahr,0,0,0,0,0,0,0,0,0,0,0,0,0,0,0
2025-04-01,Vegesack,0,0,0,0,0,0,0,0,0,0,0,0,0,0,0
2025-04-01,Walle,0,0,0,0,0,0,0,0,0,0,0,0,0,0,0
2025-04-01,Woltmershausen,0,0,0,0,0,0,0,0,0,0,0,0,0,0,0
2025-04-01,Östliche Vorstadt,0,0,0,0,0,0,0,0,0,0,0,0,0,0,0
2025-04-02,Blockland,0,0,0,0,0,0,0,0,0,0,0,0,0,0,0
2025-04-02,Blumenthal,0,0,0,0,0,0,0,0,0,0,0,0,0,0,0
2025-04-02,Borgfeld,0,0,0,0,0,0,0,0,0,0,0,0,0,0,0
2025-04-02,Burglesum,0,0,0,0,0,0,0,0,0,0,0,0,0,0,0
2025-04-02,Findorff,0,0,0,0,0,0,0,0,0,0,0,0,0,0,0
2025-04-02,Gröpelingen,0,0,0,0,0,0,0,0,0,0,0,0,0,0,0
2025-04-02,Hemelingen,0,0,0,0,0,0,0,0,0,0,0,0,0,0,0
2025-04-02,Horn-Lehe,0,0,0,0,0,0,0,0,0,0,0,0,0,0,0
2025-04-02,Huchting,0,0,0,0,0,0,0,0,0,0,0,0,0,0,0
2025-04-02,Häfen,0,0,0,0,0,0,0,0,0,0,0,0,0,0,0
2025-04-02,Mitte,0,0,0,0,0,0,0,0,0,0,0,0,0,0,0
2025-04-02,Neustadt,0,0,0,0,0,0,0,0,0,0,0,0,0,0,0
2025-04-02,Oberneuland,0,0,0,0,0,0,0,0,0,0,0,0,0,0,0
2025-04-02,Obervieland,0,0,0,0,0,0,0,0,0,0,0,0,0,0,0
2025-04-02,Osterholz,0,0,0,0,0,0,0,0,0,0,0,0,0,0,0
2025-04-02,Schwachhausen,0,0,0,0,0,0,0,0,0,0,0,0,0,0,0
2025-04-02,Seehausen,0,0,0,0,0,0,0,0,0,0,0,0,0,0,0
2025-04-02,Strom,0,0,0,0,0,0,0,0,0,0,0,0,0,0,0
2025-04-02,Vahr,0,0,0,0,0,0,0,0,0,0,0,0,0,0,0
2025-04-02,Vegesack,0,0,0,0,0,0,0,0,0,0,0,0,0,0,0
2025-04-02,Walle,0,0,0,0,0,0,0,0,0,0,0,0,0,0,0
2025-04-02,Woltmershausen,0,0,0,0,0,0,0,0,0,0,0,0,0,0,0
2025-04-02,Östliche Vorstadt,0,0,0,0,0,0,0,0,0,0,0,0,0,0,0
2025-04-03,Blockland,0,0,0,0,0,0,0,0,0,0,0,0,0,0,0
2025-04-03,Blumenthal,0,0,0,0,0,0,0,0,0,0,0,0,0,0,0
2025-04-03,Borgfeld,0,0,0,0,0,0,0,0,0,0,0,0,0,0,0
2025-04-03,Burglesum,0,0,0,0,0,0,0,0,0,0,0,0,0,0,0
2025-04-03,Findorff,0,0,0,0,0,0,0,0,0,0,0,0,0,0,0
2025-04-03,Gröpelingen,0,0,0,0,0,0,0,0,0,0,0,0,0,0,0
2025-04-03,Hemelingen,0,0,0,0,0,0,0,0,0,0,0,0,0,0,0
2025-04-03,Horn-Lehe,0,0,0,0,0,0,0,0,0,0,0,0,0,0,0
2025-04-03,Huchting,0,0,0,0,0,0,0,0,0,0,0,0,0,0,0
2025-04-03,Häfen,0,0,0,0,0,0,0,0,0,0,0,0,0,0,0
2025-04-03,Mitte,0,0,0,0,0,0,0,0,0,0,0,0,0,0,0
2025-04-03,Neustadt,0,0,0,0,0,0,0,0,0,0,0,0,0,0,0
2025-04-03,Oberneuland,0,0,0,0,0,0,0,0,0,0,0,0,0,0,0
2025-04-03,Obervieland,0,0,0,0,0,0,0,0,0,0,0,0,0,0,0
2025-04-03,Osterholz,0,0,0,0,0,0,0,0,0,0,0,0,0,0,0
2025-04-03,Schwachhausen,0,0,0,0,0,0,0,0,0,0,0,0,0,0,0
2025-04-03,Seehausen,0,0,0,0,0,0,0,0,0,0,0,0,0,0,0
2025-04-03,Strom,0,0,0,0,0,0,0,0,0,0,0,0,0,0,0
2025-04-03,Vahr,0,0,0,0,0,0,0,0,0,0,0,0,0,0,0
2025-04-03,Vegesack,0,0,0,0,0,0,0,0,0,0,0,0,0,0,0
2025-04-03,Walle,0,0,0,0,0,0,0,0,0,0,0,0,0,0,0
2025-04-03,Woltmershausen,0,0,0,0,0,0,0,0,0,0,0,0,0,0,0
2025-04-03,Östliche Vorstadt,0,0,0,0,0,0,0,0,0,0,0,0,0,0,0
2025-04-04,Blockland,0,0,0,0,0,0,0,0,0,0,0,0,0,0,0
2025-04-04,Blumenthal,0,0,0,0,0,0,0,0,0,0,0,0,0,0,0
2025-04-04,Borgfeld,0,0,0,0,0,0,0,0,0,0,0,0,0,0,0
2025-04-04,Burglesum,0,0,0,0,0,0,0,0,0,0,0,0,0,0,0
2025-04-04,Findorff,0,0,0,0,0,0,0,0,0,0,0,0,0,0,0
2025-04-04,Gröpelingen,0,0,0,0,0,0,0,0,0,0,0,0,0,0,0
2025-04-04,Hemelingen,0,0,0,0,0,0,0,0,0,0,0,0,0,0,0
2025-04-04,Horn-Lehe,0,0,0,0,0,0,0,0,0,0,0,0,0,0,0
2025-04-04,Huchting,0,0,0,0,0,0,0,0,0,0,0,0,0,0,0
2025-04-04,Häfen,0,0,0,0,0,0,0,0,0,0,0,0,0,0,0
2025-04-04,Mitte,0,0,0,0,0,0,0,0,0,0,0,0,0,0,0
2025-04-04,Neustadt,0,0,0,0,0,0,0,0,0,0,0,0,0,0,0
2025-04-04,Oberneuland,0,0,0,0,0,0,0,0,0,0,0,0,0,0,0
2025-04-04,Obervieland,0,0,0,0,0,0,0,0,0,0,0,0,0,0,0
2025-04-04,Osterholz,0,0,0,0,0,0,0,0,0,0,0,0,0,0,0
2025-04-04,Schwachhausen,0,0,0,0,0,0,0,0,0,0,0,0,0,0,0
2025-04-04,Seehausen,0,0,0,0,0,0,0,0,0,0,0,0,0,0,0
2025-04-04,Strom,0,0,0,0,0,0,0,0,0,0,0,0,0,0,0
2025-04-04,Vahr,0,0,0,0,0,0,0,0,0,0,0,0,0,0,0
2025-04-04,Vegesack,0,0,0,0,0,0,0,0,0,0,0,0,0,0,0
2025-04-04,Walle,0,0,0,0,0,0,0,0,0,0,0,0,0,0,0
2025-04-04,Woltmershausen,0,0,0,0,0,0,0,0,0,0,0,0,0,0,0
2025-04-04,Östliche Vorstadt,0,0,0,0,0,0,0,0,0,0,0,0,0,0,0
2025-04-05,Blockland,0,0,0,0,0,0,0,0,0,0,0,0,0,0,0
2025-04-05,Blumenthal,0,0,0,0,0,0,0,0,0,0,0,0,0,0,0
2025-04-05,Borgfeld,0,0,0,0,0,0,0,0,0,0,0,0,0,0,0
2025-04-05,Burglesum,0,0,0,0,0,0,0,0,0,0,0,0,0,0,0
2025-04-05,Findorff,0,0,0,0,0,0,0,0,0,0,0,0,0,0,0
2025-04-05,Gröpelingen,0,0,0,0,0,0,0,0,0,0,0,0,0,0,0
2025-04-05,Hemelingen,0,0,0,0,0,0,0,0,0,0,0,0,0,0,0
2025-04-05,Horn-Lehe,0,0,0,0,0,0,0,0,0,0,0,0,0,0,0
2025-04-05,Huchting,0,0,0,0,0,0,0,0,0,0,0,0,0,0,0
2025-04-05,Häfen,0,0,0,0,0,0,0,0,0,0,0,0,0,0,0
2025-04-05,Mitte,0,0,0,0,0,0,0,0,0,0,0,0,0,0,0
2025-04-05,Neustadt,0,0,0,0,0,0,0,0,0,0,0,0,0,0,0
2025-04-05,Oberneuland,0,0,0,0,0,0,0,0,0,0,0,0,0,0,0
2025-04-05,Obervieland,0,0,0,0,0,0,0,0,0,0,0,0,0,0,0
2025-04-05,Osterholz,0,0,0,0,0,0,0,0,0,0,0,0,0,0,0
2025-04-05,Schwachhausen,0,0,0,0,0,0,0,0,0,0,0,0,0,0,0
2025-04-05,Seehausen,0,0,0,0,0,0,0,0,0,0,0,0,0,0,0
2025-04-05,Strom,0,0,0,0,0,0,0,0,0,0,0,0,0,0,0
2025-04-05,Vahr,0,0,0,0,0,0,0,0,0,0,0,0,0,0,0
2025-04-05,Vegesack,0,0,0,0,0,0,0,0,0,0,0,0,0,0,0
2025-04-05,Walle,0,0,0,0,0,0,0,0,0,0,0,0,0,0,0
2025-04-05,Woltmershausen,0,0,0,0,0,0,0,0,0,0,0,0,0,0,0
2025-04-05,Östliche Vorstadt,0,0,0,0,0,0,0,0,0,0,0,0,0,0,0
2025-04-06,Blockland,0,0,0,0,0,0,0,0,0,0,0,0,0,0,0
2025-04-06,Blumenthal,0,0,0,0,0,0,0,0,0,0,0,0,0,0,0
2025-04-06,Borgfeld,0,0,0,0,0,0,0,0,0,0,0,0,0,0,0
2025-04-06,Burglesum,0,0,0,0,0,0,0,0,0,0,0,0,0,0,0
2025-04-06,Findorff,0,0,0,0,0,0,0,0,0,0,0,0,0,0,0
2025-04-06,Gröpelingen,0,0,0,0,0,0,0,0,0,0,0,0,0,0,0
2025-04-06,Hemelingen,0,0,0,0,0,0,0,0,0,0,0,0,0,0,0
2025-04-06,Horn-Lehe,0,0,0,0,0,0,0,0,0,0,0,0,0,0,0
2025-04-06,Huchting,0,0,0,0,0,0,0,0,0,0,0,0,0,0,0
2025-04-06,Häfen,0,0,0,0,0,0,0,0,0,0,0,0,0,0,0
2025-04-06,Mitte,0,0,0,0,0,0,0,0,0,0,0,0,0,0,0
2025-04-06,Neustadt,0,0,0,0,0,0,0,0,0,0,0,0,0,0,0
2025-04-06,Oberneuland,0,0,0,0,0,0,0,0,0,0,0,0,0,0,0
2025-04-06,Obervieland,0,0,0,0,0,0,0,0,0,0,0,0,0,0,0
2025-04-06,Osterholz,0,0,0,0,0,0,0,0,0,0,0,0,0,0,0
2025-04-06,Schwachhausen,0,0,0,0,0,0,0,0,0,0,0,0,0,0,0
2025-04-06,Seehausen,0,0,0,0,0,0,0,0,0,0,0,0,0,0,0
2025-04-06,Strom,0,0,0,0,0,0,0,0,0,0,0,0,0,0,0
2025-04-06,Vahr,0,0,0,0,0,0,0,0,0,0,0,0,0,0,0
2025-04-06,Vegesack,0,0,0,0,0,0,0,0,0,0,0,0,0,0,0
2025-04-06,Walle,0,0,0,0,0,0,0,0,0,0,0,0,0,0,0
2025-04-06,Woltmershausen,0,0,0,0,0,0,0,0,0,0,0,0,0,0,0
2025-04-06,Östliche Vorstadt,0,0,0,0,0,0,0,0,0,0,0,0,0,0,0
2025-04-07,Blockland,0,0,0,0,0,0,0,0,0,0,0,0,0,0,0
2025-04-07,Blumenthal,0,0,0,0,0,0,0,0,0,0,0,0,0,0,0
2025-04-07,Borgfeld,0,0,0,0,0,0,0,0,0,0,0,0,0,0,0
2025-04-07,Burglesum,0,0,0,0,0,0,0,0,0,0,0,0,0,0,0
2025-04-07,Findorff,0,0,0,0,0,0,0,0,0,0,0,0,0,0,0
2025-04-07,Gröpelingen,0,0,0,0,0,0,0,0,0,0,0,0,0,0,0
2025-04-07,Hemelingen,1,0,0,0,0,0,0,1,0,0,0,0,0,0,0
2025-04-07,Horn-Lehe,0,0,0,0,0,0,0,0,0,0,0,0,0,0,0
2025-04-07,Huchting,0,0,0,0,0,0,0,0,0,0,0,0,0,0,0
2025-04-07,Häfen,0,0,0,0,0,0,0,0,0,0,0,0,0,0,0
2025-04-07,Mitte,0,0,0,0,0,0,0,0,0,0,0,0,0,0,0
2025-04-07,Neustadt,0,0,0,0,0,0,0,0,0,0,0,0,0,0,0
2025-04-07,Oberneuland,0,0,0,0,0,0,0,0,0,0,0,0,0,0,0
2025-04-07,Obervieland,0,0,0,0,0,0,0,0,0,0,0,0,0,0,0
2025-04-07,Osterholz,0,0,0,0,0,0,0,0,0,0,0,0,0,0,0
2025-04-07,Schwachhausen,0,0,0,0,0,0,0,0,0,0,0,0,0,0,0
2025-04-07,Seehausen,0,0,0,0,0,0,0,0,0,0,0,0,0,0,0
2025-04-07,Strom,0,0,0,0,0,0,0,0,0,0,0,0,0,0,0
2025-04-07,Vahr,0,0,0,0,0,0,0,0,0,0,0,0,0,0,0
2025-04-07,Vegesack,0,0,0,0,0,0,0,0,0,0,0,0,0,0,0
2025-04-07,Walle,0,0,0,0,0,0,0,0,0,0,0,0,0,0,0
2025-04-07,Woltmershausen,0,0,0,0,0,0,0,0,0,0,0,0,0,0,0
2025-04-07,Östliche Vorstadt,0,0,0,0,0,0,0,0,0,0,0,0,0,0,0
2025-04-08,Blockland,0,0,0,0,0,0,0,0,0,0,0,0,0,0,0
2025-04-08,Blumenthal,0,0,0,0,0,0,0,0,0,0,0,0,0,0,0
2025-04-08,Borgfeld,0,0,0,0,0,0,0,0,0,0,0,0,0,0,0
2025-04-08,Burglesum,0,0,0,0,0,0,0,0,0,0,0,0,0,0,0
2025-04-08,Findorff,0,0,0,0,0,0,0,0,0,0,0,0,0,0,0
2025-04-08,Gröpelingen,0,0,0,0,0,0,0,0,0,0,0,0,0,0,0
2025-04-08,Hemelingen,0,0,0,0,0,0,0,0,0,0,0,0,0,0,0
2025-04-08,Horn-Lehe,0,0,0,0,0,0,0,0,0,0,0,0,0,0,0
2025-04-08,Huchting,0,0,0,0,0,0,0,0,0,0,0,0,0,0,0
2025-04-08,Häfen,0,0,0,0,0,0,0,0,0,0,0,0,0,0,0
2025-04-08,Mitte,0,0,0,0,0,0,0,0,0,0,0,0,0,0,0
2025-04-08,Neustadt,0,0,0,0,0,0,0,0,0,0,0,0,0,0,0
2025-04-08,Oberneuland,0,0,0,0,0,0,0,0,0,0,0,0,0,0,0
2025-04-08,Obervieland,0,0,0,0,0,0,0,0,0,0,0,0,0,0,0
2025-04-08,Osterholz,0,0,0,0,0,0,0,0,0,0,0,0,0,0,0
2025-04-08,Schwachhausen,0,0,0,0,0,0,0,0,0,0,0,0,0,0,0
2025-04-08,Seehausen,0,0,0,0,0,0,0,0,0,0,0,0,0,0,0
2025-04-08,Strom,0,0,0,0,0,0,0,0,0,0,0,0,0,0,0
2025-04-08,Vahr,0,0,0,0,0,0,0,0,0,0,0,0,0,0,0
2025-04-08,Vegesack,0,0,0,0,0,0,0,0,0,0,0,0,0,0,0
2025-04-08,Walle,0,0,0,0,0,0,0,0,0,0,0,0,0,0,0
2025-04-08,Woltmershausen,0,0,0,0,0,0,0,0,0,0,0,0,0,0,0
2025-04-08,Östliche Vorstadt,0,0,0,0,0,0,0,0,0,0,0,0,0,0,0
2025-04-09,Blockland,0,0,0,0,0,0,0,0,0,0,0,0,0,0,0
2025-04-09,Blumenthal,0,0,0,0,0,0,0,0,0,0,0,0,0,0,0
2025-04-09,Borgfeld,0,0,0,0,0,0,0,0,0,0,0,0,0,0,0
2025-04-09,Burglesum,0,0,0,0,0,0,0,0,0,0,0,0,0,0,0
2025-04-09,Findorff,0,0,0,0,0,0,0,0,0,0,0,0,0,0,0
2025-04-09,Gröpelingen,0,0,0,0,0,0,0,0,0,0,0,0,0,0,0
2025-04-09,Hemelingen,0,0,0,0,0,0,0,0,0,0,0,0,0,0,0
2025-04-09,Horn-Lehe,0,0,0,0,0,0,0,0,0,0,0,0,0,0,0
2025-04-09,Huchting,0,0,0,0,0,0,0,0,0,0,0,0,0,0,0
2025-04-09,Häfen,0,0,0,0,0,0,0,0,0,0,0,0,0,0,0
2025-04-09,Mitte,0,0,0,0,0,0,0,0,0,0,0,0,0,0,0
2025-04-09,Neustadt,0,0,0,0,0,0,0,0,0,0,0,0,0,0,0
2025-04-09,Oberneuland,0,0,0,0,0,0,0,0,0,0,0,0,0,0,0
2025-04-09,Obervieland,0,0,0,0,0,0,0,0,0,0,0,0,0,0,0
2025-04-09,Osterholz,0,0,0,0,0,0,0,0,0,0,0,0,0,0,0
2025-04-09,Schwachhausen,0,0,0,0,0,0,0,0,0,0,0,0,0,0,0
2025-04-09,Seehausen,0,0,0,0,0,0,0,0,0,0,0,0,0,0,0
2025-04-09,Strom,0,0,0,0,0,0,0,0,0,0,0,0,0,0,0
2025-04-09,Vahr,0,0,0,0,0,0,0,0,0,0,0,0,0,0,0
2025-04-09,Vegesack,0,0,0,0,0,0,0,0,0,0,0,0,0,0,0
2025-04-09,Walle,0,0,0,0,0,0,0,0,0,0,0,0,0,0,0
2025-04-09,Woltmershausen,0,0,0,0,0,0,0,0,0,0,0,0,0,0,0
2025-04-09,Östliche Vorstadt,0,0,0,0,0,0,0,0,0,0,0,0,0,0,0
2025-04-10,Blockland,0,0,0,0,0,0,0,0,0,0,0,0,0,0,0
2025-04-10,Blumenthal,0,0,0,0,0,0,0,0,0,0,0,0,0,0,0
2025-04-10,Borgfeld,0,0,0,0,0,0,0,0,0,0,0,0,0,0,0
2025-04-10,Burglesum,0,0,0,0,0,0,0,0,0,0,0,0,0,0,0
2025-04-10,Findorff,0,0,0,0,0,0,0,0,0,0,0,0,0,0,0
2025-04-10,Gröpelingen,0,0,0,0,0,0,0,0,0,0,0,0,0,0,0
2025-04-10,Hemelingen,0,0,0,0,0,0,0,0,0,0,0,0,0,0,0
2025-04-10,Horn-Lehe,0,0,0,0,0,0,0,0,0,0,0,0,0,0,0
2025-04-10,Huchting,0,0,0,0,0,0,0,0,0,0,0,0,0,0,0
2025-04-10,Häfen,0,0,0,0,0,0,0,0,0,0,0,0,0,0,0
2025-04-10,Mitte,0,0,0,0,0,0,0,0,0,0,0,0,0,0,0
2025-04-10,Neustadt,0,0,0,0,0,0,0,0,0,0,0,0,0,0,0
2025-04-10,Oberneuland,0,0,0,0,0,0,0,0,0,0,0,0,0,0,0
2025-04-10,Obervieland,0,0,0,0,0,0,0,0,0,0,0,0,0,0,0
2025-04-10,Osterholz,0,0,0,0,0,0,0,0,0,0,0,0,0,0,0
2025-04-10,Schwachhausen,0,0,0,0,0,0,0,0,0,0,0,0,0,0,0
2025-04-10,Seehausen,0,0,0,0,0,0,0,0,0,0,0,0,0,0,0
2025-04-10,Strom,0,0,0,0,0,0,0,0,0,0,0,0,0,0,0
2025-04-10,Vahr,0,0,0,0,0,0,0,0,0,0,0,0,0,0,0
2025-04-10,Vegesack,0,0,0,0,0,0,0,0,0,0,0,0,0,0,0
2025-04-10,Walle,0,0,0,0,0,0,0,0,0,0,0,0,0,0,0
2025-04-10,Woltmershausen,0,0,0,0,0,0,0,0,0,0,0,0,0,0,0
2025-04-10,Östliche Vorstadt,0,0,0,0,0,0,0,0,0,0,0,0,0,0,0
2025-04-11,Blockland,0,0,0,0,0,0,0,0,0,0,0,0,0,0,0
2025-04-11,Blumenthal,0,0,0,0,0,0,0,0,0,0,0,0,0,0,0
2025-04-11,Borgfeld,0,0,0,0,0,0,0,0,0,0,0,0,0,0,0
2025-04-11,Burglesum,0,0,0,0,0,0,0,0,0,0,0,0,0,0,0
2025-04-11,Findorff,0,0,0,0,0,0,0,0,0,0,0,0,0,0,0
2025-04-11,Gröpelingen,0,0,0,0,0,0,0,0,0,0,0,0,0,0,0
2025-04-11,Hemelingen,0,0,0,0,0,0,0,0,0,0,0,0,0,0,0
2025-04-11,Horn-Lehe,0,0,0,0,0,0,0,0,0,0,0,0,0,0,0
2025-04-11,Huchting,0,0,0,0,0,0,0,0,0,0,0,0,0,0,0
2025-04-11,Häfen,0,0,0,0,0,0,0,0,0,0,0,0,0,0,0
2025-04-11,Mitte,0,0,0,0,0,0,0,0,0,0,0,0,0,0,0
2025-04-11,Neustadt,0,0,0,0,0,0,0,0,0,0,0,0,0,0,0
2025-04-11,Oberneuland,0,0,0,0,0,0,0,0,0,0,0,0,0,0,0
2025-04-11,Obervieland,0,0,0,0,0,0,0,0,0,0,0,0,0,0,0
2025-04-11,Osterholz,0,0,0,0,0,0,0,0,0,0,0,0,0,0,0
2025-04-11,Schwachhausen,0,0,0,0,0,0,0,0,0,0,0,0,0,0,0
2025-04-11,Seehausen,0,0,0,0,0,0,0,0,0,0,0,0,0,0,0
2025-04-11,Strom,0,0,0,0,0,0,0,0,0,0,0,0,0,0,0
2025-04-11,Vahr,0,0,0,0,0,0,0,0,0,0,0,0,0,0,0
2025-04-11,Vegesack,0,0,0,0,0,0,0,0,0,0,0,0,0,0,0
2025-04-11,Walle,0,0,0,0,0,0,0,0,0,0,0,0,0,0,0
2025-04-11,Woltmershausen,0,0,0,0,0,0,0,0,0,0,0,0,0,0,0
2025-04-11,Östliche Vorstadt,0,0,0,0,0,0,0,0,0,0,0,0,0,0,0
2025-04-12,Blockland,0,0,0,0,0,0,0,0,0,0,0,0,0,0,0
2025-04-12,Blumenthal,0,0,0,0,0,0,0,0,0,0,0,0,0,0,0
2025-04-12,Borgfeld,0,0,0,0,0,0,0,0,0,0,0,0,0,0,0
2025-04-12,Burglesum,0,0,0,0,0,0,0,0,0,0,0,0,0,0,0
2025-04-12,Findorff,0,0,0,0,0,0,0,0,0,0,0,0,0,0,0
2025-04-12,Gröpelingen,0,0,0,0,0,0,0,0,0,0,0,0,0,0,0
2025-04-12,Hemelingen,0,0,0,0,0,0,0,0,0,0,0,0,0,0,0
2025-04-12,Horn-Lehe,0,0,0,0,0,0,0,0,0,0,0,0,0,0,0
2025-04-12,Huchting,0,0,0,0,0,0,0,0,0,0,0,0,0,0,0
2025-04-12,Häfen,0,0,0,0,0,0,0,0,0,0,0,0,0,0,0
2025-04-12,Mitte,0,0,0,0,0,0,0,0,0,0,0,0,0,0,0
2025-04-12,Neustadt,0,0,0,0,0,0,0,0,0,0,0,0,0,0,0
2025-04-12,Oberneuland,0,0,0,0,0,0,0,0,0,0,0,0,0,0,0
2025-04-12,Obervieland,0,0,0,0,0,0,0,0,0,0,0,0,0,0,0
2025-04-12,Osterholz,0,0,0,0,0,0,0,0,0,0,0,0,0,0,0
2025-04-12,Schwachhausen,0,0,0,0,0,0,0,0,0,0,0,0,0,0,0
2025-04-12,Seehausen,0,0,0,0,0,0,0,0,0,0,0,0,0,0,0
2025-04-12,Strom,0,0,0,0,0,0,0,0,0,0,0,0,0,0,0
2025-04-12,Vahr,0,0,0,0,0,0,0,0,0,0,0,0,0,0,0
2025-04-12,Vegesack,0,0,0,0,0,0,0,0,0,0,0,0,0,0,0
2025-04-12,Walle,0,0,0,0,0,0,0,0,0,0,0,0,0,0,0
2025-04-12,Woltmershausen,0,0,0,0,0,0,0,0,0,0,0,0,0,0,0
2025-04-12,Östliche Vorstadt,0,0,0,0,0,0,0,0,0,0,0,0,0,0,0
2025-04-13,Blockland,0,0,0,0,0,0,0,0,0,0,0,0,0,0,0
2025-04-13,Blumenthal,0,0,0,0,0,0,0,0,0,0,0,0,0,0,0
2025-04-13,Borgfeld,0,0,0,0,0,0,0,0,0,0,0,0,0,0,0
2025-04-13,Burglesum,0,0,0,0,0,0,0,0,0,0,0,0,0,0,0
2025-04-13,Findorff,0,0,0,0,0,0,0,0,0,0,0,0,0,0,0
2025-04-13,Gröpelingen,0,0,0,0,0,0,0,0,0,0,0,0,0,0,0
2025-04-13,Hemelingen,0,0,0,0,0,0,0,0,0,0,0,0,0,0,0
2025-04-13,Horn-Lehe,0,0,0,0,0,0,0,0,0,0,0,0,0,0,0
2025-04-13,Huchting,0,0,0,0,0,0,0,0,0,0,0,0,0,0,0
2025-04-13,Häfen,0,0,0,0,0,0,0,0,0,0,0,0,0,0,0
2025-04-13,Mitte,0,0,0,0,0,0,0,0,0,0,0,0,0,0,0
2025-04-13,Neustadt,0,0,0,0,0,0,0,0,0,0,0,0,0,0,0
2025-04-13,Oberneuland,0,0,0,0,0,0,0,0,0,0,0,0,0,0,0
2025-04-13,Obervieland,0,0,0,0,0,0,0,0,0,0,0,0,0,0,0
2025-04-13,Osterholz,0,0,0,0,0,0,0,0,0,0,0,0,0,0,0
2025-04-13,Schwachhausen,0,0,0,0,0,0,0,0,0,0,0,0,0,0,0
2025-04-13,Seehausen,0,0,0,0,0,0,0,0,0,0,0,0,0,0,0
2025-04-13,Strom,0,0,0,0,0,0,0,0,0,0,0,0,0,0,0
2025-04-13,Vahr,0,0,0,0,0,0,0,0,0,0,0,0,0,0,0
2025-04-13,Vegesack,0,0,0,0,0,0,0,0,0,0,0,0,0,0,0
2025-04-13,Walle,0,0,0,0,0,0,0,0,0,0,0,0,0,0,0
2025-04-13,Woltmershausen,0,0,0,0,0,0,0,0,0,0,0,0,0,0,0
2025-04-13,Östliche Vorstadt,0,0,0,0,0,0,0,0,0,0,0,0,0,0,0
2025-04-14,Blockland,0,0,0,0,0,0,0,0,0,0,0,0,0,0,0
2025-04-14,Blumenthal,0,0,0,0,0,0,0,0,0,0,0,0,0,0,0
2025-04-14,Borgfeld,0,0,0,0,0,0,0,0,0,0,0,0,0,0,0
2025-04-14,Burglesum,0,0,0,0,0,0,0,0,0,0,0,0,0,0,0
2025-04-14,Findorff,0,0,0,0,0,0,0,0,0,0,0,0,0,0,0
2025-04-14,Gröpelingen,0,0,0,0,0,0,0,0,0,0,0,0,0,0,0
2025-04-14,Hemelingen,1,0,0,0,0,0,0,1,0,0,0,0,0,0,0
2025-04-14,Horn-Lehe,0,0,0,0,0,0,0,0,0,0,0,0,0,0,0
2025-04-14,Huchting,0,0,0,0,0,0,0,0,0,0,0,0,0,0,0
2025-04-14,Häfen,0,0,0,0,0,0,0,0,0,0,0,0,0,0,0
2025-04-14,Mitte,0,0,0,0,0,0,0,0,0,0,0,0,0,0,0
2025-04-14,Neustadt,1,0,0,0,0,0,0,0,0,1,0,0,0,0,0
2025-04-14,Oberneuland,0,0,0,0,0,0,0,0,0,0,0,0,0,0,0
2025-04-14,Obervieland,0,0,0,0,0,0,0,0,0,0,0,0,0,0,0
2025-04-14,Osterholz,0,0,0,0,0,0,0,0,0,0,0,0,0,0,0
2025-04-14,Schwachhausen,0,0,0,0,0,0,0,0,0,0,0,0,0,0,0
2025-04-14,Seehausen,0,0,0,0,0,0,0,0,0,0,0,0,0,0,0
2025-04-14,Strom,0,0,0,0,0,0,0,0,0,0,0,0,0,0,0
2025-04-14,Vahr,0,0,0,0,0,0,0,0,0,0,0,0,0,0,0
2025-04-14,Vegesack,0,0,0,0,0,0,0,0,0,0,0,0,0,0,0
2025-04-14,Walle,0,0,0,0,0,0,0,0,0,0,0,0,0,0,0
2025-04-14,Woltmershausen,0,0,0,0,0,0,0,0,0,0,0,0,0,0,0
2025-04-14,Östliche Vorstadt,0,0,0,0,0,0,0,0,0,0,0,0,0,0,0
2025-04-15,Blockland,0,0,0,0,0,0,0,0,0,0,0,0,0,0,0
2025-04-15,Blumenthal,0,0,0,0,0,0,0,0,0,0,0,0,0,0,0
2025-04-15,Borgfeld,0,0,0,0,0,0,0,0,0,0,0,0,0,0,0
2025-04-15,Burglesum,0,0,0,0,0,0,0,0,0,0,0,0,0,0,0
2025-04-15,Findorff,0,0,0,0,0,0,0,0,0,0,0,0,0,0,0
2025-04-15,Gröpelingen,0,0,0,0,0,0,0,0,0,0,0,0,0,0,0
2025-04-15,Hemelingen,0,0,0,0,0,0,0,0,0,0,0,0,0,0,0
2025-04-15,Horn-Lehe,0,0,0,0,0,0,0,0,0,0,0,0,0,0,0
2025-04-15,Huchting,0,0,0,0,0,0,0,0,0,0,0,0,0,0,0
2025-04-15,Häfen,0,0,0,0,0,0,0,0,0,0,0,0,0,0,0
2025-04-15,Mitte,1,0,0,0,0,0,0,0,1,0,0,0,0,0,0
2025-04-15,Neustadt,0,0,0,0,0,0,0,0,0,0,0,0,0,0,0
2025-04-15,Oberneuland,0,0,0,0,0,0,0,0,0,0,0,0,0,0,0
2025-04-15,Obervieland,0,0,0,0,0,0,0,0,0,0,0,0,0,0,0
2025-04-15,Osterholz,0,0,0,0,0,0,0,0,0,0,0,0,0,0,0
2025-04-15,Schwachhausen,0,0,0,0,0,0,0,0,0,0,0,0,0,0,0
2025-04-15,Seehausen,0,0,0,0,0,0,0,0,0,0,0,0,0,0,0
2025-04-15,Strom,0,0,0,0,0,0,0,0,0,0,0,0,0,0,0
2025-04-15,Vahr,1,0,0,0,0,0,0,0,0,0,0,0,0,1,0
2025-04-15,Vegesack,0,0,0,0,0,0,0,0,0,0,0,0,0,0,0
2025-04-15,Walle,0,0,0,0,0,0,0,0,0,0,0,0,0,0,0
2025-04-15,Woltmershausen,0,0,0,0,0,0,0,0,0,0,0,0,0,0,0
2025-04-15,Östliche Vorstadt,0,0,0,0,0,0,0,0,0,0,0,0,0,0,0
2025-04-16,Blockland,0,0,0,0,0,0,0,0,0,0,0,0,0,0,0
2025-04-16,Blumenthal,0,0,0,0,0,0,0,0,0,0,0,0,0,0,0
2025-04-16,Borgfeld,0,0,0,0,0,0,0,0,0,0,0,0,0,0,0
2025-04-16,Burglesum,0,0,0,0,0,0,0,0,0,0,0,0,0,0,0
2025-04-16,Findorff,0,0,0,0,0,0,0,0,0,0,0,0,0,0,0
2025-04-16,Gröpelingen,0,0,0,0,0,0,0,0,0,0,0,0,0,0,0
2025-04-16,Hemelingen,0,0,0,0,0,0,0,0,0,0,0,0,0,0,0
2025-04-16,Horn-Lehe,0,0,0,0,0,0,0,0,0,0,0,0,0,0,0
2025-04-16,Huchting,0,0,0,0,0,0,0,0,0,0,0,0,0,0,0
2025-04-16,Häfen,0,0,0,0,0,0,0,0,0,0,0,0,0,0,0
2025-04-16,Mitte,0,0,0,0,0,0,0,0,0,0,0,0,0,0,0
2025-04-16,Neustadt,0,0,0,0,0,0,0,0,0,0,0,0,0,0,0
2025-04-16,Oberneuland,0,0,0,0,0,0,0,0,0,0,0,0,0,0,0
2025-04-16,Obervieland,0,0,0,0,0,0,0,0,0,0,0,0,0,0,0
2025-04-16,Osterholz,0,0,0,0,0,0,0,0,0,0,0,0,0,0,0
2025-04-16,Schwachhausen,0,0,0,0,0,0,0,0,0,0,0,0,0,0,0
2025-04-16,Seehausen,0,0,0,0,0,0,0,0,0,0,0,0,0,0,0
2025-04-16,Strom,0,0,0,0,0,0,0,0,0,0,0,0,0,0,0
2025-04-16,Vahr,1,0,0,0,0,0,0,0,0,0,0,1,0,0,0
2025-04-16,Vegesack,0,0,0,0,0,0,0,0,0,0,0,0,0,0,0
2025-04-16,Walle,0,0,0,0,0,0,0,0,0,0,0,0,0,0,0
2025-04-16,Woltmershausen,0,0,0,0,0,0,0,0,0,0,0,0,0,0,0
2025-04-16,Östliche Vorstadt,0,0,0,0,0,0,0,0,0,0,0,0,0,0,0
2025-04-17,Blockland,0,0,0,0,0,0,0,0,0,0,0,0,0,0,0
2025-04-17,Blumenthal,0,0,0,0,0,0,0,0,0,0,0,0,0,0,0
2025-04-17,Borgfeld,0,0,0,0,0,0,0,0,0,0,0,0,0,0,0
2025-04-17,Burglesum,0,0,0,0,0,0,0,0,0,0,0,0,0,0,0
2025-04-17,Findorff,0,0,0,0,0,0,0,0,0,0,0,0,0,0,0
2025-04-17,Gröpelingen,0,0,0,0,0,0,0,0,0,0,0,0,0,0,0
2025-04-17,Hemelingen,0,0,0,0,0,0,0,0,0,0,0,0,0,0,0
2025-04-17,Horn-Lehe,0,0,0,0,0,0,0,0,0,0,0,0,0,0,0
2025-04-17,Huchting,0,0,0,0,0,0,0,0,0,0,0,0,0,0,0
2025-04-17,Häfen,0,0,0,0,0,0,0,0,0,0,0,0,0,0,0
2025-04-17,Mitte,0,0,0,0,0,0,0,0,0,0,0,0,0,0,0
2025-04-17,Neustadt,0,0,0,0,0,0,0,0,0,0,0,0,0,0,0
2025-04-17,Oberneuland,0,0,0,0,0,0,0,0,0,0,0,0,0,0,0
2025-04-17,Obervieland,0,0,0,0,0,0,0,0,0,0,0,0,0,0,0
2025-04-17,Osterholz,0,0,0,0,0,0,0,0,0,0,0,0,0,0,0
2025-04-17,Schwachhausen,0,0,0,0,0,0,0,0,0,0,0,0,0,0,0
2025-04-17,Seehausen,0,0,0,0,0,0,0,0,0,0,0,0,0,0,0
2025-04-17,Strom,0,0,0,0,0,0,0,0,0,0,0,0,0,0,0
2025-04-17,Vahr,0,0,0,0,0,0,0,0,0,0,0,0,0,0,0
2025-04-17,Vegesack,0,0,0,0,0,0,0,0,0,0,0,0,0,0,0
2025-04-17,Walle,0,0,0,0,0,0,0,0,0,0,0,0,0,0,0
2025-04-17,Woltmershausen,0,0,0,0,0,0,0,0,0,0,0,0,0,0,0
2025-04-17,Östliche Vorstadt,0,0,0,0,0,0,0,0,0,0,0,0,0,0,0
2025-04-18,Blockland,0,0,0,0,0,0,0,0,0,0,0,0,0,0,0
2025-04-18,Blumenthal,0,0,0,0,0,0,0,0,0,0,0,0,0,0,0
2025-04-18,Borgfeld,0,0,0,0,0,0,0,0,0,0,0,0,0,0,0
2025-04-18,Burglesum,0,0,0,0,0,0,0,0,0,0,0,0,0,0,0
2025-04-18,Findorff,0,0,0,0,0,0,0,0,0,0,0,0,0,0,0
2025-04-18,Gröpelingen,0,0,0,0,0,0,0,0,0,0,0,0,0,0,0
2025-04-18,Hemelingen,0,0,0,0,0,0,0,0,0,0,0,0,0,0,0
2025-04-18,Horn-Lehe,0,0,0,0,0,0,0,0,0,0,0,0,0,0,0
2025-04-18,Huchting,0,0,0,0,0,0,0,0,0,0,0,0,0,0,0
2025-04-18,Häfen,0,0,0,0,0,0,0,0,0,0,0,0,0,0,0
2025-04-18,Mitte,0,0,0,0,0,0,0,0,0,0,0,0,0,0,0
2025-04-18,Neustadt,1,0,0,0,0,0,0,0,0,0,0,0,1,0,0
2025-04-18,Oberneuland,0,0,0,0,0,0,0,0,0,0,0,0,0,0,0
2025-04-18,Obervieland,0,0,0,0,0,0,0,0,0,0,0,0,0,0,0
2025-04-18,Osterholz,0,0,0,0,0,0,0,0,0,0,0,0,0,0,0
2025-04-18,Schwachhausen,0,0,0,0,0,0,0,0,0,0,0,0,0,0,0
2025-04-18,Seehausen,0,0,0,0,0,0,0,0,0,0,0,0,0,0,0
2025-04-18,Strom,0,0,0,0,0,0,0,0,0,0,0,0,0,0,0
2025-04-18,Vahr,0,0,0,0,0,0,0,0,0,0,0,0,0,0,0
2025-04-18,Vegesack,0,0,0,0,0,0,0,0,0,0,0,0,0,0,0
2025-04-18,Walle,0,0,0,0,0,0,0,0,0,0,0,0,0,0,0
2025-04-18,Woltmershausen,0,0,0,0,0,0,0,0,0,0,0,0,0,0,0
2025-04-18,Östliche Vorstadt,0,0,0,0,0,0,0,0,0,0,0,0,0,0,0
2025-04-19,Blockland,0,0,0,0,0,0,0,0,0,0,0,0,0,0,0
2025-04-19,Blumenthal,0,0,0,0,0,0,0,0,0,0,0,0,0,0,0
2025-04-19,Borgfeld,0,0,0,0,0,0,0,0,0,0,0,0,0,0,0
2025-04-19,Burglesum,0,0,0,0,0,0,0,0,0,0,0,0,0,0,0
2025-04-19,Findorff,0,0,0,0,0,0,0,0,0,0,0,0,0,0,0
2025-04-19,Gröpelingen,0,0,0,0,0,0,0,0,0,0,0,0,0,0,0
2025-04-19,Hemelingen,0,0,0,0,0,0,0,0,0,0,0,0,0,0,0
2025-04-19,Horn-Lehe,0,0,0,0,0,0,0,0,0,0,0,0,0,0,0
2025-04-19,Huchting,0,0,0,0,0,0,0,0,0,0,0,0,0,0,0
2025-04-19,Häfen,0,0,0,0,0,0,0,0,0,0,0,0,0,0,0
2025-04-19,Mitte,1,0,0,1,0,0,0,0,0,0,0,0,0,0,0
2025-04-19,Neustadt,0,0,0,0,0,0,0,0,0,0,0,0,0,0,0
2025-04-19,Oberneuland,0,0,0,0,0,0,0,0,0,0,0,0,0,0,0
2025-04-19,Obervieland,0,0,0,0,0,0,0,0,0,0,0,0,0,0,0
2025-04-19,Osterholz,0,0,0,0,0,0,0,0,0,0,0,0,0,0,0
2025-04-19,Schwachhausen,0,0,0,0,0,0,0,0,0,0,0,0,0,0,0
2025-04-19,Seehausen,0,0,0,0,0,0,0,0,0,0,0,0,0,0,0
2025-04-19,Strom,0,0,0,0,0,0,0,0,0,0,0,0,0,0,0
2025-04-19,Vahr,0,0,0,0,0,0,0,0,0,0,0,0,0,0,0
2025-04-19,Vegesack,0,0,0,0,0,0,0,0,0,0,0,0,0,0,0
2025-04-19,Walle,0,0,0,0,0,0,0,0,0,0,0,0,0,0,0
2025-04-19,Woltmershausen,0,0,0,0,0,0,0,0,0,0,0,0,0,0,0
2025-04-19,Östliche Vorstadt,1,0,0,1,0,0,0,0,0,0,0,0,0,0,0
2025-04-20,Blockland,0,0,0,0,0,0,0,0,0,0,0,0,0,0,0
2025-04-20,Blumenthal,0,0,0,0,0,0,0,0,0,0,0,0,0,0,0
2025-04-20,Borgfeld,0,0,0,0,0,0,0,0,0,0,0,0,0,0,0
2025-04-20,Burglesum,0,0,0,0,0,0,0,0,0,0,0,0,0,0,0
2025-04-20,Findorff,1,0,0,0,0,0,0,0,0,0,0,1,0,0,0
2025-04-20,Gröpelingen,0,0,0,0,0,0,0,0,0,0,0,0,0,0,0
2025-04-20,Hemelingen,0,0,0,0,0,0,0,0,0,0,0,0,0,0,0
2025-04-20,Horn-Lehe,0,0,0,0,0,0,0,0,0,0,0,0,0,0,0
2025-04-20,Huchting,0,0,0,0,0,0,0,0,0,0,0,0,0,0,0
2025-04-20,Häfen,0,0,0,0,0,0,0,0,0,0,0,0,0,0,0
2025-04-20,Mitte,0,0,0,0,0,0,0,0,0,0,0,0,0,0,0
2025-04-20,Neustadt,0,0,0,0,0,0,0,0,0,0,0,0,0,0,0
2025-04-20,Oberneuland,0,0,0,0,0,0,0,0,0,0,0,0,0,0,0
2025-04-20,Obervieland,0,0,0,0,0,0,0,0,0,0,0,0,0,0,0
2025-04-20,Osterholz,0,0,0,0,0,0,0,0,0,0,0,0,0,0,0
2025-04-20,Schwachhausen,0,0,0,0,0,0,0,0,0,0,0,0,0,0,0
2025-04-20,Seehausen,0,0,0,0,0,0,0,0,0,0,0,0,0,0,0
2025-04-20,Strom,0,0,0,0,0,0,0,0,0,0,0,0,0,0,0
2025-04-20,Vahr,0,0,0,0,0,0,0,0,0,0,0,0,0,0,0
2025-04-20,Vegesack,0,0,0,0,0,0,0,0,0,0,0,0,0,0,0
2025-04-20,Walle,0,0,0,0,0,0,0,0,0,0,0,0,0,0,0
2025-04-20,Woltmershausen,0,0,0,0,0,0,0,0,0,0,0,0,0,0,0
2025-04-20,Östliche Vorstadt,0,0,0,0,0,0,0,0,0,0,0,0,0,0,0
2025-04-21,Blockland,0,0,0,0,0,0,0,0,0,0,0,0,0,0,0
2025-04-21,Blumenthal,1,0,0,0,1,0,0,0,0,0,0,0,0,0,0
2025-04-21,Borgfeld,0,0,0,0,0,0,0,0,0,0,0,0,0,0,0
2025-04-21,Burglesum,0,0,0,0,0,0,0,0,0,0,0,0,0,0,0
2025-04-21,Findorff,0,0,0,0,0,0,0,0,0,0,0,0,0,0,0
2025-04-21,Gröpelingen,0,0,0,0,0,0,0,0,0,0,0,0,0,0,0
2025-04-21,Hemelingen,0,0,0,0,0,0,0,0,0,0,0,0,0,0,0
2025-04-21,Horn-Lehe,0,0,0,0,0,0,0,0,0,0,0,0,0,0,0
2025-04-21,Huchting,0,0,0,0,0,0,0,0,0,0,0,0,0,0,0
2025-04-21,Häfen,0,0,0,0,0,0,0,0,0,0,0,0,0,0,0
2025-04-21,Mitte,0,0,0,0,0,0,0,0,0,0,0,0,0,0,0
2025-04-21,Neustadt,0,0,0,0,0,0,0,0,0,0,0,0,0,0,0
2025-04-21,Oberneuland,0,0,0,0,0,0,0,0,0,0,0,0,0,0,0
2025-04-21,Obervieland,0,0,0,0,0,0,0,0,0,0,0,0,0,0,0
2025-04-21,Osterholz,0,0,0,0,0,0,0,0,0,0,0,0,0,0,0
2025-04-21,Schwachhausen,0,0,0,0,0,0,0,0,0,0,0,0,0,0,0
2025-04-21,Seehausen,0,0,0,0,0,0,0,0,0,0,0,0,0,0,0
2025-04-21,Strom,0,0,0,0,0,0,0,0,0,0,0,0,0,0,0
2025-04-21,Vahr,0,0,0,0,0,0,0,0,0,0,0,0,0,0,0
2025-04-21,Vegesack,1,0,0,0,1,0,0,0,0,0,0,0,0,0,0
2025-04-21,Walle,0,0,0,0,0,0,0,0,0,0,0,0,0,0,0
2025-04-21,Woltmershausen,0,0,0,0,0,0,0,0,0,0,0,0,0,0,0
2025-04-21,Östliche Vorstadt,0,0,0,0,0,0,0,0,0,0,0,0,0,0,0
2025-04-22,Blockland,0,0,0,0,0,0,0,0,0,0,0,0,0,0,0
2025-04-22,Blumenthal,0,0,0,0,0,0,0,0,0,0,0,0,0,0,0
2025-04-22,Borgfeld,0,0,0,0,0,0,0,0,0,0,0,0,0,0,0
2025-04-22,Burglesum,0,0,0,0,0,0,0,0,0,0,0,0,0,0,0
2025-04-22,Findorff,0,0,0,0,0,0,0,0,0,0,0,0,0,0,0
2025-04-22,Gröpelingen,0,0,0,0,0,0,0,0,0,0,0,0,0,0,0
2025-04-22,Hemelingen,0,0,0,0,0,0,0,0,0,0,0,0,0,0,0
2025-04-22,Horn-Lehe,0,0,0,0,0,0,0,0,0,0,0,0,0,0,0
2025-04-22,Huchting,0,0,0,0,0,0,0,0,0,0,0,0,0,0,0
2025-04-22,Häfen,0,0,0,0,0,0,0,0,0,0,0,0,0,0,0
2025-04-22,Mitte,1,0,1,0,0,0,0,0,0,0,0,0,0,0,0
2025-04-22,Neustadt,0,0,0,0,0,0,0,0,0,0,0,0,0,0,0
2025-04-22,Oberneuland,0,0,0,0,0,0,0,0,0,0,0,0,0,0,0
2025-04-22,Obervieland,0,0,0,0,0,0,0,0,0,0,0,0,0,0,0
2025-04-22,Osterholz,0,0,0,0,0,0,0,0,0,0,0,0,0,0,0
2025-04-22,Schwachhausen,0,0,0,0,0,0,0,0,0,0,0,0,0,0,0
2025-04-22,Seehausen,0,0,0,0,0,0,0,0,0,0,0,0,0,0,0
2025-04-22,Strom,0,0,0,0,0,0,0,0,0,0,0,0,0,0,0
2025-04-22,Vahr,0,0,0,0,0,0,0,0,0,0,0,0,0,0,0
2025-04-22,Vegesack,0,0,0,0,0,0,0,0,0,0,0,0,0,0,0
2025-04-22,Walle,0,0,0,0,0,0,0,0,0,0,0,0,0,0,0
2025-04-22,Woltmershausen,1,0,0,0,0,0,0,0,1,0,0,0,0,0,0
2025-04-22,Östliche Vorstadt,0,0,0,0,0,0,0,0,0,0,0,0,0,0,0
2025-04-23,Blockland,0,0,0,0,0,0,0,0,0,0,0,0,0,0,0
2025-04-23,Blumenthal,1,0,0,0,0,0,0,0,0,0,0,0,0,1,0
2025-04-23,Borgfeld,0,0,0,0,0,0,0,0,0,0,0,0,0,0,0
2025-04-23,Burglesum,0,0,0,0,0,0,0,0,0,0,0,0,0,0,0
2025-04-23,Findorff,0,0,0,0,0,0,0,0,0,0,0,0,0,0,0
2025-04-23,Gröpelingen,0,0,0,0,0,0,0,0,0,0,0,0,0,0,0
2025-04-23,Hemelingen,0,0,0,0,0,0,0,0,0,0,0,0,0,0,0
2025-04-23,Horn-Lehe,0,0,0,0,0,0,0,0,0,0,0,0,0,0,0
2025-04-23,Huchting,1,0,0,1,0,0,0,0,0,0,0,0,0,0,0
2025-04-23,Häfen,0,0,0,0,0,0,0,0,0,0,0,0,0,0,0
2025-04-23,Mitte,1,0,0,1,0,0,0,0,0,0,0,0,0,0,0
2025-04-23,Neustadt,1,0,0,1,0,0,0,0,0,0,0,0,0,0,0
2025-04-23,Oberneuland,0,0,0,0,0,0,0,0,0,0,0,0,0,0,0
2025-04-23,Obervieland,0,0,0,0,0,0,0,0,0,0,0,0,0,0,0
2025-04-23,Osterholz,0,0,0,0,0,0,0,0,0,0,0,0,0,0,0
2025-04-23,Schwachhausen,0,0,0,0,0,0,0,0,0,0,0,0,0,0,0
2025-04-23,Seehausen,0,0,0,0,0,0,0,0,0,0,0,0,0,0,0
2025-04-23,Strom,0,0,0,0,0,0,0,0,0,0,0,0,0,0,0
2025-04-23,Vahr,0,0,0,0,0,0,0,0,0,0,0,0,0,0,0
2025-04-23,Vegesack,0,0,0,0,0,0,0,0,0,0,0,0,0,0,0
2025-04-23,Walle,0,0,0,0,0,0,0,0,0,0,0,0,0,0,0
2025-04-23,Woltmershausen,0,0,0,0,0,0,0,0,0,0,0,0,0,0,0
2025-04-23,Östliche Vorstadt,1,0,0,1,0,0,0,0,0,0,0,0,0,0,0
2025-04-24,Blockland,0,0,0,0,0,0,0,0,0,0,0,0,0,0,0
2025-04-24,Blumenthal,0,0,0,0,0,0,0,0,0,0,0,0,0,0,0
2025-04-24,Borgfeld,0,0,0,0,0,0,0,0,0,0,0,0,0,0,0
2025-04-24,Burglesum,0,0,0,0,0,0,0,0,0,0,0,0,0,0,0
2025-04-24,Findorff,0,0,0,0,0,0,0,0,0,0,0,0,0,0,0
2025-04-24,Gröpelingen,0,0,0,0,0,0,0,0,0,0,0,0,0,0,0
2025-04-24,Hemelingen,1,0,0,0,0,0,0,1,0,0,0,0,0,0,0
2025-04-24,Horn-Lehe,0,0,0,0,0,0,0,0,0,0,0,0,0,0,0
2025-04-24,Huchting,1,0,0,0,0,0,0,0,0,0,0,1,0,0,0
2025-04-24,Häfen,0,0,0,0,0,0,0,0,0,0,0,0,0,0,0
2025-04-24,Mitte,1,0,0,0,0,0,0,0,1,0,0,0,0,0,0
2025-04-24,Neustadt,0,0,0,0,0,0,0,0,0,0,0,0,0,0,0
2025-04-24,Oberneuland,0,0,0,0,0,0,0,0,0,0,0,0,0,0,0
2025-04-24,Obervieland,0,0,0,0,0,0,0,0,0,0,0,0,0,0,0
2025-04-24,Osterholz,0,0,0,0,0,0,0,0,0,0,0,0,0,0,0
2025-04-24,Schwachhausen,1,0,0,0,0,1,0,0,0,0,0,0,0,0,0
2025-04-24,Seehausen,0,0,0,0,0,0,0,0,0,0,0,0,0,0,0
2025-04-24,Strom,0,0,0,0,0,0,0,0,0,0,0,0,0,0,0
2025-04-24,Vahr,0,0,0,0,0,0,0,0,0,0,0,0,0,0,0
2025-04-24,Vegesack,0,0,0,0,0,0,0,0,0,0,0,0,0,0,0
2025-04-24,Walle,0,0,0,0,0,0,0,0,0,0,0,0,0,0,0
2025-04-24,Woltmershausen,0,0,0,0,0,0,0,0,0,0,0,0,0,0,0
2025-04-24,Östliche Vorstadt,0,0,0,0,0,0,0,0,0,0,0,0,0,0,0
2025-04-25,Blockland,0,0,0,0,0,0,0,0,0,0,0,0,0,0,0
2025-04-25,Blumenthal,0,0,0,0,0,0,0,0,0,0,0,0,0,0,0
2025-04-25,Borgfeld,0,0,0,0,0,0,0,0,0,0,0,0,0,0,0
2025-04-25,Burglesum,0,0,0,0,0,0,0,0,0,0,0,0,0,0,0
2025-04-25,Findorff,0,0,0,0,0,0,0,0,0,0,0,0,0,0,0
2025-04-25,Gröpelingen,0,0,0,0,0,0,0,0,0,0,0,0,0,0,0
2025-04-25,Hemelingen,0,0,0,0,0,0,0,0,0,0,0,0,0,0,0
2025-04-25,Horn-Lehe,0,0,0,0,0,0,0,0,0,0,0,0,0,0,0
2025-04-25,Huchting,0,0,0,0,0,0,0,0,0,0,0,0,0,0,0
2025-04-25,Häfen,0,0,0,0,0,0,0,0,0,0,0,0,0,0,0
2025-04-25,Mitte,0,0,0,0,0,0,0,0,0,0,0,0,0,0,0
2025-04-25,Neustadt,1,0,0,0,0,0,0,0,0,0,0,1,0,0,0
2025-04-25,Oberneuland,0,0,0,0,0,0,0,0,0,0,0,0,0,0,0
2025-04-25,Obervieland,0,0,0,0,0,0,0,0,0,0,0,0,0,0,0
2025-04-25,Osterholz,0,0,0,0,0,0,0,0,0,0,0,0,0,0,0
2025-04-25,Schwachhausen,0,0,0,0,0,0,0,0,0,0,0,0,0,0,0
2025-04-25,Seehausen,0,0,0,0,0,0,0,0,0,0,0,0,0,0,0
2025-04-25,Strom,0,0,0,0,0,0,0,0,0,0,0,0,0,0,0
2025-04-25,Vahr,0,0,0,0,0,0,0,0,0,0,0,0,0,0,0
2025-04-25,Vegesack,1,0,0,0,0,0,0,0,0,0,0,1,0,0,0
2025-04-25,Walle,0,0,0,0,0,0,0,0,0,0,0,0,0,0,0
2025-04-25,Woltmershausen,0,0,0,0,0,0,0,0,0,0,0,0,0,0,0
2025-04-25,Östliche Vorstadt,0,0,0,0,0,0,0,0,0,0,0,0,0,0,0
2025-04-26,Blockland,0,0,0,0,0,0,0,0,0,0,0,0,0,0,0
2025-04-26,Blumenthal,0,0,0,0,0,0,0,0,0,0,0,0,0,0,0
2025-04-26,Borgfeld,0,0,0,0,0,0,0,0,0,0,0,0,0,0,0
2025-04-26,Burglesum,0,0,0,0,0,0,0,0,0,0,0,0,0,0,0
2025-04-26,Findorff,0,0,0,0,0,0,0,0,0,0,0,0,0,0,0
2025-04-26,Gröpelingen,1,0,0,0,0,0,0,1,0,0,0,0,0,0,0
2025-04-26,Hemelingen,0,0,0,0,0,0,0,0,0,0,0,0,0,0,0
2025-04-26,Horn-Lehe,0,0,0,0,0,0,0,0,0,0,0,0,0,0,0
2025-04-26,Huchting,0,0,0,0,0,0,0,0,0,0,0,0,0,0,0
2025-04-26,Häfen,0,0,0,0,0,0,0,0,0,0,0,0,0,0,0
2025-04-26,Mitte,1,0,0,0,0,0,0,0,1,0,0,0,0,0,0
2025-04-26,Neustadt,1,0,0,0,0,0,0,0,0,0,0,1,0,0,0
2025-04-26,Oberneuland,0,0,0,0,0,0,0,0,0,0,0,0,0,0,0
2025-04-26,Obervieland,0,0,0,0,0,0,0,0,0,0,0,0,0,0,0
2025-04-26,Osterholz,0,0,0,0,0,0,0,0,0,0,0,0,0,0,0
2025-04-26,Schwachhausen,0,0,0,0,0,0,0,0,0,0,0,0,0,0,0
2025-04-26,Seehausen,0,0,0,0,0,0,0,0,0,0,0,0,0,0,0
2025-04-26,Strom,0,0,0,0,0,0,0,0,0,0,0,0,0,0,0
2025-04-26,Vahr,0,0,0,0,0,0,0,0,0,0,0,0,0,0,0
2025-04-26,Vegesack,0,0,0,0,0,0,0,0,0,0,0,0,0,0,0
2025-04-26,Walle,0,0,0,0,0,0,0,0,0,0,0,0,0,0,0
2025-04-26,Woltmershausen,0,0,0,0,0,0,0,0,0,0,0,0,0,0,0
2025-04-26,Östliche Vorstadt,0,0,0,0,0,0,0,0,0,0,0,0,0,0,0
2025-04-27,Blockland,0,0,0,0,0,0,0,0,0,0,0,0,0,0,0
2025-04-27,Blumenthal,0,0,0,0,0,0,0,0,0,0,0,0,0,0,0
2025-04-27,Borgfeld,0,0,0,0,0,0,0,0,0,0,0,0,0,0,0
2025-04-27,Burglesum,0,0,0,0,0,0,0,0,0,0,0,0,0,0,0
2025-04-27,Findorff,1,0,0,0,1,0,0,0,0,0,0,0,0,0,0
2025-04-27,Gröpelingen,0,0,0,0,0,0,0,0,0,0,0,0,0,0,0
2025-04-27,Hemelingen,0,0,0,0,0,0,0,0,0,0,0,0,0,0,0
2025-04-27,Horn-Lehe,0,0,0,0,0,0,0,0,0,0,0,0,0,0,0
2025-04-27,Huchting,0,0,0,0,0,0,0,0,0,0,0,0,0,0,0
2025-04-27,Häfen,0,0,0,0,0,0,0,0,0,0,0,0,0,0,0
2025-04-27,Mitte,0,0,0,0,0,0,0,0,0,0,0,0,0,0,0
2025-04-27,Neustadt,1,0,1,0,0,0,0,0,0,0,0,0,0,0,0
2025-04-27,Oberneuland,0,0,0,0,0,0,0,0,0,0,0,0,0,0,0
2025-04-27,Obervieland,0,0,0,0,0,0,0,0,0,0,0,0,0,0,0
2025-04-27,Osterholz,0,0,0,0,0,0,0,0,0,0,0,0,0,0,0
2025-04-27,Schwachhausen,0,0,0,0,0,0,0,0,0,0,0,0,0,0,0
2025-04-27,Seehausen,0,0,0,0,0,0,0,0,0,0,0,0,0,0,0
2025-04-27,Strom,0,0,0,0,0,0,0,0,0,0,0,0,0,0,0
2025-04-27,Vahr,0,0,0,0,0,0,0,0,0,0,0,0,0,0,0
2025-04-27,Vegesack,0,0,0,0,0,0,0,0,0,0,0,0,0,0,0
2025-04-27,Walle,0,0,0,0,0,0,0,0,0,0,0,0,0,0,0
2025-04-27,Woltmershausen,0,0,0,0,0,0,0,0,0,0,0,0,0,0,0
2025-04-27,Östliche Vorstadt,0,0,0,0,0,0,0,0,0,0,0,0,0,0,0
2025-04-28,Blockland,0,0,0,0,0,0,0,0,0,0,0,0,0,0,0
2025-04-28,Blumenthal,0,0,0,0,0,0,0,0,0,0,0,0,0,0,0
2025-04-28,Borgfeld,0,0,0,0,0,0,0,0,0,0,0,0,0,0,0
2025-04-28,Burglesum,0,0,0,0,0,0,0,0,0,0,0,0,0,0,0
2025-04-28,Findorff,0,0,0,0,0,0,0,0,0,0,0,0,0,0,0
2025-04-28,Gröpelingen,0,0,0,0,0,0,0,0,0,0,0,0,0,0,0
2025-04-28,Hemelingen,1,0,0,0,0,0,0,0,0,0,0,1,0,0,0
2025-04-28,Horn-Lehe,0,0,0,0,0,0,0,0,0,0,0,0,0,0,0
2025-04-28,Huchting,0,0,0,0,0,0,0,0,0,0,0,0,0,0,0
2025-04-28,Häfen,0,0,0,0,0,0,0,0,0,0,0,0,0,0,0
2025-04-28,Mitte,0,0,0,0,0,0,0,0,0,0,0,0,0,0,0
2025-04-28,Neustadt,0,0,0,0,0,0,0,0,0,0,0,0,0,0,0
2025-04-28,Oberneuland,0,0,0,0,0,0,0,0,0,0,0,0,0,0,0
2025-04-28,Obervieland,0,0,0,0,0,0,0,0,0,0,0,0,0,0,0
2025-04-28,Osterholz,0,0,0,0,0,0,0,0,0,0,0,0,0,0,0
2025-04-28,Schwachhausen,0,0,0,0,0,0,0,0,0,0,0,0,0,0,0
2025-04-28,Seehausen,0,0,0,0,0,0,0,0,0,0,0,0,0,0,0
2025-04-28,Strom,0,0,0,0,0,0,0,0,0,0,0,0,0,0,0
2025-04-28,Vahr,1,0,0,0,0,0,0,0,0,0,0,0,1,0,0
2025-04-28,Vegesack,0,0,0,0,0,0,0,0,0,0,0,0,0,0,0
2025-04-28,Walle,0,0,0,0,0,0,0,0,0,0,0,0,0,0,0
2025-04-28,Woltmershausen,0,0,0,0,0,0,0,0,0,0,0,0,0,0,0
2025-04-28,Östliche Vorstadt,0,0,0,0,0,0,0,0,0,0,0,0,0,0,0
2025-04-29,Blockland,0,0,0,0,0,0,0,0,0,0,0,0,0,0,0
2025-04-29,Blumenthal,0,0,0,0,0,0,0,0,0,0,0,0,0,0,0
2025-04-29,Borgfeld,0,0,0,0,0,0,0,0,0,0,0,0,0,0,0
2025-04-29,Burglesum,0,0,0,0,0,0,0,0,0,0,0,0,0,0,0
2025-04-29,Findorff,1,0,0,0,0,0,0,0,0,0,0,0,1,0,0
2025-04-29,Gröpelingen,0,0,0,0,0,0,0,0,0,0,0,0,0,0,0
2025-04-29,Hemelingen,0,0,0,0,0,0,0,0,0,0,0,0,0,0,0
2025-04-29,Horn-Lehe,1,0,0,0,1,0,0,0,0,0,0,0,0,0,0
2025-04-29,Huchting,0,0,0,0,0,0,0,0,0,0,0,0,0,0,0
2025-04-29,Häfen,0,0,0,0,0,0,0,0,0,0,0,0,0,0,0
2025-04-29,Mitte,0,0,0,0,0,0,0,0,0,0,0,0,0,0,0
2025-04-29,Neustadt,0,0,0,0,0,0,0,0,0,0,0,0,0,0,0
2025-04-29,Oberneuland,0,0,0,0,0,0,0,0,0,0,0,0,0,0,0
2025-04-29,Obervieland,0,0,0,0,0,0,0,0,0,0,0,0,0,0,0
2025-04-29,Osterholz,0,0,0,0,0,0,0,0,0,0,0,0,0,0,0
2025-04-29,Schwachhausen,0,0,0,0,0,0,0,0,0,0,0,0,0,0,0
2025-04-29,Seehausen,0,0,0,0,0,0,0,0,0,0,0,0,0,0,0
2025-04-29,Strom,0,0,0,0,0,0,0,0,0,0,0,0,0,0,0
2025-04-29,Vahr,0,0,0,0,0,0,0,0,0,0,0,0,0,0,0
2025-04-29,Vegesack,0,0,0,0,0,0,0,0,0,0,0,0,0,0,0
2025-04-29,Walle,1,0,0,0,0,0,0,0,0,0,0,0,1,0,0
2025-04-29,Woltmershausen,0,0,0,0,0,0,0,0,0,0,0,0,0,0,0
2025-04-29,Östliche Vorstadt,0,0,0,0,0,0,0,0,0,0,0,0,0,0,0
2025-04-30,Blockland,0,0,0,0,0,0,0,0,0,0,0,0,0,0,0
2025-04-30,Blumenthal,0,0,0,0,0,0,0,0,0,0,0,0,0,0,0
2025-04-30,Borgfeld,0,0,0,0,0,0,0,0,0,0,0,0,0,0,0
2025-04-30,Burglesum,1,1,0,0,0,0,0,0,0,0,0,0,0,0,0
2025-04-30,Findorff,0,0,0,0,0,0,0,0,0,0,0,0,0,0,0
2025-04-30,Gröpelingen,0,0,0,0,0,0,0,0,0,0,0,0,0,0,0
2025-04-30,Hemelingen,0,0,0,0,0,0,0,0,0,0,0,0,0,0,0
2025-04-30,Horn-Lehe,0,0,0,0,0,0,0,0,0,0,0,0,0,0,0
2025-04-30,Huchting,0,0,0,0,0,0,0,0,0,0,0,0,0,0,0
2025-04-30,Häfen,0,0,0,0,0,0,0,0,0,0,0,0,0,0,0
2025-04-30,Mitte,0,0,0,0,0,0,0,0,0,0,0,0,0,0,0
2025-04-30,Neustadt,0,0,0,0,0,0,0,0,0,0,0,0,0,0,0
2025-04-30,Oberneuland,0,0,0,0,0,0,0,0,0,0,0,0,0,0,0
2025-04-30,Obervieland,0,0,0,0,0,0,0,0,0,0,0,0,0,0,0
2025-04-30,Osterholz,0,0,0,0,0,0,0,0,0,0,0,0,0,0,0
2025-04-30,Schwachhausen,0,0,0,0,0,0,0,0,0,0,0,0,0,0,0
2025-04-30,Seehausen,0,0,0,0,0,0,0,0,0,0,0,0,0,0,0
2025-04-30,Strom,0,0,0,0,0,0,0,0,0,0,0,0,0,0,0
2025-04-30,Vahr,0,0,0,0,0,0,0,0,0,0,0,0,0,0,0
2025-04-30,Vegesack,0,0,0,0,0,0,0,0,0,0,0,0,0,0,0
2025-04-30,Walle,0,0,0,0,0,0,0,0,0,0,0,0,0,0,0
2025-04-30,Woltmershausen,0,0,0,0,0,0,0,0,0,0,0,0,0,0,0
2025-04-30,Östliche Vorstadt,0,0,0,0,0,0,0,0,0,0,0,0,0,0,0
2025-05-01,Blockland,0,0,0,0,0,0,0,0,0,0,0,0,0,0,0
2025-05-01,Blumenthal,0,0,0,0,0,0,0,0,0,0,0,0,0,0,0
2025-05-01,Borgfeld,0,0,0,0,0,0,0,0,0,0,0,0,0,0,0
2025-05-01,Burglesum,0,0,0,0,0,0,0,0,0,0,0,0,0,0,0
2025-05-01,Findorff,0,0,0,0,0,0,0,0,0,0,0,0,0,0,0
2025-05-01,Gröpelingen,0,0,0,0,0,0,0,0,0,0,0,0,0,0,0
2025-05-01,Hemelingen,0,0,0,0,0,0,0,0,0,0,0,0,0,0,0
2025-05-01,Horn-Lehe,0,0,0,0,0,0,0,0,0,0,0,0,0,0,0
2025-05-01,Huchting,0,0,0,0,0,0,0,0,0,0,0,0,0,0,0
2025-05-01,Häfen,0,0,0,0,0,0,0,0,0,0,0,0,0,0,0
2025-05-01,Mitte,0,0,0,0,0,0,0,0,0,0,0,0,0,0,0
2025-05-01,Neustadt,0,0,0,0,0,0,0,0,0,0,0,0,0,0,0
2025-05-01,Oberneuland,0,0,0,0,0,0,0,0,0,0,0,0,0,0,0
2025-05-01,Obervieland,0,0,0,0,0,0,0,0,0,0,0,0,0,0,0
2025-05-01,Osterholz,0,0,0,0,0,0,0,0,0,0,0,0,0,0,0
2025-05-01,Schwachhausen,0,0,0,0,0,0,0,0,0,0,0,0,0,0,0
2025-05-01,Seehausen,0,0,0,0,0,0,0,0,0,0,0,0,0,0,0
2025-05-01,Strom,0,0,0,0,0,0,0,0,0,0,0,0,0,0,0
2025-05-01,Vahr,0,0,0,0,0,0,0,0,0,0,0,0,0,0,0
2025-05-01,Vegesack,0,0,0,0,0,0,0,0,0,0,0,0,0,0,0
2025-05-01,Walle,0,0,0,0,0,0,0,0,0,0,0,0,0,0,0
2025-05-01,Woltmershausen,1,0,0,0,1,0,0,0,0,0,0,0,0,0,0
2025-05-01,Östliche Vorstadt,0,0,0,0,0,0,0,0,0,0,0,0,0,0,0
2025-05-02,Blockland,0,0,0,0,0,0,0,0,0,0,0,0,0,0,0
2025-05-02,Blumenthal,0,0,0,0,0,0,0,0,0,0,0,0,0,0,0
2025-05-02,Borgfeld,0,0,0,0,0,0,0,0,0,0,0,0,0,0,0
2025-05-02,Burglesum,0,0,0,0,0,0,0,0,0,0,0,0,0,0,0
2025-05-02,Findorff,0,0,0,0,0,0,0,0,0,0,0,0,0,0,0
2025-05-02,Gröpelingen,0,0,0,0,0,0,0,0,0,0,0,0,0,0,0
2025-05-02,Hemelingen,0,0,0,0,0,0,0,0,0,0,0,0,0,0,0
2025-05-02,Horn-Lehe,0,0,0,0,0,0,0,0,0,0,0,0,0,0,0
2025-05-02,Huchting,0,0,0,0,0,0,0,0,0,0,0,0,0,0,0
2025-05-02,Häfen,0,0,0,0,0,0,0,0,0,0,0,0,0,0,0
2025-05-02,Mitte,0,0,0,0,0,0,0,0,0,0,0,0,0,0,0
2025-05-02,Neustadt,0,0,0,0,0,0,0,0,0,0,0,0,0,0,0
2025-05-02,Oberneuland,0,0,0,0,0,0,0,0,0,0,0,0,0,0,0
2025-05-02,Obervieland,0,0,0,0,0,0,0,0,0,0,0,0,0,0,0
2025-05-02,Osterholz,0,0,0,0,0,0,0,0,0,0,0,0,0,0,0
2025-05-02,Schwachhausen,0,0,0,0,0,0,0,0,0,0,0,0,0,0,0
2025-05-02,Seehausen,0,0,0,0,0,0,0,0,0,0,0,0,0,0,0
2025-05-02,Strom,0,0,0,0,0,0,0,0,0,0,0,0,0,0,0
2025-05-02,Vahr,0,0,0,0,0,0,0,0,0,0,0,0,0,0,0
2025-05-02,Vegesack,0,0,0,0,0,0,0,0,0,0,0,0,0,0,0
2025-05-02,Walle,1,0,0,1,0,0,0,0,0,0,0,0,0,0,0
2025-05-02,Woltmershausen,0,0,0,0,0,0,0,0,0,0,0,0,0,0,0
2025-05-02,Östliche Vorstadt,0,0,0,0,0,0,0,0,0,0,0,0,0,0,0
2025-05-03,Blockland,0,0,0,0,0,0,0,0,0,0,0,0,0,0,0
2025-05-03,Blumenthal,0,0,0,0,0,0,0,0,0,0,0,0,0,0,0
2025-05-03,Borgfeld,0,0,0,0,0,0,0,0,0,0,0,0,0,0,0
2025-05-03,Burglesum,0,0,0,0,0,0,0,0,0,0,0,0,0,0,0
2025-05-03,Findorff,0,0,0,0,0,0,0,0,0,0,0,0,0,0,0
2025-05-03,Gröpelingen,0,0,0,0,0,0,0,0,0,0,0,0,0,0,0
2025-05-03,Hemelingen,0,0,0,0,0,0,0,0,0,0,0,0,0,0,0
2025-05-03,Horn-Lehe,0,0,0,0,0,0,0,0,0,0,0,0,0,0,0
2025-05-03,Huchting,0,0,0,0,0,0,0,0,0,0,0,0,0,0,0
2025-05-03,Häfen,0,0,0,0,0,0,0,0,0,0,0,0,0,0,0
2025-05-03,Mitte,0,0,0,0,0,0,0,0,0,0,0,0,0,0,0
2025-05-03,Neustadt,0,0,0,0,0,0,0,0,0,0,0,0,0,0,0
2025-05-03,Oberneuland,0,0,0,0,0,0,0,0,0,0,0,0,0,0,0
2025-05-03,Obervieland,0,0,0,0,0,0,0,0,0,0,0,0,0,0,0
2025-05-03,Osterholz,0,0,0,0,0,0,0,0,0,0,0,0,0,0,0
2025-05-03,Schwachhausen,1,0,0,0,0,0,0,0,0,0,0,0,0,0,1
2025-05-03,Seehausen,0,0,0,0,0,0,0,0,0,0,0,0,0,0,0
2025-05-03,Strom,0,0,0,0,0,0,0,0,0,0,0,0,0,0,0
2025-05-03,Vahr,0,0,0,0,0,0,0,0,0,0,0,0,0,0,0
2025-05-03,Vegesack,0,0,0,0,0,0,0,0,0,0,0,0,0,0,0
2025-05-03,Walle,0,0,0,0,0,0,0,0,0,0,0,0,0,0,0
2025-05-03,Woltmershausen,0,0,0,0,0,0,0,0,0,0,0,0,0,0,0
2025-05-03,Östliche Vorstadt,0,0,0,0,0,0,0,0,0,0,0,0,0,0,0
2025-05-04,Blockland,0,0,0,0,0,0,0,0,0,0,0,0,0,0,0
2025-05-04,Blumenthal,0,0,0,0,0,0,0,0,0,0,0,0,0,0,0
2025-05-04,Borgfeld,0,0,0,0,0,0,0,0,0,0,0,0,0,0,0
2025-05-04,Burglesum,0,0,0,0,0,0,0,0,0,0,0,0,0,0,0
2025-05-04,Findorff,0,0,0,0,0,0,0,0,0,0,0,0,0,0,0
2025-05-04,Gröpelingen,0,0,0,0,0,0,0,0,0,0,0,0,0,0,0
2025-05-04,Hemelingen,0,0,0,0,0,0,0,0,0,0,0,0,0,0,0
2025-05-04,Horn-Lehe,0,0,0,0,0,0,0,0,0,0,0,0,0,0,0
2025-05-04,Huchting,0,0,0,0,0,0,0,0,0,0,0,0,0,0,0
2025-05-04,Häfen,0,0,0,0,0,0,0,0,0,0,0,0,0,0,0
2025-05-04,Mitte,0,0,0,0,0,0,0,0,0,0,0,0,0,0,0
2025-05-04,Neustadt,0,0,0,0,0,0,0,0,0,0,0,0,0,0,0
2025-05-04,Oberneuland,0,0,0,0,0,0,0,0,0,0,0,0,0,0,0
2025-05-04,Obervieland,0,0,0,0,0,0,0,0,0,0,0,0,0,0,0
2025-05-04,Osterholz,0,0,0,0,0,0,0,0,0,0,0,0,0,0,0
2025-05-04,Schwachhausen,0,0,0,0,0,0,0,0,0,0,0,0,0,0,0
2025-05-04,Seehausen,0,0,0,0,0,0,0,0,0,0,0,0,0,0,0
2025-05-04,Strom,0,0,0,0,0,0,0,0,0,0,0,0,0,0,0
2025-05-04,Vahr,0,0,0,0,0,0,0,0,0,0,0,0,0,0,0
2025-05-04,Vegesack,0,0,0,0,0,0,0,0,0,0,0,0,0,0,0
2025-05-04,Walle,0,0,0,0,0,0,0,0,0,0,0,0,0,0,0
2025-05-04,Woltmershausen,0,0,0,0,0,0,0,0,0,0,0,0,0,0,0
2025-05-04,Östliche Vorstadt,0,0,0,0,0,0,0,0,0,0,0,0,0,0,0
2025-05-05,Blockland,0,0,0,0,0,0,0,0,0,0,0,0,0,0,0
2025-05-05,Blumenthal,0,0,0,0,0,0,0,0,0,0,0,0,0,0,0
2025-05-05,Borgfeld,0,0,0,0,0,0,0,0,0,0,0,0,0,0,0
2025-05-05,Burglesum,0,0,0,0,0,0,0,0,0,0,0,0,0,0,0
2025-05-05,Findorff,0,0,0,0,0,0,0,0,0,0,0,0,0,0,0
2025-05-05,Gröpelingen,0,0,0,0,0,0,0,0,0,0,0,0,0,0,0
2025-05-05,Hemelingen,0,0,0,0,0,0,0,0,0,0,0,0,0,0,0
2025-05-05,Horn-Lehe,0,0,0,0,0,0,0,0,0,0,0,0,0,0,0
2025-05-05,Huchting,0,0,0,0,0,0,0,0,0,0,0,0,0,0,0
2025-05-05,Häfen,0,0,0,0,0,0,0,0,0,0,0,0,0,0,0
2025-05-05,Mitte,2,0,0,1,0,0,0,0,1,0,0,0,0,0,0
2025-05-05,Neustadt,2,0,0,0,1,0,0,0,1,0,0,0,0,0,0
2025-05-05,Oberneuland,0,0,0,0,0,0,0,0,0,0,0,0,0,0,0
2025-05-05,Obervieland,0,0,0,0,0,0,0,0,0,0,0,0,0,0,0
2025-05-05,Osterholz,0,0,0,0,0,0,0,0,0,0,0,0,0,0,0
2025-05-05,Schwachhausen,0,0,0,0,0,0,0,0,0,0,0,0,0,0,0
2025-05-05,Seehausen,0,0,0,0,0,0,0,0,0,0,0,0,0,0,0
2025-05-05,Strom,0,0,0,0,0,0,0,0,0,0,0,0,0,0,0
2025-05-05,Vahr,0,0,0,0,0,0,0,0,0,0,0,0,0,0,0
2025-05-05,Vegesack,0,0,0,0,0,0,0,0,0,0,0,0,0,0,0
2025-05-05,Walle,0,0,0,0,0,0,0,0,0,0,0,0,0,0,0
2025-05-05,Woltmershausen,0,0,0,0,0,0,0,0,0,0,0,0,0,0,0
2025-05-05,Östliche Vorstadt,1,0,0,1,0,0,0,0,0,0,0,0,0,0,0
2025-05-06,Blockland,0,0,0,0,0,0,0,0,0,0,0,0,0,0,0
2025-05-06,Blumenthal,0,0,0,0,0,0,0,0,0,0,0,0,0,0,0
2025-05-06,Borgfeld,0,0,0,0,0,0,0,0,0,0,0,0,0,0,0
2025-05-06,Burglesum,0,0,0,0,0,0,0,0,0,0,0,0,0,0,0
2025-05-06,Findorff,0,0,0,0,0,0,0,0,0,0,0,0,0,0,0
2025-05-06,Gröpelingen,0,0,0,0,0,0,0,0,0,0,0,0,0,0,0
2025-05-06,Hemelingen,0,0,0,0,0,0,0,0,0,0,0,0,0,0,0
2025-05-06,Horn-Lehe,0,0,0,0,0,0,0,0,0,0,0,0,0,0,0
2025-05-06,Huchting,0,0,0,0,0,0,0,0,0,0,0,0,0,0,0
2025-05-06,Häfen,0,0,0,0,0,0,0,0,0,0,0,0,0,0,0
2025-05-06,Mitte,0,0,0,0,0,0,0,0,0,0,0,0,0,0,0
2025-05-06,Neustadt,0,0,0,0,0,0,0,0,0,0,0,0,0,0,0
2025-05-06,Oberneuland,0,0,0,0,0,0,0,0,0,0,0,0,0,0,0
2025-05-06,Obervieland,1,0,0,0,0,0,0,0,0,1,0,0,0,0,0
2025-05-06,Osterholz,0,0,0,0,0,0,0,0,0,0,0,0,0,0,0
2025-05-06,Schwachhausen,0,0,0,0,0,0,0,0,0,0,0,0,0,0,0
2025-05-06,Seehausen,0,0,0,0,0,0,0,0,0,0,0,0,0,0,0
2025-05-06,Strom,0,0,0,0,0,0,0,0,0,0,0,0,0,0,0
2025-05-06,Vahr,0,0,0,0,0,0,0,0,0,0,0,0,0,0,0
2025-05-06,Vegesack,0,0,0,0,0,0,0,0,0,0,0,0,0,0,0
2025-05-06,Walle,0,0,0,0,0,0,0,0,0,0,0,0,0,0,0
2025-05-06,Woltmershausen,0,0,0,0,0,0,0,0,0,0,0,0,0,0,0
2025-05-06,Östliche Vorstadt,0,0,0,0,0,0,0,0,0,0,0,0,0,0,0
2025-05-07,Blockland,0,0,0,0,0,0,0,0,0,0,0,0,0,0,0
2025-05-07,Blumenthal,0,0,0,0,0,0,0,0,0,0,0,0,0,0,0
2025-05-07,Borgfeld,0,0,0,0,0,0,0,0,0,0,0,0,0,0,0
2025-05-07,Burglesum,0,0,0,0,0,0,0,0,0,0,0,0,0,0,0
2025-05-07,Findorff,0,0,0,0,0,0,0,0,0,0,0,0,0,0,0
2025-05-07,Gröpelingen,0,0,0,0,0,0,0,0,0,0,0,0,0,0,0
2025-05-07,Hemelingen,0,0,0,0,0,0,0,0,0,0,0,0,0,0,0
2025-05-07,Horn-Lehe,0,0,0,0,0,0,0,0,0,0,0,0,0,0,0
2025-05-07,Huchting,0,0,0,0,0,0,0,0,0,0,0,0,0,0,0
2025-05-07,Häfen,0,0,0,0,0,0,0,0,0,0,0,0,0,0,0
2025-05-07,Mitte,0,0,0,0,0,0,0,0,0,0,0,0,0,0,0
2025-05-07,Neustadt,1,0,0,0,0,0,0,0,0,0,0,0,1,0,0
2025-05-07,Oberneuland,0,0,0,0,0,0,0,0,0,0,0,0,0,0,0
2025-05-07,Obervieland,0,0,0,0,0,0,0,0,0,0,0,0,0,0,0
2025-05-07,Osterholz,0,0,0,0,0,0,0,0,0,0,0,0,0,0,0
2025-05-07,Schwachhausen,0,0,0,0,0,0,0,0,0,0,0,0,0,0,0
2025-05-07,Seehausen,0,0,0,0,0,0,0,0,0,0,0,0,0,0,0
2025-05-07,Strom,0,0,0,0,0,0,0,0,0,0,0,0,0,0,0
2025-05-07,Vahr,0,0,0,0,0,0,0,0,0,0,0,0,0,0,0
2025-05-07,Vegesack,0,0,0,0,0,0,0,0,0,0,0,0,0,0,0
2025-05-07,Walle,1,0,0,0,0,0,0,0,0,0,0,0,0,0,1
2025-05-07,Woltmershausen,0,0,0,0,0,0,0,0,0,0,0,0,0,0,0
2025-05-07,Östliche Vorstadt,0,0,0,0,0,0,0,0,0,0,0,0,0,0,0
2025-05-08,Blockland,0,0,0,0,0,0,0,0,0,0,0,0,0,0,0
2025-05-08,Blumenthal,0,0,0,0,0,0,0,0,0,0,0,0,0,0,0
2025-05-08,Borgfeld,0,0,0,0,0,0,0,0,0,0,0,0,0,0,0
2025-05-08,Burglesum,0,0,0,0,0,0,0,0,0,0,0,0,0,0,0
2025-05-08,Findorff,0,0,0,0,0,0,0,0,0,0,0,0,0,0,0
2025-05-08,Gröpelingen,0,0,0,0,0,0,0,0,0,0,0,0,0,0,0
2025-05-08,Hemelingen,0,0,0,0,0,0,0,0,0,0,0,0,0,0,0
2025-05-08,Horn-Lehe,0,0,0,0,0,0,0,0,0,0,0,0,0,0,0
2025-05-08,Huchting,0,0,0,0,0,0,0,0,0,0,0,0,0,0,0
2025-05-08,Häfen,0,0,0,0,0,0,0,0,0,0,0,0,0,0,0
2025-05-08,Mitte,1,0,0,0,0,0,1,0,0,0,0,0,0,0,0
2025-05-08,Neustadt,0,0,0,0,0,0,0,0,0,0,0,0,0,0,0
2025-05-08,Oberneuland,0,0,0,0,0,0,0,0,0,0,0,0,0,0,0
2025-05-08,Obervieland,1,1,0,0,0,0,0,0,0,0,0,0,0,0,0
2025-05-08,Osterholz,0,0,0,0,0,0,0,0,0,0,0,0,0,0,0
2025-05-08,Schwachhausen,0,0,0,0,0,0,0,0,0,0,0,0,0,0,0
2025-05-08,Seehausen,0,0,0,0,0,0,0,0,0,0,0,0,0,0,0
2025-05-08,Strom,0,0,0,0,0,0,0,0,0,0,0,0,0,0,0
2025-05-08,Vahr,1,0,0,0,0,0,0,0,1,0,0,0,0,0,0
2025-05-08,Vegesack,1,0,0,0,1,0,0,0,0,0,0,0,0,0,0
2025-05-08,Walle,0,0,0,0,0,0,0,0,0,0,0,0,0,0,0
2025-05-08,Woltmershausen,0,0,0,0,0,0,0,0,0,0,0,0,0,0,0
2025-05-08,Östliche Vorstadt,0,0,0,0,0,0,0,0,0,0,0,0,0,0,0
2025-05-09,Blockland,0,0,0,0,0,0,0,0,0,0,0,0,0,0,0
2025-05-09,Blumenthal,0,0,0,0,0,0,0,0,0,0,0,0,0,0,0
2025-05-09,Borgfeld,0,0,0,0,0,0,0,0,0,0,0,0,0,0,0
2025-05-09,Burglesum,0,0,0,0,0,0,0,0,0,0,0,0,0,0,0
2025-05-09,Findorff,0,0,0,0,0,0,0,0,0,0,0,0,0,0,0
2025-05-09,Gröpelingen,0,0,0,0,0,0,0,0,0,0,0,0,0,0,0
2025-05-09,Hemelingen,0,0,0,0,0,0,0,0,0,0,0,0,0,0,0
2025-05-09,Horn-Lehe,0,0,0,0,0,0,0,0,0,0,0,0,0,0,0
2025-05-09,Huchting,0,0,0,0,0,0,0,0,0,0,0,0,0,0,0
2025-05-09,Häfen,0,0,0,0,0,0,0,0,0,0,0,0,0,0,0
2025-05-09,Mitte,2,0,0,1,0,0,0,0,1,0,0,0,0,0,0
2025-05-09,Neustadt,0,0,0,0,0,0,0,0,0,0,0,0,0,0,0
2025-05-09,Oberneuland,0,0,0,0,0,0,0,0,0,0,0,0,0,0,0
2025-05-09,Obervieland,0,0,0,0,0,0,0,0,0,0,0,0,0,0,0
2025-05-09,Osterholz,0,0,0,0,0,0,0,0,0,0,0,0,0,0,0
2025-05-09,Schwachhausen,0,0,0,0,0,0,0,0,0,0,0,0,0,0,0
2025-05-09,Seehausen,0,0,0,0,0,0,0,0,0,0,0,0,0,0,0
2025-05-09,Strom,0,0,0,0,0,0,0,0,0,0,0,0,0,0,0
2025-05-09,Vahr,0,0,0,0,0,0,0,0,0,0,0,0,0,0,0
2025-05-09,Vegesack,0,0,0,0,0,0,0,0,0,0,0,0,0,0,0
2025-05-09,Walle,0,0,0,0,0,0,0,0,0,0,0,0,0,0,0
2025-05-09,Woltmershausen,0,0,0,0,0,0,0,0,0,0,0,0,0,0,0
2025-05-09,Östliche Vorstadt,1,0,0,1,0,0,0,0,0,0,0,0,0,0,0
2025-05-10,Blockland,0,0,0,0,0,0,0,0,0,0,0,0,0,0,0
2025-05-10,Blumenthal,0,0,0,0,0,0,0,0,0,0,0,0,0,0,0
2025-05-10,Borgfeld,0,0,0,0,0,0,0,0,0,0,0,0,0,0,0
2025-05-10,Burglesum,0,0,0,0,0,0,0,0,0,0,0,0,0,0,0
2025-05-10,Findorff,0,0,0,0,0,0,0,0,0,0,0,0,0,0,0
2025-05-10,Gröpelingen,0,0,0,0,0,0,0,0,0,0,0,0,0,0,0
2025-05-10,Hemelingen,0,0,0,0,0,0,0,0,0,0,0,0,0,0,0
2025-05-10,Horn-Lehe,0,0,0,0,0,0,0,0,0,0,0,0,0,0,0
2025-05-10,Huchting,0,0,0,0,0,0,0,0,0,0,0,0,0,0,0
2025-05-10,Häfen,0,0,0,0,0,0,0,0,0,0,0,0,0,0,0
2025-05-10,Mitte,0,0,0,0,0,0,0,0,0,0,0,0,0,0,0
2025-05-10,Neustadt,0,0,0,0,0,0,0,0,0,0,0,0,0,0,0
2025-05-10,Oberneuland,0,0,0,0,0,0,0,0,0,0,0,0,0,0,0
2025-05-10,Obervieland,0,0,0,0,0,0,0,0,0,0,0,0,0,0,0
2025-05-10,Osterholz,0,0,0,0,0,0,0,0,0,0,0,0,0,0,0
2025-05-10,Schwachhausen,0,0,0,0,0,0,0,0,0,0,0,0,0,0,0
2025-05-10,Seehausen,0,0,0,0,0,0,0,0,0,0,0,0,0,0,0
2025-05-10,Strom,0,0,0,0,0,0,0,0,0,0,0,0,0,0,0
2025-05-10,Vahr,0,0,0,0,0,0,0,0,0,0,0,0,0,0,0
2025-05-10,Vegesack,0,0,0,0,0,0,0,0,0,0,0,0,0,0,0
2025-05-10,Walle,0,0,0,0,0,0,0,0,0,0,0,0,0,0,0
2025-05-10,Woltmershausen,0,0,0,0,0,0,0,0,0,0,0,0,0,0,0
2025-05-10,Östliche Vorstadt,0,0,0,0,0,0,0,0,0,0,0,0,0,0,0
2025-05-11,Blockland,0,0,0,0,0,0,0,0,0,0,0,0,0,0,0
2025-05-11,Blumenthal,0,0,0,0,0,0,0,0,0,0,0,0,0,0,0
2025-05-11,Borgfeld,0,0,0,0,0,0,0,0,0,0,0,0,0,0,0
2025-05-11,Burglesum,0,0,0,0,0,0,0,0,0,0,0,0,0,0,0
2025-05-11,Findorff,0,0,0,0,0,0,0,0,0,0,0,0,0,0,0
2025-05-11,Gröpelingen,0,0,0,0,0,0,0,0,0,0,0,0,0,0,0
2025-05-11,Hemelingen,0,0,0,0,0,0,0,0,0,0,0,0,0,0,0
2025-05-11,Horn-Lehe,0,0,0,0,0,0,0,0,0,0,0,0,0,0,0
2025-05-11,Huchting,0,0,0,0,0,0,0,0,0,0,0,0,0,0,0
2025-05-11,Häfen,0,0,0,0,0,0,0,0,0,0,0,0,0,0,0
2025-05-11,Mitte,0,0,0,0,0,0,0,0,0,0,0,0,0,0,0
2025-05-11,Neustadt,0,0,0,0,0,0,0,0,0,0,0,0,0,0,0
2025-05-11,Oberneuland,0,0,0,0,0,0,0,0,0,0,0,0,0,0,0
2025-05-11,Obervieland,0,0,0,0,0,0,0,0,0,0,0,0,0,0,0
2025-05-11,Osterholz,0,0,0,0,0,0,0,0,0,0,0,0,0,0,0
2025-05-11,Schwachhausen,0,0,0,0,0,0,0,0,0,0,0,0,0,0,0
2025-05-11,Seehausen,0,0,0,0,0,0,0,0,0,0,0,0,0,0,0
2025-05-11,Strom,0,0,0,0,0,0,0,0,0,0,0,0,0,0,0
2025-05-11,Vahr,0,0,0,0,0,0,0,0,0,0,0,0,0,0,0
2025-05-11,Vegesack,0,0,0,0,0,0,0,0,0,0,0,0,0,0,0
2025-05-11,Walle,0,0,0,0,0,0,0,0,0,0,0,0,0,0,0
2025-05-11,Woltmershausen,0,0,0,0,0,0,0,0,0,0,0,0,0,0,0
2025-05-11,Östliche Vorstadt,0,0,0,0,0,0,0,0,0,0,0,0,0,0,0
2025-05-12,Blockland,0,0,0,0,0,0,0,0,0,0,0,0,0,0,0
2025-05-12,Blumenthal,0,0,0,0,0,0,0,0,0,0,0,0,0,0,0
2025-05-12,Borgfeld,0,0,0,0,0,0,0,0,0,0,0,0,0,0,0
2025-05-12,Burglesum,0,0,0,0,0,0,0,0,0,0,0,0,0,0,0
2025-05-12,Findorff,0,0,0,0,0,0,0,0,0,0,0,0,0,0,0
2025-05-12,Gröpelingen,0,0,0,0,0,0,0,0,0,0,0,0,0,0,0
2025-05-12,Hemelingen,0,0,0,0,0,0,0,0,0,0,0,0,0,0,0
2025-05-12,Horn-Lehe,0,0,0,0,0,0,0,0,0,0,0,0,0,0,0
2025-05-12,Huchting,0,0,0,0,0,0,0,0,0,0,0,0,0,0,0
2025-05-12,Häfen,0,0,0,0,0,0,0,0,0,0,0,0,0,0,0
2025-05-12,Mitte,1,0,0,0,0,0,0,0,0,0,0,0,0,0,1
2025-05-12,Neustadt,0,0,0,0,0,0,0,0,0,0,0,0,0,0,0
2025-05-12,Oberneuland,0,0,0,0,0,0,0,0,0,0,0,0,0,0,0
2025-05-12,Obervieland,0,0,0,0,0,0,0,0,0,0,0,0,0,0,0
2025-05-12,Osterholz,0,0,0,0,0,0,0,0,0,0,0,0,0,0,0
2025-05-12,Schwachhausen,0,0,0,0,0,0,0,0,0,0,0,0,0,0,0
2025-05-12,Seehausen,0,0,0,0,0,0,0,0,0,0,0,0,0,0,0
2025-05-12,Strom,0,0,0,0,0,0,0,0,0,0,0,0,0,0,0
2025-05-12,Vahr,0,0,0,0,0,0,0,0,0,0,0,0,0,0,0
2025-05-12,Vegesack,0,0,0,0,0,0,0,0,0,0,0,0,0,0,0
2025-05-12,Walle,0,0,0,0,0,0,0,0,0,0,0,0,0,0,0
2025-05-12,Woltmershausen,0,0,0,0,0,0,0,0,0,0,0,0,0,0,0
2025-05-12,Östliche Vorstadt,0,0,0,0,0,0,0,0,0,0,0,0,0,0,0
2025-05-13,Blockland,0,0,0,0,0,0,0,0,0,0,0,0,0,0,0
2025-05-13,Blumenthal,0,0,0,0,0,0,0,0,0,0,0,0,0,0,0
2025-05-13,Borgfeld,0,0,0,0,0,0,0,0,0,0,0,0,0,0,0
2025-05-13,Burglesum,0,0,0,0,0,0,0,0,0,0,0,0,0,0,0
2025-05-13,Findorff,0,0,0,0,0,0,0,0,0,0,0,0,0,0,0
2025-05-13,Gröpelingen,0,0,0,0,0,0,0,0,0,0,0,0,0,0,0
2025-05-13,Hemelingen,0,0,0,0,0,0,0,0,0,0,0,0,0,0,0
2025-05-13,Horn-Lehe,0,0,0,0,0,0,0,0,0,0,0,0,0,0,0
2025-05-13,Huchting,0,0,0,0,0,0,0,0,0,0,0,0,0,0,0
2025-05-13,Häfen,0,0,0,0,0,0,0,0,0,0,0,0,0,0,0
2025-05-13,Mitte,0,0,0,0,0,0,0,0,0,0,0,0,0,0,0
2025-05-13,Neustadt,0,0,0,0,0,0,0,0,0,0,0,0,0,0,0
2025-05-13,Oberneuland,0,0,0,0,0,0,0,0,0,0,0,0,0,0,0
2025-05-13,Obervieland,0,0,0,0,0,0,0,0,0,0,0,0,0,0,0
2025-05-13,Osterholz,0,0,0,0,0,0,0,0,0,0,0,0,0,0,0
2025-05-13,Schwachhausen,0,0,0,0,0,0,0,0,0,0,0,0,0,0,0
2025-05-13,Seehausen,0,0,0,0,0,0,0,0,0,0,0,0,0,0,0
2025-05-13,Strom,0,0,0,0,0,0,0,0,0,0,0,0,0,0,0
2025-05-13,Vahr,0,0,0,0,0,0,0,0,0,0,0,0,0,0,0
2025-05-13,Vegesack,0,0,0,0,0,0,0,0,0,0,0,0,0,0,0
2025-05-13,Walle,0,0,0,0,0,0,0,0,0,0,0,0,0,0,0
2025-05-13,Woltmershausen,0,0,0,0,0,0,0,0,0,0,0,0,0,0,0
2025-05-13,Östliche Vorstadt,0,0,0,0,0,0,0,0,0,0,0,0,0,0,0
2025-05-14,Blockland,0,0,0,0,0,0,0,0,0,0,0,0,0,0,0
2025-05-14,Blumenthal,0,0,0,0,0,0,0,0,0,0,0,0,0,0,0
2025-05-14,Borgfeld,0,0,0,0,0,0,0,0,0,0,0,0,0,0,0
2025-05-14,Burglesum,0,0,0,0,0,0,0,0,0,0,0,0,0,0,0
2025-05-14,Findorff,0,0,0,0,0,0,0,0,0,0,0,0,0,0,0
2025-05-14,Gröpelingen,0,0,0,0,0,0,0,0,0,0,0,0,0,0,0
2025-05-14,Hemelingen,0,0,0,0,0,0,0,0,0,0,0,0,0,0,0
2025-05-14,Horn-Lehe,0,0,0,0,0,0,0,0,0,0,0,0,0,0,0
2025-05-14,Huchting,0,0,0,0,0,0,0,0,0,0,0,0,0,0,0
2025-05-14,Häfen,0,0,0,0,0,0,0,0,0,0,0,0,0,0,0
2025-05-14,Mitte,0,0,0,0,0,0,0,0,0,0,0,0,0,0,0
2025-05-14,Neustadt,0,0,0,0,0,0,0,0,0,0,0,0,0,0,0
2025-05-14,Oberneuland,0,0,0,0,0,0,0,0,0,0,0,0,0,0,0
2025-05-14,Obervieland,0,0,0,0,0,0,0,0,0,0,0,0,0,0,0
2025-05-14,Osterholz,0,0,0,0,0,0,0,0,0,0,0,0,0,0,0
2025-05-14,Schwachhausen,0,0,0,0,0,0,0,0,0,0,0,0,0,0,0
2025-05-14,Seehausen,0,0,0,0,0,0,0,0,0,0,0,0,0,0,0
2025-05-14,Strom,0,0,0,0,0,0,0,0,0,0,0,0,0,0,0
2025-05-14,Vahr,0,0,0,0,0,0,0,0,0,0,0,0,0,0,0
2025-05-14,Vegesack,0,0,0,0,0,0,0,0,0,0,0,0,0,0,0
2025-05-14,Walle,0,0,0,0,0,0,0,0,0,0,0,0,0,0,0
2025-05-14,Woltmershausen,0,0,0,0,0,0,0,0,0,0,0,0,0,0,0
2025-05-14,Östliche Vorstadt,0,0,0,0,0,0,0,0,0,0,0,0,0,0,0
2025-05-15,Blockland,0,0,0,0,0,0,0,0,0,0,0,0,0,0,0
2025-05-15,Blumenthal,0,0,0,0,0,0,0,0,0,0,0,0,0,0,0
2025-05-15,Borgfeld,0,0,0,0,0,0,0,0,0,0,0,0,0,0,0
2025-05-15,Burglesum,0,0,0,0,0,0,0,0,0,0,0,0,0,0,0
2025-05-15,Findorff,0,0,0,0,0,0,0,0,0,0,0,0,0,0,0
2025-05-15,Gröpelingen,0,0,0,0,0,0,0,0,0,0,0,0,0,0,0
2025-05-15,Hemelingen,0,0,0,0,0,0,0,0,0,0,0,0,0,0,0
2025-05-15,Horn-Lehe,0,0,0,0,0,0,0,0,0,0,0,0,0,0,0
2025-05-15,Huchting,0,0,0,0,0,0,0,0,0,0,0,0,0,0,0
2025-05-15,Häfen,0,0,0,0,0,0,0,0,0,0,0,0,0,0,0
2025-05-15,Mitte,0,0,0,0,0,0,0,0,0,0,0,0,0,0,0
2025-05-15,Neustadt,0,0,0,0,0,0,0,0,0,0,0,0,0,0,0
2025-05-15,Oberneuland,0,0,0,0,0,0,0,0,0,0,0,0,0,0,0
2025-05-15,Obervieland,0,0,0,0,0,0,0,0,0,0,0,0,0,0,0
2025-05-15,Osterholz,0,0,0,0,0,0,0,0,0,0,0,0,0,0,0
2025-05-15,Schwachhausen,0,0,0,0,0,0,0,0,0,0,0,0,0,0,0
2025-05-15,Seehausen,0,0,0,0,0,0,0,0,0,0,0,0,0,0,0
2025-05-15,Strom,0,0,0,0,0,0,0,0,0,0,0,0,0,0,0
2025-05-15,Vahr,0,0,0,0,0,0,0,0,0,0,0,0,0,0,0
2025-05-15,Vegesack,0,0,0,0,0,0,0,0,0,0,0,0,0,0,0
2025-05-15,Walle,0,0,0,0,0,0,0,0,0,0,0,0,0,0,0
2025-05-15,Woltmershausen,0,0,0,0,0,0,0,0,0,0,0,0,0,0,0
2025-05-15,Östliche Vorstadt,0,0,0,0,0,0,0,0,0,0,0,0,0,0,0
2025-05-16,Blockland,0,0,0,0,0,0,0,0,0,0,0,0,0,0,0
2025-05-16,Blumenthal,0,0,0,0,0,0,0,0,0,0,0,0,0,0,0
2025-05-16,Borgfeld,0,0,0,0,0,0,0,0,0,0,0,0,0,0,0
2025-05-16,Burglesum,0,0,0,0,0,0,0,0,0,0,0,0,0,0,0
2025-05-16,Findorff,0,0,0,0,0,0,0,0,0,0,0,0,0,0,0
2025-05-16,Gröpelingen,0,0,0,0,0,0,0,0,0,0,0,0,0,0,0
2025-05-16,Hemelingen,0,0,0,0,0,0,0,0,0,0,0,0,0,0,0
2025-05-16,Horn-Lehe,0,0,0,0,0,0,0,0,0,0,0,0,0,0,0
2025-05-16,Huchting,0,0,0,0,0,0,0,0,0,0,0,0,0,0,0
2025-05-16,Häfen,0,0,0,0,0,0,0,0,0,0,0,0,0,0,0
2025-05-16,Mitte,0,0,0,0,0,0,0,0,0,0,0,0,0,0,0
2025-05-16,Neustadt,0,0,0,0,0,0,0,0,0,0,0,0,0,0,0
2025-05-16,Oberneuland,0,0,0,0,0,0,0,0,0,0,0,0,0,0,0
2025-05-16,Obervieland,0,0,0,0,0,0,0,0,0,0,0,0,0,0,0
2025-05-16,Osterholz,0,0,0,0,0,0,0,0,0,0,0,0,0,0,0
2025-05-16,Schwachhausen,0,0,0,0,0,0,0,0,0,0,0,0,0,0,0
2025-05-16,Seehausen,0,0,0,0,0,0,0,0,0,0,0,0,0,0,0
2025-05-16,Strom,0,0,0,0,0,0,0,0,0,0,0,0,0,0,0
2025-05-16,Vahr,0,0,0,0,0,0,0,0,0,0,0,0,0,0,0
2025-05-16,Vegesack,0,0,0,0,0,0,0,0,0,0,0,0,0,0,0
2025-05-16,Walle,0,0,0,0,0,0,0,0,0,0,0,0,0,0,0
2025-05-16,Woltmershausen,0,0,0,0,0,0,0,0,0,0,0,0,0,0,0
2025-05-16,Östliche Vorstadt,0,0,0,0,0,0,0,0,0,0,0,0,0,0,0
2025-05-17,Blockland,0,0,0,0,0,0,0,0,0,0,0,0,0,0,0
2025-05-17,Blumenthal,0,0,0,0,0,0,0,0,0,0,0,0,0,0,0
2025-05-17,Borgfeld,0,0,0,0,0,0,0,0,0,0,0,0,0,0,0
2025-05-17,Burglesum,0,0,0,0,0,0,0,0,0,0,0,0,0,0,0
2025-05-17,Findorff,0,0,0,0,0,0,0,0,0,0,0,0,0,0,0
2025-05-17,Gröpelingen,0,0,0,0,0,0,0,0,0,0,0,0,0,0,0
2025-05-17,Hemelingen,0,0,0,0,0,0,0,0,0,0,0,0,0,0,0
2025-05-17,Horn-Lehe,0,0,0,0,0,0,0,0,0,0,0,0,0,0,0
2025-05-17,Huchting,0,0,0,0,0,0,0,0,0,0,0,0,0,0,0
2025-05-17,Häfen,0,0,0,0,0,0,0,0,0,0,0,0,0,0,0
2025-05-17,Mitte,0,0,0,0,0,0,0,0,0,0,0,0,0,0,0
2025-05-17,Neustadt,0,0,0,0,0,0,0,0,0,0,0,0,0,0,0
2025-05-17,Oberneuland,0,0,0,0,0,0,0,0,0,0,0,0,0,0,0
2025-05-17,Obervieland,0,0,0,0,0,0,0,0,0,0,0,0,0,0,0
2025-05-17,Osterholz,0,0,0,0,0,0,0,0,0,0,0,0,0,0,0
2025-05-17,Schwachhausen,0,0,0,0,0,0,0,0,0,0,0,0,0,0,0
2025-05-17,Seehausen,0,0,0,0,0,0,0,0,0,0,0,0,0,0,0
2025-05-17,Strom,0,0,0,0,0,0,0,0,0,0,0,0,0,0,0
2025-05-17,Vahr,0,0,0,0,0,0,0,0,0,0,0,0,0,0,0
2025-05-17,Vegesack,0,0,0,0,0,0,0,0,0,0,0,0,0,0,0
2025-05-17,Walle,0,0,0,0,0,0,0,0,0,0,0,0,0,0,0
2025-05-17,Woltmershausen,0,0,0,0,0,0,0,0,0,0,0,0,0,0,0
2025-05-17,Östliche Vorstadt,0,0,0,0,0,0,0,0,0,0,0,0,0,0,0
2025-05-18,Blockland,0,0,0,0,0,0,0,0,0,0,0,0,0,0,0
2025-05-18,Blumenthal,0,0,0,0,0,0,0,0,0,0,0,0,0,0,0
2025-05-18,Borgfeld,0,0,0,0,0,0,0,0,0,0,0,0,0,0,0
2025-05-18,Burglesum,0,0,0,0,0,0,0,0,0,0,0,0,0,0,0
2025-05-18,Findorff,0,0,0,0,0,0,0,0,0,0,0,0,0,0,0
2025-05-18,Gröpelingen,0,0,0,0,0,0,0,0,0,0,0,0,0,0,0
2025-05-18,Hemelingen,0,0,0,0,0,0,0,0,0,0,0,0,0,0,0
2025-05-18,Horn-Lehe,0,0,0,0,0,0,0,0,0,0,0,0,0,0,0
2025-05-18,Huchting,0,0,0,0,0,0,0,0,0,0,0,0,0,0,0
2025-05-18,Häfen,0,0,0,0,0,0,0,0,0,0,0,0,0,0,0
2025-05-18,Mitte,0,0,0,0,0,0,0,0,0,0,0,0,0,0,0
2025-05-18,Neustadt,0,0,0,0,0,0,0,0,0,0,0,0,0,0,0
2025-05-18,Oberneuland,0,0,0,0,0,0,0,0,0,0,0,0,0,0,0
2025-05-18,Obervieland,0,0,0,0,0,0,0,0,0,0,0,0,0,0,0
2025-05-18,Osterholz,0,0,0,0,0,0,0,0,0,0,0,0,0,0,0
2025-05-18,Schwachhausen,0,0,0,0,0,0,0,0,0,0,0,0,0,0,0
2025-05-18,Seehausen,0,0,0,0,0,0,0,0,0,0,0,0,0,0,0
2025-05-18,Strom,0,0,0,0,0,0,0,0,0,0,0,0,0,0,0
2025-05-18,Vahr,0,0,0,0,0,0,0,0,0,0,0,0,0,0,0
2025-05-18,Vegesack,0,0,0,0,0,0,0,0,0,0,0,0,0,0,0
2025-05-18,Walle,0,0,0,0,0,0,0,0,0,0,0,0,0,0,0
2025-05-18,Woltmershausen,0,0,0,0,0,0,0,0,0,0,0,0,0,0,0
2025-05-18,Östliche Vorstadt,0,0,0,0,0,0,0,0,0,0,0,0,0,0,0
2025-05-19,Blockland,0,0,0,0,0,0,0,0,0,0,0,0,0,0,0
2025-05-19,Blumenthal,0,0,0,0,0,0,0,0,0,0,0,0,0,0,0
2025-05-19,Borgfeld,0,0,0,0,0,0,0,0,0,0,0,0,0,0,0
2025-05-19,Burglesum,0,0,0,0,0,0,0,0,0,0,0,0,0,0,0
2025-05-19,Findorff,0,0,0,0,0,0,0,0,0,0,0,0,0,0,0
2025-05-19,Gröpelingen,0,0,0,0,0,0,0,0,0,0,0,0,0,0,0
2025-05-19,Hemelingen,0,0,0,0,0,0,0,0,0,0,0,0,0,0,0
2025-05-19,Horn-Lehe,0,0,0,0,0,0,0,0,0,0,0,0,0,0,0
2025-05-19,Huchting,0,0,0,0,0,0,0,0,0,0,0,0,0,0,0
2025-05-19,Häfen,0,0,0,0,0,0,0,0,0,0,0,0,0,0,0
2025-05-19,Mitte,0,0,0,0,0,0,0,0,0,0,0,0,0,0,0
2025-05-19,Neustadt,0,0,0,0,0,0,0,0,0,0,0,0,0,0,0
2025-05-19,Oberneuland,0,0,0,0,0,0,0,0,0,0,0,0,0,0,0
2025-05-19,Obervieland,0,0,0,0,0,0,0,0,0,0,0,0,0,0,0
2025-05-19,Osterholz,0,0,0,0,0,0,0,0,0,0,0,0,0,0,0
2025-05-19,Schwachhausen,0,0,0,0,0,0,0,0,0,0,0,0,0,0,0
2025-05-19,Seehausen,0,0,0,0,0,0,0,0,0,0,0,0,0,0,0
2025-05-19,Strom,0,0,0,0,0,0,0,0,0,0,0,0,0,0,0
2025-05-19,Vahr,0,0,0,0,0,0,0,0,0,0,0,0,0,0,0
2025-05-19,Vegesack,0,0,0,0,0,0,0,0,0,0,0,0,0,0,0
2025-05-19,Walle,0,0,0,0,0,0,0,0,0,0,0,0,0,0,0
2025-05-19,Woltmershausen,0,0,0,0,0,0,0,0,0,0,0,0,0,0,0
2025-05-19,Östliche Vorstadt,0,0,0,0,0,0,0,0,0,0,0,0,0,0,0
2025-05-20,Blockland,0,0,0,0,0,0,0,0,0,0,0,0,0,0,0
2025-05-20,Blumenthal,0,0,0,0,0,0,0,0,0,0,0,0,0,0,0
2025-05-20,Borgfeld,0,0,0,0,0,0,0,0,0,0,0,0,0,0,0
2025-05-20,Burglesum,0,0,0,0,0,0,0,0,0,0,0,0,0,0,0
2025-05-20,Findorff,0,0,0,0,0,0,0,0,0,0,0,0,0,0,0
2025-05-20,Gröpelingen,0,0,0,0,0,0,0,0,0,0,0,0,0,0,0
2025-05-20,Hemelingen,0,0,0,0,0,0,0,0,0,0,0,0,0,0,0
2025-05-20,Horn-Lehe,0,0,0,0,0,0,0,0,0,0,0,0,0,0,0
2025-05-20,Huchting,0,0,0,0,0,0,0,0,0,0,0,0,0,0,0
2025-05-20,Häfen,0,0,0,0,0,0,0,0,0,0,0,0,0,0,0
2025-05-20,Mitte,0,0,0,0,0,0,0,0,0,0,0,0,0,0,0
2025-05-20,Neustadt,0,0,0,0,0,0,0,0,0,0,0,0,0,0,0
2025-05-20,Oberneuland,0,0,0,0,0,0,0,0,0,0,0,0,0,0,0
2025-05-20,Obervieland,0,0,0,0,0,0,0,0,0,0,0,0,0,0,0
2025-05-20,Osterholz,0,0,0,0,0,0,0,0,0,0,0,0,0,0,0
2025-05-20,Schwachhausen,0,0,0,0,0,0,0,0,0,0,0,0,0,0,0
2025-05-20,Seehausen,0,0,0,0,0,0,0,0,0,0,0,0,0,0,0
2025-05-20,Strom,0,0,0,0,0,0,0,0,0,0,0,0,0,0,0
2025-05-20,Vahr,0,0,0,0,0,0,0,0,0,0,0,0,0,0,0
2025-05-20,Vegesack,0,0,0,0,0,0,0,0,0,0,0,0,0,0,0
2025-05-20,Walle,0,0,0,0,0,0,0,0,0,0,0,0,0,0,0
2025-05-20,Woltmershausen,0,0,0,0,0,0,0,0,0,0,0,0,0,0,0
2025-05-20,Östliche Vorstadt,0,0,0,0,0,0,0,0,0,0,0,0,0,0,0
2025-05-21,Blockland,0,0,0,0,0,0,0,0,0,0,0,0,0,0,0
2025-05-21,Blumenthal,0,0,0,0,0,0,0,0,0,0,0,0,0,0,0
2025-05-21,Borgfeld,0,0,0,0,0,0,0,0,0,0,0,0,0,0,0
2025-05-21,Burglesum,0,0,0,0,0,0,0,0,0,0,0,0,0,0,0
2025-05-21,Findorff,0,0,0,0,0,0,0,0,0,0,0,0,0,0,0
2025-05-21,Gröpelingen,0,0,0,0,0,0,0,0,0,0,0,0,0,0,0
2025-05-21,Hemelingen,0,0,0,0,0,0,0,0,0,0,0,0,0,0,0
2025-05-21,Horn-Lehe,0,0,0,0,0,0,0,0,0,0,0,0,0,0,0
2025-05-21,Huchting,0,0,0,0,0,0,0,0,0,0,0,0,0,0,0
2025-05-21,Häfen,0,0,0,0,0,0,0,0,0,0,0,0,0,0,0
2025-05-21,Mitte,0,0,0,0,0,0,0,0,0,0,0,0,0,0,0
2025-05-21,Neustadt,0,0,0,0,0,0,0,0,0,0,0,0,0,0,0
2025-05-21,Oberneuland,0,0,0,0,0,0,0,0,0,0,0,0,0,0,0
2025-05-21,Obervieland,0,0,0,0,0,0,0,0,0,0,0,0,0,0,0
2025-05-21,Osterholz,0,0,0,0,0,0,0,0,0,0,0,0,0,0,0
2025-05-21,Schwachhausen,0,0,0,0,0,0,0,0,0,0,0,0,0,0,0
2025-05-21,Seehausen,0,0,0,0,0,0,0,0,0,0,0,0,0,0,0
2025-05-21,Strom,0,0,0,0,0,0,0,0,0,0,0,0,0,0,0
2025-05-21,Vahr,0,0,0,0,0,0,0,0,0,0,0,0,0,0,0
2025-05-21,Vegesack,0,0,0,0,0,0,0,0,0,0,0,0,0,0,0
2025-05-21,Walle,0,0,0,0,0,0,0,0,0,0,0,0,0,0,0
2025-05-21,Woltmershausen,0,0,0,0,0,0,0,0,0,0,0,0,0,0,0
2025-05-21,Östliche Vorstadt,0,0,0,0,0,0,0,0,0,0,0,0,0,0,0
2025-05-22,Blockland,0,0,0,0,0,0,0,0,0,0,0,0,0,0,0
2025-05-22,Blumenthal,0,0,0,0,0,0,0,0,0,0,0,0,0,0,0
2025-05-22,Borgfeld,0,0,0,0,0,0,0,0,0,0,0,0,0,0,0
2025-05-22,Burglesum,0,0,0,0,0,0,0,0,0,0,0,0,0,0,0
2025-05-22,Findorff,0,0,0,0,0,0,0,0,0,0,0,0,0,0,0
2025-05-22,Gröpelingen,0,0,0,0,0,0,0,0,0,0,0,0,0,0,0
2025-05-22,Hemelingen,0,0,0,0,0,0,0,0,0,0,0,0,0,0,0
2025-05-22,Horn-Lehe,0,0,0,0,0,0,0,0,0,0,0,0,0,0,0
2025-05-22,Huchting,0,0,0,0,0,0,0,0,0,0,0,0,0,0,0
2025-05-22,Häfen,0,0,0,0,0,0,0,0,0,0,0,0,0,0,0
2025-05-22,Mitte,0,0,0,0,0,0,0,0,0,0,0,0,0,0,0
2025-05-22,Neustadt,0,0,0,0,0,0,0,0,0,0,0,0,0,0,0
2025-05-22,Oberneuland,0,0,0,0,0,0,0,0,0,0,0,0,0,0,0
2025-05-22,Obervieland,0,0,0,0,0,0,0,0,0,0,0,0,0,0,0
2025-05-22,Osterholz,0,0,0,0,0,0,0,0,0,0,0,0,0,0,0
2025-05-22,Schwachhausen,0,0,0,0,0,0,0,0,0,0,0,0,0,0,0
2025-05-22,Seehausen,0,0,0,0,0,0,0,0,0,0,0,0,0,0,0
2025-05-22,Strom,0,0,0,0,0,0,0,0,0,0,0,0,0,0,0
2025-05-22,Vahr,0,0,0,0,0,0,0,0,0,0,0,0,0,0,0
2025-05-22,Vegesack,0,0,0,0,0,0,0,0,0,0,0,0,0,0,0
2025-05-22,Walle,0,0,0,0,0,0,0,0,0,0,0,0,0,0,0
2025-05-22,Woltmershausen,0,0,0,0,0,0,0,0,0,0,0,0,0,0,0
2025-05-22,Östliche Vorstadt,0,0,0,0,0,0,0,0,0,0,0,0,0,0,0
2025-05-23,Blockland,0,0,0,0,0,0,0,0,0,0,0,0,0,0,0
2025-05-23,Blumenthal,0,0,0,0,0,0,0,0,0,0,0,0,0,0,0
2025-05-23,Borgfeld,0,0,0,0,0,0,0,0,0,0,0,0,0,0,0
2025-05-23,Burglesum,0,0,0,0,0,0,0,0,0,0,0,0,0,0,0
2025-05-23,Findorff,0,0,0,0,0,0,0,0,0,0,0,0,0,0,0
2025-05-23,Gröpelingen,0,0,0,0,0,0,0,0,0,0,0,0,0,0,0
2025-05-23,Hemelingen,0,0,0,0,0,0,0,0,0,0,0,0,0,0,0
2025-05-23,Horn-Lehe,0,0,0,0,0,0,0,0,0,0,0,0,0,0,0
2025-05-23,Huchting,0,0,0,0,0,0,0,0,0,0,0,0,0,0,0
2025-05-23,Häfen,0,0,0,0,0,0,0,0,0,0,0,0,0,0,0
2025-05-23,Mitte,0,0,0,0,0,0,0,0,0,0,0,0,0,0,0
2025-05-23,Neustadt,0,0,0,0,0,0,0,0,0,0,0,0,0,0,0
2025-05-23,Oberneuland,0,0,0,0,0,0,0,0,0,0,0,0,0,0,0
2025-05-23,Obervieland,0,0,0,0,0,0,0,0,0,0,0,0,0,0,0
2025-05-23,Osterholz,0,0,0,0,0,0,0,0,0,0,0,0,0,0,0
2025-05-23,Schwachhausen,0,0,0,0,0,0,0,0,0,0,0,0,0,0,0
2025-05-23,Seehausen,0,0,0,0,0,0,0,0,0,0,0,0,0,0,0
2025-05-23,Strom,0,0,0,0,0,0,0,0,0,0,0,0,0,0,0
2025-05-23,Vahr,0,0,0,0,0,0,0,0,0,0,0,0,0,0,0
2025-05-23,Vegesack,0,0,0,0,0,0,0,0,0,0,0,0,0,0,0
2025-05-23,Walle,0,0,0,0,0,0,0,0,0,0,0,0,0,0,0
2025-05-23,Woltmershausen,0,0,0,0,0,0,0,0,0,0,0,0,0,0,0
2025-05-23,Östliche Vorstadt,0,0,0,0,0,0,0,0,0,0,0,0,0,0,0
2025-05-24,Blockland,0,0,0,0,0,0,0,0,0,0,0,0,0,0,0
2025-05-24,Blumenthal,0,0,0,0,0,0,0,0,0,0,0,0,0,0,0
2025-05-24,Borgfeld,0,0,0,0,0,0,0,0,0,0,0,0,0,0,0
2025-05-24,Burglesum,0,0,0,0,0,0,0,0,0,0,0,0,0,0,0
2025-05-24,Findorff,0,0,0,0,0,0,0,0,0,0,0,0,0,0,0
2025-05-24,Gröpelingen,0,0,0,0,0,0,0,0,0,0,0,0,0,0,0
2025-05-24,Hemelingen,0,0,0,0,0,0,0,0,0,0,0,0,0,0,0
2025-05-24,Horn-Lehe,0,0,0,0,0,0,0,0,0,0,0,0,0,0,0
2025-05-24,Huchting,0,0,0,0,0,0,0,0,0,0,0,0,0,0,0
2025-05-24,Häfen,0,0,0,0,0,0,0,0,0,0,0,0,0,0,0
2025-05-24,Mitte,0,0,0,0,0,0,0,0,0,0,0,0,0,0,0
2025-05-24,Neustadt,0,0,0,0,0,0,0,0,0,0,0,0,0,0,0
2025-05-24,Oberneuland,0,0,0,0,0,0,0,0,0,0,0,0,0,0,0
2025-05-24,Obervieland,0,0,0,0,0,0,0,0,0,0,0,0,0,0,0
2025-05-24,Osterholz,0,0,0,0,0,0,0,0,0,0,0,0,0,0,0
2025-05-24,Schwachhausen,0,0,0,0,0,0,0,0,0,0,0,0,0,0,0
2025-05-24,Seehausen,0,0,0,0,0,0,0,0,0,0,0,0,0,0,0
2025-05-24,Strom,0,0,0,0,0,0,0,0,0,0,0,0,0,0,0
2025-05-24,Vahr,0,0,0,0,0,0,0,0,0,0,0,0,0,0,0
2025-05-24,Vegesack,0,0,0,0,0,0,0,0,0,0,0,0,0,0,0
2025-05-24,Walle,0,0,0,0,0,0,0,0,0,0,0,0,0,0,0
2025-05-24,Woltmershausen,0,0,0,0,0,0,0,0,0,0,0,0,0,0,0
2025-05-24,Östliche Vorstadt,0,0,0,0,0,0,0,0,0,0,0,0,0,0,0
2025-05-25,Blockland,0,0,0,0,0,0,0,0,0,0,0,0,0,0,0
2025-05-25,Blumenthal,0,0,0,0,0,0,0,0,0,0,0,0,0,0,0
2025-05-25,Borgfeld,0,0,0,0,0,0,0,0,0,0,0,0,0,0,0
2025-05-25,Burglesum,0,0,0,0,0,0,0,0,0,0,0,0,0,0,0
2025-05-25,Findorff,0,0,0,0,0,0,0,0,0,0,0,0,0,0,0
2025-05-25,Gröpelingen,0,0,0,0,0,0,0,0,0,0,0,0,0,0,0
2025-05-25,Hemelingen,0,0,0,0,0,0,0,0,0,0,0,0,0,0,0
2025-05-25,Horn-Lehe,0,0,0,0,0,0,0,0,0,0,0,0,0,0,0
2025-05-25,Huchting,0,0,0,0,0,0,0,0,0,0,0,0,0,0,0
2025-05-25,Häfen,0,0,0,0,0,0,0,0,0,0,0,0,0,0,0
2025-05-25,Mitte,0,0,0,0,0,0,0,0,0,0,0,0,0,0,0
2025-05-25,Neustadt,0,0,0,0,0,0,0,0,0,0,0,0,0,0,0
2025-05-25,Oberneuland,0,0,0,0,0,0,0,0,0,0,0,0,0,0,0
2025-05-25,Obervieland,0,0,0,0,0,0,0,0,0,0,0,0,0,0,0
2025-05-25,Osterholz,0,0,0,0,0,0,0,0,0,0,0,0,0,0,0
2025-05-25,Schwachhausen,0,0,0,0,0,0,0,0,0,0,0,0,0,0,0
2025-05-25,Seehausen,0,0,0,0,0,0,0,0,0,0,0,0,0,0,0
2025-05-25,Strom,0,0,0,0,0,0,0,0,0,0,0,0,0,0,0
2025-05-25,Vahr,0,0,0,0,0,0,0,0,0,0,0,0,0,0,0
2025-05-25,Vegesack,0,0,0,0,0,0,0,0,0,0,0,0,0,0,0
2025-05-25,Walle,0,0,0,0,0,0,0,0,0,0,0,0,0,0,0
2025-05-25,Woltmershausen,0,0,0,0,0,0,0,0,0,0,0,0,0,0,0
2025-05-25,Östliche Vorstadt,0,0,0,0,0,0,0,0,0,0,0,0,0,0,0
2025-05-26,Blockland,0,0,0,0,0,0,0,0,0,0,0,0,0,0,0
2025-05-26,Blumenthal,0,0,0,0,0,0,0,0,0,0,0,0,0,0,0
2025-05-26,Borgfeld,0,0,0,0,0,0,0,0,0,0,0,0,0,0,0
2025-05-26,Burglesum,0,0,0,0,0,0,0,0,0,0,0,0,0,0,0
2025-05-26,Findorff,0,0,0,0,0,0,0,0,0,0,0,0,0,0,0
2025-05-26,Gröpelingen,0,0,0,0,0,0,0,0,0,0,0,0,0,0,0
2025-05-26,Hemelingen,0,0,0,0,0,0,0,0,0,0,0,0,0,0,0
2025-05-26,Horn-Lehe,0,0,0,0,0,0,0,0,0,0,0,0,0,0,0
2025-05-26,Huchting,0,0,0,0,0,0,0,0,0,0,0,0,0,0,0
2025-05-26,Häfen,0,0,0,0,0,0,0,0,0,0,0,0,0,0,0
2025-05-26,Mitte,1,0,0,0,0,0,0,0,0,0,0,1,0,0,0
2025-05-26,Neustadt,0,0,0,0,0,0,0,0,0,0,0,0,0,0,0
2025-05-26,Oberneuland,0,0,0,0,0,0,0,0,0,0,0,0,0,0,0
2025-05-26,Obervieland,0,0,0,0,0,0,0,0,0,0,0,0,0,0,0
2025-05-26,Osterholz,0,0,0,0,0,0,0,0,0,0,0,0,0,0,0
2025-05-26,Schwachhausen,0,0,0,0,0,0,0,0,0,0,0,0,0,0,0
2025-05-26,Seehausen,0,0,0,0,0,0,0,0,0,0,0,0,0,0,0
2025-05-26,Strom,0,0,0,0,0,0,0,0,0,0,0,0,0,0,0
2025-05-26,Vahr,0,0,0,0,0,0,0,0,0,0,0,0,0,0,0
2025-05-26,Vegesack,0,0,0,0,0,0,0,0,0,0,0,0,0,0,0
2025-05-26,Walle,0,0,0,0,0,0,0,0,0,0,0,0,0,0,0
2025-05-26,Woltmershausen,0,0,0,0,0,0,0,0,0,0,0,0,0,0,0
2025-05-26,Östliche Vorstadt,0,0,0,0,0,0,0,0,0,0,0,0,0,0,0
2025-05-27,Blockland,0,0,0,0,0,0,0,0,0,0,0,0,0,0,0
2025-05-27,Blumenthal,0,0,0,0,0,0,0,0,0,0,0,0,0,0,0
2025-05-27,Borgfeld,0,0,0,0,0,0,0,0,0,0,0,0,0,0,0
2025-05-27,Burglesum,0,0,0,0,0,0,0,0,0,0,0,0,0,0,0
2025-05-27,Findorff,0,0,0,0,0,0,0,0,0,0,0,0,0,0,0
2025-05-27,Gröpelingen,0,0,0,0,0,0,0,0,0,0,0,0,0,0,0
2025-05-27,Hemelingen,0,0,0,0,0,0,0,0,0,0,0,0,0,0,0
2025-05-27,Horn-Lehe,0,0,0,0,0,0,0,0,0,0,0,0,0,0,0
2025-05-27,Huchting,0,0,0,0,0,0,0,0,0,0,0,0,0,0,0
2025-05-27,Häfen,0,0,0,0,0,0,0,0,0,0,0,0,0,0,0
2025-05-27,Mitte,0,0,0,0,0,0,0,0,0,0,0,0,0,0,0
2025-05-27,Neustadt,0,0,0,0,0,0,0,0,0,0,0,0,0,0,0
2025-05-27,Oberneuland,0,0,0,0,0,0,0,0,0,0,0,0,0,0,0
2025-05-27,Obervieland,0,0,0,0,0,0,0,0,0,0,0,0,0,0,0
2025-05-27,Osterholz,0,0,0,0,0,0,0,0,0,0,0,0,0,0,0
2025-05-27,Schwachhausen,0,0,0,0,0,0,0,0,0,0,0,0,0,0,0
2025-05-27,Seehausen,0,0,0,0,0,0,0,0,0,0,0,0,0,0,0
2025-05-27,Strom,0,0,0,0,0,0,0,0,0,0,0,0,0,0,0
2025-05-27,Vahr,0,0,0,0,0,0,0,0,0,0,0,0,0,0,0
2025-05-27,Vegesack,0,0,0,0,0,0,0,0,0,0,0,0,0,0,0
2025-05-27,Walle,0,0,0,0,0,0,0,0,0,0,0,0,0,0,0
2025-05-27,Woltmershausen,0,0,0,0,0,0,0,0,0,0,0,0,0,0,0
2025-05-27,Östliche Vorstadt,0,0,0,0,0,0,0,0,0,0,0,0,0,0,0
2025-05-28,Blockland,0,0,0,0,0,0,0,0,0,0,0,0,0,0,0
2025-05-28,Blumenthal,0,0,0,0,0,0,0,0,0,0,0,0,0,0,0
2025-05-28,Borgfeld,0,0,0,0,0,0,0,0,0,0,0,0,0,0,0
2025-05-28,Burglesum,0,0,0,0,0,0,0,0,0,0,0,0,0,0,0
2025-05-28,Findorff,0,0,0,0,0,0,0,0,0,0,0,0,0,0,0
2025-05-28,Gröpelingen,0,0,0,0,0,0,0,0,0,0,0,0,0,0,0
2025-05-28,Hemelingen,0,0,0,0,0,0,0,0,0,0,0,0,0,0,0
2025-05-28,Horn-Lehe,0,0,0,0,0,0,0,0,0,0,0,0,0,0,0
2025-05-28,Huchting,0,0,0,0,0,0,0,0,0,0,0,0,0,0,0
2025-05-28,Häfen,0,0,0,0,0,0,0,0,0,0,0,0,0,0,0
2025-05-28,Mitte,0,0,0,0,0,0,0,0,0,0,0,0,0,0,0
2025-05-28,Neustadt,0,0,0,0,0,0,0,0,0,0,0,0,0,0,0
2025-05-28,Oberneuland,0,0,0,0,0,0,0,0,0,0,0,0,0,0,0
2025-05-28,Obervieland,0,0,0,0,0,0,0,0,0,0,0,0,0,0,0
2025-05-28,Osterholz,0,0,0,0,0,0,0,0,0,0,0,0,0,0,0
2025-05-28,Schwachhausen,0,0,0,0,0,0,0,0,0,0,0,0,0,0,0
2025-05-28,Seehausen,0,0,0,0,0,0,0,0,0,0,0,0,0,0,0
2025-05-28,Strom,0,0,0,0,0,0,0,0,0,0,0,0,0,0,0
2025-05-28,Vahr,0,0,0,0,0,0,0,0,0,0,0,0,0,0,0
2025-05-28,Vegesack,0,0,0,0,0,0,0,0,0,0,0,0,0,0,0
2025-05-28,Walle,0,0,0,0,0,0,0,0,0,0,0,0,0,0,0
2025-05-28,Woltmershausen,0,0,0,0,0,0,0,0,0,0,0,0,0,0,0
2025-05-28,Östliche Vorstadt,0,0,0,0,0,0,0,0,0,0,0,0,0,0,0
2025-05-29,Blockland,0,0,0,0,0,0,0,0,0,0,0,0,0,0,0
2025-05-29,Blumenthal,0,0,0,0,0,0,0,0,0,0,0,0,0,0,0
2025-05-29,Borgfeld,0,0,0,0,0,0,0,0,0,0,0,0,0,0,0
2025-05-29,Burglesum,0,0,0,0,0,0,0,0,0,0,0,0,0,0,0
2025-05-29,Findorff,0,0,0,0,0,0,0,0,0,0,0,0,0,0,0
2025-05-29,Gröpelingen,0,0,0,0,0,0,0,0,0,0,0,0,0,0,0
2025-05-29,Hemelingen,0,0,0,0,0,0,0,0,0,0,0,0,0,0,0
2025-05-29,Horn-Lehe,0,0,0,0,0,0,0,0,0,0,0,0,0,0,0
2025-05-29,Huchting,0,0,0,0,0,0,0,0,0,0,0,0,0,0,0
2025-05-29,Häfen,0,0,0,0,0,0,0,0,0,0,0,0,0,0,0
2025-05-29,Mitte,0,0,0,0,0,0,0,0,0,0,0,0,0,0,0
2025-05-29,Neustadt,0,0,0,0,0,0,0,0,0,0,0,0,0,0,0
2025-05-29,Oberneuland,0,0,0,0,0,0,0,0,0,0,0,0,0,0,0
2025-05-29,Obervieland,0,0,0,0,0,0,0,0,0,0,0,0,0,0,0
2025-05-29,Osterholz,0,0,0,0,0,0,0,0,0,0,0,0,0,0,0
2025-05-29,Schwachhausen,0,0,0,0,0,0,0,0,0,0,0,0,0,0,0
2025-05-29,Seehausen,0,0,0,0,0,0,0,0,0,0,0,0,0,0,0
2025-05-29,Strom,0,0,0,0,0,0,0,0,0,0,0,0,0,0,0
2025-05-29,Vahr,0,0,0,0,0,0,0,0,0,0,0,0,0,0,0
2025-05-29,Vegesack,0,0,0,0,0,0,0,0,0,0,0,0,0,0,0
2025-05-29,Walle,0,0,0,0,0,0,0,0,0,0,0,0,0,0,0
2025-05-29,Woltmershausen,0,0,0,0,0,0,0,0,0,0,0,0,0,0,0
2025-05-29,Östliche Vorstadt,0,0,0,0,0,0,0,0,0,0,0,0,0,0,0
2025-05-30,Blockland,0,0,0,0,0,0,0,0,0,0,0,0,0,0,0
2025-05-30,Blumenthal,0,0,0,0,0,0,0,0,0,0,0,0,0,0,0
2025-05-30,Borgfeld,0,0,0,0,0,0,0,0,0,0,0,0,0,0,0
2025-05-30,Burglesum,0,0,0,0,0,0,0,0,0,0,0,0,0,0,0
2025-05-30,Findorff,0,0,0,0,0,0,0,0,0,0,0,0,0,0,0
2025-05-30,Gröpelingen,0,0,0,0,0,0,0,0,0,0,0,0,0,0,0
2025-05-30,Hemelingen,0,0,0,0,0,0,0,0,0,0,0,0,0,0,0
2025-05-30,Horn-Lehe,0,0,0,0,0,0,0,0,0,0,0,0,0,0,0
2025-05-30,Huchting,0,0,0,0,0,0,0,0,0,0,0,0,0,0,0
2025-05-30,Häfen,0,0,0,0,0,0,0,0,0,0,0,0,0,0,0
2025-05-30,Mitte,0,0,0,0,0,0,0,0,0,0,0,0,0,0,0
2025-05-30,Neustadt,0,0,0,0,0,0,0,0,0,0,0,0,0,0,0
2025-05-30,Oberneuland,0,0,0,0,0,0,0,0,0,0,0,0,0,0,0
2025-05-30,Obervieland,0,0,0,0,0,0,0,0,0,0,0,0,0,0,0
2025-05-30,Osterholz,0,0,0,0,0,0,0,0,0,0,0,0,0,0,0
2025-05-30,Schwachhausen,0,0,0,0,0,0,0,0,0,0,0,0,0,0,0
2025-05-30,Seehausen,0,0,0,0,0,0,0,0,0,0,0,0,0,0,0
2025-05-30,Strom,0,0,0,0,0,0,0,0,0,0,0,0,0,0,0
2025-05-30,Vahr,0,0,0,0,0,0,0,0,0,0,0,0,0,0,0
2025-05-30,Vegesack,0,0,0,0,0,0,0,0,0,0,0,0,0,0,0
2025-05-30,Walle,0,0,0,0,0,0,0,0,0,0,0,0,0,0,0
2025-05-30,Woltmershausen,0,0,0,0,0,0,0,0,0,0,0,0,0,0,0
2025-05-30,Östliche Vorstadt,0,0,0,0,0,0,0,0,0,0,0,0,0,0,0
2025-05-31,Blockland,0,0,0,0,0,0,0,0,0,0,0,0,0,0,0
2025-05-31,Blumenthal,0,0,0,0,0,0,0,0,0,0,0,0,0,0,0
2025-05-31,Borgfeld,0,0,0,0,0,0,0,0,0,0,0,0,0,0,0
2025-05-31,Burglesum,0,0,0,0,0,0,0,0,0,0,0,0,0,0,0
2025-05-31,Findorff,0,0,0,0,0,0,0,0,0,0,0,0,0,0,0
2025-05-31,Gröpelingen,0,0,0,0,0,0,0,0,0,0,0,0,0,0,0
2025-05-31,Hemelingen,0,0,0,0,0,0,0,0,0,0,0,0,0,0,0
2025-05-31,Horn-Lehe,0,0,0,0,0,0,0,0,0,0,0,0,0,0,0
2025-05-31,Huchting,0,0,0,0,0,0,0,0,0,0,0,0,0,0,0
2025-05-31,Häfen,0,0,0,0,0,0,0,0,0,0,0,0,0,0,0
2025-05-31,Mitte,0,0,0,0,0,0,0,0,0,0,0,0,0,0,0
2025-05-31,Neustadt,0,0,0,0,0,0,0,0,0,0,0,0,0,0,0
2025-05-31,Oberneuland,0,0,0,0,0,0,0,0,0,0,0,0,0,0,0
2025-05-31,Obervieland,0,0,0,0,0,0,0,0,0,0,0,0,0,0,0
2025-05-31,Osterholz,0,0,0,0,0,0,0,0,0,0,0,0,0,0,0
2025-05-31,Schwachhausen,0,0,0,0,0,0,0,0,0,0,0,0,0,0,0
2025-05-31,Seehausen,0,0,0,0,0,0,0,0,0,0,0,0,0,0,0
2025-05-31,Strom,0,0,0,0,0,0,0,0,0,0,0,0,0,0,0
2025-05-31,Vahr,0,0,0,0,0,0,0,0,0,0,0,0,0,0,0
2025-05-31,Vegesack,0,0,0,0,0,0,0,0,0,0,0,0,0,0,0
2025-05-31,Walle,0,0,0,0,0,0,0,0,0,0,0,0,0,0,0
2025-05-31,Woltmershausen,0,0,0,0,0,0,0,0,0,0,0,0,0,0,0
2025-05-31,Östliche Vorstadt,0,0,0,0,0,0,0,0,0,0,0,0,0,0,0
2025-06-01,Blockland,0,0,0,0,0,0,0,0,0,0,0,0,0,0,0
2025-06-01,Blumenthal,0,0,0,0,0,0,0,0,0,0,0,0,0,0,0
2025-06-01,Borgfeld,0,0,0,0,0,0,0,0,0,0,0,0,0,0,0
2025-06-01,Burglesum,0,0,0,0,0,0,0,0,0,0,0,0,0,0,0
2025-06-01,Findorff,0,0,0,0,0,0,0,0,0,0,0,0,0,0,0
2025-06-01,Gröpelingen,0,0,0,0,0,0,0,0,0,0,0,0,0,0,0
2025-06-01,Hemelingen,0,0,0,0,0,0,0,0,0,0,0,0,0,0,0
2025-06-01,Horn-Lehe,0,0,0,0,0,0,0,0,0,0,0,0,0,0,0
2025-06-01,Huchting,0,0,0,0,0,0,0,0,0,0,0,0,0,0,0
2025-06-01,Häfen,0,0,0,0,0,0,0,0,0,0,0,0,0,0,0
2025-06-01,Mitte,0,0,0,0,0,0,0,0,0,0,0,0,0,0,0
2025-06-01,Neustadt,0,0,0,0,0,0,0,0,0,0,0,0,0,0,0
2025-06-01,Oberneuland,0,0,0,0,0,0,0,0,0,0,0,0,0,0,0
2025-06-01,Obervieland,0,0,0,0,0,0,0,0,0,0,0,0,0,0,0
2025-06-01,Osterholz,0,0,0,0,0,0,0,0,0,0,0,0,0,0,0
2025-06-01,Schwachhausen,0,0,0,0,0,0,0,0,0,0,0,0,0,0,0
2025-06-01,Seehausen,0,0,0,0,0,0,0,0,0,0,0,0,0,0,0
2025-06-01,Strom,0,0,0,0,0,0,0,0,0,0,0,0,0,0,0
2025-06-01,Vahr,0,0,0,0,0,0,0,0,0,0,0,0,0,0,0
2025-06-01,Vegesack,0,0,0,0,0,0,0,0,0,0,0,0,0,0,0
2025-06-01,Walle,0,0,0,0,0,0,0,0,0,0,0,0,0,0,0
2025-06-01,Woltmershausen,0,0,0,0,0,0,0,0,0,0,0,0,0,0,0
2025-06-01,Östliche Vorstadt,0,0,0,0,0,0,0,0,0,0,0,0,0,0,0
2025-06-02,Blockland,0,0,0,0,0,0,0,0,0,0,0,0,0,0,0
2025-06-02,Blumenthal,0,0,0,0,0,0,0,0,0,0,0,0,0,0,0
2025-06-02,Borgfeld,0,0,0,0,0,0,0,0,0,0,0,0,0,0,0
2025-06-02,Burglesum,0,0,0,0,0,0,0,0,0,0,0,0,0,0,0
2025-06-02,Findorff,0,0,0,0,0,0,0,0,0,0,0,0,0,0,0
2025-06-02,Gröpelingen,0,0,0,0,0,0,0,0,0,0,0,0,0,0,0
2025-06-02,Hemelingen,0,0,0,0,0,0,0,0,0,0,0,0,0,0,0
2025-06-02,Horn-Lehe,0,0,0,0,0,0,0,0,0,0,0,0,0,0,0
2025-06-02,Huchting,0,0,0,0,0,0,0,0,0,0,0,0,0,0,0
2025-06-02,Häfen,0,0,0,0,0,0,0,0,0,0,0,0,0,0,0
2025-06-02,Mitte,0,0,0,0,0,0,0,0,0,0,0,0,0,0,0
2025-06-02,Neustadt,0,0,0,0,0,0,0,0,0,0,0,0,0,0,0
2025-06-02,Oberneuland,0,0,0,0,0,0,0,0,0,0,0,0,0,0,0
2025-06-02,Obervieland,0,0,0,0,0,0,0,0,0,0,0,0,0,0,0
2025-06-02,Osterholz,0,0,0,0,0,0,0,0,0,0,0,0,0,0,0
2025-06-02,Schwachhausen,0,0,0,0,0,0,0,0,0,0,0,0,0,0,0
2025-06-02,Seehausen,0,0,0,0,0,0,0,0,0,0,0,0,0,0,0
2025-06-02,Strom,0,0,0,0,0,0,0,0,0,0,0,0,0,0,0
2025-06-02,Vahr,0,0,0,0,0,0,0,0,0,0,0,0,0,0,0
2025-06-02,Vegesack,0,0,0,0,0,0,0,0,0,0,0,0,0,0,0
2025-06-02,Walle,0,0,0,0,0,0,0,0,0,0,0,0,0,0,0
2025-06-02,Woltmershausen,0,0,0,0,0,0,0,0,0,0,0,0,0,0,0
2025-06-02,Östliche Vorstadt,0,0,0,0,0,0,0,0,0,0,0,0,0,0,0
2025-06-03,Blockland,0,0,0,0,0,0,0,0,0,0,0,0,0,0,0
2025-06-03,Blumenthal,0,0,0,0,0,0,0,0,0,0,0,0,0,0,0
2025-06-03,Borgfeld,0,0,0,0,0,0,0,0,0,0,0,0,0,0,0
2025-06-03,Burglesum,0,0,0,0,0,0,0,0,0,0,0,0,0,0,0
2025-06-03,Findorff,0,0,0,0,0,0,0,0,0,0,0,0,0,0,0
2025-06-03,Gröpelingen,0,0,0,0,0,0,0,0,0,0,0,0,0,0,0
2025-06-03,Hemelingen,0,0,0,0,0,0,0,0,0,0,0,0,0,0,0
2025-06-03,Horn-Lehe,0,0,0,0,0,0,0,0,0,0,0,0,0,0,0
2025-06-03,Huchting,0,0,0,0,0,0,0,0,0,0,0,0,0,0,0
2025-06-03,Häfen,0,0,0,0,0,0,0,0,0,0,0,0,0,0,0
2025-06-03,Mitte,0,0,0,0,0,0,0,0,0,0,0,0,0,0,0
2025-06-03,Neustadt,0,0,0,0,0,0,0,0,0,0,0,0,0,0,0
2025-06-03,Oberneuland,0,0,0,0,0,0,0,0,0,0,0,0,0,0,0
2025-06-03,Obervieland,0,0,0,0,0,0,0,0,0,0,0,0,0,0,0
2025-06-03,Osterholz,0,0,0,0,0,0,0,0,0,0,0,0,0,0,0
2025-06-03,Schwachhausen,0,0,0,0,0,0,0,0,0,0,0,0,0,0,0
2025-06-03,Seehausen,0,0,0,0,0,0,0,0,0,0,0,0,0,0,0
2025-06-03,Strom,0,0,0,0,0,0,0,0,0,0,0,0,0,0,0
2025-06-03,Vahr,0,0,0,0,0,0,0,0,0,0,0,0,0,0,0
2025-06-03,Vegesack,0,0,0,0,0,0,0,0,0,0,0,0,0,0,0
2025-06-03,Walle,0,0,0,0,0,0,0,0,0,0,0,0,0,0,0
2025-06-03,Woltmershausen,0,0,0,0,0,0,0,0,0,0,0,0,0,0,0
2025-06-03,Östliche Vorstadt,0,0,0,0,0,0,0,0,0,0,0,0,0,0,0
2025-06-04,Blockland,0,0,0,0,0,0,0,0,0,0,0,0,0,0,0
2025-06-04,Blumenthal,0,0,0,0,0,0,0,0,0,0,0,0,0,0,0
2025-06-04,Borgfeld,0,0,0,0,0,0,0,0,0,0,0,0,0,0,0
2025-06-04,Burglesum,0,0,0,0,0,0,0,0,0,0,0,0,0,0,0
2025-06-04,Findorff,0,0,0,0,0,0,0,0,0,0,0,0,0,0,0
2025-06-04,Gröpelingen,0,0,0,0,0,0,0,0,0,0,0,0,0,0,0
2025-06-04,Hemelingen,0,0,0,0,0,0,0,0,0,0,0,0,0,0,0
2025-06-04,Horn-Lehe,0,0,0,0,0,0,0,0,0,0,0,0,0,0,0
2025-06-04,Huchting,0,0,0,0,0,0,0,0,0,0,0,0,0,0,0
2025-06-04,Häfen,0,0,0,0,0,0,0,0,0,0,0,0,0,0,0
2025-06-04,Mitte,0,0,0,0,0,0,0,0,0,0,0,0,0,0,0
2025-06-04,Neustadt,0,0,0,0,0,0,0,0,0,0,0,0,0,0,0
2025-06-04,Oberneuland,0,0,0,0,0,0,0,0,0,0,0,0,0,0,0
2025-06-04,Obervieland,0,0,0,0,0,0,0,0,0,0,0,0,0,0,0
2025-06-04,Osterholz,0,0,0,0,0,0,0,0,0,0,0,0,0,0,0
2025-06-04,Schwachhausen,0,0,0,0,0,0,0,0,0,0,0,0,0,0,0
2025-06-04,Seehausen,0,0,0,0,0,0,0,0,0,0,0,0,0,0,0
2025-06-04,Strom,0,0,0,0,0,0,0,0,0,0,0,0,0,0,0
2025-06-04,Vahr,0,0,0,0,0,0,0,0,0,0,0,0,0,0,0
2025-06-04,Vegesack,0,0,0,0,0,0,0,0,0,0,0,0,0,0,0
2025-06-04,Walle,0,0,0,0,0,0,0,0,0,0,0,0,0,0,0
2025-06-04,Woltmershausen,0,0,0,0,0,0,0,0,0,0,0,0,0,0,0
2025-06-04,Östliche Vorstadt,0,0,0,0,0,0,0,0,0,0,0,0,0,0,0
2025-06-05,Blockland,0,0,0,0,0,0,0,0,0,0,0,0,0,0,0
2025-06-05,Blumenthal,0,0,0,0,0,0,0,0,0,0,0,0,0,0,0
2025-06-05,Borgfeld,0,0,0,0,0,0,0,0,0,0,0,0,0,0,0
2025-06-05,Burglesum,0,0,0,0,0,0,0,0,0,0,0,0,0,0,0
2025-06-05,Findorff,0,0,0,0,0,0,0,0,0,0,0,0,0,0,0
2025-06-05,Gröpelingen,0,0,0,0,0,0,0,0,0,0,0,0,0,0,0
2025-06-05,Hemelingen,0,0,0,0,0,0,0,0,0,0,0,0,0,0,0
2025-06-05,Horn-Lehe,0,0,0,0,0,0,0,0,0,0,0,0,0,0,0
2025-06-05,Huchting,0,0,0,0,0,0,0,0,0,0,0,0,0,0,0
2025-06-05,Häfen,0,0,0,0,0,0,0,0,0,0,0,0,0,0,0
2025-06-05,Mitte,0,0,0,0,0,0,0,0,0,0,0,0,0,0,0
2025-06-05,Neustadt,0,0,0,0,0,0,0,0,0,0,0,0,0,0,0
2025-06-05,Oberneuland,0,0,0,0,0,0,0,0,0,0,0,0,0,0,0
2025-06-05,Obervieland,0,0,0,0,0,0,0,0,0,0,0,0,0,0,0
2025-06-05,Osterholz,0,0,0,0,0,0,0,0,0,0,0,0,0,0,0
2025-06-05,Schwachhausen,0,0,0,0,0,0,0,0,0,0,0,0,0,0,0
2025-06-05,Seehausen,0,0,0,0,0,0,0,0,0,0,0,0,0,0,0
2025-06-05,Strom,0,0,0,0,0,0,0,0,0,0,0,0,0,0,0
2025-06-05,Vahr,0,0,0,0,0,0,0,0,0,0,0,0,0,0,0
2025-06-05,Vegesack,0,0,0,0,0,0,0,0,0,0,0,0,0,0,0
2025-06-05,Walle,0,0,0,0,0,0,0,0,0,0,0,0,0,0,0
2025-06-05,Woltmershausen,0,0,0,0,0,0,0,0,0,0,0,0,0,0,0
2025-06-05,Östliche Vorstadt,0,0,0,0,0,0,0,0,0,0,0,0,0,0,0
2025-06-06,Blockland,0,0,0,0,0,0,0,0,0,0,0,0,0,0,0
2025-06-06,Blumenthal,0,0,0,0,0,0,0,0,0,0,0,0,0,0,0
2025-06-06,Borgfeld,0,0,0,0,0,0,0,0,0,0,0,0,0,0,0
2025-06-06,Burglesum,0,0,0,0,0,0,0,0,0,0,0,0,0,0,0
2025-06-06,Findorff,0,0,0,0,0,0,0,0,0,0,0,0,0,0,0
2025-06-06,Gröpelingen,0,0,0,0,0,0,0,0,0,0,0,0,0,0,0
2025-06-06,Hemelingen,0,0,0,0,0,0,0,0,0,0,0,0,0,0,0
2025-06-06,Horn-Lehe,0,0,0,0,0,0,0,0,0,0,0,0,0,0,0
2025-06-06,Huchting,0,0,0,0,0,0,0,0,0,0,0,0,0,0,0
2025-06-06,Häfen,0,0,0,0,0,0,0,0,0,0,0,0,0,0,0
2025-06-06,Mitte,0,0,0,0,0,0,0,0,0,0,0,0,0,0,0
2025-06-06,Neustadt,0,0,0,0,0,0,0,0,0,0,0,0,0,0,0
2025-06-06,Oberneuland,0,0,0,0,0,0,0,0,0,0,0,0,0,0,0
2025-06-06,Obervieland,0,0,0,0,0,0,0,0,0,0,0,0,0,0,0
2025-06-06,Osterholz,0,0,0,0,0,0,0,0,0,0,0,0,0,0,0
2025-06-06,Schwachhausen,0,0,0,0,0,0,0,0,0,0,0,0,0,0,0
2025-06-06,Seehausen,0,0,0,0,0,0,0,0,0,0,0,0,0,0,0
2025-06-06,Strom,0,0,0,0,0,0,0,0,0,0,0,0,0,0,0
2025-06-06,Vahr,0,0,0,0,0,0,0,0,0,0,0,0,0,0,0
2025-06-06,Vegesack,0,0,0,0,0,0,0,0,0,0,0,0,0,0,0
2025-06-06,Walle,0,0,0,0,0,0,0,0,0,0,0,0,0,0,0
2025-06-06,Woltmershausen,0,0,0,0,0,0,0,0,0,0,0,0,0,0,0
2025-06-06,Östliche Vorstadt,0,0,0,0,0,0,0,0,0,0,0,0,0,0,0
2025-06-07,Blockland,0,0,0,0,0,0,0,0,0,0,0,0,0,0,0
2025-06-07,Blumenthal,0,0,0,0,0,0,0,0,0,0,0,0,0,0,0
2025-06-07,Borgfeld,0,0,0,0,0,0,0,0,0,0,0,0,0,0,0
2025-06-07,Burglesum,0,0,0,0,0,0,0,0,0,0,0,0,0,0,0
2025-06-07,Findorff,0,0,0,0,0,0,0,0,0,0,0,0,0,0,0
2025-06-07,Gröpelingen,0,0,0,0,0,0,0,0,0,0,0,0,0,0,0
2025-06-07,Hemelingen,0,0,0,0,0,0,0,0,0,0,0,0,0,0,0
2025-06-07,Horn-Lehe,0,0,0,0,0,0,0,0,0,0,0,0,0,0,0
2025-06-07,Huchting,0,0,0,0,0,0,0,0,0,0,0,0,0,0,0
2025-06-07,Häfen,0,0,0,0,0,0,0,0,0,0,0,0,0,0,0
2025-06-07,Mitte,0,0,0,0,0,0,0,0,0,0,0,0,0,0,0
2025-06-07,Neustadt,0,0,0,0,0,0,0,0,0,0,0,0,0,0,0
2025-06-07,Oberneuland,0,0,0,0,0,0,0,0,0,0,0,0,0,0,0
2025-06-07,Obervieland,0,0,0,0,0,0,0,0,0,0,0,0,0,0,0
2025-06-07,Osterholz,0,0,0,0,0,0,0,0,0,0,0,0,0,0,0
2025-06-07,Schwachhausen,0,0,0,0,0,0,0,0,0,0,0,0,0,0,0
2025-06-07,Seehausen,0,0,0,0,0,0,0,0,0,0,0,0,0,0,0
2025-06-07,Strom,0,0,0,0,0,0,0,0,0,0,0,0,0,0,0
2025-06-07,Vahr,0,0,0,0,0,0,0,0,0,0,0,0,0,0,0
2025-06-07,Vegesack,0,0,0,0,0,0,0,0,0,0,0,0,0,0,0
2025-06-07,Walle,0,0,0,0,0,0,0,0,0,0,0,0,0,0,0
2025-06-07,Woltmershausen,0,0,0,0,0,0,0,0,0,0,0,0,0,0,0
2025-06-07,Östliche Vorstadt,0,0,0,0,0,0,0,0,0,0,0,0,0,0,0
2025-06-08,Blockland,0,0,0,0,0,0,0,0,0,0,0,0,0,0,0
2025-06-08,Blumenthal,0,0,0,0,0,0,0,0,0,0,0,0,0,0,0
2025-06-08,Borgfeld,0,0,0,0,0,0,0,0,0,0,0,0,0,0,0
2025-06-08,Burglesum,0,0,0,0,0,0,0,0,0,0,0,0,0,0,0
2025-06-08,Findorff,0,0,0,0,0,0,0,0,0,0,0,0,0,0,0
2025-06-08,Gröpelingen,0,0,0,0,0,0,0,0,0,0,0,0,0,0,0
2025-06-08,Hemelingen,0,0,0,0,0,0,0,0,0,0,0,0,0,0,0
2025-06-08,Horn-Lehe,0,0,0,0,0,0,0,0,0,0,0,0,0,0,0
2025-06-08,Huchting,0,0,0,0,0,0,0,0,0,0,0,0,0,0,0
2025-06-08,Häfen,0,0,0,0,0,0,0,0,0,0,0,0,0,0,0
2025-06-08,Mitte,0,0,0,0,0,0,0,0,0,0,0,0,0,0,0
2025-06-08,Neustadt,0,0,0,0,0,0,0,0,0,0,0,0,0,0,0
2025-06-08,Oberneuland,0,0,0,0,0,0,0,0,0,0,0,0,0,0,0
2025-06-08,Obervieland,0,0,0,0,0,0,0,0,0,0,0,0,0,0,0
2025-06-08,Osterholz,0,0,0,0,0,0,0,0,0,0,0,0,0,0,0
2025-06-08,Schwachhausen,0,0,0,0,0,0,0,0,0,0,0,0,0,0,0
2025-06-08,Seehausen,0,0,0,0,0,0,0,0,0,0,0,0,0,0,0
2025-06-08,Strom,0,0,0,0,0,0,0,0,0,0,0,0,0,0,0
2025-06-08,Vahr,0,0,0,0,0,0,0,0,0,0,0,0,0,0,0
2025-06-08,Vegesack,0,0,0,0,0,0,0,0,0,0,0,0,0,0,0
2025-06-08,Walle,0,0,0,0,0,0,0,0,0,0,0,0,0,0,0
2025-06-08,Woltmershausen,0,0,0,0,0,0,0,0,0,0,0,0,0,0,0
2025-06-08,Östliche Vorstadt,0,0,0,0,0,0,0,0,0,0,0,0,0,0,0
2025-06-09,Blockland,0,0,0,0,0,0,0,0,0,0,0,0,0,0,0
2025-06-09,Blumenthal,0,0,0,0,0,0,0,0,0,0,0,0,0,0,0
2025-06-09,Borgfeld,0,0,0,0,0,0,0,0,0,0,0,0,0,0,0
2025-06-09,Burglesum,0,0,0,0,0,0,0,0,0,0,0,0,0,0,0
2025-06-09,Findorff,0,0,0,0,0,0,0,0,0,0,0,0,0,0,0
2025-06-09,Gröpelingen,0,0,0,0,0,0,0,0,0,0,0,0,0,0,0
2025-06-09,Hemelingen,0,0,0,0,0,0,0,0,0,0,0,0,0,0,0
2025-06-09,Horn-Lehe,0,0,0,0,0,0,0,0,0,0,0,0,0,0,0
2025-06-09,Huchting,0,0,0,0,0,0,0,0,0,0,0,0,0,0,0
2025-06-09,Häfen,0,0,0,0,0,0,0,0,0,0,0,0,0,0,0
2025-06-09,Mitte,0,0,0,0,0,0,0,0,0,0,0,0,0,0,0
2025-06-09,Neustadt,0,0,0,0,0,0,0,0,0,0,0,0,0,0,0
2025-06-09,Oberneuland,0,0,0,0,0,0,0,0,0,0,0,0,0,0,0
2025-06-09,Obervieland,0,0,0,0,0,0,0,0,0,0,0,0,0,0,0
2025-06-09,Osterholz,0,0,0,0,0,0,0,0,0,0,0,0,0,0,0
2025-06-09,Schwachhausen,0,0,0,0,0,0,0,0,0,0,0,0,0,0,0
2025-06-09,Seehausen,0,0,0,0,0,0,0,0,0,0,0,0,0,0,0
2025-06-09,Strom,0,0,0,0,0,0,0,0,0,0,0,0,0,0,0
2025-06-09,Vahr,0,0,0,0,0,0,0,0,0,0,0,0,0,0,0
2025-06-09,Vegesack,0,0,0,0,0,0,0,0,0,0,0,0,0,0,0
2025-06-09,Walle,0,0,0,0,0,0,0,0,0,0,0,0,0,0,0
2025-06-09,Woltmershausen,0,0,0,0,0,0,0,0,0,0,0,0,0,0,0
2025-06-09,Östliche Vorstadt,0,0,0,0,0,0,0,0,0,0,0,0,0,0,0
2025-06-10,Blockland,0,0,0,0,0,0,0,0,0,0,0,0,0,0,0
2025-06-10,Blumenthal,0,0,0,0,0,0,0,0,0,0,0,0,0,0,0
2025-06-10,Borgfeld,0,0,0,0,0,0,0,0,0,0,0,0,0,0,0
2025-06-10,Burglesum,0,0,0,0,0,0,0,0,0,0,0,0,0,0,0
2025-06-10,Findorff,0,0,0,0,0,0,0,0,0,0,0,0,0,0,0
2025-06-10,Gröpelingen,0,0,0,0,0,0,0,0,0,0,0,0,0,0,0
2025-06-10,Hemelingen,0,0,0,0,0,0,0,0,0,0,0,0,0,0,0
2025-06-10,Horn-Lehe,0,0,0,0,0,0,0,0,0,0,0,0,0,0,0
2025-06-10,Huchting,0,0,0,0,0,0,0,0,0,0,0,0,0,0,0
2025-06-10,Häfen,0,0,0,0,0,0,0,0,0,0,0,0,0,0,0
2025-06-10,Mitte,0,0,0,0,0,0,0,0,0,0,0,0,0,0,0
2025-06-10,Neustadt,0,0,0,0,0,0,0,0,0,0,0,0,0,0,0
2025-06-10,Oberneuland,0,0,0,0,0,0,0,0,0,0,0,0,0,0,0
2025-06-10,Obervieland,0,0,0,0,0,0,0,0,0,0,0,0,0,0,0
2025-06-10,Osterholz,0,0,0,0,0,0,0,0,0,0,0,0,0,0,0
2025-06-10,Schwachhausen,0,0,0,0,0,0,0,0,0,0,0,0,0,0,0
2025-06-10,Seehausen,0,0,0,0,0,0,0,0,0,0,0,0,0,0,0
2025-06-10,Strom,0,0,0,0,0,0,0,0,0,0,0,0,0,0,0
2025-06-10,Vahr,0,0,0,0,0,0,0,0,0,0,0,0,0,0,0
2025-06-10,Vegesack,0,0,0,0,0,0,0,0,0,0,0,0,0,0,0
2025-06-10,Walle,0,0,0,0,0,0,0,0,0,0,0,0,0,0,0
2025-06-10,Woltmershausen,0,0,0,0,0,0,0,0,0,0,0,0,0,0,0
2025-06-10,Östliche Vorstadt,0,0,0,0,0,0,0,0,0,0,0,0,0,0,0
2025-06-11,Blockland,0,0,0,0,0,0,0,0,0,0,0,0,0,0,0
2025-06-11,Blumenthal,0,0,0,0,0,0,0,0,0,0,0,0,0,0,0
2025-06-11,Borgfeld,0,0,0,0,0,0,0,0,0,0,0,0,0,0,0
2025-06-11,Burglesum,0,0,0,0,0,0,0,0,0,0,0,0,0,0,0
2025-06-11,Findorff,0,0,0,0,0,0,0,0,0,0,0,0,0,0,0
2025-06-11,Gröpelingen,0,0,0,0,0,0,0,0,0,0,0,0,0,0,0
2025-06-11,Hemelingen,0,0,0,0,0,0,0,0,0,0,0,0,0,0,0
2025-06-11,Horn-Lehe,0,0,0,0,0,0,0,0,0,0,0,0,0,0,0
2025-06-11,Huchting,0,0,0,0,0,0,0,0,0,0,0,0,0,0,0
2025-06-11,Häfen,0,0,0,0,0,0,0,0,0,0,0,0,0,0,0
2025-06-11,Mitte,0,0,0,0,0,0,0,0,0,0,0,0,0,0,0
2025-06-11,Neustadt,0,0,0,0,0,0,0,0,0,0,0,0,0,0,0
2025-06-11,Oberneuland,0,0,0,0,0,0,0,0,0,0,0,0,0,0,0
2025-06-11,Obervieland,0,0,0,0,0,0,0,0,0,0,0,0,0,0,0
2025-06-11,Osterholz,0,0,0,0,0,0,0,0,0,0,0,0,0,0,0
2025-06-11,Schwachhausen,0,0,0,0,0,0,0,0,0,0,0,0,0,0,0
2025-06-11,Seehausen,0,0,0,0,0,0,0,0,0,0,0,0,0,0,0
2025-06-11,Strom,0,0,0,0,0,0,0,0,0,0,0,0,0,0,0
2025-06-11,Vahr,0,0,0,0,0,0,0,0,0,0,0,0,0,0,0
2025-06-11,Vegesack,0,0,0,0,0,0,0,0,0,0,0,0,0,0,0
2025-06-11,Walle,0,0,0,0,0,0,0,0,0,0,0,0,0,0,0
2025-06-11,Woltmershausen,0,0,0,0,0,0,0,0,0,0,0,0,0,0,0
2025-06-11,Östliche Vorstadt,0,0,0,0,0,0,0,0,0,0,0,0,0,0,0
2025-06-12,Blockland,0,0,0,0,0,0,0,0,0,0,0,0,0,0,0
2025-06-12,Blumenthal,0,0,0,0,0,0,0,0,0,0,0,0,0,0,0
2025-06-12,Borgfeld,0,0,0,0,0,0,0,0,0,0,0,0,0,0,0
2025-06-12,Burglesum,0,0,0,0,0,0,0,0,0,0,0,0,0,0,0
2025-06-12,Findorff,0,0,0,0,0,0,0,0,0,0,0,0,0,0,0
2025-06-12,Gröpelingen,0,0,0,0,0,0,0,0,0,0,0,0,0,0,0
2025-06-12,Hemelingen,0,0,0,0,0,0,0,0,0,0,0,0,0,0,0
2025-06-12,Horn-Lehe,0,0,0,0,0,0,0,0,0,0,0,0,0,0,0
2025-06-12,Huchting,0,0,0,0,0,0,0,0,0,0,0,0,0,0,0
2025-06-12,Häfen,0,0,0,0,0,0,0,0,0,0,0,0,0,0,0
2025-06-12,Mitte,0,0,0,0,0,0,0,0,0,0,0,0,0,0,0
2025-06-12,Neustadt,0,0,0,0,0,0,0,0,0,0,0,0,0,0,0
2025-06-12,Oberneuland,0,0,0,0,0,0,0,0,0,0,0,0,0,0,0
2025-06-12,Obervieland,0,0,0,0,0,0,0,0,0,0,0,0,0,0,0
2025-06-12,Osterholz,0,0,0,0,0,0,0,0,0,0,0,0,0,0,0
2025-06-12,Schwachhausen,0,0,0,0,0,0,0,0,0,0,0,0,0,0,0
2025-06-12,Seehausen,0,0,0,0,0,0,0,0,0,0,0,0,0,0,0
2025-06-12,Strom,0,0,0,0,0,0,0,0,0,0,0,0,0,0,0
2025-06-12,Vahr,0,0,0,0,0,0,0,0,0,0,0,0,0,0,0
2025-06-12,Vegesack,0,0,0,0,0,0,0,0,0,0,0,0,0,0,0
2025-06-12,Walle,0,0,0,0,0,0,0,0,0,0,0,0,0,0,0
2025-06-12,Woltmershausen,0,0,0,0,0,0,0,0,0,0,0,0,0,0,0
2025-06-12,Östliche Vorstadt,0,0,0,0,0,0,0,0,0,0,0,0,0,0,0
2025-06-13,Blockland,0,0,0,0,0,0,0,0,0,0,0,0,0,0,0
2025-06-13,Blumenthal,0,0,0,0,0,0,0,0,0,0,0,0,0,0,0
2025-06-13,Borgfeld,0,0,0,0,0,0,0,0,0,0,0,0,0,0,0
2025-06-13,Burglesum,0,0,0,0,0,0,0,0,0,0,0,0,0,0,0
2025-06-13,Findorff,0,0,0,0,0,0,0,0,0,0,0,0,0,0,0
2025-06-13,Gröpelingen,0,0,0,0,0,0,0,0,0,0,0,0,0,0,0
2025-06-13,Hemelingen,0,0,0,0,0,0,0,0,0,0,0,0,0,0,0
2025-06-13,Horn-Lehe,0,0,0,0,0,0,0,0,0,0,0,0,0,0,0
2025-06-13,Huchting,0,0,0,0,0,0,0,0,0,0,0,0,0,0,0
2025-06-13,Häfen,0,0,0,0,0,0,0,0,0,0,0,0,0,0,0
2025-06-13,Mitte,0,0,0,0,0,0,0,0,0,0,0,0,0,0,0
2025-06-13,Neustadt,0,0,0,0,0,0,0,0,0,0,0,0,0,0,0
2025-06-13,Oberneuland,0,0,0,0,0,0,0,0,0,0,0,0,0,0,0
2025-06-13,Obervieland,0,0,0,0,0,0,0,0,0,0,0,0,0,0,0
2025-06-13,Osterholz,0,0,0,0,0,0,0,0,0,0,0,0,0,0,0
2025-06-13,Schwachhausen,0,0,0,0,0,0,0,0,0,0,0,0,0,0,0
2025-06-13,Seehausen,0,0,0,0,0,0,0,0,0,0,0,0,0,0,0
2025-06-13,Strom,0,0,0,0,0,0,0,0,0,0,0,0,0,0,0
2025-06-13,Vahr,0,0,0,0,0,0,0,0,0,0,0,0,0,0,0
2025-06-13,Vegesack,0,0,0,0,0,0,0,0,0,0,0,0,0,0,0
2025-06-13,Walle,0,0,0,0,0,0,0,0,0,0,0,0,0,0,0
2025-06-13,Woltmershausen,0,0,0,0,0,0,0,0,0,0,0,0,0,0,0
2025-06-13,Östliche Vorstadt,0,0,0,0,0,0,0,0,0,0,0,0,0,0,0
2025-06-14,Blockland,0,0,0,0,0,0,0,0,0,0,0,0,0,0,0
2025-06-14,Blumenthal,0,0,0,0,0,0,0,0,0,0,0,0,0,0,0
2025-06-14,Borgfeld,0,0,0,0,0,0,0,0,0,0,0,0,0,0,0
2025-06-14,Burglesum,0,0,0,0,0,0,0,0,0,0,0,0,0,0,0
2025-06-14,Findorff,0,0,0,0,0,0,0,0,0,0,0,0,0,0,0
2025-06-14,Gröpelingen,0,0,0,0,0,0,0,0,0,0,0,0,0,0,0
2025-06-14,Hemelingen,0,0,0,0,0,0,0,0,0,0,0,0,0,0,0
2025-06-14,Horn-Lehe,0,0,0,0,0,0,0,0,0,0,0,0,0,0,0
2025-06-14,Huchting,0,0,0,0,0,0,0,0,0,0,0,0,0,0,0
2025-06-14,Häfen,0,0,0,0,0,0,0,0,0,0,0,0,0,0,0
2025-06-14,Mitte,0,0,0,0,0,0,0,0,0,0,0,0,0,0,0
2025-06-14,Neustadt,0,0,0,0,0,0,0,0,0,0,0,0,0,0,0
2025-06-14,Oberneuland,0,0,0,0,0,0,0,0,0,0,0,0,0,0,0
2025-06-14,Obervieland,0,0,0,0,0,0,0,0,0,0,0,0,0,0,0
2025-06-14,Osterholz,0,0,0,0,0,0,0,0,0,0,0,0,0,0,0
2025-06-14,Schwachhausen,0,0,0,0,0,0,0,0,0,0,0,0,0,0,0
2025-06-14,Seehausen,0,0,0,0,0,0,0,0,0,0,0,0,0,0,0
2025-06-14,Strom,0,0,0,0,0,0,0,0,0,0,0,0,0,0,0
2025-06-14,Vahr,0,0,0,0,0,0,0,0,0,0,0,0,0,0,0
2025-06-14,Vegesack,0,0,0,0,0,0,0,0,0,0,0,0,0,0,0
2025-06-14,Walle,0,0,0,0,0,0,0,0,0,0,0,0,0,0,0
2025-06-14,Woltmershausen,0,0,0,0,0,0,0,0,0,0,0,0,0,0,0
2025-06-14,Östliche Vorstadt,0,0,0,0,0,0,0,0,0,0,0,0,0,0,0
2025-06-15,Blockland,0,0,0,0,0,0,0,0,0,0,0,0,0,0,0
2025-06-15,Blumenthal,0,0,0,0,0,0,0,0,0,0,0,0,0,0,0
2025-06-15,Borgfeld,0,0,0,0,0,0,0,0,0,0,0,0,0,0,0
2025-06-15,Burglesum,0,0,0,0,0,0,0,0,0,0,0,0,0,0,0
2025-06-15,Findorff,0,0,0,0,0,0,0,0,0,0,0,0,0,0,0
2025-06-15,Gröpelingen,0,0,0,0,0,0,0,0,0,0,0,0,0,0,0
2025-06-15,Hemelingen,0,0,0,0,0,0,0,0,0,0,0,0,0,0,0
2025-06-15,Horn-Lehe,0,0,0,0,0,0,0,0,0,0,0,0,0,0,0
2025-06-15,Huchting,0,0,0,0,0,0,0,0,0,0,0,0,0,0,0
2025-06-15,Häfen,0,0,0,0,0,0,0,0,0,0,0,0,0,0,0
2025-06-15,Mitte,0,0,0,0,0,0,0,0,0,0,0,0,0,0,0
2025-06-15,Neustadt,0,0,0,0,0,0,0,0,0,0,0,0,0,0,0
2025-06-15,Oberneuland,0,0,0,0,0,0,0,0,0,0,0,0,0,0,0
2025-06-15,Obervieland,0,0,0,0,0,0,0,0,0,0,0,0,0,0,0
2025-06-15,Osterholz,0,0,0,0,0,0,0,0,0,0,0,0,0,0,0
2025-06-15,Schwachhausen,0,0,0,0,0,0,0,0,0,0,0,0,0,0,0
2025-06-15,Seehausen,0,0,0,0,0,0,0,0,0,0,0,0,0,0,0
2025-06-15,Strom,0,0,0,0,0,0,0,0,0,0,0,0,0,0,0
2025-06-15,Vahr,0,0,0,0,0,0,0,0,0,0,0,0,0,0,0
2025-06-15,Vegesack,0,0,0,0,0,0,0,0,0,0,0,0,0,0,0
2025-06-15,Walle,0,0,0,0,0,0,0,0,0,0,0,0,0,0,0
2025-06-15,Woltmershausen,0,0,0,0,0,0,0,0,0,0,0,0,0,0,0
2025-06-15,Östliche Vorstadt,0,0,0,0,0,0,0,0,0,0,0,0,0,0,0
2025-06-16,Blockland,0,0,0,0,0,0,0,0,0,0,0,0,0,0,0
2025-06-16,Blumenthal,0,0,0,0,0,0,0,0,0,0,0,0,0,0,0
2025-06-16,Borgfeld,0,0,0,0,0,0,0,0,0,0,0,0,0,0,0
2025-06-16,Burglesum,0,0,0,0,0,0,0,0,0,0,0,0,0,0,0
2025-06-16,Findorff,0,0,0,0,0,0,0,0,0,0,0,0,0,0,0
2025-06-16,Gröpelingen,0,0,0,0,0,0,0,0,0,0,0,0,0,0,0
2025-06-16,Hemelingen,0,0,0,0,0,0,0,0,0,0,0,0,0,0,0
2025-06-16,Horn-Lehe,0,0,0,0,0,0,0,0,0,0,0,0,0,0,0
2025-06-16,Huchting,0,0,0,0,0,0,0,0,0,0,0,0,0,0,0
2025-06-16,Häfen,0,0,0,0,0,0,0,0,0,0,0,0,0,0,0
2025-06-16,Mitte,0,0,0,0,0,0,0,0,0,0,0,0,0,0,0
2025-06-16,Neustadt,0,0,0,0,0,0,0,0,0,0,0,0,0,0,0
2025-06-16,Oberneuland,0,0,0,0,0,0,0,0,0,0,0,0,0,0,0
2025-06-16,Obervieland,0,0,0,0,0,0,0,0,0,0,0,0,0,0,0
2025-06-16,Osterholz,0,0,0,0,0,0,0,0,0,0,0,0,0,0,0
2025-06-16,Schwachhausen,0,0,0,0,0,0,0,0,0,0,0,0,0,0,0
2025-06-16,Seehausen,0,0,0,0,0,0,0,0,0,0,0,0,0,0,0
2025-06-16,Strom,0,0,0,0,0,0,0,0,0,0,0,0,0,0,0
2025-06-16,Vahr,0,0,0,0,0,0,0,0,0,0,0,0,0,0,0
2025-06-16,Vegesack,0,0,0,0,0,0,0,0,0,0,0,0,0,0,0
2025-06-16,Walle,0,0,0,0,0,0,0,0,0,0,0,0,0,0,0
2025-06-16,Woltmershausen,0,0,0,0,0,0,0,0,0,0,0,0,0,0,0
2025-06-16,Östliche Vorstadt,0,0,0,0,0,0,0,0,0,0,0,0,0,0,0
2025-06-17,Blockland,0,0,0,0,0,0,0,0,0,0,0,0,0,0,0
2025-06-17,Blumenthal,0,0,0,0,0,0,0,0,0,0,0,0,0,0,0
2025-06-17,Borgfeld,0,0,0,0,0,0,0,0,0,0,0,0,0,0,0
2025-06-17,Burglesum,0,0,0,0,0,0,0,0,0,0,0,0,0,0,0
2025-06-17,Findorff,0,0,0,0,0,0,0,0,0,0,0,0,0,0,0
2025-06-17,Gröpelingen,0,0,0,0,0,0,0,0,0,0,0,0,0,0,0
2025-06-17,Hemelingen,0,0,0,0,0,0,0,0,0,0,0,0,0,0,0
2025-06-17,Horn-Lehe,0,0,0,0,0,0,0,0,0,0,0,0,0,0,0
2025-06-17,Huchting,0,0,0,0,0,0,0,0,0,0,0,0,0,0,0
2025-06-17,Häfen,0,0,0,0,0,0,0,0,0,0,0,0,0,0,0
2025-06-17,Mitte,0,0,0,0,0,0,0,0,0,0,0,0,0,0,0
2025-06-17,Neustadt,0,0,0,0,0,0,0,0,0,0,0,0,0,0,0
2025-06-17,Oberneuland,0,0,0,0,0,0,0,0,0,0,0,0,0,0,0
2025-06-17,Obervieland,0,0,0,0,0,0,0,0,0,0,0,0,0,0,0
2025-06-17,Osterholz,0,0,0,0,0,0,0,0,0,0,0,0,0,0,0
2025-06-17,Schwachhausen,0,0,0,0,0,0,0,0,0,0,0,0,0,0,0
2025-06-17,Seehausen,0,0,0,0,0,0,0,0,0,0,0,0,0,0,0
2025-06-17,Strom,0,0,0,0,0,0,0,0,0,0,0,0,0,0,0
2025-06-17,Vahr,0,0,0,0,0,0,0,0,0,0,0,0,0,0,0
2025-06-17,Vegesack,0,0,0,0,0,0,0,0,0,0,0,0,0,0,0
2025-06-17,Walle,0,0,0,0,0,0,0,0,0,0,0,0,0,0,0
2025-06-17,Woltmershausen,0,0,0,0,0,0,0,0,0,0,0,0,0,0,0
2025-06-17,Östliche Vorstadt,0,0,0,0,0,0,0,0,0,0,0,0,0,0,0
2025-06-18,Blockland,0,0,0,0,0,0,0,0,0,0,0,0,0,0,0
2025-06-18,Blumenthal,0,0,0,0,0,0,0,0,0,0,0,0,0,0,0
2025-06-18,Borgfeld,0,0,0,0,0,0,0,0,0,0,0,0,0,0,0
2025-06-18,Burglesum,0,0,0,0,0,0,0,0,0,0,0,0,0,0,0
2025-06-18,Findorff,0,0,0,0,0,0,0,0,0,0,0,0,0,0,0
2025-06-18,Gröpelingen,0,0,0,0,0,0,0,0,0,0,0,0,0,0,0
2025-06-18,Hemelingen,0,0,0,0,0,0,0,0,0,0,0,0,0,0,0
2025-06-18,Horn-Lehe,0,0,0,0,0,0,0,0,0,0,0,0,0,0,0
2025-06-18,Huchting,0,0,0,0,0,0,0,0,0,0,0,0,0,0,0
2025-06-18,Häfen,0,0,0,0,0,0,0,0,0,0,0,0,0,0,0
2025-06-18,Mitte,0,0,0,0,0,0,0,0,0,0,0,0,0,0,0
2025-06-18,Neustadt,0,0,0,0,0,0,0,0,0,0,0,0,0,0,0
2025-06-18,Oberneuland,0,0,0,0,0,0,0,0,0,0,0,0,0,0,0
2025-06-18,Obervieland,0,0,0,0,0,0,0,0,0,0,0,0,0,0,0
2025-06-18,Osterholz,0,0,0,0,0,0,0,0,0,0,0,0,0,0,0
2025-06-18,Schwachhausen,0,0,0,0,0,0,0,0,0,0,0,0,0,0,0
2025-06-18,Seehausen,0,0,0,0,0,0,0,0,0,0,0,0,0,0,0
2025-06-18,Strom,0,0,0,0,0,0,0,0,0,0,0,0,0,0,0
2025-06-18,Vahr,0,0,0,0,0,0,0,0,0,0,0,0,0,0,0
2025-06-18,Vegesack,0,0,0,0,0,0,0,0,0,0,0,0,0,0,0
2025-06-18,Walle,0,0,0,0,0,0,0,0,0,0,0,0,0,0,0
2025-06-18,Woltmershausen,0,0,0,0,0,0,0,0,0,0,0,0,0,0,0
2025-06-18,Östliche Vorstadt,0,0,0,0,0,0,0,0,0,0,0,0,0,0,0
2025-06-19,Blockland,0,0,0,0,0,0,0,0,0,0,0,0,0,0,0
2025-06-19,Blumenthal,0,0,0,0,0,0,0,0,0,0,0,0,0,0,0
2025-06-19,Borgfeld,0,0,0,0,0,0,0,0,0,0,0,0,0,0,0
2025-06-19,Burglesum,0,0,0,0,0,0,0,0,0,0,0,0,0,0,0
2025-06-19,Findorff,0,0,0,0,0,0,0,0,0,0,0,0,0,0,0
2025-06-19,Gröpelingen,0,0,0,0,0,0,0,0,0,0,0,0,0,0,0
2025-06-19,Hemelingen,0,0,0,0,0,0,0,0,0,0,0,0,0,0,0
2025-06-19,Horn-Lehe,0,0,0,0,0,0,0,0,0,0,0,0,0,0,0
2025-06-19,Huchting,0,0,0,0,0,0,0,0,0,0,0,0,0,0,0
2025-06-19,Häfen,0,0,0,0,0,0,0,0,0,0,0,0,0,0,0
2025-06-19,Mitte,0,0,0,0,0,0,0,0,0,0,0,0,0,0,0
2025-06-19,Neustadt,0,0,0,0,0,0,0,0,0,0,0,0,0,0,0
2025-06-19,Oberneuland,0,0,0,0,0,0,0,0,0,0,0,0,0,0,0
2025-06-19,Obervieland,0,0,0,0,0,0,0,0,0,0,0,0,0,0,0
2025-06-19,Osterholz,0,0,0,0,0,0,0,0,0,0,0,0,0,0,0
2025-06-19,Schwachhausen,0,0,0,0,0,0,0,0,0,0,0,0,0,0,0
2025-06-19,Seehausen,0,0,0,0,0,0,0,0,0,0,0,0,0,0,0
2025-06-19,Strom,0,0,0,0,0,0,0,0,0,0,0,0,0,0,0
2025-06-19,Vahr,0,0,0,0,0,0,0,0,0,0,0,0,0,0,0
2025-06-19,Vegesack,0,0,0,0,0,0,0,0,0,0,0,0,0,0,0
2025-06-19,Walle,0,0,0,0,0,0,0,0,0,0,0,0,0,0,0
2025-06-19,Woltmershausen,0,0,0,0,0,0,0,0,0,0,0,0,0,0,0
2025-06-19,Östliche Vorstadt,0,0,0,0,0,0,0,0,0,0,0,0,0,0,0
2025-06-20,Blockland,0,0,0,0,0,0,0,0,0,0,0,0,0,0,0
2025-06-20,Blumenthal,0,0,0,0,0,0,0,0,0,0,0,0,0,0,0
2025-06-20,Borgfeld,0,0,0,0,0,0,0,0,0,0,0,0,0,0,0
2025-06-20,Burglesum,0,0,0,0,0,0,0,0,0,0,0,0,0,0,0
2025-06-20,Findorff,0,0,0,0,0,0,0,0,0,0,0,0,0,0,0
2025-06-20,Gröpelingen,0,0,0,0,0,0,0,0,0,0,0,0,0,0,0
2025-06-20,Hemelingen,0,0,0,0,0,0,0,0,0,0,0,0,0,0,0
2025-06-20,Horn-Lehe,0,0,0,0,0,0,0,0,0,0,0,0,0,0,0
2025-06-20,Huchting,0,0,0,0,0,0,0,0,0,0,0,0,0,0,0
2025-06-20,Häfen,0,0,0,0,0,0,0,0,0,0,0,0,0,0,0
2025-06-20,Mitte,0,0,0,0,0,0,0,0,0,0,0,0,0,0,0
2025-06-20,Neustadt,0,0,0,0,0,0,0,0,0,0,0,0,0,0,0
2025-06-20,Oberneuland,0,0,0,0,0,0,0,0,0,0,0,0,0,0,0
2025-06-20,Obervieland,0,0,0,0,0,0,0,0,0,0,0,0,0,0,0
2025-06-20,Osterholz,0,0,0,0,0,0,0,0,0,0,0,0,0,0,0
2025-06-20,Schwachhausen,0,0,0,0,0,0,0,0,0,0,0,0,0,0,0
2025-06-20,Seehausen,0,0,0,0,0,0,0,0,0,0,0,0,0,0,0
2025-06-20,Strom,0,0,0,0,0,0,0,0,0,0,0,0,0,0,0
2025-06-20,Vahr,0,0,0,0,0,0,0,0,0,0,0,0,0,0,0
2025-06-20,Vegesack,0,0,0,0,0,0,0,0,0,0,0,0,0,0,0
2025-06-20,Walle,0,0,0,0,0,0,0,0,0,0,0,0,0,0,0
2025-06-20,Woltmershausen,0,0,0,0,0,0,0,0,0,0,0,0,0,0,0
2025-06-20,Östliche Vorstadt,0,0,0,0,0,0,0,0,0,0,0,0,0,0,0
2025-06-21,Blockland,0,0,0,0,0,0,0,0,0,0,0,0,0,0,0
2025-06-21,Blumenthal,0,0,0,0,0,0,0,0,0,0,0,0,0,0,0
2025-06-21,Borgfeld,0,0,0,0,0,0,0,0,0,0,0,0,0,0,0
2025-06-21,Burglesum,0,0,0,0,0,0,0,0,0,0,0,0,0,0,0
2025-06-21,Findorff,0,0,0,0,0,0,0,0,0,0,0,0,0,0,0
2025-06-21,Gröpelingen,0,0,0,0,0,0,0,0,0,0,0,0,0,0,0
2025-06-21,Hemelingen,0,0,0,0,0,0,0,0,0,0,0,0,0,0,0
2025-06-21,Horn-Lehe,0,0,0,0,0,0,0,0,0,0,0,0,0,0,0
2025-06-21,Huchting,0,0,0,0,0,0,0,0,0,0,0,0,0,0,0
2025-06-21,Häfen,0,0,0,0,0,0,0,0,0,0,0,0,0,0,0
2025-06-21,Mitte,0,0,0,0,0,0,0,0,0,0,0,0,0,0,0
2025-06-21,Neustadt,0,0,0,0,0,0,0,0,0,0,0,0,0,0,0
2025-06-21,Oberneuland,0,0,0,0,0,0,0,0,0,0,0,0,0,0,0
2025-06-21,Obervieland,0,0,0,0,0,0,0,0,0,0,0,0,0,0,0
2025-06-21,Osterholz,0,0,0,0,0,0,0,0,0,0,0,0,0,0,0
2025-06-21,Schwachhausen,0,0,0,0,0,0,0,0,0,0,0,0,0,0,0
2025-06-21,Seehausen,0,0,0,0,0,0,0,0,0,0,0,0,0,0,0
2025-06-21,Strom,0,0,0,0,0,0,0,0,0,0,0,0,0,0,0
2025-06-21,Vahr,0,0,0,0,0,0,0,0,0,0,0,0,0,0,0
2025-06-21,Vegesack,0,0,0,0,0,0,0,0,0,0,0,0,0,0,0
2025-06-21,Walle,0,0,0,0,0,0,0,0,0,0,0,0,0,0,0
2025-06-21,Woltmershausen,0,0,0,0,0,0,0,0,0,0,0,0,0,0,0
2025-06-21,Östliche Vorstadt,0,0,0,0,0,0,0,0,0,0,0,0,0,0,0
2025-06-22,Blockland,0,0,0,0,0,0,0,0,0,0,0,0,0,0,0
2025-06-22,Blumenthal,0,0,0,0,0,0,0,0,0,0,0,0,0,0,0
2025-06-22,Borgfeld,0,0,0,0,0,0,0,0,0,0,0,0,0,0,0
2025-06-22,Burglesum,0,0,0,0,0,0,0,0,0,0,0,0,0,0,0
2025-06-22,Findorff,0,0,0,0,0,0,0,0,0,0,0,0,0,0,0
2025-06-22,Gröpelingen,0,0,0,0,0,0,0,0,0,0,0,0,0,0,0
2025-06-22,Hemelingen,0,0,0,0,0,0,0,0,0,0,0,0,0,0,0
2025-06-22,Horn-Lehe,0,0,0,0,0,0,0,0,0,0,0,0,0,0,0
2025-06-22,Huchting,0,0,0,0,0,0,0,0,0,0,0,0,0,0,0
2025-06-22,Häfen,0,0,0,0,0,0,0,0,0,0,0,0,0,0,0
2025-06-22,Mitte,0,0,0,0,0,0,0,0,0,0,0,0,0,0,0
2025-06-22,Neustadt,0,0,0,0,0,0,0,0,0,0,0,0,0,0,0
2025-06-22,Oberneuland,0,0,0,0,0,0,0,0,0,0,0,0,0,0,0
2025-06-22,Obervieland,0,0,0,0,0,0,0,0,0,0,0,0,0,0,0
2025-06-22,Osterholz,0,0,0,0,0,0,0,0,0,0,0,0,0,0,0
2025-06-22,Schwachhausen,0,0,0,0,0,0,0,0,0,0,0,0,0,0,0
2025-06-22,Seehausen,0,0,0,0,0,0,0,0,0,0,0,0,0,0,0
2025-06-22,Strom,0,0,0,0,0,0,0,0,0,0,0,0,0,0,0
2025-06-22,Vahr,0,0,0,0,0,0,0,0,0,0,0,0,0,0,0
2025-06-22,Vegesack,0,0,0,0,0,0,0,0,0,0,0,0,0,0,0
2025-06-22,Walle,0,0,0,0,0,0,0,0,0,0,0,0,0,0,0
2025-06-22,Woltmershausen,0,0,0,0,0,0,0,0,0,0,0,0,0,0,0
2025-06-22,Östliche Vorstadt,0,0,0,0,0,0,0,0,0,0,0,0,0,0,0
2025-06-23,Blockland,0,0,0,0,0,0,0,0,0,0,0,0,0,0,0
2025-06-23,Blumenthal,0,0,0,0,0,0,0,0,0,0,0,0,0,0,0
2025-06-23,Borgfeld,0,0,0,0,0,0,0,0,0,0,0,0,0,0,0
2025-06-23,Burglesum,0,0,0,0,0,0,0,0,0,0,0,0,0,0,0
2025-06-23,Findorff,0,0,0,0,0,0,0,0,0,0,0,0,0,0,0
2025-06-23,Gröpelingen,0,0,0,0,0,0,0,0,0,0,0,0,0,0,0
2025-06-23,Hemelingen,0,0,0,0,0,0,0,0,0,0,0,0,0,0,0
2025-06-23,Horn-Lehe,0,0,0,0,0,0,0,0,0,0,0,0,0,0,0
2025-06-23,Huchting,0,0,0,0,0,0,0,0,0,0,0,0,0,0,0
2025-06-23,Häfen,0,0,0,0,0,0,0,0,0,0,0,0,0,0,0
2025-06-23,Mitte,0,0,0,0,0,0,0,0,0,0,0,0,0,0,0
2025-06-23,Neustadt,0,0,0,0,0,0,0,0,0,0,0,0,0,0,0
2025-06-23,Oberneuland,0,0,0,0,0,0,0,0,0,0,0,0,0,0,0
2025-06-23,Obervieland,0,0,0,0,0,0,0,0,0,0,0,0,0,0,0
2025-06-23,Osterholz,0,0,0,0,0,0,0,0,0,0,0,0,0,0,0
2025-06-23,Schwachhausen,0,0,0,0,0,0,0,0,0,0,0,0,0,0,0
2025-06-23,Seehausen,0,0,0,0,0,0,0,0,0,0,0,0,0,0,0
2025-06-23,Strom,0,0,0,0,0,0,0,0,0,0,0,0,0,0,0
2025-06-23,Vahr,0,0,0,0,0,0,0,0,0,0,0,0,0,0,0
2025-06-23,Vegesack,0,0,0,0,0,0,0,0,0,0,0,0,0,0,0
2025-06-23,Walle,0,0,0,0,0,0,0,0,0,0,0,0,0,0,0
2025-06-23,Woltmershausen,0,0,0,0,0,0,0,0,0,0,0,0,0,0,0
2025-06-23,Östliche Vorstadt,0,0,0,0,0,0,0,0,0,0,0,0,0,0,0
2025-06-24,Blockland,0,0,0,0,0,0,0,0,0,0,0,0,0,0,0
2025-06-24,Blumenthal,0,0,0,0,0,0,0,0,0,0,0,0,0,0,0
2025-06-24,Borgfeld,0,0,0,0,0,0,0,0,0,0,0,0,0,0,0
2025-06-24,Burglesum,0,0,0,0,0,0,0,0,0,0,0,0,0,0,0
2025-06-24,Findorff,0,0,0,0,0,0,0,0,0,0,0,0,0,0,0
2025-06-24,Gröpelingen,0,0,0,0,0,0,0,0,0,0,0,0,0,0,0
2025-06-24,Hemelingen,0,0,0,0,0,0,0,0,0,0,0,0,0,0,0
2025-06-24,Horn-Lehe,0,0,0,0,0,0,0,0,0,0,0,0,0,0,0
2025-06-24,Huchting,0,0,0,0,0,0,0,0,0,0,0,0,0,0,0
2025-06-24,Häfen,0,0,0,0,0,0,0,0,0,0,0,0,0,0,0
2025-06-24,Mitte,0,0,0,0,0,0,0,0,0,0,0,0,0,0,0
2025-06-24,Neustadt,0,0,0,0,0,0,0,0,0,0,0,0,0,0,0
2025-06-24,Oberneuland,0,0,0,0,0,0,0,0,0,0,0,0,0,0,0
2025-06-24,Obervieland,0,0,0,0,0,0,0,0,0,0,0,0,0,0,0
2025-06-24,Osterholz,0,0,0,0,0,0,0,0,0,0,0,0,0,0,0
2025-06-24,Schwachhausen,0,0,0,0,0,0,0,0,0,0,0,0,0,0,0
2025-06-24,Seehausen,0,0,0,0,0,0,0,0,0,0,0,0,0,0,0
2025-06-24,Strom,0,0,0,0,0,0,0,0,0,0,0,0,0,0,0
2025-06-24,Vahr,0,0,0,0,0,0,0,0,0,0,0,0,0,0,0
2025-06-24,Vegesack,0,0,0,0,0,0,0,0,0,0,0,0,0,0,0
2025-06-24,Walle,0,0,0,0,0,0,0,0,0,0,0,0,0,0,0
2025-06-24,Woltmershausen,0,0,0,0,0,0,0,0,0,0,0,0,0,0,0
2025-06-24,Östliche Vorstadt,0,0,0,0,0,0,0,0,0,0,0,0,0,0,0
2025-06-25,Blockland,0,0,0,0,0,0,0,0,0,0,0,0,0,0,0
2025-06-25,Blumenthal,0,0,0,0,0,0,0,0,0,0,0,0,0,0,0
2025-06-25,Borgfeld,0,0,0,0,0,0,0,0,0,0,0,0,0,0,0
2025-06-25,Burglesum,0,0,0,0,0,0,0,0,0,0,0,0,0,0,0
2025-06-25,Findorff,0,0,0,0,0,0,0,0,0,0,0,0,0,0,0
2025-06-25,Gröpelingen,0,0,0,0,0,0,0,0,0,0,0,0,0,0,0
2025-06-25,Hemelingen,0,0,0,0,0,0,0,0,0,0,0,0,0,0,0
2025-06-25,Horn-Lehe,0,0,0,0,0,0,0,0,0,0,0,0,0,0,0
2025-06-25,Huchting,0,0,0,0,0,0,0,0,0,0,0,0,0,0,0
2025-06-25,Häfen,0,0,0,0,0,0,0,0,0,0,0,0,0,0,0
2025-06-25,Mitte,0,0,0,0,0,0,0,0,0,0,0,0,0,0,0
2025-06-25,Neustadt,0,0,0,0,0,0,0,0,0,0,0,0,0,0,0
2025-06-25,Oberneuland,0,0,0,0,0,0,0,0,0,0,0,0,0,0,0
2025-06-25,Obervieland,0,0,0,0,0,0,0,0,0,0,0,0,0,0,0
2025-06-25,Osterholz,0,0,0,0,0,0,0,0,0,0,0,0,0,0,0
2025-06-25,Schwachhausen,0,0,0,0,0,0,0,0,0,0,0,0,0,0,0
2025-06-25,Seehausen,0,0,0,0,0,0,0,0,0,0,0,0,0,0,0
2025-06-25,Strom,0,0,0,0,0,0,0,0,0,0,0,0,0,0,0
2025-06-25,Vahr,0,0,0,0,0,0,0,0,0,0,0,0,0,0,0
2025-06-25,Vegesack,0,0,0,0,0,0,0,0,0,0,0,0,0,0,0
2025-06-25,Walle,0,0,0,0,0,0,0,0,0,0,0,0,0,0,0
2025-06-25,Woltmershausen,0,0,0,0,0,0,0,0,0,0,0,0,0,0,0
2025-06-25,Östliche Vorstadt,0,0,0,0,0,0,0,0,0,0,0,0,0,0,0
2025-06-26,Blockland,0,0,0,0,0,0,0,0,0,0,0,0,0,0,0
2025-06-26,Blumenthal,0,0,0,0,0,0,0,0,0,0,0,0,0,0,0
2025-06-26,Borgfeld,0,0,0,0,0,0,0,0,0,0,0,0,0,0,0
2025-06-26,Burglesum,0,0,0,0,0,0,0,0,0,0,0,0,0,0,0
2025-06-26,Findorff,0,0,0,0,0,0,0,0,0,0,0,0,0,0,0
2025-06-26,Gröpelingen,0,0,0,0,0,0,0,0,0,0,0,0,0,0,0
2025-06-26,Hemelingen,0,0,0,0,0,0,0,0,0,0,0,0,0,0,0
2025-06-26,Horn-Lehe,0,0,0,0,0,0,0,0,0,0,0,0,0,0,0
2025-06-26,Huchting,0,0,0,0,0,0,0,0,0,0,0,0,0,0,0
2025-06-26,Häfen,0,0,0,0,0,0,0,0,0,0,0,0,0,0,0
2025-06-26,Mitte,0,0,0,0,0,0,0,0,0,0,0,0,0,0,0
2025-06-26,Neustadt,0,0,0,0,0,0,0,0,0,0,0,0,0,0,0
2025-06-26,Oberneuland,0,0,0,0,0,0,0,0,0,0,0,0,0,0,0
2025-06-26,Obervieland,0,0,0,0,0,0,0,0,0,0,0,0,0,0,0
2025-06-26,Osterholz,0,0,0,0,0,0,0,0,0,0,0,0,0,0,0
2025-06-26,Schwachhausen,0,0,0,0,0,0,0,0,0,0,0,0,0,0,0
2025-06-26,Seehausen,0,0,0,0,0,0,0,0,0,0,0,0,0,0,0
2025-06-26,Strom,0,0,0,0,0,0,0,0,0,0,0,0,0,0,0
2025-06-26,Vahr,0,0,0,0,0,0,0,0,0,0,0,0,0,0,0
2025-06-26,Vegesack,0,0,0,0,0,0,0,0,0,0,0,0,0,0,0
2025-06-26,Walle,0,0,0,0,0,0,0,0,0,0,0,0,0,0,0
2025-06-26,Woltmershausen,0,0,0,0,0,0,0,0,0,0,0,0,0,0,0
2025-06-26,Östliche Vorstadt,0,0,0,0,0,0,0,0,0,0,0,0,0,0,0
2025-06-27,Blockland,0,0,0,0,0,0,0,0,0,0,0,0,0,0,0
2025-06-27,Blumenthal,0,0,0,0,0,0,0,0,0,0,0,0,0,0,0
2025-06-27,Borgfeld,0,0,0,0,0,0,0,0,0,0,0,0,0,0,0
2025-06-27,Burglesum,0,0,0,0,0,0,0,0,0,0,0,0,0,0,0
2025-06-27,Findorff,0,0,0,0,0,0,0,0,0,0,0,0,0,0,0
2025-06-27,Gröpelingen,0,0,0,0,0,0,0,0,0,0,0,0,0,0,0
2025-06-27,Hemelingen,0,0,0,0,0,0,0,0,0,0,0,0,0,0,0
2025-06-27,Horn-Lehe,0,0,0,0,0,0,0,0,0,0,0,0,0,0,0
2025-06-27,Huchting,0,0,0,0,0,0,0,0,0,0,0,0,0,0,0
2025-06-27,Häfen,0,0,0,0,0,0,0,0,0,0,0,0,0,0,0
2025-06-27,Mitte,0,0,0,0,0,0,0,0,0,0,0,0,0,0,0
2025-06-27,Neustadt,0,0,0,0,0,0,0,0,0,0,0,0,0,0,0
2025-06-27,Oberneuland,0,0,0,0,0,0,0,0,0,0,0,0,0,0,0
2025-06-27,Obervieland,0,0,0,0,0,0,0,0,0,0,0,0,0,0,0
2025-06-27,Osterholz,0,0,0,0,0,0,0,0,0,0,0,0,0,0,0
2025-06-27,Schwachhausen,0,0,0,0,0,0,0,0,0,0,0,0,0,0,0
2025-06-27,Seehausen,0,0,0,0,0,0,0,0,0,0,0,0,0,0,0
2025-06-27,Strom,0,0,0,0,0,0,0,0,0,0,0,0,0,0,0
2025-06-27,Vahr,0,0,0,0,0,0,0,0,0,0,0,0,0,0,0
2025-06-27,Vegesack,0,0,0,0,0,0,0,0,0,0,0,0,0,0,0
2025-06-27,Walle,0,0,0,0,0,0,0,0,0,0,0,0,0,0,0
2025-06-27,Woltmershausen,0,0,0,0,0,0,0,0,0,0,0,0,0,0,0
2025-06-27,Östliche Vorstadt,0,0,0,0,0,0,0,0,0,0,0,0,0,0,0
2025-06-28,Blockland,0,0,0,0,0,0,0,0,0,0,0,0,0,0,0
2025-06-28,Blumenthal,0,0,0,0,0,0,0,0,0,0,0,0,0,0,0
2025-06-28,Borgfeld,0,0,0,0,0,0,0,0,0,0,0,0,0,0,0
2025-06-28,Burglesum,0,0,0,0,0,0,0,0,0,0,0,0,0,0,0
2025-06-28,Findorff,0,0,0,0,0,0,0,0,0,0,0,0,0,0,0
2025-06-28,Gröpelingen,0,0,0,0,0,0,0,0,0,0,0,0,0,0,0
2025-06-28,Hemelingen,0,0,0,0,0,0,0,0,0,0,0,0,0,0,0
2025-06-28,Horn-Lehe,0,0,0,0,0,0,0,0,0,0,0,0,0,0,0
2025-06-28,Huchting,0,0,0,0,0,0,0,0,0,0,0,0,0,0,0
2025-06-28,Häfen,0,0,0,0,0,0,0,0,0,0,0,0,0,0,0
2025-06-28,Mitte,0,0,0,0,0,0,0,0,0,0,0,0,0,0,0
2025-06-28,Neustadt,0,0,0,0,0,0,0,0,0,0,0,0,0,0,0
2025-06-28,Oberneuland,0,0,0,0,0,0,0,0,0,0,0,0,0,0,0
2025-06-28,Obervieland,0,0,0,0,0,0,0,0,0,0,0,0,0,0,0
2025-06-28,Osterholz,0,0,0,0,0,0,0,0,0,0,0,0,0,0,0
2025-06-28,Schwachhausen,0,0,0,0,0,0,0,0,0,0,0,0,0,0,0
2025-06-28,Seehausen,0,0,0,0,0,0,0,0,0,0,0,0,0,0,0
2025-06-28,Strom,0,0,0,0,0,0,0,0,0,0,0,0,0,0,0
2025-06-28,Vahr,0,0,0,0,0,0,0,0,0,0,0,0,0,0,0
2025-06-28,Vegesack,0,0,0,0,0,0,0,0,0,0,0,0,0,0,0
2025-06-28,Walle,0,0,0,0,0,0,0,0,0,0,0,0,0,0,0
2025-06-28,Woltmershausen,0,0,0,0,0,0,0,0,0,0,0,0,0,0,0
2025-06-28,Östliche Vorstadt,0,0,0,0,0,0,0,0,0,0,0,0,0,0,0
2025-06-29,Blockland,0,0,0,0,0,0,0,0,0,0,0,0,0,0,0
2025-06-29,Blumenthal,0,0,0,0,0,0,0,0,0,0,0,0,0,0,0
2025-06-29,Borgfeld,0,0,0,0,0,0,0,0,0,0,0,0,0,0,0
2025-06-29,Burglesum,0,0,0,0,0,0,0,0,0,0,0,0,0,0,0
2025-06-29,Findorff,0,0,0,0,0,0,0,0,0,0,0,0,0,0,0
2025-06-29,Gröpelingen,0,0,0,0,0,0,0,0,0,0,0,0,0,0,0
2025-06-29,Hemelingen,0,0,0,0,0,0,0,0,0,0,0,0,0,0,0
2025-06-29,Horn-Lehe,0,0,0,0,0,0,0,0,0,0,0,0,0,0,0
2025-06-29,Huchting,0,0,0,0,0,0,0,0,0,0,0,0,0,0,0
2025-06-29,Häfen,0,0,0,0,0,0,0,0,0,0,0,0,0,0,0
2025-06-29,Mitte,0,0,0,0,0,0,0,0,0,0,0,0,0,0,0
2025-06-29,Neustadt,0,0,0,0,0,0,0,0,0,0,0,0,0,0,0
2025-06-29,Oberneuland,0,0,0,0,0,0,0,0,0,0,0,0,0,0,0
2025-06-29,Obervieland,0,0,0,0,0,0,0,0,0,0,0,0,0,0,0
2025-06-29,Osterholz,0,0,0,0,0,0,0,0,0,0,0,0,0,0,0
2025-06-29,Schwachhausen,0,0,0,0,0,0,0,0,0,0,0,0,0,0,0
2025-06-29,Seehausen,0,0,0,0,0,0,0,0,0,0,0,0,0,0,0
2025-06-29,Strom,0,0,0,0,0,0,0,0,0,0,0,0,0,0,0
2025-06-29,Vahr,0,0,0,0,0,0,0,0,0,0,0,0,0,0,0
2025-06-29,Vegesack,0,0,0,0,0,0,0,0,0,0,0,0,0,0,0
2025-06-29,Walle,0,0,0,0,0,0,0,0,0,0,0,0,0,0,0
2025-06-29,Woltmershausen,0,0,0,0,0,0,0,0,0,0,0,0,0,0,0
2025-06-29,Östliche Vorstadt,0,0,0,0,0,0,0,0,0,0,0,0,0,0,0
2025-06-30,Blockland,0,0,0,0,0,0,0,0,0,0,0,0,0,0,0
2025-06-30,Blumenthal,0,0,0,0,0,0,0,0,0,0,0,0,0,0,0
2025-06-30,Borgfeld,0,0,0,0,0,0,0,0,0,0,0,0,0,0,0
2025-06-30,Burglesum,0,0,0,0,0,0,0,0,0,0,0,0,0,0,0
2025-06-30,Findorff,0,0,0,0,0,0,0,0,0,0,0,0,0,0,0
2025-06-30,Gröpelingen,0,0,0,0,0,0,0,0,0,0,0,0,0,0,0
2025-06-30,Hemelingen,0,0,0,0,0,0,0,0,0,0,0,0,0,0,0
2025-06-30,Horn-Lehe,0,0,0,0,0,0,0,0,0,0,0,0,0,0,0
2025-06-30,Huchting,0,0,0,0,0,0,0,0,0,0,0,0,0,0,0
2025-06-30,Häfen,0,0,0,0,0,0,0,0,0,0,0,0,0,0,0
2025-06-30,Mitte,0,0,0,0,0,0,0,0,0,0,0,0,0,0,0
2025-06-30,Neustadt,0,0,0,0,0,0,0,0,0,0,0,0,0,0,0
2025-06-30,Oberneuland,0,0,0,0,0,0,0,0,0,0,0,0,0,0,0
2025-06-30,Obervieland,0,0,0,0,0,0,0,0,0,0,0,0,0,0,0
2025-06-30,Osterholz,0,0,0,0,0,0,0,0,0,0,0,0,0,0,0
2025-06-30,Schwachhausen,0,0,0,0,0,0,0,0,0,0,0,0,0,0,0
2025-06-30,Seehausen,0,0,0,0,0,0,0,0,0,0,0,0,0,0,0
2025-06-30,Strom,0,0,0,0,0,0,0,0,0,0,0,0,0,0,0
2025-06-30,Vahr,0,0,0,0,0,0,0,0,0,0,0,0,0,0,0
2025-06-30,Vegesack,0,0,0,0,0,0,0,0,0,0,0,0,0,0,0
2025-06-30,Walle,0,0,0,0,0,0,0,0,0,0,0,0,0,0,0
2025-06-30,Woltmershausen,0,0,0,0,0,0,0,0,0,0,0,0,0,0,0
2025-06-30,Östliche Vorstadt,0,0,0,0,0,0,0,0,0,0,0,0,0,0,0
2025-07-01,Blockland,0,0,0,0,0,0,0,0,0,0,0,0,0,0,0
2025-07-01,Blumenthal,0,0,0,0,0,0,0,0,0,0,0,0,0,0,0
2025-07-01,Borgfeld,0,0,0,0,0,0,0,0,0,0,0,0,0,0,0
2025-07-01,Burglesum,0,0,0,0,0,0,0,0,0,0,0,0,0,0,0
2025-07-01,Findorff,0,0,0,0,0,0,0,0,0,0,0,0,0,0,0
2025-07-01,Gröpelingen,0,0,0,0,0,0,0,0,0,0,0,0,0,0,0
2025-07-01,Hemelingen,0,0,0,0,0,0,0,0,0,0,0,0,0,0,0
2025-07-01,Horn-Lehe,0,0,0,0,0,0,0,0,0,0,0,0,0,0,0
2025-07-01,Huchting,0,0,0,0,0,0,0,0,0,0,0,0,0,0,0
2025-07-01,Häfen,0,0,0,0,0,0,0,0,0,0,0,0,0,0,0
2025-07-01,Mitte,0,0,0,0,0,0,0,0,0,0,0,0,0,0,0
2025-07-01,Neustadt,0,0,0,0,0,0,0,0,0,0,0,0,0,0,0
2025-07-01,Oberneuland,0,0,0,0,0,0,0,0,0,0,0,0,0,0,0
2025-07-01,Obervieland,0,0,0,0,0,0,0,0,0,0,0,0,0,0,0
2025-07-01,Osterholz,0,0,0,0,0,0,0,0,0,0,0,0,0,0,0
2025-07-01,Schwachhausen,0,0,0,0,0,0,0,0,0,0,0,0,0,0,0
2025-07-01,Seehausen,0,0,0,0,0,0,0,0,0,0,0,0,0,0,0
2025-07-01,Strom,0,0,0,0,0,0,0,0,0,0,0,0,0,0,0
2025-07-01,Vahr,0,0,0,0,0,0,0,0,0,0,0,0,0,0,0
2025-07-01,Vegesack,0,0,0,0,0,0,0,0,0,0,0,0,0,0,0
2025-07-01,Walle,0,0,0,0,0,0,0,0,0,0,0,0,0,0,0
2025-07-01,Woltmershausen,0,0,0,0,0,0,0,0,0,0,0,0,0,0,0
2025-07-01,Östliche Vorstadt,0,0,0,0,0,0,0,0,0,0,0,0,0,0,0
2025-07-02,Blockland,0,0,0,0,0,0,0,0,0,0,0,0,0,0,0
2025-07-02,Blumenthal,0,0,0,0,0,0,0,0,0,0,0,0,0,0,0
2025-07-02,Borgfeld,0,0,0,0,0,0,0,0,0,0,0,0,0,0,0
2025-07-02,Burglesum,0,0,0,0,0,0,0,0,0,0,0,0,0,0,0
2025-07-02,Findorff,0,0,0,0,0,0,0,0,0,0,0,0,0,0,0
2025-07-02,Gröpelingen,0,0,0,0,0,0,0,0,0,0,0,0,0,0,0
2025-07-02,Hemelingen,0,0,0,0,0,0,0,0,0,0,0,0,0,0,0
2025-07-02,Horn-Lehe,0,0,0,0,0,0,0,0,0,0,0,0,0,0,0
2025-07-02,Huchting,0,0,0,0,0,0,0,0,0,0,0,0,0,0,0
2025-07-02,Häfen,0,0,0,0,0,0,0,0,0,0,0,0,0,0,0
2025-07-02,Mitte,0,0,0,0,0,0,0,0,0,0,0,0,0,0,0
2025-07-02,Neustadt,0,0,0,0,0,0,0,0,0,0,0,0,0,0,0
2025-07-02,Oberneuland,0,0,0,0,0,0,0,0,0,0,0,0,0,0,0
2025-07-02,Obervieland,0,0,0,0,0,0,0,0,0,0,0,0,0,0,0
2025-07-02,Osterholz,0,0,0,0,0,0,0,0,0,0,0,0,0,0,0
2025-07-02,Schwachhausen,0,0,0,0,0,0,0,0,0,0,0,0,0,0,0
2025-07-02,Seehausen,0,0,0,0,0,0,0,0,0,0,0,0,0,0,0
2025-07-02,Strom,0,0,0,0,0,0,0,0,0,0,0,0,0,0,0
2025-07-02,Vahr,0,0,0,0,0,0,0,0,0,0,0,0,0,0,0
2025-07-02,Vegesack,0,0,0,0,0,0,0,0,0,0,0,0,0,0,0
2025-07-02,Walle,0,0,0,0,0,0,0,0,0,0,0,0,0,0,0
2025-07-02,Woltmershausen,0,0,0,0,0,0,0,0,0,0,0,0,0,0,0
2025-07-02,Östliche Vorstadt,0,0,0,0,0,0,0,0,0,0,0,0,0,0,0
2025-07-03,Blockland,0,0,0,0,0,0,0,0,0,0,0,0,0,0,0
2025-07-03,Blumenthal,0,0,0,0,0,0,0,0,0,0,0,0,0,0,0
2025-07-03,Borgfeld,0,0,0,0,0,0,0,0,0,0,0,0,0,0,0
2025-07-03,Burglesum,0,0,0,0,0,0,0,0,0,0,0,0,0,0,0
2025-07-03,Findorff,0,0,0,0,0,0,0,0,0,0,0,0,0,0,0
2025-07-03,Gröpelingen,0,0,0,0,0,0,0,0,0,0,0,0,0,0,0
2025-07-03,Hemelingen,0,0,0,0,0,0,0,0,0,0,0,0,0,0,0
2025-07-03,Horn-Lehe,0,0,0,0,0,0,0,0,0,0,0,0,0,0,0
2025-07-03,Huchting,0,0,0,0,0,0,0,0,0,0,0,0,0,0,0
2025-07-03,Häfen,0,0,0,0,0,0,0,0,0,0,0,0,0,0,0
2025-07-03,Mitte,0,0,0,0,0,0,0,0,0,0,0,0,0,0,0
2025-07-03,Neustadt,0,0,0,0,0,0,0,0,0,0,0,0,0,0,0
2025-07-03,Oberneuland,0,0,0,0,0,0,0,0,0,0,0,0,0,0,0
2025-07-03,Obervieland,0,0,0,0,0,0,0,0,0,0,0,0,0,0,0
2025-07-03,Osterholz,0,0,0,0,0,0,0,0,0,0,0,0,0,0,0
2025-07-03,Schwachhausen,0,0,0,0,0,0,0,0,0,0,0,0,0,0,0
2025-07-03,Seehausen,0,0,0,0,0,0,0,0,0,0,0,0,0,0,0
2025-07-03,Strom,0,0,0,0,0,0,0,0,0,0,0,0,0,0,0
2025-07-03,Vahr,0,0,0,0,0,0,0,0,0,0,0,0,0,0,0
2025-07-03,Vegesack,0,0,0,0,0,0,0,0,0,0,0,0,0,0,0
2025-07-03,Walle,0,0,0,0,0,0,0,0,0,0,0,0,0,0,0
2025-07-03,Woltmershausen,0,0,0,0,0,0,0,0,0,0,0,0,0,0,0
2025-07-03,Östliche Vorstadt,0,0,0,0,0,0,0,0,0,0,0,0,0,0,0
2025-07-04,Blockland,0,0,0,0,0,0,0,0,0,0,0,0,0,0,0
2025-07-04,Blumenthal,0,0,0,0,0,0,0,0,0,0,0,0,0,0,0
2025-07-04,Borgfeld,0,0,0,0,0,0,0,0,0,0,0,0,0,0,0
2025-07-04,Burglesum,0,0,0,0,0,0,0,0,0,0,0,0,0,0,0
2025-07-04,Findorff,0,0,0,0,0,0,0,0,0,0,0,0,0,0,0
2025-07-04,Gröpelingen,0,0,0,0,0,0,0,0,0,0,0,0,0,0,0
2025-07-04,Hemelingen,0,0,0,0,0,0,0,0,0,0,0,0,0,0,0
2025-07-04,Horn-Lehe,0,0,0,0,0,0,0,0,0,0,0,0,0,0,0
2025-07-04,Huchting,0,0,0,0,0,0,0,0,0,0,0,0,0,0,0
2025-07-04,Häfen,0,0,0,0,0,0,0,0,0,0,0,0,0,0,0
2025-07-04,Mitte,0,0,0,0,0,0,0,0,0,0,0,0,0,0,0
2025-07-04,Neustadt,0,0,0,0,0,0,0,0,0,0,0,0,0,0,0
2025-07-04,Oberneuland,0,0,0,0,0,0,0,0,0,0,0,0,0,0,0
2025-07-04,Obervieland,0,0,0,0,0,0,0,0,0,0,0,0,0,0,0
2025-07-04,Osterholz,0,0,0,0,0,0,0,0,0,0,0,0,0,0,0
2025-07-04,Schwachhausen,0,0,0,0,0,0,0,0,0,0,0,0,0,0,0
2025-07-04,Seehausen,0,0,0,0,0,0,0,0,0,0,0,0,0,0,0
2025-07-04,Strom,0,0,0,0,0,0,0,0,0,0,0,0,0,0,0
2025-07-04,Vahr,0,0,0,0,0,0,0,0,0,0,0,0,0,0,0
2025-07-04,Vegesack,0,0,0,0,0,0,0,0,0,0,0,0,0,0,0
2025-07-04,Walle,0,0,0,0,0,0,0,0,0,0,0,0,0,0,0
2025-07-04,Woltmershausen,0,0,0,0,0,0,0,0,0,0,0,0,0,0,0
2025-07-04,Östliche Vorstadt,0,0,0,0,0,0,0,0,0,0,0,0,0,0,0
2025-07-05,Blockland,0,0,0,0,0,0,0,0,0,0,0,0,0,0,0
2025-07-05,Blumenthal,0,0,0,0,0,0,0,0,0,0,0,0,0,0,0
2025-07-05,Borgfeld,0,0,0,0,0,0,0,0,0,0,0,0,0,0,0
2025-07-05,Burglesum,0,0,0,0,0,0,0,0,0,0,0,0,0,0,0
2025-07-05,Findorff,0,0,0,0,0,0,0,0,0,0,0,0,0,0,0
2025-07-05,Gröpelingen,0,0,0,0,0,0,0,0,0,0,0,0,0,0,0
2025-07-05,Hemelingen,0,0,0,0,0,0,0,0,0,0,0,0,0,0,0
2025-07-05,Horn-Lehe,0,0,0,0,0,0,0,0,0,0,0,0,0,0,0
2025-07-05,Huchting,0,0,0,0,0,0,0,0,0,0,0,0,0,0,0
2025-07-05,Häfen,0,0,0,0,0,0,0,0,0,0,0,0,0,0,0
2025-07-05,Mitte,0,0,0,0,0,0,0,0,0,0,0,0,0,0,0
2025-07-05,Neustadt,0,0,0,0,0,0,0,0,0,0,0,0,0,0,0
2025-07-05,Oberneuland,0,0,0,0,0,0,0,0,0,0,0,0,0,0,0
2025-07-05,Obervieland,0,0,0,0,0,0,0,0,0,0,0,0,0,0,0
2025-07-05,Osterholz,0,0,0,0,0,0,0,0,0,0,0,0,0,0,0
2025-07-05,Schwachhausen,0,0,0,0,0,0,0,0,0,0,0,0,0,0,0
2025-07-05,Seehausen,0,0,0,0,0,0,0,0,0,0,0,0,0,0,0
2025-07-05,Strom,0,0,0,0,0,0,0,0,0,0,0,0,0,0,0
2025-07-05,Vahr,0,0,0,0,0,0,0,0,0,0,0,0,0,0,0
2025-07-05,Vegesack,0,0,0,0,0,0,0,0,0,0,0,0,0,0,0
2025-07-05,Walle,0,0,0,0,0,0,0,0,0,0,0,0,0,0,0
2025-07-05,Woltmershausen,0,0,0,0,0,0,0,0,0,0,0,0,0,0,0
2025-07-05,Östliche Vorstadt,0,0,0,0,0,0,0,0,0,0,0,0,0,0,0
2025-07-06,Blockland,0,0,0,0,0,0,0,0,0,0,0,0,0,0,0
2025-07-06,Blumenthal,0,0,0,0,0,0,0,0,0,0,0,0,0,0,0
2025-07-06,Borgfeld,0,0,0,0,0,0,0,0,0,0,0,0,0,0,0
2025-07-06,Burglesum,0,0,0,0,0,0,0,0,0,0,0,0,0,0,0
2025-07-06,Findorff,0,0,0,0,0,0,0,0,0,0,0,0,0,0,0
2025-07-06,Gröpelingen,0,0,0,0,0,0,0,0,0,0,0,0,0,0,0
2025-07-06,Hemelingen,0,0,0,0,0,0,0,0,0,0,0,0,0,0,0
2025-07-06,Horn-Lehe,0,0,0,0,0,0,0,0,0,0,0,0,0,0,0
2025-07-06,Huchting,0,0,0,0,0,0,0,0,0,0,0,0,0,0,0
2025-07-06,Häfen,0,0,0,0,0,0,0,0,0,0,0,0,0,0,0
2025-07-06,Mitte,0,0,0,0,0,0,0,0,0,0,0,0,0,0,0
2025-07-06,Neustadt,0,0,0,0,0,0,0,0,0,0,0,0,0,0,0
2025-07-06,Oberneuland,0,0,0,0,0,0,0,0,0,0,0,0,0,0,0
2025-07-06,Obervieland,0,0,0,0,0,0,0,0,0,0,0,0,0,0,0
2025-07-06,Osterholz,0,0,0,0,0,0,0,0,0,0,0,0,0,0,0
2025-07-06,Schwachhausen,0,0,0,0,0,0,0,0,0,0,0,0,0,0,0
2025-07-06,Seehausen,0,0,0,0,0,0,0,0,0,0,0,0,0,0,0
2025-07-06,Strom,0,0,0,0,0,0,0,0,0,0,0,0,0,0,0
2025-07-06,Vahr,0,0,0,0,0,0,0,0,0,0,0,0,0,0,0
2025-07-06,Vegesack,0,0,0,0,0,0,0,0,0,0,0,0,0,0,0
2025-07-06,Walle,0,0,0,0,0,0,0,0,0,0,0,0,0,0,0
2025-07-06,Woltmershausen,0,0,0,0,0,0,0,0,0,0,0,0,0,0,0
2025-07-06,Östliche Vorstadt,0,0,0,0,0,0,0,0,0,0,0,0,0,0,0
2025-07-07,Blockland,0,0,0,0,0,0,0,0,0,0,0,0,0,0,0
2025-07-07,Blumenthal,0,0,0,0,0,0,0,0,0,0,0,0,0,0,0
2025-07-07,Borgfeld,0,0,0,0,0,0,0,0,0,0,0,0,0,0,0
2025-07-07,Burglesum,0,0,0,0,0,0,0,0,0,0,0,0,0,0,0
2025-07-07,Findorff,0,0,0,0,0,0,0,0,0,0,0,0,0,0,0
2025-07-07,Gröpelingen,0,0,0,0,0,0,0,0,0,0,0,0,0,0,0
2025-07-07,Hemelingen,0,0,0,0,0,0,0,0,0,0,0,0,0,0,0
2025-07-07,Horn-Lehe,0,0,0,0,0,0,0,0,0,0,0,0,0,0,0
2025-07-07,Huchting,0,0,0,0,0,0,0,0,0,0,0,0,0,0,0
2025-07-07,Häfen,0,0,0,0,0,0,0,0,0,0,0,0,0,0,0
2025-07-07,Mitte,0,0,0,0,0,0,0,0,0,0,0,0,0,0,0
2025-07-07,Neustadt,0,0,0,0,0,0,0,0,0,0,0,0,0,0,0
2025-07-07,Oberneuland,0,0,0,0,0,0,0,0,0,0,0,0,0,0,0
2025-07-07,Obervieland,0,0,0,0,0,0,0,0,0,0,0,0,0,0,0
2025-07-07,Osterholz,0,0,0,0,0,0,0,0,0,0,0,0,0,0,0
2025-07-07,Schwachhausen,0,0,0,0,0,0,0,0,0,0,0,0,0,0,0
2025-07-07,Seehausen,0,0,0,0,0,0,0,0,0,0,0,0,0,0,0
2025-07-07,Strom,0,0,0,0,0,0,0,0,0,0,0,0,0,0,0
2025-07-07,Vahr,0,0,0,0,0,0,0,0,0,0,0,0,0,0,0
2025-07-07,Vegesack,0,0,0,0,0,0,0,0,0,0,0,0,0,0,0
2025-07-07,Walle,0,0,0,0,0,0,0,0,0,0,0,0,0,0,0
2025-07-07,Woltmershausen,0,0,0,0,0,0,0,0,0,0,0,0,0,0,0
2025-07-07,Östliche Vorstadt,0,0,0,0,0,0,0,0,0,0,0,0,0,0,0
2025-07-08,Blockland,0,0,0,0,0,0,0,0,0,0,0,0,0,0,0
2025-07-08,Blumenthal,0,0,0,0,0,0,0,0,0,0,0,0,0,0,0
2025-07-08,Borgfeld,0,0,0,0,0,0,0,0,0,0,0,0,0,0,0
2025-07-08,Burglesum,0,0,0,0,0,0,0,0,0,0,0,0,0,0,0
2025-07-08,Findorff,0,0,0,0,0,0,0,0,0,0,0,0,0,0,0
2025-07-08,Gröpelingen,0,0,0,0,0,0,0,0,0,0,0,0,0,0,0
2025-07-08,Hemelingen,0,0,0,0,0,0,0,0,0,0,0,0,0,0,0
2025-07-08,Horn-Lehe,0,0,0,0,0,0,0,0,0,0,0,0,0,0,0
2025-07-08,Huchting,0,0,0,0,0,0,0,0,0,0,0,0,0,0,0
2025-07-08,Häfen,0,0,0,0,0,0,0,0,0,0,0,0,0,0,0
2025-07-08,Mitte,0,0,0,0,0,0,0,0,0,0,0,0,0,0,0
2025-07-08,Neustadt,0,0,0,0,0,0,0,0,0,0,0,0,0,0,0
2025-07-08,Oberneuland,0,0,0,0,0,0,0,0,0,0,0,0,0,0,0
2025-07-08,Obervieland,0,0,0,0,0,0,0,0,0,0,0,0,0,0,0
2025-07-08,Osterholz,0,0,0,0,0,0,0,0,0,0,0,0,0,0,0
2025-07-08,Schwachhausen,0,0,0,0,0,0,0,0,0,0,0,0,0,0,0
2025-07-08,Seehausen,0,0,0,0,0,0,0,0,0,0,0,0,0,0,0
2025-07-08,Strom,0,0,0,0,0,0,0,0,0,0,0,0,0,0,0
2025-07-08,Vahr,0,0,0,0,0,0,0,0,0,0,0,0,0,0,0
2025-07-08,Vegesack,0,0,0,0,0,0,0,0,0,0,0,0,0,0,0
2025-07-08,Walle,0,0,0,0,0,0,0,0,0,0,0,0,0,0,0
2025-07-08,Woltmershausen,0,0,0,0,0,0,0,0,0,0,0,0,0,0,0
2025-07-08,Östliche Vorstadt,0,0,0,0,0,0,0,0,0,0,0,0,0,0,0
2025-07-09,Blockland,0,0,0,0,0,0,0,0,0,0,0,0,0,0,0
2025-07-09,Blumenthal,0,0,0,0,0,0,0,0,0,0,0,0,0,0,0
2025-07-09,Borgfeld,0,0,0,0,0,0,0,0,0,0,0,0,0,0,0
2025-07-09,Burglesum,0,0,0,0,0,0,0,0,0,0,0,0,0,0,0
2025-07-09,Findorff,0,0,0,0,0,0,0,0,0,0,0,0,0,0,0
2025-07-09,Gröpelingen,0,0,0,0,0,0,0,0,0,0,0,0,0,0,0
2025-07-09,Hemelingen,0,0,0,0,0,0,0,0,0,0,0,0,0,0,0
2025-07-09,Horn-Lehe,0,0,0,0,0,0,0,0,0,0,0,0,0,0,0
2025-07-09,Huchting,0,0,0,0,0,0,0,0,0,0,0,0,0,0,0
2025-07-09,Häfen,0,0,0,0,0,0,0,0,0,0,0,0,0,0,0
2025-07-09,Mitte,0,0,0,0,0,0,0,0,0,0,0,0,0,0,0
2025-07-09,Neustadt,0,0,0,0,0,0,0,0,0,0,0,0,0,0,0
2025-07-09,Oberneuland,0,0,0,0,0,0,0,0,0,0,0,0,0,0,0
2025-07-09,Obervieland,0,0,0,0,0,0,0,0,0,0,0,0,0,0,0
2025-07-09,Osterholz,0,0,0,0,0,0,0,0,0,0,0,0,0,0,0
2025-07-09,Schwachhausen,0,0,0,0,0,0,0,0,0,0,0,0,0,0,0
2025-07-09,Seehausen,0,0,0,0,0,0,0,0,0,0,0,0,0,0,0
2025-07-09,Strom,0,0,0,0,0,0,0,0,0,0,0,0,0,0,0
2025-07-09,Vahr,0,0,0,0,0,0,0,0,0,0,0,0,0,0,0
2025-07-09,Vegesack,0,0,0,0,0,0,0,0,0,0,0,0,0,0,0
2025-07-09,Walle,0,0,0,0,0,0,0,0,0,0,0,0,0,0,0
2025-07-09,Woltmershausen,0,0,0,0,0,0,0,0,0,0,0,0,0,0,0
2025-07-09,Östliche Vorstadt,0,0,0,0,0,0,0,0,0,0,0,0,0,0,0
2025-07-10,Blockland,0,0,0,0,0,0,0,0,0,0,0,0,0,0,0
2025-07-10,Blumenthal,0,0,0,0,0,0,0,0,0,0,0,0,0,0,0
2025-07-10,Borgfeld,0,0,0,0,0,0,0,0,0,0,0,0,0,0,0
2025-07-10,Burglesum,0,0,0,0,0,0,0,0,0,0,0,0,0,0,0
2025-07-10,Findorff,0,0,0,0,0,0,0,0,0,0,0,0,0,0,0
2025-07-10,Gröpelingen,0,0,0,0,0,0,0,0,0,0,0,0,0,0,0
2025-07-10,Hemelingen,0,0,0,0,0,0,0,0,0,0,0,0,0,0,0
2025-07-10,Horn-Lehe,0,0,0,0,0,0,0,0,0,0,0,0,0,0,0
2025-07-10,Huchting,0,0,0,0,0,0,0,0,0,0,0,0,0,0,0
2025-07-10,Häfen,0,0,0,0,0,0,0,0,0,0,0,0,0,0,0
2025-07-10,Mitte,0,0,0,0,0,0,0,0,0,0,0,0,0,0,0
2025-07-10,Neustadt,0,0,0,0,0,0,0,0,0,0,0,0,0,0,0
2025-07-10,Oberneuland,0,0,0,0,0,0,0,0,0,0,0,0,0,0,0
2025-07-10,Obervieland,0,0,0,0,0,0,0,0,0,0,0,0,0,0,0
2025-07-10,Osterholz,0,0,0,0,0,0,0,0,0,0,0,0,0,0,0
2025-07-10,Schwachhausen,0,0,0,0,0,0,0,0,0,0,0,0,0,0,0
2025-07-10,Seehausen,0,0,0,0,0,0,0,0,0,0,0,0,0,0,0
2025-07-10,Strom,0,0,0,0,0,0,0,0,0,0,0,0,0,0,0
2025-07-10,Vahr,0,0,0,0,0,0,0,0,0,0,0,0,0,0,0
2025-07-10,Vegesack,0,0,0,0,0,0,0,0,0,0,0,0,0,0,0
2025-07-10,Walle,0,0,0,0,0,0,0,0,0,0,0,0,0,0,0
2025-07-10,Woltmershausen,0,0,0,0,0,0,0,0,0,0,0,0,0,0,0
2025-07-10,Östliche Vorstadt,0,0,0,0,0,0,0,0,0,0,0,0,0,0,0
2025-07-11,Blockland,0,0,0,0,0,0,0,0,0,0,0,0,0,0,0
2025-07-11,Blumenthal,0,0,0,0,0,0,0,0,0,0,0,0,0,0,0
2025-07-11,Borgfeld,0,0,0,0,0,0,0,0,0,0,0,0,0,0,0
2025-07-11,Burglesum,0,0,0,0,0,0,0,0,0,0,0,0,0,0,0
2025-07-11,Findorff,0,0,0,0,0,0,0,0,0,0,0,0,0,0,0
2025-07-11,Gröpelingen,0,0,0,0,0,0,0,0,0,0,0,0,0,0,0
2025-07-11,Hemelingen,0,0,0,0,0,0,0,0,0,0,0,0,0,0,0
2025-07-11,Horn-Lehe,0,0,0,0,0,0,0,0,0,0,0,0,0,0,0
2025-07-11,Huchting,0,0,0,0,0,0,0,0,0,0,0,0,0,0,0
2025-07-11,Häfen,0,0,0,0,0,0,0,0,0,0,0,0,0,0,0
2025-07-11,Mitte,0,0,0,0,0,0,0,0,0,0,0,0,0,0,0
2025-07-11,Neustadt,0,0,0,0,0,0,0,0,0,0,0,0,0,0,0
2025-07-11,Oberneuland,0,0,0,0,0,0,0,0,0,0,0,0,0,0,0
2025-07-11,Obervieland,0,0,0,0,0,0,0,0,0,0,0,0,0,0,0
2025-07-11,Osterholz,0,0,0,0,0,0,0,0,0,0,0,0,0,0,0
2025-07-11,Schwachhausen,0,0,0,0,0,0,0,0,0,0,0,0,0,0,0
2025-07-11,Seehausen,0,0,0,0,0,0,0,0,0,0,0,0,0,0,0
2025-07-11,Strom,0,0,0,0,0,0,0,0,0,0,0,0,0,0,0
2025-07-11,Vahr,0,0,0,0,0,0,0,0,0,0,0,0,0,0,0
2025-07-11,Vegesack,0,0,0,0,0,0,0,0,0,0,0,0,0,0,0
2025-07-11,Walle,0,0,0,0,0,0,0,0,0,0,0,0,0,0,0
2025-07-11,Woltmershausen,0,0,0,0,0,0,0,0,0,0,0,0,0,0,0
2025-07-11,Östliche Vorstadt,0,0,0,0,0,0,0,0,0,0,0,0,0,0,0
2025-07-12,Blockland,0,0,0,0,0,0,0,0,0,0,0,0,0,0,0
2025-07-12,Blumenthal,0,0,0,0,0,0,0,0,0,0,0,0,0,0,0
2025-07-12,Borgfeld,0,0,0,0,0,0,0,0,0,0,0,0,0,0,0
2025-07-12,Burglesum,0,0,0,0,0,0,0,0,0,0,0,0,0,0,0
2025-07-12,Findorff,0,0,0,0,0,0,0,0,0,0,0,0,0,0,0
2025-07-12,Gröpelingen,0,0,0,0,0,0,0,0,0,0,0,0,0,0,0
2025-07-12,Hemelingen,0,0,0,0,0,0,0,0,0,0,0,0,0,0,0
2025-07-12,Horn-Lehe,0,0,0,0,0,0,0,0,0,0,0,0,0,0,0
2025-07-12,Huchting,0,0,0,0,0,0,0,0,0,0,0,0,0,0,0
2025-07-12,Häfen,0,0,0,0,0,0,0,0,0,0,0,0,0,0,0
2025-07-12,Mitte,0,0,0,0,0,0,0,0,0,0,0,0,0,0,0
2025-07-12,Neustadt,0,0,0,0,0,0,0,0,0,0,0,0,0,0,0
2025-07-12,Oberneuland,0,0,0,0,0,0,0,0,0,0,0,0,0,0,0
2025-07-12,Obervieland,0,0,0,0,0,0,0,0,0,0,0,0,0,0,0
2025-07-12,Osterholz,0,0,0,0,0,0,0,0,0,0,0,0,0,0,0
2025-07-12,Schwachhausen,0,0,0,0,0,0,0,0,0,0,0,0,0,0,0
2025-07-12,Seehausen,0,0,0,0,0,0,0,0,0,0,0,0,0,0,0
2025-07-12,Strom,0,0,0,0,0,0,0,0,0,0,0,0,0,0,0
2025-07-12,Vahr,0,0,0,0,0,0,0,0,0,0,0,0,0,0,0
2025-07-12,Vegesack,0,0,0,0,0,0,0,0,0,0,0,0,0,0,0
2025-07-12,Walle,0,0,0,0,0,0,0,0,0,0,0,0,0,0,0
2025-07-12,Woltmershausen,0,0,0,0,0,0,0,0,0,0,0,0,0,0,0
2025-07-12,Östliche Vorstadt,0,0,0,0,0,0,0,0,0,0,0,0,0,0,0
2025-07-13,Blockland,0,0,0,0,0,0,0,0,0,0,0,0,0,0,0
2025-07-13,Blumenthal,0,0,0,0,0,0,0,0,0,0,0,0,0,0,0
2025-07-13,Borgfeld,0,0,0,0,0,0,0,0,0,0,0,0,0,0,0
2025-07-13,Burglesum,0,0,0,0,0,0,0,0,0,0,0,0,0,0,0
2025-07-13,Findorff,0,0,0,0,0,0,0,0,0,0,0,0,0,0,0
2025-07-13,Gröpelingen,0,0,0,0,0,0,0,0,0,0,0,0,0,0,0
2025-07-13,Hemelingen,0,0,0,0,0,0,0,0,0,0,0,0,0,0,0
2025-07-13,Horn-Lehe,0,0,0,0,0,0,0,0,0,0,0,0,0,0,0
2025-07-13,Huchting,0,0,0,0,0,0,0,0,0,0,0,0,0,0,0
2025-07-13,Häfen,0,0,0,0,0,0,0,0,0,0,0,0,0,0,0
2025-07-13,Mitte,0,0,0,0,0,0,0,0,0,0,0,0,0,0,0
2025-07-13,Neustadt,0,0,0,0,0,0,0,0,0,0,0,0,0,0,0
2025-07-13,Oberneuland,0,0,0,0,0,0,0,0,0,0,0,0,0,0,0
2025-07-13,Obervieland,0,0,0,0,0,0,0,0,0,0,0,0,0,0,0
2025-07-13,Osterholz,0,0,0,0,0,0,0,0,0,0,0,0,0,0,0
2025-07-13,Schwachhausen,0,0,0,0,0,0,0,0,0,0,0,0,0,0,0
2025-07-13,Seehausen,0,0,0,0,0,0,0,0,0,0,0,0,0,0,0
2025-07-13,Strom,0,0,0,0,0,0,0,0,0,0,0,0,0,0,0
2025-07-13,Vahr,0,0,0,0,0,0,0,0,0,0,0,0,0,0,0
2025-07-13,Vegesack,0,0,0,0,0,0,0,0,0,0,0,0,0,0,0
2025-07-13,Walle,0,0,0,0,0,0,0,0,0,0,0,0,0,0,0
2025-07-13,Woltmershausen,0,0,0,0,0,0,0,0,0,0,0,0,0,0,0
2025-07-13,Östliche Vorstadt,0,0,0,0,0,0,0,0,0,0,0,0,0,0,0
2025-07-14,Blockland,0,0,0,0,0,0,0,0,0,0,0,0,0,0,0
2025-07-14,Blumenthal,0,0,0,0,0,0,0,0,0,0,0,0,0,0,0
2025-07-14,Borgfeld,0,0,0,0,0,0,0,0,0,0,0,0,0,0,0
2025-07-14,Burglesum,0,0,0,0,0,0,0,0,0,0,0,0,0,0,0
2025-07-14,Findorff,0,0,0,0,0,0,0,0,0,0,0,0,0,0,0
2025-07-14,Gröpelingen,0,0,0,0,0,0,0,0,0,0,0,0,0,0,0
2025-07-14,Hemelingen,0,0,0,0,0,0,0,0,0,0,0,0,0,0,0
2025-07-14,Horn-Lehe,0,0,0,0,0,0,0,0,0,0,0,0,0,0,0
2025-07-14,Huchting,0,0,0,0,0,0,0,0,0,0,0,0,0,0,0
2025-07-14,Häfen,0,0,0,0,0,0,0,0,0,0,0,0,0,0,0
2025-07-14,Mitte,0,0,0,0,0,0,0,0,0,0,0,0,0,0,0
2025-07-14,Neustadt,0,0,0,0,0,0,0,0,0,0,0,0,0,0,0
2025-07-14,Oberneuland,0,0,0,0,0,0,0,0,0,0,0,0,0,0,0
2025-07-14,Obervieland,0,0,0,0,0,0,0,0,0,0,0,0,0,0,0
2025-07-14,Osterholz,0,0,0,0,0,0,0,0,0,0,0,0,0,0,0
2025-07-14,Schwachhausen,0,0,0,0,0,0,0,0,0,0,0,0,0,0,0
2025-07-14,Seehausen,0,0,0,0,0,0,0,0,0,0,0,0,0,0,0
2025-07-14,Strom,0,0,0,0,0,0,0,0,0,0,0,0,0,0,0
2025-07-14,Vahr,0,0,0,0,0,0,0,0,0,0,0,0,0,0,0
2025-07-14,Vegesack,0,0,0,0,0,0,0,0,0,0,0,0,0,0,0
2025-07-14,Walle,0,0,0,0,0,0,0,0,0,0,0,0,0,0,0
2025-07-14,Woltmershausen,0,0,0,0,0,0,0,0,0,0,0,0,0,0,0
2025-07-14,Östliche Vorstadt,0,0,0,0,0,0,0,0,0,0,0,0,0,0,0
2025-07-15,Blockland,0,0,0,0,0,0,0,0,0,0,0,0,0,0,0
2025-07-15,Blumenthal,0,0,0,0,0,0,0,0,0,0,0,0,0,0,0
2025-07-15,Borgfeld,0,0,0,0,0,0,0,0,0,0,0,0,0,0,0
2025-07-15,Burglesum,0,0,0,0,0,0,0,0,0,0,0,0,0,0,0
2025-07-15,Findorff,0,0,0,0,0,0,0,0,0,0,0,0,0,0,0
2025-07-15,Gröpelingen,0,0,0,0,0,0,0,0,0,0,0,0,0,0,0
2025-07-15,Hemelingen,0,0,0,0,0,0,0,0,0,0,0,0,0,0,0
2025-07-15,Horn-Lehe,0,0,0,0,0,0,0,0,0,0,0,0,0,0,0
2025-07-15,Huchting,0,0,0,0,0,0,0,0,0,0,0,0,0,0,0
2025-07-15,Häfen,0,0,0,0,0,0,0,0,0,0,0,0,0,0,0
2025-07-15,Mitte,0,0,0,0,0,0,0,0,0,0,0,0,0,0,0
2025-07-15,Neustadt,0,0,0,0,0,0,0,0,0,0,0,0,0,0,0
2025-07-15,Oberneuland,0,0,0,0,0,0,0,0,0,0,0,0,0,0,0
2025-07-15,Obervieland,0,0,0,0,0,0,0,0,0,0,0,0,0,0,0
2025-07-15,Osterholz,0,0,0,0,0,0,0,0,0,0,0,0,0,0,0
2025-07-15,Schwachhausen,0,0,0,0,0,0,0,0,0,0,0,0,0,0,0
2025-07-15,Seehausen,0,0,0,0,0,0,0,0,0,0,0,0,0,0,0
2025-07-15,Strom,0,0,0,0,0,0,0,0,0,0,0,0,0,0,0
2025-07-15,Vahr,0,0,0,0,0,0,0,0,0,0,0,0,0,0,0
2025-07-15,Vegesack,0,0,0,0,0,0,0,0,0,0,0,0,0,0,0
2025-07-15,Walle,0,0,0,0,0,0,0,0,0,0,0,0,0,0,0
2025-07-15,Woltmershausen,0,0,0,0,0,0,0,0,0,0,0,0,0,0,0
2025-07-15,Östliche Vorstadt,0,0,0,0,0,0,0,0,0,0,0,0,0,0,0
2025-07-16,Blockland,0,0,0,0,0,0,0,0,0,0,0,0,0,0,0
2025-07-16,Blumenthal,0,0,0,0,0,0,0,0,0,0,0,0,0,0,0
2025-07-16,Borgfeld,0,0,0,0,0,0,0,0,0,0,0,0,0,0,0
2025-07-16,Burglesum,0,0,0,0,0,0,0,0,0,0,0,0,0,0,0
2025-07-16,Findorff,0,0,0,0,0,0,0,0,0,0,0,0,0,0,0
2025-07-16,Gröpelingen,0,0,0,0,0,0,0,0,0,0,0,0,0,0,0
2025-07-16,Hemelingen,0,0,0,0,0,0,0,0,0,0,0,0,0,0,0
2025-07-16,Horn-Lehe,0,0,0,0,0,0,0,0,0,0,0,0,0,0,0
2025-07-16,Huchting,0,0,0,0,0,0,0,0,0,0,0,0,0,0,0
2025-07-16,Häfen,0,0,0,0,0,0,0,0,0,0,0,0,0,0,0
2025-07-16,Mitte,0,0,0,0,0,0,0,0,0,0,0,0,0,0,0
2025-07-16,Neustadt,0,0,0,0,0,0,0,0,0,0,0,0,0,0,0
2025-07-16,Oberneuland,0,0,0,0,0,0,0,0,0,0,0,0,0,0,0
2025-07-16,Obervieland,0,0,0,0,0,0,0,0,0,0,0,0,0,0,0
2025-07-16,Osterholz,0,0,0,0,0,0,0,0,0,0,0,0,0,0,0
2025-07-16,Schwachhausen,0,0,0,0,0,0,0,0,0,0,0,0,0,0,0
2025-07-16,Seehausen,0,0,0,0,0,0,0,0,0,0,0,0,0,0,0
2025-07-16,Strom,0,0,0,0,0,0,0,0,0,0,0,0,0,0,0
2025-07-16,Vahr,0,0,0,0,0,0,0,0,0,0,0,0,0,0,0
2025-07-16,Vegesack,0,0,0,0,0,0,0,0,0,0,0,0,0,0,0
2025-07-16,Walle,0,0,0,0,0,0,0,0,0,0,0,0,0,0,0
2025-07-16,Woltmershausen,0,0,0,0,0,0,0,0,0,0,0,0,0,0,0
2025-07-16,Östliche Vorstadt,0,0,0,0,0,0,0,0,0,0,0,0,0,0,0
2025-07-17,Blockland,0,0,0,0,0,0,0,0,0,0,0,0,0,0,0
2025-07-17,Blumenthal,0,0,0,0,0,0,0,0,0,0,0,0,0,0,0
2025-07-17,Borgfeld,0,0,0,0,0,0,0,0,0,0,0,0,0,0,0
2025-07-17,Burglesum,0,0,0,0,0,0,0,0,0,0,0,0,0,0,0
2025-07-17,Findorff,0,0,0,0,0,0,0,0,0,0,0,0,0,0,0
2025-07-17,Gröpelingen,0,0,0,0,0,0,0,0,0,0,0,0,0,0,0
2025-07-17,Hemelingen,0,0,0,0,0,0,0,0,0,0,0,0,0,0,0
2025-07-17,Horn-Lehe,0,0,0,0,0,0,0,0,0,0,0,0,0,0,0
2025-07-17,Huchting,0,0,0,0,0,0,0,0,0,0,0,0,0,0,0
2025-07-17,Häfen,0,0,0,0,0,0,0,0,0,0,0,0,0,0,0
2025-07-17,Mitte,1,0,0,1,0,0,0,0,0,0,0,0,0,0,0
2025-07-17,Neustadt,1,1,0,0,0,0,0,0,0,0,0,0,0,0,0
2025-07-17,Oberneuland,0,0,0,0,0,0,0,0,0,0,0,0,0,0,0
2025-07-17,Obervieland,0,0,0,0,0,0,0,0,0,0,0,0,0,0,0
2025-07-17,Osterholz,0,0,0,0,0,0,0,0,0,0,0,0,0,0,0
2025-07-17,Schwachhausen,0,0,0,0,0,0,0,0,0,0,0,0,0,0,0
2025-07-17,Seehausen,0,0,0,0,0,0,0,0,0,0,0,0,0,0,0
2025-07-17,Strom,0,0,0,0,0,0,0,0,0,0,0,0,0,0,0
2025-07-17,Vahr,0,0,0,0,0,0,0,0,0,0,0,0,0,0,0
2025-07-17,Vegesack,0,0,0,0,0,0,0,0,0,0,0,0,0,0,0
2025-07-17,Walle,0,0,0,0,0,0,0,0,0,0,0,0,0,0,0
2025-07-17,Woltmershausen,0,0,0,0,0,0,0,0,0,0,0,0,0,0,0
2025-07-17,Östliche Vorstadt,0,0,0,0,0,0,0,0,0,0,0,0,0,0,0
2025-07-18,Blockland,0,0,0,0,0,0,0,0,0,0,0,0,0,0,0
2025-07-18,Blumenthal,0,0,0,0,0,0,0,0,0,0,0,0,0,0,0
2025-07-18,Borgfeld,0,0,0,0,0,0,0,0,0,0,0,0,0,0,0
2025-07-18,Burglesum,0,0,0,0,0,0,0,0,0,0,0,0,0,0,0
2025-07-18,Findorff,0,0,0,0,0,0,0,0,0,0,0,0,0,0,0
2025-07-18,Gröpelingen,0,0,0,0,0,0,0,0,0,0,0,0,0,0,0
2025-07-18,Hemelingen,1,0,0,1,0,0,0,0,0,0,0,0,0,0,0
2025-07-18,Horn-Lehe,0,0,0,0,0,0,0,0,0,0,0,0,0,0,0
2025-07-18,Huchting,0,0,0,0,0,0,0,0,0,0,0,0,0,0,0
2025-07-18,Häfen,0,0,0,0,0,0,0,0,0,0,0,0,0,0,0
2025-07-18,Mitte,0,0,0,0,0,0,0,0,0,0,0,0,0,0,0
2025-07-18,Neustadt,0,0,0,0,0,0,0,0,0,0,0,0,0,0,0
2025-07-18,Oberneuland,0,0,0,0,0,0,0,0,0,0,0,0,0,0,0
2025-07-18,Obervieland,0,0,0,0,0,0,0,0,0,0,0,0,0,0,0
2025-07-18,Osterholz,0,0,0,0,0,0,0,0,0,0,0,0,0,0,0
2025-07-18,Schwachhausen,0,0,0,0,0,0,0,0,0,0,0,0,0,0,0
2025-07-18,Seehausen,0,0,0,0,0,0,0,0,0,0,0,0,0,0,0
2025-07-18,Strom,0,0,0,0,0,0,0,0,0,0,0,0,0,0,0
2025-07-18,Vahr,0,0,0,0,0,0,0,0,0,0,0,0,0,0,0
2025-07-18,Vegesack,0,0,0,0,0,0,0,0,0,0,0,0,0,0,0
2025-07-18,Walle,0,0,0,0,0,0,0,0,0,0,0,0,0,0,0
2025-07-18,Woltmershausen,0,0,0,0,0,0,0,0,0,0,0,0,0,0,0
2025-07-18,Östliche Vorstadt,0,0,0,0,0,0,0,0,0,0,0,0,0,0,0
2025-07-19,Blockland,0,0,0,0,0,0,0,0,0,0,0,0,0,0,0
2025-07-19,Blumenthal,0,0,0,0,0,0,0,0,0,0,0,0,0,0,0
2025-07-19,Borgfeld,0,0,0,0,0,0,0,0,0,0,0,0,0,0,0
2025-07-19,Burglesum,0,0,0,0,0,0,0,0,0,0,0,0,0,0,0
2025-07-19,Findorff,0,0,0,0,0,0,0,0,0,0,0,0,0,0,0
2025-07-19,Gröpelingen,0,0,0,0,0,0,0,0,0,0,0,0,0,0,0
2025-07-19,Hemelingen,0,0,0,0,0,0,0,0,0,0,0,0,0,0,0
2025-07-19,Horn-Lehe,0,0,0,0,0,0,0,0,0,0,0,0,0,0,0
2025-07-19,Huchting,0,0,0,0,0,0,0,0,0,0,0,0,0,0,0
2025-07-19,Häfen,0,0,0,0,0,0,0,0,0,0,0,0,0,0,0
2025-07-19,Mitte,2,0,0,0,0,0,0,0,1,0,0,0,0,1,0
2025-07-19,Neustadt,1,0,0,0,0,0,0,0,0,1,0,0,0,0,0
2025-07-19,Oberneuland,0,0,0,0,0,0,0,0,0,0,0,0,0,0,0
2025-07-19,Obervieland,0,0,0,0,0,0,0,0,0,0,0,0,0,0,0
2025-07-19,Osterholz,0,0,0,0,0,0,0,0,0,0,0,0,0,0,0
2025-07-19,Schwachhausen,0,0,0,0,0,0,0,0,0,0,0,0,0,0,0
2025-07-19,Seehausen,0,0,0,0,0,0,0,0,0,0,0,0,0,0,0
2025-07-19,Strom,0,0,0,0,0,0,0,0,0,0,0,0,0,0,0
2025-07-19,Vahr,0,0,0,0,0,0,0,0,0,0,0,0,0,0,0
2025-07-19,Vegesack,0,0,0,0,0,0,0,0,0,0,0,0,0,0,0
2025-07-19,Walle,0,0,0,0,0,0,0,0,0,0,0,0,0,0,0
2025-07-19,Woltmershausen,0,0,0,0,0,0,0,0,0,0,0,0,0,0,0
2025-07-19,Östliche Vorstadt,0,0,0,0,0,0,0,0,0,0,0,0,0,0,0
2025-07-20,Blockland,0,0,0,0,0,0,0,0,0,0,0,0,0,0,0
2025-07-20,Blumenthal,0,0,0,0,0,0,0,0,0,0,0,0,0,0,0
2025-07-20,Borgfeld,0,0,0,0,0,0,0,0,0,0,0,0,0,0,0
2025-07-20,Burglesum,0,0,0,0,0,0,0,0,0,0,0,0,0,0,0
2025-07-20,Findorff,0,0,0,0,0,0,0,0,0,0,0,0,0,0,0
2025-07-20,Gröpelingen,0,0,0,0,0,0,0,0,0,0,0,0,0,0,0
2025-07-20,Hemelingen,0,0,0,0,0,0,0,0,0,0,0,0,0,0,0
2025-07-20,Horn-Lehe,0,0,0,0,0,0,0,0,0,0,0,0,0,0,0
2025-07-20,Huchting,0,0,0,0,0,0,0,0,0,0,0,0,0,0,0
2025-07-20,Häfen,0,0,0,0,0,0,0,0,0,0,0,0,0,0,0
2025-07-20,Mitte,1,0,0,0,0,0,0,0,1,0,0,0,0,0,0
2025-07-20,Neustadt,0,0,0,0,0,0,0,0,0,0,0,0,0,0,0
2025-07-20,Oberneuland,0,0,0,0,0,0,0,0,0,0,0,0,0,0,0
2025-07-20,Obervieland,0,0,0,0,0,0,0,0,0,0,0,0,0,0,0
2025-07-20,Osterholz,0,0,0,0,0,0,0,0,0,0,0,0,0,0,0
2025-07-20,Schwachhausen,0,0,0,0,0,0,0,0,0,0,0,0,0,0,0
2025-07-20,Seehausen,0,0,0,0,0,0,0,0,0,0,0,0,0,0,0
2025-07-20,Strom,0,0,0,0,0,0,0,0,0,0,0,0,0,0,0
2025-07-20,Vahr,0,0,0,0,0,0,0,0,0,0,0,0,0,0,0
2025-07-20,Vegesack,0,0,0,0,0,0,0,0,0,0,0,0,0,0,0
2025-07-20,Walle,0,0,0,0,0,0,0,0,0,0,0,0,0,0,0
2025-07-20,Woltmershausen,0,0,0,0,0,0,0,0,0,0,0,0,0,0,0
2025-07-20,Östliche Vorstadt,0,0,0,0,0,0,0,0,0,0,0,0,0,0,0
2025-07-21,Blockland,0,0,0,0,0,0,0,0,0,0,0,0,0,0,0
2025-07-21,Blumenthal,0,0,0,0,0,0,0,0,0,0,0,0,0,0,0
2025-07-21,Borgfeld,0,0,0,0,0,0,0,0,0,0,0,0,0,0,0
2025-07-21,Burglesum,0,0,0,0,0,0,0,0,0,0,0,0,0,0,0
2025-07-21,Findorff,0,0,0,0,0,0,0,0,0,0,0,0,0,0,0
2025-07-21,Gröpelingen,1,0,1,0,0,0,0,0,0,0,0,0,0,0,0
2025-07-21,Hemelingen,0,0,0,0,0,0,0,0,0,0,0,0,0,0,0
2025-07-21,Horn-Lehe,0,0,0,0,0,0,0,0,0,0,0,0,0,0,0
2025-07-21,Huchting,0,0,0,0,0,0,0,0,0,0,0,0,0,0,0
2025-07-21,Häfen,0,0,0,0,0,0,0,0,0,0,0,0,0,0,0
2025-07-21,Mitte,0,0,0,0,0,0,0,0,0,0,0,0,0,0,0
2025-07-21,Neustadt,0,0,0,0,0,0,0,0,0,0,0,0,0,0,0
2025-07-21,Oberneuland,0,0,0,0,0,0,0,0,0,0,0,0,0,0,0
2025-07-21,Obervieland,0,0,0,0,0,0,0,0,0,0,0,0,0,0,0
2025-07-21,Osterholz,0,0,0,0,0,0,0,0,0,0,0,0,0,0,0
2025-07-21,Schwachhausen,0,0,0,0,0,0,0,0,0,0,0,0,0,0,0
2025-07-21,Seehausen,0,0,0,0,0,0,0,0,0,0,0,0,0,0,0
2025-07-21,Strom,0,0,0,0,0,0,0,0,0,0,0,0,0,0,0
2025-07-21,Vahr,0,0,0,0,0,0,0,0,0,0,0,0,0,0,0
2025-07-21,Vegesack,0,0,0,0,0,0,0,0,0,0,0,0,0,0,0
2025-07-21,Walle,0,0,0,0,0,0,0,0,0,0,0,0,0,0,0
2025-07-21,Woltmershausen,0,0,0,0,0,0,0,0,0,0,0,0,0,0,0
2025-07-21,Östliche Vorstadt,0,0,0,0,0,0,0,0,0,0,0,0,0,0,0
2025-07-22,Blockland,0,0,0,0,0,0,0,0,0,0,0,0,0,0,0
2025-07-22,Blumenthal,0,0,0,0,0,0,0,0,0,0,0,0,0,0,0
2025-07-22,Borgfeld,0,0,0,0,0,0,0,0,0,0,0,0,0,0,0
2025-07-22,Burglesum,0,0,0,0,0,0,0,0,0,0,0,0,0,0,0
2025-07-22,Findorff,0,0,0,0,0,0,0,0,0,0,0,0,0,0,0
2025-07-22,Gröpelingen,1,0,0,0,1,0,0,0,0,0,0,0,0,0,0
2025-07-22,Hemelingen,0,0,0,0,0,0,0,0,0,0,0,0,0,0,0
2025-07-22,Horn-Lehe,0,0,0,0,0,0,0,0,0,0,0,0,0,0,0
2025-07-22,Huchting,0,0,0,0,0,0,0,0,0,0,0,0,0,0,0
2025-07-22,Häfen,1,0,0,0,0,0,0,0,0,0,0,1,0,0,0
2025-07-22,Mitte,0,0,0,0,0,0,0,0,0,0,0,0,0,0,0
2025-07-22,Neustadt,0,0,0,0,0,0,0,0,0,0,0,0,0,0,0
2025-07-22,Oberneuland,0,0,0,0,0,0,0,0,0,0,0,0,0,0,0
2025-07-22,Obervieland,0,0,0,0,0,0,0,0,0,0,0,0,0,0,0
2025-07-22,Osterholz,0,0,0,0,0,0,0,0,0,0,0,0,0,0,0
2025-07-22,Schwachhausen,1,0,0,0,0,0,0,1,0,0,0,0,0,0,0
2025-07-22,Seehausen,0,0,0,0,0,0,0,0,0,0,0,0,0,0,0
2025-07-22,Strom,0,0,0,0,0,0,0,0,0,0,0,0,0,0,0
2025-07-22,Vahr,0,0,0,0,0,0,0,0,0,0,0,0,0,0,0
2025-07-22,Vegesack,0,0,0,0,0,0,0,0,0,0,0,0,0,0,0
2025-07-22,Walle,0,0,0,0,0,0,0,0,0,0,0,0,0,0,0
2025-07-22,Woltmershausen,0,0,0,0,0,0,0,0,0,0,0,0,0,0,0
2025-07-22,Östliche Vorstadt,0,0,0,0,0,0,0,0,0,0,0,0,0,0,0
2025-07-23,Blockland,0,0,0,0,0,0,0,0,0,0,0,0,0,0,0
2025-07-23,Blumenthal,0,0,0,0,0,0,0,0,0,0,0,0,0,0,0
2025-07-23,Borgfeld,0,0,0,0,0,0,0,0,0,0,0,0,0,0,0
2025-07-23,Burglesum,0,0,0,0,0,0,0,0,0,0,0,0,0,0,0
2025-07-23,Findorff,0,0,0,0,0,0,0,0,0,0,0,0,0,0,0
2025-07-23,Gröpelingen,0,0,0,0,0,0,0,0,0,0,0,0,0,0,0
2025-07-23,Hemelingen,1,0,0,0,0,0,0,0,0,0,0,0,1,0,0
2025-07-23,Horn-Lehe,0,0,0,0,0,0,0,0,0,0,0,0,0,0,0
2025-07-23,Huchting,0,0,0,0,0,0,0,0,0,0,0,0,0,0,0
2025-07-23,Häfen,0,0,0,0,0,0,0,0,0,0,0,0,0,0,0
2025-07-23,Mitte,1,0,0,0,0,0,0,0,1,0,0,0,0,0,0
2025-07-23,Neustadt,0,0,0,0,0,0,0,0,0,0,0,0,0,0,0
2025-07-23,Oberneuland,0,0,0,0,0,0,0,0,0,0,0,0,0,0,0
2025-07-23,Obervieland,0,0,0,0,0,0,0,0,0,0,0,0,0,0,0
2025-07-23,Osterholz,0,0,0,0,0,0,0,0,0,0,0,0,0,0,0
2025-07-23,Schwachhausen,1,0,0,0,0,0,0,0,1,0,0,0,0,0,0
2025-07-23,Seehausen,0,0,0,0,0,0,0,0,0,0,0,0,0,0,0
2025-07-23,Strom,0,0,0,0,0,0,0,0,0,0,0,0,0,0,0
2025-07-23,Vahr,0,0,0,0,0,0,0,0,0,0,0,0,0,0,0
2025-07-23,Vegesack,0,0,0,0,0,0,0,0,0,0,0,0,0,0,0
2025-07-23,Walle,0,0,0,0,0,0,0,0,0,0,0,0,0,0,0
2025-07-23,Woltmershausen,0,0,0,0,0,0,0,0,0,0,0,0,0,0,0
2025-07-23,Östliche Vorstadt,0,0,0,0,0,0,0,0,0,0,0,0,0,0,0
2025-07-24,Blockland,0,0,0,0,0,0,0,0,0,0,0,0,0,0,0
2025-07-24,Blumenthal,0,0,0,0,0,0,0,0,0,0,0,0,0,0,0
2025-07-24,Borgfeld,0,0,0,0,0,0,0,0,0,0,0,0,0,0,0
2025-07-24,Burglesum,0,0,0,0,0,0,0,0,0,0,0,0,0,0,0
2025-07-24,Findorff,1,0,0,1,0,0,0,0,0,0,0,0,0,0,0
2025-07-24,Gröpelingen,1,0,0,1,0,0,0,0,0,0,0,0,0,0,0
2025-07-24,Hemelingen,0,0,0,0,0,0,0,0,0,0,0,0,0,0,0
2025-07-24,Horn-Lehe,1,0,0,0,1,0,0,0,0,0,0,0,0,0,0
2025-07-24,Huchting,0,0,0,0,0,0,0,0,0,0,0,0,0,0,0
2025-07-24,Häfen,0,0,0,0,0,0,0,0,0,0,0,0,0,0,0
2025-07-24,Mitte,0,0,0,0,0,0,0,0,0,0,0,0,0,0,0
2025-07-24,Neustadt,0,0,0,0,0,0,0,0,0,0,0,0,0,0,0
2025-07-24,Oberneuland,0,0,0,0,0,0,0,0,0,0,0,0,0,0,0
2025-07-24,Obervieland,0,0,0,0,0,0,0,0,0,0,0,0,0,0,0
2025-07-24,Osterholz,0,0,0,0,0,0,0,0,0,0,0,0,0,0,0
2025-07-24,Schwachhausen,0,0,0,0,0,0,0,0,0,0,0,0,0,0,0
2025-07-24,Seehausen,0,0,0,0,0,0,0,0,0,0,0,0,0,0,0
2025-07-24,Strom,0,0,0,0,0,0,0,0,0,0,0,0,0,0,0
2025-07-24,Vahr,0,0,0,0,0,0,0,0,0,0,0,0,0,0,0
2025-07-24,Vegesack,0,0,0,0,0,0,0,0,0,0,0,0,0,0,0
2025-07-24,Walle,1,0,0,1,0,0,0,0,0,0,0,0,0,0,0
2025-07-24,Woltmershausen,0,0,0,0,0,0,0,0,0,0,0,0,0,0,0
2025-07-24,Östliche Vorstadt,0,0,0,0,0,0,0,0,0,0,0,0,0,0,0
2025-07-25,Blockland,0,0,0,0,0,0,0,0,0,0,0,0,0,0,0
2025-07-25,Blumenthal,0,0,0,0,0,0,0,0,0,0,0,0,0,0,0
2025-07-25,Borgfeld,0,0,0,0,0,0,0,0,0,0,0,0,0,0,0
2025-07-25,Burglesum,0,0,0,0,0,0,0,0,0,0,0,0,0,0,0
2025-07-25,Findorff,0,0,0,0,0,0,0,0,0,0,0,0,0,0,0
2025-07-25,Gröpelingen,0,0,0,0,0,0,0,0,0,0,0,0,0,0,0
2025-07-25,Hemelingen,0,0,0,0,0,0,0,0,0,0,0,0,0,0,0
2025-07-25,Horn-Lehe,1,0,0,0,0,0,0,0,0,0,0,1,0,0,0
2025-07-25,Huchting,0,0,0,0,0,0,0,0,0,0,0,0,0,0,0
2025-07-25,Häfen,0,0,0,0,0,0,0,0,0,0,0,0,0,0,0
2025-07-25,Mitte,0,0,0,0,0,0,0,0,0,0,0,0,0,0,0
2025-07-25,Neustadt,0,0,0,0,0,0,0,0,0,0,0,0,0,0,0
2025-07-25,Oberneuland,0,0,0,0,0,0,0,0,0,0,0,0,0,0,0
2025-07-25,Obervieland,0,0,0,0,0,0,0,0,0,0,0,0,0,0,0
2025-07-25,Osterholz,0,0,0,0,0,0,0,0,0,0,0,0,0,0,0
2025-07-25,Schwachhausen,0,0,0,0,0,0,0,0,0,0,0,0,0,0,0
2025-07-25,Seehausen,0,0,0,0,0,0,0,0,0,0,0,0,0,0,0
2025-07-25,Strom,0,0,0,0,0,0,0,0,0,0,0,0,0,0,0
2025-07-25,Vahr,0,0,0,0,0,0,0,0,0,0,0,0,0,0,0
2025-07-25,Vegesack,0,0,0,0,0,0,0,0,0,0,0,0,0,0,0
2025-07-25,Walle,1,0,0,0,0,0,0,0,0,0,0,1,0,0,0
2025-07-25,Woltmershausen,0,0,0,0,0,0,0,0,0,0,0,0,0,0,0
2025-07-25,Östliche Vorstadt,0,0,0,0,0,0,0,0,0,0,0,0,0,0,0
2025-07-26,Blockland,0,0,0,0,0,0,0,0,0,0,0,0,0,0,0
2025-07-26,Blumenthal,0,0,0,0,0,0,0,0,0,0,0,0,0,0,0
2025-07-26,Borgfeld,0,0,0,0,0,0,0,0,0,0,0,0,0,0,0
2025-07-26,Burglesum,0,0,0,0,0,0,0,0,0,0,0,0,0,0,0
2025-07-26,Findorff,0,0,0,0,0,0,0,0,0,0,0,0,0,0,0
2025-07-26,Gröpelingen,0,0,0,0,0,0,0,0,0,0,0,0,0,0,0
2025-07-26,Hemelingen,0,0,0,0,0,0,0,0,0,0,0,0,0,0,0
2025-07-26,Horn-Lehe,0,0,0,0,0,0,0,0,0,0,0,0,0,0,0
2025-07-26,Huchting,0,0,0,0,0,0,0,0,0,0,0,0,0,0,0
2025-07-26,Häfen,0,0,0,0,0,0,0,0,0,0,0,0,0,0,0
2025-07-26,Mitte,1,0,0,0,0,0,0,0,1,0,0,0,0,0,0
2025-07-26,Neustadt,0,0,0,0,0,0,0,0,0,0,0,0,0,0,0
2025-07-26,Oberneuland,0,0,0,0,0,0,0,0,0,0,0,0,0,0,0
2025-07-26,Obervieland,0,0,0,0,0,0,0,0,0,0,0,0,0,0,0
2025-07-26,Osterholz,0,0,0,0,0,0,0,0,0,0,0,0,0,0,0
2025-07-26,Schwachhausen,0,0,0,0,0,0,0,0,0,0,0,0,0,0,0
2025-07-26,Seehausen,0,0,0,0,0,0,0,0,0,0,0,0,0,0,0
2025-07-26,Strom,0,0,0,0,0,0,0,0,0,0,0,0,0,0,0
2025-07-26,Vahr,0,0,0,0,0,0,0,0,0,0,0,0,0,0,0
2025-07-26,Vegesack,0,0,0,0,0,0,0,0,0,0,0,0,0,0,0
2025-07-26,Walle,0,0,0,0,0,0,0,0,0,0,0,0,0,0,0
2025-07-26,Woltmershausen,0,0,0,0,0,0,0,0,0,0,0,0,0,0,0
2025-07-26,Östliche Vorstadt,0,0,0,0,0,0,0,0,0,0,0,0,0,0,0
2025-07-27,Blockland,0,0,0,0,0,0,0,0,0,0,0,0,0,0,0
2025-07-27,Blumenthal,0,0,0,0,0,0,0,0,0,0,0,0,0,0,0
2025-07-27,Borgfeld,0,0,0,0,0,0,0,0,0,0,0,0,0,0,0
2025-07-27,Burglesum,0,0,0,0,0,0,0,0,0,0,0,0,0,0,0
2025-07-27,Findorff,0,0,0,0,0,0,0,0,0,0,0,0,0,0,0
2025-07-27,Gröpelingen,0,0,0,0,0,0,0,0,0,0,0,0,0,0,0
2025-07-27,Hemelingen,0,0,0,0,0,0,0,0,0,0,0,0,0,0,0
2025-07-27,Horn-Lehe,0,0,0,0,0,0,0,0,0,0,0,0,0,0,0
2025-07-27,Huchting,0,0,0,0,0,0,0,0,0,0,0,0,0,0,0
2025-07-27,Häfen,0,0,0,0,0,0,0,0,0,0,0,0,0,0,0
2025-07-27,Mitte,1,0,0,0,0,0,0,0,1,0,0,0,0,0,0
2025-07-27,Neustadt,0,0,0,0,0,0,0,0,0,0,0,0,0,0,0
2025-07-27,Oberneuland,0,0,0,0,0,0,0,0,0,0,0,0,0,0,0
2025-07-27,Obervieland,0,0,0,0,0,0,0,0,0,0,0,0,0,0,0
2025-07-27,Osterholz,0,0,0,0,0,0,0,0,0,0,0,0,0,0,0
2025-07-27,Schwachhausen,0,0,0,0,0,0,0,0,0,0,0,0,0,0,0
2025-07-27,Seehausen,0,0,0,0,0,0,0,0,0,0,0,0,0,0,0
2025-07-27,Strom,0,0,0,0,0,0,0,0,0,0,0,0,0,0,0
2025-07-27,Vahr,0,0,0,0,0,0,0,0,0,0,0,0,0,0,0
2025-07-27,Vegesack,0,0,0,0,0,0,0,0,0,0,0,0,0,0,0
2025-07-27,Walle,0,0,0,0,0,0,0,0,0,0,0,0,0,0,0
2025-07-27,Woltmershausen,0,0,0,0,0,0,0,0,0,0,0,0,0,0,0
2025-07-27,Östliche Vorstadt,0,0,0,0,0,0,0,0,0,0,0,0,0,0,0
2025-07-28,Blockland,0,0,0,0,0,0,0,0,0,0,0,0,0,0,0
2025-07-28,Blumenthal,0,0,0,0,0,0,0,0,0,0,0,0,0,0,0
2025-07-28,Borgfeld,0,0,0,0,0,0,0,0,0,0,0,0,0,0,0
2025-07-28,Burglesum,0,0,0,0,0,0,0,0,0,0,0,0,0,0,0
2025-07-28,Findorff,0,0,0,0,0,0,0,0,0,0,0,0,0,0,0
2025-07-28,Gröpelingen,0,0,0,0,0,0,0,0,0,0,0,0,0,0,0
2025-07-28,Hemelingen,1,0,0,0,0,0,0,0,0,0,0,1,0,0,0
2025-07-28,Horn-Lehe,0,0,0,0,0,0,0,0,0,0,0,0,0,0,0
2025-07-28,Huchting,0,0,0,0,0,0,0,0,0,0,0,0,0,0,0
2025-07-28,Häfen,0,0,0,0,0,0,0,0,0,0,0,0,0,0,0
2025-07-28,Mitte,2,0,1,0,1,0,0,0,0,0,0,0,0,0,0
2025-07-28,Neustadt,0,0,0,0,0,0,0,0,0,0,0,0,0,0,0
2025-07-28,Oberneuland,0,0,0,0,0,0,0,0,0,0,0,0,0,0,0
2025-07-28,Obervieland,0,0,0,0,0,0,0,0,0,0,0,0,0,0,0
2025-07-28,Osterholz,0,0,0,0,0,0,0,0,0,0,0,0,0,0,0
2025-07-28,Schwachhausen,0,0,0,0,0,0,0,0,0,0,0,0,0,0,0
2025-07-28,Seehausen,0,0,0,0,0,0,0,0,0,0,0,0,0,0,0
2025-07-28,Strom,0,0,0,0,0,0,0,0,0,0,0,0,0,0,0
2025-07-28,Vahr,0,0,0,0,0,0,0,0,0,0,0,0,0,0,0
2025-07-28,Vegesack,0,0,0,0,0,0,0,0,0,0,0,0,0,0,0
2025-07-28,Walle,0,0,0,0,0,0,0,0,0,0,0,0,0,0,0
2025-07-28,Woltmershausen,0,0,0,0,0,0,0,0,0,0,0,0,0,0,0
2025-07-28,Östliche Vorstadt,0,0,0,0,0,0,0,0,0,0,0,0,0,0,0
2025-07-29,Blockland,0,0,0,0,0,0,0,0,0,0,0,0,0,0,0
2025-07-29,Blumenthal,0,0,0,0,0,0,0,0,0,0,0,0,0,0,0
2025-07-29,Borgfeld,0,0,0,0,0,0,0,0,0,0,0,0,0,0,0
2025-07-29,Burglesum,1,0,0,0,0,0,0,1,0,0,0,0,0,0,0
2025-07-29,Findorff,0,0,0,0,0,0,0,0,0,0,0,0,0,0,0
2025-07-29,Gröpelingen,0,0,0,0,0,0,0,0,0,0,0,0,0,0,0
2025-07-29,Hemelingen,0,0,0,0,0,0,0,0,0,0,0,0,0,0,0
2025-07-29,Horn-Lehe,0,0,0,0,0,0,0,0,0,0,0,0,0,0,0
2025-07-29,Huchting,0,0,0,0,0,0,0,0,0,0,0,0,0,0,0
2025-07-29,Häfen,0,0,0,0,0,0,0,0,0,0,0,0,0,0,0
2025-07-29,Mitte,0,0,0,0,0,0,0,0,0,0,0,0,0,0,0
2025-07-29,Neustadt,1,0,0,0,0,0,0,0,1,0,0,0,0,0,0
2025-07-29,Oberneuland,0,0,0,0,0,0,0,0,0,0,0,0,0,0,0
2025-07-29,Obervieland,0,0,0,0,0,0,0,0,0,0,0,0,0,0,0
2025-07-29,Osterholz,0,0,0,0,0,0,0,0,0,0,0,0,0,0,0
2025-07-29,Schwachhausen,0,0,0,0,0,0,0,0,0,0,0,0,0,0,0
2025-07-29,Seehausen,0,0,0,0,0,0,0,0,0,0,0,0,0,0,0
2025-07-29,Strom,0,0,0,0,0,0,0,0,0,0,0,0,0,0,0
2025-07-29,Vahr,0,0,0,0,0,0,0,0,0,0,0,0,0,0,0
2025-07-29,Vegesack,0,0,0,0,0,0,0,0,0,0,0,0,0,0,0
2025-07-29,Walle,0,0,0,0,0,0,0,0,0,0,0,0,0,0,0
2025-07-29,Woltmershausen,0,0,0,0,0,0,0,0,0,0,0,0,0,0,0
2025-07-29,Östliche Vorstadt,0,0,0,0,0,0,0,0,0,0,0,0,0,0,0
2025-07-30,Blockland,0,0,0,0,0,0,0,0,0,0,0,0,0,0,0
2025-07-30,Blumenthal,0,0,0,0,0,0,0,0,0,0,0,0,0,0,0
2025-07-30,Borgfeld,0,0,0,0,0,0,0,0,0,0,0,0,0,0,0
2025-07-30,Burglesum,0,0,0,0,0,0,0,0,0,0,0,0,0,0,0
2025-07-30,Findorff,0,0,0,0,0,0,0,0,0,0,0,0,0,0,0
2025-07-30,Gröpelingen,0,0,0,0,0,0,0,0,0,0,0,0,0,0,0
2025-07-30,Hemelingen,0,0,0,0,0,0,0,0,0,0,0,0,0,0,0
2025-07-30,Horn-Lehe,0,0,0,0,0,0,0,0,0,0,0,0,0,0,0
2025-07-30,Huchting,0,0,0,0,0,0,0,0,0,0,0,0,0,0,0
2025-07-30,Häfen,0,0,0,0,0,0,0,0,0,0,0,0,0,0,0
2025-07-30,Mitte,0,0,0,0,0,0,0,0,0,0,0,0,0,0,0
2025-07-30,Neustadt,0,0,0,0,0,0,0,0,0,0,0,0,0,0,0
2025-07-30,Oberneuland,0,0,0,0,0,0,0,0,0,0,0,0,0,0,0
2025-07-30,Obervieland,0,0,0,0,0,0,0,0,0,0,0,0,0,0,0
2025-07-30,Osterholz,0,0,0,0,0,0,0,0,0,0,0,0,0,0,0
2025-07-30,Schwachhausen,0,0,0,0,0,0,0,0,0,0,0,0,0,0,0
2025-07-30,Seehausen,0,0,0,0,0,0,0,0,0,0,0,0,0,0,0
2025-07-30,Strom,0,0,0,0,0,0,0,0,0,0,0,0,0,0,0
2025-07-30,Vahr,0,0,0,0,0,0,0,0,0,0,0,0,0,0,0
2025-07-30,Vegesack,0,0,0,0,0,0,0,0,0,0,0,0,0,0,0
2025-07-30,Walle,0,0,0,0,0,0,0,0,0,0,0,0,0,0,0
2025-07-30,Woltmershausen,1,0,0,0,0,0,0,0,0,0,0,0,0,0,1
2025-07-30,Östliche Vorstadt,0,0,0,0,0,0,0,0,0,0,0,0,0,0,0
2025-07-31,Blockland,0,0,0,0,0,0,0,0,0,0,0,0,0,0,0
2025-07-31,Blumenthal,0,0,0,0,0,0,0,0,0,0,0,0,0,0,0
2025-07-31,Borgfeld,0,0,0,0,0,0,0,0,0,0,0,0,0,0,0
2025-07-31,Burglesum,0,0,0,0,0,0,0,0,0,0,0,0,0,0,0
2025-07-31,Findorff,0,0,0,0,0,0,0,0,0,0,0,0,0,0,0
2025-07-31,Gröpelingen,0,0,0,0,0,0,0,0,0,0,0,0,0,0,0
2025-07-31,Hemelingen,0,0,0,0,0,0,0,0,0,0,0,0,0,0,0
2025-07-31,Horn-Lehe,0,0,0,0,0,0,0,0,0,0,0,0,0,0,0
2025-07-31,Huchting,0,0,0,0,0,0,0,0,0,0,0,0,0,0,0
2025-07-31,Häfen,0,0,0,0,0,0,0,0,0,0,0,0,0,0,0
2025-07-31,Mitte,0,0,0,0,0,0,0,0,0,0,0,0,0,0,0
2025-07-31,Neustadt,0,0,0,0,0,0,0,0,0,0,0,0,0,0,0
2025-07-31,Oberneuland,0,0,0,0,0,0,0,0,0,0,0,0,0,0,0
2025-07-31,Obervieland,0,0,0,0,0,0,0,0,0,0,0,0,0,0,0
2025-07-31,Osterholz,0,0,0,0,0,0,0,0,0,0,0,0,0,0,0
2025-07-31,Schwachhausen,0,0,0,0,0,0,0,0,0,0,0,0,0,0,0
2025-07-31,Seehausen,0,0,0,0,0,0,0,0,0,0,0,0,0,0,0
2025-07-31,Strom,0,0,0,0,0,0,0,0,0,0,0,0,0,0,0
2025-07-31,Vahr,0,0,0,0,0,0,0,0,0,0,0,0,0,0,0
2025-07-31,Vegesack,0,0,0,0,0,0,0,0,0,0,0,0,0,0,0
2025-07-31,Walle,0,0,0,0,0,0,0,0,0,0,0,0,0,0,0
2025-07-31,Woltmershausen,0,0,0,0,0,0,0,0,0,0,0,0,0,0,0
2025-07-31,Östliche Vorstadt,0,0,0,0,0,0,0,0,0,0,0,0,0,0,0
2025-08-01,Blockland,0,0,0,0,0,0,0,0,0,0,0,0,0,0,0
2025-08-01,Blumenthal,0,0,0,0,0,0,0,0,0,0,0,0,0,0,0
2025-08-01,Borgfeld,0,0,0,0,0,0,0,0,0,0,0,0,0,0,0
2025-08-01,Burglesum,0,0,0,0,0,0,0,0,0,0,0,0,0,0,0
2025-08-01,Findorff,0,0,0,0,0,0,0,0,0,0,0,0,0,0,0
2025-08-01,Gröpelingen,0,0,0,0,0,0,0,0,0,0,0,0,0,0,0
2025-08-01,Hemelingen,0,0,0,0,0,0,0,0,0,0,0,0,0,0,0
2025-08-01,Horn-Lehe,0,0,0,0,0,0,0,0,0,0,0,0,0,0,0
2025-08-01,Huchting,0,0,0,0,0,0,0,0,0,0,0,0,0,0,0
2025-08-01,Häfen,0,0,0,0,0,0,0,0,0,0,0,0,0,0,0
2025-08-01,Mitte,1,0,0,0,0,0,0,0,0,0,0,0,0,0,1
2025-08-01,Neustadt,0,0,0,0,0,0,0,0,0,0,0,0,0,0,0
2025-08-01,Oberneuland,0,0,0,0,0,0,0,0,0,0,0,0,0,0,0
2025-08-01,Obervieland,0,0,0,0,0,0,0,0,0,0,0,0,0,0,0
2025-08-01,Osterholz,0,0,0,0,0,0,0,0,0,0,0,0,0,0,0
2025-08-01,Schwachhausen,0,0,0,0,0,0,0,0,0,0,0,0,0,0,0
2025-08-01,Seehausen,0,0,0,0,0,0,0,0,0,0,0,0,0,0,0
2025-08-01,Strom,0,0,0,0,0,0,0,0,0,0,0,0,0,0,0
2025-08-01,Vahr,0,0,0,0,0,0,0,0,0,0,0,0,0,0,0
2025-08-01,Vegesack,0,0,0,0,0,0,0,0,0,0,0,0,0,0,0
2025-08-01,Walle,0,0,0,0,0,0,0,0,0,0,0,0,0,0,0
2025-08-01,Woltmershausen,0,0,0,0,0,0,0,0,0,0,0,0,0,0,0
2025-08-01,Östliche Vorstadt,0,0,0,0,0,0,0,0,0,0,0,0,0,0,0
2025-08-02,Blockland,0,0,0,0,0,0,0,0,0,0,0,0,0,0,0
2025-08-02,Blumenthal,0,0,0,0,0,0,0,0,0,0,0,0,0,0,0
2025-08-02,Borgfeld,0,0,0,0,0,0,0,0,0,0,0,0,0,0,0
2025-08-02,Burglesum,0,0,0,0,0,0,0,0,0,0,0,0,0,0,0
2025-08-02,Findorff,0,0,0,0,0,0,0,0,0,0,0,0,0,0,0
2025-08-02,Gröpelingen,0,0,0,0,0,0,0,0,0,0,0,0,0,0,0
2025-08-02,Hemelingen,0,0,0,0,0,0,0,0,0,0,0,0,0,0,0
2025-08-02,Horn-Lehe,0,0,0,0,0,0,0,0,0,0,0,0,0,0,0
2025-08-02,Huchting,0,0,0,0,0,0,0,0,0,0,0,0,0,0,0
2025-08-02,Häfen,0,0,0,0,0,0,0,0,0,0,0,0,0,0,0
2025-08-02,Mitte,0,0,0,0,0,0,0,0,0,0,0,0,0,0,0
2025-08-02,Neustadt,1,0,0,0,0,0,0,0,1,0,0,0,0,0,0
2025-08-02,Oberneuland,0,0,0,0,0,0,0,0,0,0,0,0,0,0,0
2025-08-02,Obervieland,0,0,0,0,0,0,0,0,0,0,0,0,0,0,0
2025-08-02,Osterholz,0,0,0,0,0,0,0,0,0,0,0,0,0,0,0
2025-08-02,Schwachhausen,0,0,0,0,0,0,0,0,0,0,0,0,0,0,0
2025-08-02,Seehausen,0,0,0,0,0,0,0,0,0,0,0,0,0,0,0
2025-08-02,Strom,0,0,0,0,0,0,0,0,0,0,0,0,0,0,0
2025-08-02,Vahr,0,0,0,0,0,0,0,0,0,0,0,0,0,0,0
2025-08-02,Vegesack,0,0,0,0,0,0,0,0,0,0,0,0,0,0,0
2025-08-02,Walle,0,0,0,0,0,0,0,0,0,0,0,0,0,0,0
2025-08-02,Woltmershausen,0,0,0,0,0,0,0,0,0,0,0,0,0,0,0
2025-08-02,Östliche Vorstadt,0,0,0,0,0,0,0,0,0,0,0,0,0,0,0
2025-08-03,Blockland,0,0,0,0,0,0,0,0,0,0,0,0,0,0,0
2025-08-03,Blumenthal,0,0,0,0,0,0,0,0,0,0,0,0,0,0,0
2025-08-03,Borgfeld,0,0,0,0,0,0,0,0,0,0,0,0,0,0,0
2025-08-03,Burglesum,0,0,0,0,0,0,0,0,0,0,0,0,0,0,0
2025-08-03,Findorff,0,0,0,0,0,0,0,0,0,0,0,0,0,0,0
2025-08-03,Gröpelingen,1,0,0,0,1,0,0,0,0,0,0,0,0,0,0
2025-08-03,Hemelingen,0,0,0,0,0,0,0,0,0,0,0,0,0,0,0
2025-08-03,Horn-Lehe,0,0,0,0,0,0,0,0,0,0,0,0,0,0,0
2025-08-03,Huchting,0,0,0,0,0,0,0,0,0,0,0,0,0,0,0
2025-08-03,Häfen,0,0,0,0,0,0,0,0,0,0,0,0,0,0,0
2025-08-03,Mitte,0,0,0,0,0,0,0,0,0,0,0,0,0,0,0
2025-08-03,Neustadt,1,0,0,0,1,0,0,0,0,0,0,0,0,0,0
2025-08-03,Oberneuland,0,0,0,0,0,0,0,0,0,0,0,0,0,0,0
2025-08-03,Obervieland,0,0,0,0,0,0,0,0,0,0,0,0,0,0,0
2025-08-03,Osterholz,0,0,0,0,0,0,0,0,0,0,0,0,0,0,0
2025-08-03,Schwachhausen,0,0,0,0,0,0,0,0,0,0,0,0,0,0,0
2025-08-03,Seehausen,0,0,0,0,0,0,0,0,0,0,0,0,0,0,0
2025-08-03,Strom,0,0,0,0,0,0,0,0,0,0,0,0,0,0,0
2025-08-03,Vahr,0,0,0,0,0,0,0,0,0,0,0,0,0,0,0
2025-08-03,Vegesack,0,0,0,0,0,0,0,0,0,0,0,0,0,0,0
2025-08-03,Walle,0,0,0,0,0,0,0,0,0,0,0,0,0,0,0
2025-08-03,Woltmershausen,0,0,0,0,0,0,0,0,0,0,0,0,0,0,0
2025-08-03,Östliche Vorstadt,0,0,0,0,0,0,0,0,0,0,0,0,0,0,0
2025-08-04,Blockland,0,0,0,0,0,0,0,0,0,0,0,0,0,0,0
2025-08-04,Blumenthal,0,0,0,0,0,0,0,0,0,0,0,0,0,0,0
2025-08-04,Borgfeld,0,0,0,0,0,0,0,0,0,0,0,0,0,0,0
2025-08-04,Burglesum,0,0,0,0,0,0,0,0,0,0,0,0,0,0,0
2025-08-04,Findorff,0,0,0,0,0,0,0,0,0,0,0,0,0,0,0
2025-08-04,Gröpelingen,0,0,0,0,0,0,0,0,0,0,0,0,0,0,0
2025-08-04,Hemelingen,0,0,0,0,0,0,0,0,0,0,0,0,0,0,0
2025-08-04,Horn-Lehe,0,0,0,0,0,0,0,0,0,0,0,0,0,0,0
2025-08-04,Huchting,0,0,0,0,0,0,0,0,0,0,0,0,0,0,0
2025-08-04,Häfen,0,0,0,0,0,0,0,0,0,0,0,0,0,0,0
2025-08-04,Mitte,1,0,0,0,0,0,0,0,0,0,0,0,0,0,1
2025-08-04,Neustadt,0,0,0,0,0,0,0,0,0,0,0,0,0,0,0
2025-08-04,Oberneuland,0,0,0,0,0,0,0,0,0,0,0,0,0,0,0
2025-08-04,Obervieland,1,0,0,0,0,0,0,0,0,0,0,1,0,0,0
2025-08-04,Osterholz,0,0,0,0,0,0,0,0,0,0,0,0,0,0,0
2025-08-04,Schwachhausen,0,0,0,0,0,0,0,0,0,0,0,0,0,0,0
2025-08-04,Seehausen,0,0,0,0,0,0,0,0,0,0,0,0,0,0,0
2025-08-04,Strom,0,0,0,0,0,0,0,0,0,0,0,0,0,0,0
2025-08-04,Vahr,0,0,0,0,0,0,0,0,0,0,0,0,0,0,0
2025-08-04,Vegesack,1,0,0,0,0,0,0,0,0,0,0,1,0,0,0
2025-08-04,Walle,1,0,0,1,0,0,0,0,0,0,0,0,0,0,0
2025-08-04,Woltmershausen,2,0,0,0,0,0,0,1,0,0,0,0,0,0,1
2025-08-04,Östliche Vorstadt,0,0,0,0,0,0,0,0,0,0,0,0,0,0,0
2025-08-05,Blockland,0,0,0,0,0,0,0,0,0,0,0,0,0,0,0
2025-08-05,Blumenthal,0,0,0,0,0,0,0,0,0,0,0,0,0,0,0
2025-08-05,Borgfeld,0,0,0,0,0,0,0,0,0,0,0,0,0,0,0
2025-08-05,Burglesum,0,0,0,0,0,0,0,0,0,0,0,0,0,0,0
2025-08-05,Findorff,0,0,0,0,0,0,0,0,0,0,0,0,0,0,0
2025-08-05,Gröpelingen,1,0,0,1,0,0,0,0,0,0,0,0,0,0,0
2025-08-05,Hemelingen,1,0,0,1,0,0,0,0,0,0,0,0,0,0,0
2025-08-05,Horn-Lehe,0,0,0,0,0,0,0,0,0,0,0,0,0,0,0
2025-08-05,Huchting,0,0,0,0,0,0,0,0,0,0,0,0,0,0,0
2025-08-05,Häfen,0,0,0,0,0,0,0,0,0,0,0,0,0,0,0
2025-08-05,Mitte,0,0,0,0,0,0,0,0,0,0,0,0,0,0,0
2025-08-05,Neustadt,0,0,0,0,0,0,0,0,0,0,0,0,0,0,0
2025-08-05,Oberneuland,0,0,0,0,0,0,0,0,0,0,0,0,0,0,0
2025-08-05,Obervieland,0,0,0,0,0,0,0,0,0,0,0,0,0,0,0
2025-08-05,Osterholz,0,0,0,0,0,0,0,0,0,0,0,0,0,0,0
2025-08-05,Schwachhausen,1,0,0,0,0,0,0,0,0,0,0,1,0,0,0
2025-08-05,Seehausen,0,0,0,0,0,0,0,0,0,0,0,0,0,0,0
2025-08-05,Strom,0,0,0,0,0,0,0,0,0,0,0,0,0,0,0
2025-08-05,Vahr,0,0,0,0,0,0,0,0,0,0,0,0,0,0,0
2025-08-05,Vegesack,0,0,0,0,0,0,0,0,0,0,0,0,0,0,0
2025-08-05,Walle,1,0,0,0,0,0,0,0,0,0,0,1,0,0,0
2025-08-05,Woltmershausen,0,0,0,0,0,0,0,0,0,0,0,0,0,0,0
2025-08-05,Östliche Vorstadt,0,0,0,0,0,0,0,0,0,0,0,0,0,0,0
2025-08-06,Blockland,0,0,0,0,0,0,0,0,0,0,0,0,0,0,0
2025-08-06,Blumenthal,0,0,0,0,0,0,0,0,0,0,0,0,0,0,0
2025-08-06,Borgfeld,0,0,0,0,0,0,0,0,0,0,0,0,0,0,0
2025-08-06,Burglesum,0,0,0,0,0,0,0,0,0,0,0,0,0,0,0
2025-08-06,Findorff,0,0,0,0,0,0,0,0,0,0,0,0,0,0,0
2025-08-06,Gröpelingen,0,0,0,0,0,0,0,0,0,0,0,0,0,0,0
2025-08-06,Hemelingen,0,0,0,0,0,0,0,0,0,0,0,0,0,0,0
2025-08-06,Horn-Lehe,0,0,0,0,0,0,0,0,0,0,0,0,0,0,0
2025-08-06,Huchting,0,0,0,0,0,0,0,0,0,0,0,0,0,0,0
2025-08-06,Häfen,0,0,0,0,0,0,0,0,0,0,0,0,0,0,0
2025-08-06,Mitte,0,0,0,0,0,0,0,0,0,0,0,0,0,0,0
2025-08-06,Neustadt,0,0,0,0,0,0,0,0,0,0,0,0,0,0,0
2025-08-06,Oberneuland,0,0,0,0,0,0,0,0,0,0,0,0,0,0,0
2025-08-06,Obervieland,0,0,0,0,0,0,0,0,0,0,0,0,0,0,0
2025-08-06,Osterholz,0,0,0,0,0,0,0,0,0,0,0,0,0,0,0
2025-08-06,Schwachhausen,0,0,0,0,0,0,0,0,0,0,0,0,0,0,0
2025-08-06,Seehausen,0,0,0,0,0,0,0,0,0,0,0,0,0,0,0
2025-08-06,Strom,0,0,0,0,0,0,0,0,0,0,0,0,0,0,0
2025-08-06,Vahr,0,0,0,0,0,0,0,0,0,0,0,0,0,0,0
2025-08-06,Vegesack,0,0,0,0,0,0,0,0,0,0,0,0,0,0,0
2025-08-06,Walle,0,0,0,0,0,0,0,0,0,0,0,0,0,0,0
2025-08-06,Woltmershausen,0,0,0,0,0,0,0,0,0,0,0,0,0,0,0
2025-08-06,Östliche Vorstadt,0,0,0,0,0,0,0,0,0,0,0,0,0,0,0
2025-08-07,Blockland,0,0,0,0,0,0,0,0,0,0,0,0,0,0,0
2025-08-07,Blumenthal,0,0,0,0,0,0,0,0,0,0,0,0,0,0,0
2025-08-07,Borgfeld,0,0,0,0,0,0,0,0,0,0,0,0,0,0,0
2025-08-07,Burglesum,0,0,0,0,0,0,0,0,0,0,0,0,0,0,0
2025-08-07,Findorff,0,0,0,0,0,0,0,0,0,0,0,0,0,0,0
2025-08-07,Gröpelingen,0,0,0,0,0,0,0,0,0,0,0,0,0,0,0
2025-08-07,Hemelingen,0,0,0,0,0,0,0,0,0,0,0,0,0,0,0
2025-08-07,Horn-Lehe,0,0,0,0,0,0,0,0,0,0,0,0,0,0,0
2025-08-07,Huchting,0,0,0,0,0,0,0,0,0,0,0,0,0,0,0
2025-08-07,Häfen,0,0,0,0,0,0,0,0,0,0,0,0,0,0,0
2025-08-07,Mitte,0,0,0,0,0,0,0,0,0,0,0,0,0,0,0
2025-08-07,Neustadt,0,0,0,0,0,0,0,0,0,0,0,0,0,0,0
2025-08-07,Oberneuland,0,0,0,0,0,0,0,0,0,0,0,0,0,0,0
2025-08-07,Obervieland,0,0,0,0,0,0,0,0,0,0,0,0,0,0,0
2025-08-07,Osterholz,0,0,0,0,0,0,0,0,0,0,0,0,0,0,0
2025-08-07,Schwachhausen,0,0,0,0,0,0,0,0,0,0,0,0,0,0,0
2025-08-07,Seehausen,0,0,0,0,0,0,0,0,0,0,0,0,0,0,0
2025-08-07,Strom,0,0,0,0,0,0,0,0,0,0,0,0,0,0,0
2025-08-07,Vahr,0,0,0,0,0,0,0,0,0,0,0,0,0,0,0
2025-08-07,Vegesack,0,0,0,0,0,0,0,0,0,0,0,0,0,0,0
2025-08-07,Walle,0,0,0,0,0,0,0,0,0,0,0,0,0,0,0
2025-08-07,Woltmershausen,0,0,0,0,0,0,0,0,0,0,0,0,0,0,0
2025-08-07,Östliche Vorstadt,1,0,0,0,0,0,0,0,0,0,0,0,0,0,1
2025-08-08,Blockland,0,0,0,0,0,0,0,0,0,0,0,0,0,0,0
2025-08-08,Blumenthal,0,0,0,0,0,0,0,0,0,0,0,0,0,0,0
2025-08-08,Borgfeld,0,0,0,0,0,0,0,0,0,0,0,0,0,0,0
2025-08-08,Burglesum,0,0,0,0,0,0,0,0,0,0,0,0,0,0,0
2025-08-08,Findorff,0,0,0,0,0,0,0,0,0,0,0,0,0,0,0
2025-08-08,Gröpelingen,0,0,0,0,0,0,0,0,0,0,0,0,0,0,0
2025-08-08,Hemelingen,0,0,0,0,0,0,0,0,0,0,0,0,0,0,0
2025-08-08,Horn-Lehe,0,0,0,0,0,0,0,0,0,0,0,0,0,0,0
2025-08-08,Huchting,0,0,0,0,0,0,0,0,0,0,0,0,0,0,0
2025-08-08,Häfen,0,0,0,0,0,0,0,0,0,0,0,0,0,0,0
2025-08-08,Mitte,0,0,0,0,0,0,0,0,0,0,0,0,0,0,0
2025-08-08,Neustadt,0,0,0,0,0,0,0,0,0,0,0,0,0,0,0
2025-08-08,Oberneuland,0,0,0,0,0,0,0,0,0,0,0,0,0,0,0
2025-08-08,Obervieland,0,0,0,0,0,0,0,0,0,0,0,0,0,0,0
2025-08-08,Osterholz,0,0,0,0,0,0,0,0,0,0,0,0,0,0,0
2025-08-08,Schwachhausen,0,0,0,0,0,0,0,0,0,0,0,0,0,0,0
2025-08-08,Seehausen,0,0,0,0,0,0,0,0,0,0,0,0,0,0,0
2025-08-08,Strom,0,0,0,0,0,0,0,0,0,0,0,0,0,0,0
2025-08-08,Vahr,0,0,0,0,0,0,0,0,0,0,0,0,0,0,0
2025-08-08,Vegesack,0,0,0,0,0,0,0,0,0,0,0,0,0,0,0
2025-08-08,Walle,0,0,0,0,0,0,0,0,0,0,0,0,0,0,0
2025-08-08,Woltmershausen,0,0,0,0,0,0,0,0,0,0,0,0,0,0,0
2025-08-08,Östliche Vorstadt,0,0,0,0,0,0,0,0,0,0,0,0,0,0,0
2025-08-09,Blockland,0,0,0,0,0,0,0,0,0,0,0,0,0,0,0
2025-08-09,Blumenthal,0,0,0,0,0,0,0,0,0,0,0,0,0,0,0
2025-08-09,Borgfeld,0,0,0,0,0,0,0,0,0,0,0,0,0,0,0
2025-08-09,Burglesum,0,0,0,0,0,0,0,0,0,0,0,0,0,0,0
2025-08-09,Findorff,0,0,0,0,0,0,0,0,0,0,0,0,0,0,0
2025-08-09,Gröpelingen,0,0,0,0,0,0,0,0,0,0,0,0,0,0,0
2025-08-09,Hemelingen,0,0,0,0,0,0,0,0,0,0,0,0,0,0,0
2025-08-09,Horn-Lehe,0,0,0,0,0,0,0,0,0,0,0,0,0,0,0
2025-08-09,Huchting,0,0,0,0,0,0,0,0,0,0,0,0,0,0,0
2025-08-09,Häfen,0,0,0,0,0,0,0,0,0,0,0,0,0,0,0
2025-08-09,Mitte,0,0,0,0,0,0,0,0,0,0,0,0,0,0,0
2025-08-09,Neustadt,0,0,0,0,0,0,0,0,0,0,0,0,0,0,0
2025-08-09,Oberneuland,0,0,0,0,0,0,0,0,0,0,0,0,0,0,0
2025-08-09,Obervieland,0,0,0,0,0,0,0,0,0,0,0,0,0,0,0
2025-08-09,Osterholz,0,0,0,0,0,0,0,0,0,0,0,0,0,0,0
2025-08-09,Schwachhausen,0,0,0,0,0,0,0,0,0,0,0,0,0,0,0
2025-08-09,Seehausen,0,0,0,0,0,0,0,0,0,0,0,0,0,0,0
2025-08-09,Strom,0,0,0,0,0,0,0,0,0,0,0,0,0,0,0
2025-08-09,Vahr,0,0,0,0,0,0,0,0,0,0,0,0,0,0,0
2025-08-09,Vegesack,0,0,0,0,0,0,0,0,0,0,0,0,0,0,0
2025-08-09,Walle,0,0,0,0,0,0,0,0,0,0,0,0,0,0,0
2025-08-09,Woltmershausen,0,0,0,0,0,0,0,0,0,0,0,0,0,0,0
2025-08-09,Östliche Vorstadt,1,0,1,0,0,0,0,0,0,0,0,0,0,0,0
2025-08-10,Blockland,0,0,0,0,0,0,0,0,0,0,0,0,0,0,0
2025-08-10,Blumenthal,0,0,0,0,0,0,0,0,0,0,0,0,0,0,0
2025-08-10,Borgfeld,0,0,0,0,0,0,0,0,0,0,0,0,0,0,0
2025-08-10,Burglesum,0,0,0,0,0,0,0,0,0,0,0,0,0,0,0
2025-08-10,Findorff,0,0,0,0,0,0,0,0,0,0,0,0,0,0,0
2025-08-10,Gröpelingen,0,0,0,0,0,0,0,0,0,0,0,0,0,0,0
2025-08-10,Hemelingen,0,0,0,0,0,0,0,0,0,0,0,0,0,0,0
2025-08-10,Horn-Lehe,0,0,0,0,0,0,0,0,0,0,0,0,0,0,0
2025-08-10,Huchting,0,0,0,0,0,0,0,0,0,0,0,0,0,0,0
2025-08-10,Häfen,0,0,0,0,0,0,0,0,0,0,0,0,0,0,0
2025-08-10,Mitte,0,0,0,0,0,0,0,0,0,0,0,0,0,0,0
2025-08-10,Neustadt,0,0,0,0,0,0,0,0,0,0,0,0,0,0,0
2025-08-10,Oberneuland,0,0,0,0,0,0,0,0,0,0,0,0,0,0,0
2025-08-10,Obervieland,0,0,0,0,0,0,0,0,0,0,0,0,0,0,0
2025-08-10,Osterholz,0,0,0,0,0,0,0,0,0,0,0,0,0,0,0
2025-08-10,Schwachhausen,0,0,0,0,0,0,0,0,0,0,0,0,0,0,0
2025-08-10,Seehausen,0,0,0,0,0,0,0,0,0,0,0,0,0,0,0
2025-08-10,Strom,0,0,0,0,0,0,0,0,0,0,0,0,0,0,0
2025-08-10,Vahr,0,0,0,0,0,0,0,0,0,0,0,0,0,0,0
2025-08-10,Vegesack,0,0,0,0,0,0,0,0,0,0,0,0,0,0,0
2025-08-10,Walle,0,0,0,0,0,0,0,0,0,0,0,0,0,0,0
2025-08-10,Woltmershausen,0,0,0,0,0,0,0,0,0,0,0,0,0,0,0
2025-08-10,Östliche Vorstadt,0,0,0,0,0,0,0,0,0,0,0,0,0,0,0
2025-08-11,Blockland,0,0,0,0,0,0,0,0,0,0,0,0,0,0,0
2025-08-11,Blumenthal,0,0,0,0,0,0,0,0,0,0,0,0,0,0,0
2025-08-11,Borgfeld,0,0,0,0,0,0,0,0,0,0,0,0,0,0,0
2025-08-11,Burglesum,0,0,0,0,0,0,0,0,0,0,0,0,0,0,0
2025-08-11,Findorff,0,0,0,0,0,0,0,0,0,0,0,0,0,0,0
2025-08-11,Gröpelingen,0,0,0,0,0,0,0,0,0,0,0,0,0,0,0
2025-08-11,Hemelingen,0,0,0,0,0,0,0,0,0,0,0,0,0,0,0
2025-08-11,Horn-Lehe,0,0,0,0,0,0,0,0,0,0,0,0,0,0,0
2025-08-11,Huchting,0,0,0,0,0,0,0,0,0,0,0,0,0,0,0
2025-08-11,Häfen,0,0,0,0,0,0,0,0,0,0,0,0,0,0,0
2025-08-11,Mitte,0,0,0,0,0,0,0,0,0,0,0,0,0,0,0
2025-08-11,Neustadt,0,0,0,0,0,0,0,0,0,0,0,0,0,0,0
2025-08-11,Oberneuland,0,0,0,0,0,0,0,0,0,0,0,0,0,0,0
2025-08-11,Obervieland,0,0,0,0,0,0,0,0,0,0,0,0,0,0,0
2025-08-11,Osterholz,0,0,0,0,0,0,0,0,0,0,0,0,0,0,0
2025-08-11,Schwachhausen,0,0,0,0,0,0,0,0,0,0,0,0,0,0,0
2025-08-11,Seehausen,0,0,0,0,0,0,0,0,0,0,0,0,0,0,0
2025-08-11,Strom,0,0,0,0,0,0,0,0,0,0,0,0,0,0,0
2025-08-11,Vahr,0,0,0,0,0,0,0,0,0,0,0,0,0,0,0
2025-08-11,Vegesack,0,0,0,0,0,0,0,0,0,0,0,0,0,0,0
2025-08-11,Walle,0,0,0,0,0,0,0,0,0,0,0,0,0,0,0
2025-08-11,Woltmershausen,0,0,0,0,0,0,0,0,0,0,0,0,0,0,0
2025-08-11,Östliche Vorstadt,0,0,0,0,0,0,0,0,0,0,0,0,0,0,0
2025-08-12,Blockland,0,0,0,0,0,0,0,0,0,0,0,0,0,0,0
2025-08-12,Blumenthal,0,0,0,0,0,0,0,0,0,0,0,0,0,0,0
2025-08-12,Borgfeld,0,0,0,0,0,0,0,0,0,0,0,0,0,0,0
2025-08-12,Burglesum,0,0,0,0,0,0,0,0,0,0,0,0,0,0,0
2025-08-12,Findorff,0,0,0,0,0,0,0,0,0,0,0,0,0,0,0
2025-08-12,Gröpelingen,0,0,0,0,0,0,0,0,0,0,0,0,0,0,0
2025-08-12,Hemelingen,0,0,0,0,0,0,0,0,0,0,0,0,0,0,0
2025-08-12,Horn-Lehe,0,0,0,0,0,0,0,0,0,0,0,0,0,0,0
2025-08-12,Huchting,0,0,0,0,0,0,0,0,0,0,0,0,0,0,0
2025-08-12,Häfen,0,0,0,0,0,0,0,0,0,0,0,0,0,0,0
2025-08-12,Mitte,0,0,0,0,0,0,0,0,0,0,0,0,0,0,0
2025-08-12,Neustadt,0,0,0,0,0,0,0,0,0,0,0,0,0,0,0
2025-08-12,Oberneuland,0,0,0,0,0,0,0,0,0,0,0,0,0,0,0
2025-08-12,Obervieland,0,0,0,0,0,0,0,0,0,0,0,0,0,0,0
2025-08-12,Osterholz,0,0,0,0,0,0,0,0,0,0,0,0,0,0,0
2025-08-12,Schwachhausen,0,0,0,0,0,0,0,0,0,0,0,0,0,0,0
2025-08-12,Seehausen,0,0,0,0,0,0,0,0,0,0,0,0,0,0,0
2025-08-12,Strom,0,0,0,0,0,0,0,0,0,0,0,0,0,0,0
2025-08-12,Vahr,0,0,0,0,0,0,0,0,0,0,0,0,0,0,0
2025-08-12,Vegesack,0,0,0,0,0,0,0,0,0,0,0,0,0,0,0
2025-08-12,Walle,0,0,0,0,0,0,0,0,0,0,0,0,0,0,0
2025-08-12,Woltmershausen,0,0,0,0,0,0,0,0,0,0,0,0,0,0,0
2025-08-12,Östliche Vorstadt,0,0,0,0,0,0,0,0,0,0,0,0,0,0,0
2025-08-13,Blockland,0,0,0,0,0,0,0,0,0,0,0,0,0,0,0
2025-08-13,Blumenthal,0,0,0,0,0,0,0,0,0,0,0,0,0,0,0
2025-08-13,Borgfeld,0,0,0,0,0,0,0,0,0,0,0,0,0,0,0
2025-08-13,Burglesum,0,0,0,0,0,0,0,0,0,0,0,0,0,0,0
2025-08-13,Findorff,0,0,0,0,0,0,0,0,0,0,0,0,0,0,0
2025-08-13,Gröpelingen,0,0,0,0,0,0,0,0,0,0,0,0,0,0,0
2025-08-13,Hemelingen,0,0,0,0,0,0,0,0,0,0,0,0,0,0,0
2025-08-13,Horn-Lehe,0,0,0,0,0,0,0,0,0,0,0,0,0,0,0
2025-08-13,Huchting,0,0,0,0,0,0,0,0,0,0,0,0,0,0,0
2025-08-13,Häfen,0,0,0,0,0,0,0,0,0,0,0,0,0,0,0
2025-08-13,Mitte,0,0,0,0,0,0,0,0,0,0,0,0,0,0,0
2025-08-13,Neustadt,0,0,0,0,0,0,0,0,0,0,0,0,0,0,0
2025-08-13,Oberneuland,0,0,0,0,0,0,0,0,0,0,0,0,0,0,0
2025-08-13,Obervieland,0,0,0,0,0,0,0,0,0,0,0,0,0,0,0
2025-08-13,Osterholz,0,0,0,0,0,0,0,0,0,0,0,0,0,0,0
2025-08-13,Schwachhausen,0,0,0,0,0,0,0,0,0,0,0,0,0,0,0
2025-08-13,Seehausen,0,0,0,0,0,0,0,0,0,0,0,0,0,0,0
2025-08-13,Strom,0,0,0,0,0,0,0,0,0,0,0,0,0,0,0
2025-08-13,Vahr,0,0,0,0,0,0,0,0,0,0,0,0,0,0,0
2025-08-13,Vegesack,0,0,0,0,0,0,0,0,0,0,0,0,0,0,0
2025-08-13,Walle,0,0,0,0,0,0,0,0,0,0,0,0,0,0,0
2025-08-13,Woltmershausen,0,0,0,0,0,0,0,0,0,0,0,0,0,0,0
2025-08-13,Östliche Vorstadt,0,0,0,0,0,0,0,0,0,0,0,0,0,0,0
2025-08-14,Blockland,0,0,0,0,0,0,0,0,0,0,0,0,0,0,0
2025-08-14,Blumenthal,0,0,0,0,0,0,0,0,0,0,0,0,0,0,0
2025-08-14,Borgfeld,0,0,0,0,0,0,0,0,0,0,0,0,0,0,0
2025-08-14,Burglesum,0,0,0,0,0,0,0,0,0,0,0,0,0,0,0
2025-08-14,Findorff,0,0,0,0,0,0,0,0,0,0,0,0,0,0,0
2025-08-14,Gröpelingen,0,0,0,0,0,0,0,0,0,0,0,0,0,0,0
2025-08-14,Hemelingen,0,0,0,0,0,0,0,0,0,0,0,0,0,0,0
2025-08-14,Horn-Lehe,0,0,0,0,0,0,0,0,0,0,0,0,0,0,0
2025-08-14,Huchting,0,0,0,0,0,0,0,0,0,0,0,0,0,0,0
2025-08-14,Häfen,0,0,0,0,0,0,0,0,0,0,0,0,0,0,0
2025-08-14,Mitte,0,0,0,0,0,0,0,0,0,0,0,0,0,0,0
2025-08-14,Neustadt,0,0,0,0,0,0,0,0,0,0,0,0,0,0,0
2025-08-14,Oberneuland,0,0,0,0,0,0,0,0,0,0,0,0,0,0,0
2025-08-14,Obervieland,0,0,0,0,0,0,0,0,0,0,0,0,0,0,0
2025-08-14,Osterholz,0,0,0,0,0,0,0,0,0,0,0,0,0,0,0
2025-08-14,Schwachhausen,0,0,0,0,0,0,0,0,0,0,0,0,0,0,0
2025-08-14,Seehausen,0,0,0,0,0,0,0,0,0,0,0,0,0,0,0
2025-08-14,Strom,0,0,0,0,0,0,0,0,0,0,0,0,0,0,0
2025-08-14,Vahr,0,0,0,0,0,0,0,0,0,0,0,0,0,0,0
2025-08-14,Vegesack,0,0,0,0,0,0,0,0,0,0,0,0,0,0,0
2025-08-14,Walle,0,0,0,0,0,0,0,0,0,0,0,0,0,0,0
2025-08-14,Woltmershausen,0,0,0,0,0,0,0,0,0,0,0,0,0,0,0
2025-08-14,Östliche Vorstadt,0,0,0,0,0,0,0,0,0,0,0,0,0,0,0
2025-08-15,Blockland,0,0,0,0,0,0,0,0,0,0,0,0,0,0,0
2025-08-15,Blumenthal,0,0,0,0,0,0,0,0,0,0,0,0,0,0,0
2025-08-15,Borgfeld,0,0,0,0,0,0,0,0,0,0,0,0,0,0,0
2025-08-15,Burglesum,0,0,0,0,0,0,0,0,0,0,0,0,0,0,0
2025-08-15,Findorff,0,0,0,0,0,0,0,0,0,0,0,0,0,0,0
2025-08-15,Gröpelingen,0,0,0,0,0,0,0,0,0,0,0,0,0,0,0
2025-08-15,Hemelingen,0,0,0,0,0,0,0,0,0,0,0,0,0,0,0
2025-08-15,Horn-Lehe,0,0,0,0,0,0,0,0,0,0,0,0,0,0,0
2025-08-15,Huchting,0,0,0,0,0,0,0,0,0,0,0,0,0,0,0
2025-08-15,Häfen,0,0,0,0,0,0,0,0,0,0,0,0,0,0,0
2025-08-15,Mitte,0,0,0,0,0,0,0,0,0,0,0,0,0,0,0
2025-08-15,Neustadt,0,0,0,0,0,0,0,0,0,0,0,0,0,0,0
2025-08-15,Oberneuland,0,0,0,0,0,0,0,0,0,0,0,0,0,0,0
2025-08-15,Obervieland,0,0,0,0,0,0,0,0,0,0,0,0,0,0,0
2025-08-15,Osterholz,0,0,0,0,0,0,0,0,0,0,0,0,0,0,0
2025-08-15,Schwachhausen,0,0,0,0,0,0,0,0,0,0,0,0,0,0,0
2025-08-15,Seehausen,0,0,0,0,0,0,0,0,0,0,0,0,0,0,0
2025-08-15,Strom,0,0,0,0,0,0,0,0,0,0,0,0,0,0,0
2025-08-15,Vahr,0,0,0,0,0,0,0,0,0,0,0,0,0,0,0
2025-08-15,Vegesack,0,0,0,0,0,0,0,0,0,0,0,0,0,0,0
2025-08-15,Walle,0,0,0,0,0,0,0,0,0,0,0,0,0,0,0
2025-08-15,Woltmershausen,0,0,0,0,0,0,0,0,0,0,0,0,0,0,0
2025-08-15,Östliche Vorstadt,0,0,0,0,0,0,0,0,0,0,0,0,0,0,0
2025-08-16,Blockland,0,0,0,0,0,0,0,0,0,0,0,0,0,0,0
2025-08-16,Blumenthal,0,0,0,0,0,0,0,0,0,0,0,0,0,0,0
2025-08-16,Borgfeld,0,0,0,0,0,0,0,0,0,0,0,0,0,0,0
2025-08-16,Burglesum,0,0,0,0,0,0,0,0,0,0,0,0,0,0,0
2025-08-16,Findorff,0,0,0,0,0,0,0,0,0,0,0,0,0,0,0
2025-08-16,Gröpelingen,0,0,0,0,0,0,0,0,0,0,0,0,0,0,0
2025-08-16,Hemelingen,0,0,0,0,0,0,0,0,0,0,0,0,0,0,0
2025-08-16,Horn-Lehe,0,0,0,0,0,0,0,0,0,0,0,0,0,0,0
2025-08-16,Huchting,0,0,0,0,0,0,0,0,0,0,0,0,0,0,0
2025-08-16,Häfen,0,0,0,0,0,0,0,0,0,0,0,0,0,0,0
2025-08-16,Mitte,0,0,0,0,0,0,0,0,0,0,0,0,0,0,0
2025-08-16,Neustadt,0,0,0,0,0,0,0,0,0,0,0,0,0,0,0
2025-08-16,Oberneuland,0,0,0,0,0,0,0,0,0,0,0,0,0,0,0
2025-08-16,Obervieland,0,0,0,0,0,0,0,0,0,0,0,0,0,0,0
2025-08-16,Osterholz,0,0,0,0,0,0,0,0,0,0,0,0,0,0,0
2025-08-16,Schwachhausen,0,0,0,0,0,0,0,0,0,0,0,0,0,0,0
2025-08-16,Seehausen,0,0,0,0,0,0,0,0,0,0,0,0,0,0,0
2025-08-16,Strom,0,0,0,0,0,0,0,0,0,0,0,0,0,0,0
2025-08-16,Vahr,0,0,0,0,0,0,0,0,0,0,0,0,0,0,0
2025-08-16,Vegesack,0,0,0,0,0,0,0,0,0,0,0,0,0,0,0
2025-08-16,Walle,0,0,0,0,0,0,0,0,0,0,0,0,0,0,0
2025-08-16,Woltmershausen,0,0,0,0,0,0,0,0,0,0,0,0,0,0,0
2025-08-16,Östliche Vorstadt,0,0,0,0,0,0,0,0,0,0,0,0,0,0,0
2025-08-17,Blockland,0,0,0,0,0,0,0,0,0,0,0,0,0,0,0
2025-08-17,Blumenthal,0,0,0,0,0,0,0,0,0,0,0,0,0,0,0
2025-08-17,Borgfeld,0,0,0,0,0,0,0,0,0,0,0,0,0,0,0
2025-08-17,Burglesum,0,0,0,0,0,0,0,0,0,0,0,0,0,0,0
2025-08-17,Findorff,0,0,0,0,0,0,0,0,0,0,0,0,0,0,0
2025-08-17,Gröpelingen,0,0,0,0,0,0,0,0,0,0,0,0,0,0,0
2025-08-17,Hemelingen,0,0,0,0,0,0,0,0,0,0,0,0,0,0,0
2025-08-17,Horn-Lehe,0,0,0,0,0,0,0,0,0,0,0,0,0,0,0
2025-08-17,Huchting,0,0,0,0,0,0,0,0,0,0,0,0,0,0,0
2025-08-17,Häfen,0,0,0,0,0,0,0,0,0,0,0,0,0,0,0
2025-08-17,Mitte,0,0,0,0,0,0,0,0,0,0,0,0,0,0,0
2025-08-17,Neustadt,0,0,0,0,0,0,0,0,0,0,0,0,0,0,0
2025-08-17,Oberneuland,0,0,0,0,0,0,0,0,0,0,0,0,0,0,0
2025-08-17,Obervieland,0,0,0,0,0,0,0,0,0,0,0,0,0,0,0
2025-08-17,Osterholz,0,0,0,0,0,0,0,0,0,0,0,0,0,0,0
2025-08-17,Schwachhausen,0,0,0,0,0,0,0,0,0,0,0,0,0,0,0
2025-08-17,Seehausen,0,0,0,0,0,0,0,0,0,0,0,0,0,0,0
2025-08-17,Strom,0,0,0,0,0,0,0,0,0,0,0,0,0,0,0
2025-08-17,Vahr,0,0,0,0,0,0,0,0,0,0,0,0,0,0,0
2025-08-17,Vegesack,0,0,0,0,0,0,0,0,0,0,0,0,0,0,0
2025-08-17,Walle,0,0,0,0,0,0,0,0,0,0,0,0,0,0,0
2025-08-17,Woltmershausen,0,0,0,0,0,0,0,0,0,0,0,0,0,0,0
2025-08-17,Östliche Vorstadt,0,0,0,0,0,0,0,0,0,0,0,0,0,0,0
2025-08-18,Blockland,0,0,0,0,0,0,0,0,0,0,0,0,0,0,0
2025-08-18,Blumenthal,0,0,0,0,0,0,0,0,0,0,0,0,0,0,0
2025-08-18,Borgfeld,0,0,0,0,0,0,0,0,0,0,0,0,0,0,0
2025-08-18,Burglesum,0,0,0,0,0,0,0,0,0,0,0,0,0,0,0
2025-08-18,Findorff,0,0,0,0,0,0,0,0,0,0,0,0,0,0,0
2025-08-18,Gröpelingen,0,0,0,0,0,0,0,0,0,0,0,0,0,0,0
2025-08-18,Hemelingen,0,0,0,0,0,0,0,0,0,0,0,0,0,0,0
2025-08-18,Horn-Lehe,0,0,0,0,0,0,0,0,0,0,0,0,0,0,0
2025-08-18,Huchting,0,0,0,0,0,0,0,0,0,0,0,0,0,0,0
2025-08-18,Häfen,0,0,0,0,0,0,0,0,0,0,0,0,0,0,0
2025-08-18,Mitte,0,0,0,0,0,0,0,0,0,0,0,0,0,0,0
2025-08-18,Neustadt,0,0,0,0,0,0,0,0,0,0,0,0,0,0,0
2025-08-18,Oberneuland,0,0,0,0,0,0,0,0,0,0,0,0,0,0,0
2025-08-18,Obervieland,0,0,0,0,0,0,0,0,0,0,0,0,0,0,0
2025-08-18,Osterholz,0,0,0,0,0,0,0,0,0,0,0,0,0,0,0
2025-08-18,Schwachhausen,0,0,0,0,0,0,0,0,0,0,0,0,0,0,0
2025-08-18,Seehausen,0,0,0,0,0,0,0,0,0,0,0,0,0,0,0
2025-08-18,Strom,0,0,0,0,0,0,0,0,0,0,0,0,0,0,0
2025-08-18,Vahr,0,0,0,0,0,0,0,0,0,0,0,0,0,0,0
2025-08-18,Vegesack,0,0,0,0,0,0,0,0,0,0,0,0,0,0,0
2025-08-18,Walle,0,0,0,0,0,0,0,0,0,0,0,0,0,0,0
2025-08-18,Woltmershausen,0,0,0,0,0,0,0,0,0,0,0,0,0,0,0
2025-08-18,Östliche Vorstadt,0,0,0,0,0,0,0,0,0,0,0,0,0,0,0
2025-08-19,Blockland,0,0,0,0,0,0,0,0,0,0,0,0,0,0,0
2025-08-19,Blumenthal,0,0,0,0,0,0,0,0,0,0,0,0,0,0,0
2025-08-19,Borgfeld,0,0,0,0,0,0,0,0,0,0,0,0,0,0,0
2025-08-19,Burglesum,0,0,0,0,0,0,0,0,0,0,0,0,0,0,0
2025-08-19,Findorff,0,0,0,0,0,0,0,0,0,0,0,0,0,0,0
2025-08-19,Gröpelingen,0,0,0,0,0,0,0,0,0,0,0,0,0,0,0
2025-08-19,Hemelingen,0,0,0,0,0,0,0,0,0,0,0,0,0,0,0
2025-08-19,Horn-Lehe,0,0,0,0,0,0,0,0,0,0,0,0,0,0,0
2025-08-19,Huchting,0,0,0,0,0,0,0,0,0,0,0,0,0,0,0
2025-08-19,Häfen,0,0,0,0,0,0,0,0,0,0,0,0,0,0,0
2025-08-19,Mitte,0,0,0,0,0,0,0,0,0,0,0,0,0,0,0
2025-08-19,Neustadt,0,0,0,0,0,0,0,0,0,0,0,0,0,0,0
2025-08-19,Oberneuland,0,0,0,0,0,0,0,0,0,0,0,0,0,0,0
2025-08-19,Obervieland,0,0,0,0,0,0,0,0,0,0,0,0,0,0,0
2025-08-19,Osterholz,0,0,0,0,0,0,0,0,0,0,0,0,0,0,0
2025-08-19,Schwachhausen,0,0,0,0,0,0,0,0,0,0,0,0,0,0,0
2025-08-19,Seehausen,0,0,0,0,0,0,0,0,0,0,0,0,0,0,0
2025-08-19,Strom,0,0,0,0,0,0,0,0,0,0,0,0,0,0,0
2025-08-19,Vahr,0,0,0,0,0,0,0,0,0,0,0,0,0,0,0
2025-08-19,Vegesack,0,0,0,0,0,0,0,0,0,0,0,0,0,0,0
2025-08-19,Walle,0,0,0,0,0,0,0,0,0,0,0,0,0,0,0
2025-08-19,Woltmershausen,0,0,0,0,0,0,0,0,0,0,0,0,0,0,0
2025-08-19,Östliche Vorstadt,0,0,0,0,0,0,0,0,0,0,0,0,0,0,0
2025-08-20,Blockland,0,0,0,0,0,0,0,0,0,0,0,0,0,0,0
2025-08-20,Blumenthal,0,0,0,0,0,0,0,0,0,0,0,0,0,0,0
2025-08-20,Borgfeld,0,0,0,0,0,0,0,0,0,0,0,0,0,0,0
2025-08-20,Burglesum,0,0,0,0,0,0,0,0,0,0,0,0,0,0,0
2025-08-20,Findorff,0,0,0,0,0,0,0,0,0,0,0,0,0,0,0
2025-08-20,Gröpelingen,0,0,0,0,0,0,0,0,0,0,0,0,0,0,0
2025-08-20,Hemelingen,0,0,0,0,0,0,0,0,0,0,0,0,0,0,0
2025-08-20,Horn-Lehe,0,0,0,0,0,0,0,0,0,0,0,0,0,0,0
2025-08-20,Huchting,0,0,0,0,0,0,0,0,0,0,0,0,0,0,0
2025-08-20,Häfen,0,0,0,0,0,0,0,0,0,0,0,0,0,0,0
2025-08-20,Mitte,0,0,0,0,0,0,0,0,0,0,0,0,0,0,0
2025-08-20,Neustadt,0,0,0,0,0,0,0,0,0,0,0,0,0,0,0
2025-08-20,Oberneuland,0,0,0,0,0,0,0,0,0,0,0,0,0,0,0
2025-08-20,Obervieland,0,0,0,0,0,0,0,0,0,0,0,0,0,0,0
2025-08-20,Osterholz,0,0,0,0,0,0,0,0,0,0,0,0,0,0,0
2025-08-20,Schwachhausen,0,0,0,0,0,0,0,0,0,0,0,0,0,0,0
2025-08-20,Seehausen,0,0,0,0,0,0,0,0,0,0,0,0,0,0,0
2025-08-20,Strom,0,0,0,0,0,0,0,0,0,0,0,0,0,0,0
2025-08-20,Vahr,0,0,0,0,0,0,0,0,0,0,0,0,0,0,0
2025-08-20,Vegesack,0,0,0,0,0,0,0,0,0,0,0,0,0,0,0
2025-08-20,Walle,0,0,0,0,0,0,0,0,0,0,0,0,0,0,0
2025-08-20,Woltmershausen,0,0,0,0,0,0,0,0,0,0,0,0,0,0,0
2025-08-20,Östliche Vorstadt,0,0,0,0,0,0,0,0,0,0,0,0,0,0,0
2025-08-21,Blockland,0,0,0,0,0,0,0,0,0,0,0,0,0,0,0
2025-08-21,Blumenthal,0,0,0,0,0,0,0,0,0,0,0,0,0,0,0
2025-08-21,Borgfeld,0,0,0,0,0,0,0,0,0,0,0,0,0,0,0
2025-08-21,Burglesum,0,0,0,0,0,0,0,0,0,0,0,0,0,0,0
2025-08-21,Findorff,0,0,0,0,0,0,0,0,0,0,0,0,0,0,0
2025-08-21,Gröpelingen,0,0,0,0,0,0,0,0,0,0,0,0,0,0,0
2025-08-21,Hemelingen,0,0,0,0,0,0,0,0,0,0,0,0,0,0,0
2025-08-21,Horn-Lehe,0,0,0,0,0,0,0,0,0,0,0,0,0,0,0
2025-08-21,Huchting,0,0,0,0,0,0,0,0,0,0,0,0,0,0,0
2025-08-21,Häfen,0,0,0,0,0,0,0,0,0,0,0,0,0,0,0
2025-08-21,Mitte,0,0,0,0,0,0,0,0,0,0,0,0,0,0,0
2025-08-21,Neustadt,0,0,0,0,0,0,0,0,0,0,0,0,0,0,0
2025-08-21,Oberneuland,0,0,0,0,0,0,0,0,0,0,0,0,0,0,0
2025-08-21,Obervieland,0,0,0,0,0,0,0,0,0,0,0,0,0,0,0
2025-08-21,Osterholz,0,0,0,0,0,0,0,0,0,0,0,0,0,0,0
2025-08-21,Schwachhausen,0,0,0,0,0,0,0,0,0,0,0,0,0,0,0
2025-08-21,Seehausen,0,0,0,0,0,0,0,0,0,0,0,0,0,0,0
2025-08-21,Strom,0,0,0,0,0,0,0,0,0,0,0,0,0,0,0
2025-08-21,Vahr,0,0,0,0,0,0,0,0,0,0,0,0,0,0,0
2025-08-21,Vegesack,0,0,0,0,0,0,0,0,0,0,0,0,0,0,0
2025-08-21,Walle,0,0,0,0,0,0,0,0,0,0,0,0,0,0,0
2025-08-21,Woltmershausen,0,0,0,0,0,0,0,0,0,0,0,0,0,0,0
2025-08-21,Östliche Vorstadt,0,0,0,0,0,0,0,0,0,0,0,0,0,0,0
2025-08-22,Blockland,0,0,0,0,0,0,0,0,0,0,0,0,0,0,0
2025-08-22,Blumenthal,0,0,0,0,0,0,0,0,0,0,0,0,0,0,0
2025-08-22,Borgfeld,0,0,0,0,0,0,0,0,0,0,0,0,0,0,0
2025-08-22,Burglesum,0,0,0,0,0,0,0,0,0,0,0,0,0,0,0
2025-08-22,Findorff,0,0,0,0,0,0,0,0,0,0,0,0,0,0,0
2025-08-22,Gröpelingen,0,0,0,0,0,0,0,0,0,0,0,0,0,0,0
2025-08-22,Hemelingen,0,0,0,0,0,0,0,0,0,0,0,0,0,0,0
2025-08-22,Horn-Lehe,0,0,0,0,0,0,0,0,0,0,0,0,0,0,0
2025-08-22,Huchting,0,0,0,0,0,0,0,0,0,0,0,0,0,0,0
2025-08-22,Häfen,0,0,0,0,0,0,0,0,0,0,0,0,0,0,0
2025-08-22,Mitte,0,0,0,0,0,0,0,0,0,0,0,0,0,0,0
2025-08-22,Neustadt,0,0,0,0,0,0,0,0,0,0,0,0,0,0,0
2025-08-22,Oberneuland,0,0,0,0,0,0,0,0,0,0,0,0,0,0,0
2025-08-22,Obervieland,0,0,0,0,0,0,0,0,0,0,0,0,0,0,0
2025-08-22,Osterholz,0,0,0,0,0,0,0,0,0,0,0,0,0,0,0
2025-08-22,Schwachhausen,0,0,0,0,0,0,0,0,0,0,0,0,0,0,0
2025-08-22,Seehausen,0,0,0,0,0,0,0,0,0,0,0,0,0,0,0
2025-08-22,Strom,0,0,0,0,0,0,0,0,0,0,0,0,0,0,0
2025-08-22,Vahr,0,0,0,0,0,0,0,0,0,0,0,0,0,0,0
2025-08-22,Vegesack,0,0,0,0,0,0,0,0,0,0,0,0,0,0,0
2025-08-22,Walle,0,0,0,0,0,0,0,0,0,0,0,0,0,0,0
2025-08-22,Woltmershausen,0,0,0,0,0,0,0,0,0,0,0,0,0,0,0
2025-08-22,Östliche Vorstadt,0,0,0,0,0,0,0,0,0,0,0,0,0,0,0
2025-08-23,Blockland,0,0,0,0,0,0,0,0,0,0,0,0,0,0,0
2025-08-23,Blumenthal,0,0,0,0,0,0,0,0,0,0,0,0,0,0,0
2025-08-23,Borgfeld,0,0,0,0,0,0,0,0,0,0,0,0,0,0,0
2025-08-23,Burglesum,0,0,0,0,0,0,0,0,0,0,0,0,0,0,0
2025-08-23,Findorff,0,0,0,0,0,0,0,0,0,0,0,0,0,0,0
2025-08-23,Gröpelingen,0,0,0,0,0,0,0,0,0,0,0,0,0,0,0
2025-08-23,Hemelingen,0,0,0,0,0,0,0,0,0,0,0,0,0,0,0
2025-08-23,Horn-Lehe,0,0,0,0,0,0,0,0,0,0,0,0,0,0,0
2025-08-23,Huchting,0,0,0,0,0,0,0,0,0,0,0,0,0,0,0
2025-08-23,Häfen,0,0,0,0,0,0,0,0,0,0,0,0,0,0,0
2025-08-23,Mitte,0,0,0,0,0,0,0,0,0,0,0,0,0,0,0
2025-08-23,Neustadt,0,0,0,0,0,0,0,0,0,0,0,0,0,0,0
2025-08-23,Oberneuland,0,0,0,0,0,0,0,0,0,0,0,0,0,0,0
2025-08-23,Obervieland,0,0,0,0,0,0,0,0,0,0,0,0,0,0,0
2025-08-23,Osterholz,0,0,0,0,0,0,0,0,0,0,0,0,0,0,0
2025-08-23,Schwachhausen,0,0,0,0,0,0,0,0,0,0,0,0,0,0,0
2025-08-23,Seehausen,0,0,0,0,0,0,0,0,0,0,0,0,0,0,0
2025-08-23,Strom,0,0,0,0,0,0,0,0,0,0,0,0,0,0,0
2025-08-23,Vahr,0,0,0,0,0,0,0,0,0,0,0,0,0,0,0
2025-08-23,Vegesack,0,0,0,0,0,0,0,0,0,0,0,0,0,0,0
2025-08-23,Walle,0,0,0,0,0,0,0,0,0,0,0,0,0,0,0
2025-08-23,Woltmershausen,0,0,0,0,0,0,0,0,0,0,0,0,0,0,0
2025-08-23,Östliche Vorstadt,0,0,0,0,0,0,0,0,0,0,0,0,0,0,0
2025-08-24,Blockland,0,0,0,0,0,0,0,0,0,0,0,0,0,0,0
2025-08-24,Blumenthal,0,0,0,0,0,0,0,0,0,0,0,0,0,0,0
2025-08-24,Borgfeld,0,0,0,0,0,0,0,0,0,0,0,0,0,0,0
2025-08-24,Burglesum,0,0,0,0,0,0,0,0,0,0,0,0,0,0,0
2025-08-24,Findorff,0,0,0,0,0,0,0,0,0,0,0,0,0,0,0
2025-08-24,Gröpelingen,0,0,0,0,0,0,0,0,0,0,0,0,0,0,0
2025-08-24,Hemelingen,0,0,0,0,0,0,0,0,0,0,0,0,0,0,0
2025-08-24,Horn-Lehe,0,0,0,0,0,0,0,0,0,0,0,0,0,0,0
2025-08-24,Huchting,0,0,0,0,0,0,0,0,0,0,0,0,0,0,0
2025-08-24,Häfen,0,0,0,0,0,0,0,0,0,0,0,0,0,0,0
2025-08-24,Mitte,0,0,0,0,0,0,0,0,0,0,0,0,0,0,0
2025-08-24,Neustadt,0,0,0,0,0,0,0,0,0,0,0,0,0,0,0
2025-08-24,Oberneuland,0,0,0,0,0,0,0,0,0,0,0,0,0,0,0
2025-08-24,Obervieland,0,0,0,0,0,0,0,0,0,0,0,0,0,0,0
2025-08-24,Osterholz,0,0,0,0,0,0,0,0,0,0,0,0,0,0,0
2025-08-24,Schwachhausen,0,0,0,0,0,0,0,0,0,0,0,0,0,0,0
2025-08-24,Seehausen,0,0,0,0,0,0,0,0,0,0,0,0,0,0,0
2025-08-24,Strom,0,0,0,0,0,0,0,0,0,0,0,0,0,0,0
2025-08-24,Vahr,0,0,0,0,0,0,0,0,0,0,0,0,0,0,0
2025-08-24,Vegesack,0,0,0,0,0,0,0,0,0,0,0,0,0,0,0
2025-08-24,Walle,0,0,0,0,0,0,0,0,0,0,0,0,0,0,0
2025-08-24,Woltmershausen,0,0,0,0,0,0,0,0,0,0,0,0,0,0,0
2025-08-24,Östliche Vorstadt,0,0,0,0,0,0,0,0,0,0,0,0,0,0,0
2025-08-25,Blockland,0,0,0,0,0,0,0,0,0,0,0,0,0,0,0
2025-08-25,Blumenthal,0,0,0,0,0,0,0,0,0,0,0,0,0,0,0
2025-08-25,Borgfeld,0,0,0,0,0,0,0,0,0,0,0,0,0,0,0
2025-08-25,Burglesum,0,0,0,0,0,0,0,0,0,0,0,0,0,0,0
2025-08-25,Findorff,0,0,0,0,0,0,0,0,0,0,0,0,0,0,0
2025-08-25,Gröpelingen,0,0,0,0,0,0,0,0,0,0,0,0,0,0,0
2025-08-25,Hemelingen,0,0,0,0,0,0,0,0,0,0,0,0,0,0,0
2025-08-25,Horn-Lehe,0,0,0,0,0,0,0,0,0,0,0,0,0,0,0
2025-08-25,Huchting,0,0,0,0,0,0,0,0,0,0,0,0,0,0,0
2025-08-25,Häfen,0,0,0,0,0,0,0,0,0,0,0,0,0,0,0
2025-08-25,Mitte,0,0,0,0,0,0,0,0,0,0,0,0,0,0,0
2025-08-25,Neustadt,0,0,0,0,0,0,0,0,0,0,0,0,0,0,0
2025-08-25,Oberneuland,0,0,0,0,0,0,0,0,0,0,0,0,0,0,0
2025-08-25,Obervieland,0,0,0,0,0,0,0,0,0,0,0,0,0,0,0
2025-08-25,Osterholz,0,0,0,0,0,0,0,0,0,0,0,0,0,0,0
2025-08-25,Schwachhausen,0,0,0,0,0,0,0,0,0,0,0,0,0,0,0
2025-08-25,Seehausen,0,0,0,0,0,0,0,0,0,0,0,0,0,0,0
2025-08-25,Strom,0,0,0,0,0,0,0,0,0,0,0,0,0,0,0
2025-08-25,Vahr,0,0,0,0,0,0,0,0,0,0,0,0,0,0,0
2025-08-25,Vegesack,0,0,0,0,0,0,0,0,0,0,0,0,0,0,0
2025-08-25,Walle,0,0,0,0,0,0,0,0,0,0,0,0,0,0,0
2025-08-25,Woltmershausen,0,0,0,0,0,0,0,0,0,0,0,0,0,0,0
2025-08-25,Östliche Vorstadt,0,0,0,0,0,0,0,0,0,0,0,0,0,0,0
2025-08-26,Blockland,0,0,0,0,0,0,0,0,0,0,0,0,0,0,0
2025-08-26,Blumenthal,0,0,0,0,0,0,0,0,0,0,0,0,0,0,0
2025-08-26,Borgfeld,0,0,0,0,0,0,0,0,0,0,0,0,0,0,0
2025-08-26,Burglesum,0,0,0,0,0,0,0,0,0,0,0,0,0,0,0
2025-08-26,Findorff,0,0,0,0,0,0,0,0,0,0,0,0,0,0,0
2025-08-26,Gröpelingen,0,0,0,0,0,0,0,0,0,0,0,0,0,0,0
2025-08-26,Hemelingen,0,0,0,0,0,0,0,0,0,0,0,0,0,0,0
2025-08-26,Horn-Lehe,0,0,0,0,0,0,0,0,0,0,0,0,0,0,0
2025-08-26,Huchting,0,0,0,0,0,0,0,0,0,0,0,0,0,0,0
2025-08-26,Häfen,0,0,0,0,0,0,0,0,0,0,0,0,0,0,0
2025-08-26,Mitte,0,0,0,0,0,0,0,0,0,0,0,0,0,0,0
2025-08-26,Neustadt,0,0,0,0,0,0,0,0,0,0,0,0,0,0,0
2025-08-26,Oberneuland,0,0,0,0,0,0,0,0,0,0,0,0,0,0,0
2025-08-26,Obervieland,0,0,0,0,0,0,0,0,0,0,0,0,0,0,0
2025-08-26,Osterholz,0,0,0,0,0,0,0,0,0,0,0,0,0,0,0
2025-08-26,Schwachhausen,0,0,0,0,0,0,0,0,0,0,0,0,0,0,0
2025-08-26,Seehausen,0,0,0,0,0,0,0,0,0,0,0,0,0,0,0
2025-08-26,Strom,0,0,0,0,0,0,0,0,0,0,0,0,0,0,0
2025-08-26,Vahr,0,0,0,0,0,0,0,0,0,0,0,0,0,0,0
2025-08-26,Vegesack,0,0,0,0,0,0,0,0,0,0,0,0,0,0,0
2025-08-26,Walle,0,0,0,0,0,0,0,0,0,0,0,0,0,0,0
2025-08-26,Woltmershausen,0,0,0,0,0,0,0,0,0,0,0,0,0,0,0
2025-08-26,Östliche Vorstadt,0,0,0,0,0,0,0,0,0,0,0,0,0,0,0
2025-08-27,Blockland,0,0,0,0,0,0,0,0,0,0,0,0,0,0,0
2025-08-27,Blumenthal,0,0,0,0,0,0,0,0,0,0,0,0,0,0,0
2025-08-27,Borgfeld,0,0,0,0,0,0,0,0,0,0,0,0,0,0,0
2025-08-27,Burglesum,0,0,0,0,0,0,0,0,0,0,0,0,0,0,0
2025-08-27,Findorff,0,0,0,0,0,0,0,0,0,0,0,0,0,0,0
2025-08-27,Gröpelingen,0,0,0,0,0,0,0,0,0,0,0,0,0,0,0
2025-08-27,Hemelingen,0,0,0,0,0,0,0,0,0,0,0,0,0,0,0
2025-08-27,Horn-Lehe,0,0,0,0,0,0,0,0,0,0,0,0,0,0,0
2025-08-27,Huchting,0,0,0,0,0,0,0,0,0,0,0,0,0,0,0
2025-08-27,Häfen,0,0,0,0,0,0,0,0,0,0,0,0,0,0,0
2025-08-27,Mitte,0,0,0,0,0,0,0,0,0,0,0,0,0,0,0
2025-08-27,Neustadt,0,0,0,0,0,0,0,0,0,0,0,0,0,0,0
2025-08-27,Oberneuland,0,0,0,0,0,0,0,0,0,0,0,0,0,0,0
2025-08-27,Obervieland,0,0,0,0,0,0,0,0,0,0,0,0,0,0,0
2025-08-27,Osterholz,0,0,0,0,0,0,0,0,0,0,0,0,0,0,0
2025-08-27,Schwachhausen,0,0,0,0,0,0,0,0,0,0,0,0,0,0,0
2025-08-27,Seehausen,0,0,0,0,0,0,0,0,0,0,0,0,0,0,0
2025-08-27,Strom,0,0,0,0,0,0,0,0,0,0,0,0,0,0,0
2025-08-27,Vahr,0,0,0,0,0,0,0,0,0,0,0,0,0,0,0
2025-08-27,Vegesack,0,0,0,0,0,0,0,0,0,0,0,0,0,0,0
2025-08-27,Walle,0,0,0,0,0,0,0,0,0,0,0,0,0,0,0
2025-08-27,Woltmershausen,0,0,0,0,0,0,0,0,0,0,0,0,0,0,0
2025-08-27,Östliche Vorstadt,0,0,0,0,0,0,0,0,0,0,0,0,0,0,0
2025-08-28,Blockland,0,0,0,0,0,0,0,0,0,0,0,0,0,0,0
2025-08-28,Blumenthal,0,0,0,0,0,0,0,0,0,0,0,0,0,0,0
2025-08-28,Borgfeld,0,0,0,0,0,0,0,0,0,0,0,0,0,0,0
2025-08-28,Burglesum,0,0,0,0,0,0,0,0,0,0,0,0,0,0,0
2025-08-28,Findorff,0,0,0,0,0,0,0,0,0,0,0,0,0,0,0
2025-08-28,Gröpelingen,0,0,0,0,0,0,0,0,0,0,0,0,0,0,0
2025-08-28,Hemelingen,0,0,0,0,0,0,0,0,0,0,0,0,0,0,0
2025-08-28,Horn-Lehe,0,0,0,0,0,0,0,0,0,0,0,0,0,0,0
2025-08-28,Huchting,0,0,0,0,0,0,0,0,0,0,0,0,0,0,0
2025-08-28,Häfen,0,0,0,0,0,0,0,0,0,0,0,0,0,0,0
2025-08-28,Mitte,0,0,0,0,0,0,0,0,0,0,0,0,0,0,0
2025-08-28,Neustadt,0,0,0,0,0,0,0,0,0,0,0,0,0,0,0
2025-08-28,Oberneuland,0,0,0,0,0,0,0,0,0,0,0,0,0,0,0
2025-08-28,Obervieland,0,0,0,0,0,0,0,0,0,0,0,0,0,0,0
2025-08-28,Osterholz,0,0,0,0,0,0,0,0,0,0,0,0,0,0,0
2025-08-28,Schwachhausen,0,0,0,0,0,0,0,0,0,0,0,0,0,0,0
2025-08-28,Seehausen,0,0,0,0,0,0,0,0,0,0,0,0,0,0,0
2025-08-28,Strom,0,0,0,0,0,0,0,0,0,0,0,0,0,0,0
2025-08-28,Vahr,0,0,0,0,0,0,0,0,0,0,0,0,0,0,0
2025-08-28,Vegesack,0,0,0,0,0,0,0,0,0,0,0,0,0,0,0
2025-08-28,Walle,0,0,0,0,0,0,0,0,0,0,0,0,0,0,0
2025-08-28,Woltmershausen,0,0,0,0,0,0,0,0,0,0,0,0,0,0,0
2025-08-28,Östliche Vorstadt,0,0,0,0,0,0,0,0,0,0,0,0,0,0,0
2025-08-29,Blockland,0,0,0,0,0,0,0,0,0,0,0,0,0,0,0
2025-08-29,Blumenthal,0,0,0,0,0,0,0,0,0,0,0,0,0,0,0
2025-08-29,Borgfeld,0,0,0,0,0,0,0,0,0,0,0,0,0,0,0
2025-08-29,Burglesum,0,0,0,0,0,0,0,0,0,0,0,0,0,0,0
2025-08-29,Findorff,0,0,0,0,0,0,0,0,0,0,0,0,0,0,0
2025-08-29,Gröpelingen,0,0,0,0,0,0,0,0,0,0,0,0,0,0,0
2025-08-29,Hemelingen,0,0,0,0,0,0,0,0,0,0,0,0,0,0,0
2025-08-29,Horn-Lehe,0,0,0,0,0,0,0,0,0,0,0,0,0,0,0
2025-08-29,Huchting,0,0,0,0,0,0,0,0,0,0,0,0,0,0,0
2025-08-29,Häfen,0,0,0,0,0,0,0,0,0,0,0,0,0,0,0
2025-08-29,Mitte,0,0,0,0,0,0,0,0,0,0,0,0,0,0,0
2025-08-29,Neustadt,0,0,0,0,0,0,0,0,0,0,0,0,0,0,0
2025-08-29,Oberneuland,0,0,0,0,0,0,0,0,0,0,0,0,0,0,0
2025-08-29,Obervieland,0,0,0,0,0,0,0,0,0,0,0,0,0,0,0
2025-08-29,Osterholz,0,0,0,0,0,0,0,0,0,0,0,0,0,0,0
2025-08-29,Schwachhausen,0,0,0,0,0,0,0,0,0,0,0,0,0,0,0
2025-08-29,Seehausen,0,0,0,0,0,0,0,0,0,0,0,0,0,0,0
2025-08-29,Strom,0,0,0,0,0,0,0,0,0,0,0,0,0,0,0
2025-08-29,Vahr,0,0,0,0,0,0,0,0,0,0,0,0,0,0,0
2025-08-29,Vegesack,0,0,0,0,0,0,0,0,0,0,0,0,0,0,0
2025-08-29,Walle,0,0,0,0,0,0,0,0,0,0,0,0,0,0,0
2025-08-29,Woltmershausen,0,0,0,0,0,0,0,0,0,0,0,0,0,0,0
2025-08-29,Östliche Vorstadt,0,0,0,0,0,0,0,0,0,0,0,0,0,0,0
2025-08-30,Blockland,0,0,0,0,0,0,0,0,0,0,0,0,0,0,0
2025-08-30,Blumenthal,0,0,0,0,0,0,0,0,0,0,0,0,0,0,0
2025-08-30,Borgfeld,0,0,0,0,0,0,0,0,0,0,0,0,0,0,0
2025-08-30,Burglesum,0,0,0,0,0,0,0,0,0,0,0,0,0,0,0
2025-08-30,Findorff,0,0,0,0,0,0,0,0,0,0,0,0,0,0,0
2025-08-30,Gröpelingen,0,0,0,0,0,0,0,0,0,0,0,0,0,0,0
2025-08-30,Hemelingen,0,0,0,0,0,0,0,0,0,0,0,0,0,0,0
2025-08-30,Horn-Lehe,0,0,0,0,0,0,0,0,0,0,0,0,0,0,0
2025-08-30,Huchting,0,0,0,0,0,0,0,0,0,0,0,0,0,0,0
2025-08-30,Häfen,0,0,0,0,0,0,0,0,0,0,0,0,0,0,0
2025-08-30,Mitte,0,0,0,0,0,0,0,0,0,0,0,0,0,0,0
2025-08-30,Neustadt,0,0,0,0,0,0,0,0,0,0,0,0,0,0,0
2025-08-30,Oberneuland,0,0,0,0,0,0,0,0,0,0,0,0,0,0,0
2025-08-30,Obervieland,0,0,0,0,0,0,0,0,0,0,0,0,0,0,0
2025-08-30,Osterholz,0,0,0,0,0,0,0,0,0,0,0,0,0,0,0
2025-08-30,Schwachhausen,0,0,0,0,0,0,0,0,0,0,0,0,0,0,0
2025-08-30,Seehausen,0,0,0,0,0,0,0,0,0,0,0,0,0,0,0
2025-08-30,Strom,0,0,0,0,0,0,0,0,0,0,0,0,0,0,0
2025-08-30,Vahr,0,0,0,0,0,0,0,0,0,0,0,0,0,0,0
2025-08-30,Vegesack,0,0,0,0,0,0,0,0,0,0,0,0,0,0,0
2025-08-30,Walle,0,0,0,0,0,0,0,0,0,0,0,0,0,0,0
2025-08-30,Woltmershausen,0,0,0,0,0,0,0,0,0,0,0,0,0,0,0
2025-08-30,Östliche Vorstadt,0,0,0,0,0,0,0,0,0,0,0,0,0,0,0
2025-08-31,Blockland,0,0,0,0,0,0,0,0,0,0,0,0,0,0,0
2025-08-31,Blumenthal,0,0,0,0,0,0,0,0,0,0,0,0,0,0,0
2025-08-31,Borgfeld,0,0,0,0,0,0,0,0,0,0,0,0,0,0,0
2025-08-31,Burglesum,0,0,0,0,0,0,0,0,0,0,0,0,0,0,0
2025-08-31,Findorff,0,0,0,0,0,0,0,0,0,0,0,0,0,0,0
2025-08-31,Gröpelingen,0,0,0,0,0,0,0,0,0,0,0,0,0,0,0
2025-08-31,Hemelingen,0,0,0,0,0,0,0,0,0,0,0,0,0,0,0
2025-08-31,Horn-Lehe,0,0,0,0,0,0,0,0,0,0,0,0,0,0,0
2025-08-31,Huchting,0,0,0,0,0,0,0,0,0,0,0,0,0,0,0
2025-08-31,Häfen,0,0,0,0,0,0,0,0,0,0,0,0,0,0,0
2025-08-31,Mitte,0,0,0,0,0,0,0,0,0,0,0,0,0,0,0
2025-08-31,Neustadt,0,0,0,0,0,0,0,0,0,0,0,0,0,0,0
2025-08-31,Oberneuland,0,0,0,0,0,0,0,0,0,0,0,0,0,0,0
2025-08-31,Obervieland,0,0,0,0,0,0,0,0,0,0,0,0,0,0,0
2025-08-31,Osterholz,0,0,0,0,0,0,0,0,0,0,0,0,0,0,0
2025-08-31,Schwachhausen,0,0,0,0,0,0,0,0,0,0,0,0,0,0,0
2025-08-31,Seehausen,0,0,0,0,0,0,0,0,0,0,0,0,0,0,0
2025-08-31,Strom,0,0,0,0,0,0,0,0,0,0,0,0,0,0,0
2025-08-31,Vahr,0,0,0,0,0,0,0,0,0,0,0,0,0,0,0
2025-08-31,Vegesack,0,0,0,0,0,0,0,0,0,0,0,0,0,0,0
2025-08-31,Walle,0,0,0,0,0,0,0,0,0,0,0,0,0,0,0
2025-08-31,Woltmershausen,0,0,0,0,0,0,0,0,0,0,0,0,0,0,0
2025-08-31,Östliche Vorstadt,0,0,0,0,0,0,0,0,0,0,0,0,0,0,0
2025-09-01,Blockland,0,0,0,0,0,0,0,0,0,0,0,0,0,0,0
2025-09-01,Blumenthal,0,0,0,0,0,0,0,0,0,0,0,0,0,0,0
2025-09-01,Borgfeld,0,0,0,0,0,0,0,0,0,0,0,0,0,0,0
2025-09-01,Burglesum,0,0,0,0,0,0,0,0,0,0,0,0,0,0,0
2025-09-01,Findorff,0,0,0,0,0,0,0,0,0,0,0,0,0,0,0
2025-09-01,Gröpelingen,0,0,0,0,0,0,0,0,0,0,0,0,0,0,0
2025-09-01,Hemelingen,0,0,0,0,0,0,0,0,0,0,0,0,0,0,0
2025-09-01,Horn-Lehe,0,0,0,0,0,0,0,0,0,0,0,0,0,0,0
2025-09-01,Huchting,0,0,0,0,0,0,0,0,0,0,0,0,0,0,0
2025-09-01,Häfen,0,0,0,0,0,0,0,0,0,0,0,0,0,0,0
2025-09-01,Mitte,0,0,0,0,0,0,0,0,0,0,0,0,0,0,0
2025-09-01,Neustadt,0,0,0,0,0,0,0,0,0,0,0,0,0,0,0
2025-09-01,Oberneuland,0,0,0,0,0,0,0,0,0,0,0,0,0,0,0
2025-09-01,Obervieland,0,0,0,0,0,0,0,0,0,0,0,0,0,0,0
2025-09-01,Osterholz,0,0,0,0,0,0,0,0,0,0,0,0,0,0,0
2025-09-01,Schwachhausen,0,0,0,0,0,0,0,0,0,0,0,0,0,0,0
2025-09-01,Seehausen,0,0,0,0,0,0,0,0,0,0,0,0,0,0,0
2025-09-01,Strom,0,0,0,0,0,0,0,0,0,0,0,0,0,0,0
2025-09-01,Vahr,0,0,0,0,0,0,0,0,0,0,0,0,0,0,0
2025-09-01,Vegesack,0,0,0,0,0,0,0,0,0,0,0,0,0,0,0
2025-09-01,Walle,0,0,0,0,0,0,0,0,0,0,0,0,0,0,0
2025-09-01,Woltmershausen,0,0,0,0,0,0,0,0,0,0,0,0,0,0,0
2025-09-01,Östliche Vorstadt,0,0,0,0,0,0,0,0,0,0,0,0,0,0,0
2025-09-02,Blockland,0,0,0,0,0,0,0,0,0,0,0,0,0,0,0
2025-09-02,Blumenthal,0,0,0,0,0,0,0,0,0,0,0,0,0,0,0
2025-09-02,Borgfeld,0,0,0,0,0,0,0,0,0,0,0,0,0,0,0
2025-09-02,Burglesum,0,0,0,0,0,0,0,0,0,0,0,0,0,0,0
2025-09-02,Findorff,0,0,0,0,0,0,0,0,0,0,0,0,0,0,0
2025-09-02,Gröpelingen,0,0,0,0,0,0,0,0,0,0,0,0,0,0,0
2025-09-02,Hemelingen,0,0,0,0,0,0,0,0,0,0,0,0,0,0,0
2025-09-02,Horn-Lehe,0,0,0,0,0,0,0,0,0,0,0,0,0,0,0
2025-09-02,Huchting,0,0,0,0,0,0,0,0,0,0,0,0,0,0,0
2025-09-02,Häfen,0,0,0,0,0,0,0,0,0,0,0,0,0,0,0
2025-09-02,Mitte,0,0,0,0,0,0,0,0,0,0,0,0,0,0,0
2025-09-02,Neustadt,0,0,0,0,0,0,0,0,0,0,0,0,0,0,0
2025-09-02,Oberneuland,0,0,0,0,0,0,0,0,0,0,0,0,0,0,0
2025-09-02,Obervieland,0,0,0,0,0,0,0,0,0,0,0,0,0,0,0
2025-09-02,Osterholz,0,0,0,0,0,0,0,0,0,0,0,0,0,0,0
2025-09-02,Schwachhausen,0,0,0,0,0,0,0,0,0,0,0,0,0,0,0
2025-09-02,Seehausen,0,0,0,0,0,0,0,0,0,0,0,0,0,0,0
2025-09-02,Strom,0,0,0,0,0,0,0,0,0,0,0,0,0,0,0
2025-09-02,Vahr,0,0,0,0,0,0,0,0,0,0,0,0,0,0,0
2025-09-02,Vegesack,0,0,0,0,0,0,0,0,0,0,0,0,0,0,0
2025-09-02,Walle,0,0,0,0,0,0,0,0,0,0,0,0,0,0,0
2025-09-02,Woltmershausen,0,0,0,0,0,0,0,0,0,0,0,0,0,0,0
2025-09-02,Östliche Vorstadt,0,0,0,0,0,0,0,0,0,0,0,0,0,0,0
2025-09-03,Blockland,0,0,0,0,0,0,0,0,0,0,0,0,0,0,0
2025-09-03,Blumenthal,0,0,0,0,0,0,0,0,0,0,0,0,0,0,0
2025-09-03,Borgfeld,0,0,0,0,0,0,0,0,0,0,0,0,0,0,0
2025-09-03,Burglesum,0,0,0,0,0,0,0,0,0,0,0,0,0,0,0
2025-09-03,Findorff,1,0,0,0,0,0,1,0,0,0,0,0,0,0,0
2025-09-03,Gröpelingen,0,0,0,0,0,0,0,0,0,0,0,0,0,0,0
2025-09-03,Hemelingen,0,0,0,0,0,0,0,0,0,0,0,0,0,0,0
2025-09-03,Horn-Lehe,0,0,0,0,0,0,0,0,0,0,0,0,0,0,0
2025-09-03,Huchting,0,0,0,0,0,0,0,0,0,0,0,0,0,0,0
2025-09-03,Häfen,0,0,0,0,0,0,0,0,0,0,0,0,0,0,0
2025-09-03,Mitte,0,0,0,0,0,0,0,0,0,0,0,0,0,0,0
2025-09-03,Neustadt,0,0,0,0,0,0,0,0,0,0,0,0,0,0,0
2025-09-03,Oberneuland,0,0,0,0,0,0,0,0,0,0,0,0,0,0,0
2025-09-03,Obervieland,0,0,0,0,0,0,0,0,0,0,0,0,0,0,0
2025-09-03,Osterholz,0,0,0,0,0,0,0,0,0,0,0,0,0,0,0
2025-09-03,Schwachhausen,0,0,0,0,0,0,0,0,0,0,0,0,0,0,0
2025-09-03,Seehausen,0,0,0,0,0,0,0,0,0,0,0,0,0,0,0
2025-09-03,Strom,0,0,0,0,0,0,0,0,0,0,0,0,0,0,0
2025-09-03,Vahr,0,0,0,0,0,0,0,0,0,0,0,0,0,0,0
2025-09-03,Vegesack,0,0,0,0,0,0,0,0,0,0,0,0,0,0,0
2025-09-03,Walle,0,0,0,0,0,0,0,0,0,0,0,0,0,0,0
2025-09-03,Woltmershausen,0,0,0,0,0,0,0,0,0,0,0,0,0,0,0
2025-09-03,Östliche Vorstadt,0,0,0,0,0,0,0,0,0,0,0,0,0,0,0
2025-09-04,Blockland,0,0,0,0,0,0,0,0,0,0,0,0,0,0,0
2025-09-04,Blumenthal,0,0,0,0,0,0,0,0,0,0,0,0,0,0,0
2025-09-04,Borgfeld,0,0,0,0,0,0,0,0,0,0,0,0,0,0,0
2025-09-04,Burglesum,0,0,0,0,0,0,0,0,0,0,0,0,0,0,0
2025-09-04,Findorff,0,0,0,0,0,0,0,0,0,0,0,0,0,0,0
2025-09-04,Gröpelingen,0,0,0,0,0,0,0,0,0,0,0,0,0,0,0
2025-09-04,Hemelingen,2,0,0,0,0,0,0,1,0,0,0,1,0,0,0
2025-09-04,Horn-Lehe,0,0,0,0,0,0,0,0,0,0,0,0,0,0,0
2025-09-04,Huchting,0,0,0,0,0,0,0,0,0,0,0,0,0,0,0
2025-09-04,Häfen,0,0,0,0,0,0,0,0,0,0,0,0,0,0,0
2025-09-04,Mitte,0,0,0,0,0,0,0,0,0,0,0,0,0,0,0
2025-09-04,Neustadt,0,0,0,0,0,0,0,0,0,0,0,0,0,0,0
2025-09-04,Oberneuland,0,0,0,0,0,0,0,0,0,0,0,0,0,0,0
2025-09-04,Obervieland,0,0,0,0,0,0,0,0,0,0,0,0,0,0,0
2025-09-04,Osterholz,0,0,0,0,0,0,0,0,0,0,0,0,0,0,0
2025-09-04,Schwachhausen,0,0,0,0,0,0,0,0,0,0,0,0,0,0,0
2025-09-04,Seehausen,0,0,0,0,0,0,0,0,0,0,0,0,0,0,0
2025-09-04,Strom,0,0,0,0,0,0,0,0,0,0,0,0,0,0,0
2025-09-04,Vahr,0,0,0,0,0,0,0,0,0,0,0,0,0,0,0
2025-09-04,Vegesack,0,0,0,0,0,0,0,0,0,0,0,0,0,0,0
2025-09-04,Walle,0,0,0,0,0,0,0,0,0,0,0,0,0,0,0
2025-09-04,Woltmershausen,0,0,0,0,0,0,0,0,0,0,0,0,0,0,0
2025-09-04,Östliche Vorstadt,0,0,0,0,0,0,0,0,0,0,0,0,0,0,0
2025-09-05,Blockland,0,0,0,0,0,0,0,0,0,0,0,0,0,0,0
2025-09-05,Blumenthal,0,0,0,0,0,0,0,0,0,0,0,0,0,0,0
2025-09-05,Borgfeld,0,0,0,0,0,0,0,0,0,0,0,0,0,0,0
2025-09-05,Burglesum,0,0,0,0,0,0,0,0,0,0,0,0,0,0,0
2025-09-05,Findorff,0,0,0,0,0,0,0,0,0,0,0,0,0,0,0
2025-09-05,Gröpelingen,0,0,0,0,0,0,0,0,0,0,0,0,0,0,0
2025-09-05,Hemelingen,0,0,0,0,0,0,0,0,0,0,0,0,0,0,0
2025-09-05,Horn-Lehe,0,0,0,0,0,0,0,0,0,0,0,0,0,0,0
2025-09-05,Huchting,0,0,0,0,0,0,0,0,0,0,0,0,0,0,0
2025-09-05,Häfen,0,0,0,0,0,0,0,0,0,0,0,0,0,0,0
2025-09-05,Mitte,0,0,0,0,0,0,0,0,0,0,0,0,0,0,0
2025-09-05,Neustadt,0,0,0,0,0,0,0,0,0,0,0,0,0,0,0
2025-09-05,Oberneuland,0,0,0,0,0,0,0,0,0,0,0,0,0,0,0
2025-09-05,Obervieland,0,0,0,0,0,0,0,0,0,0,0,0,0,0,0
2025-09-05,Osterholz,0,0,0,0,0,0,0,0,0,0,0,0,0,0,0
2025-09-05,Schwachhausen,0,0,0,0,0,0,0,0,0,0,0,0,0,0,0
2025-09-05,Seehausen,0,0,0,0,0,0,0,0,0,0,0,0,0,0,0
2025-09-05,Strom,0,0,0,0,0,0,0,0,0,0,0,0,0,0,0
2025-09-05,Vahr,0,0,0,0,0,0,0,0,0,0,0,0,0,0,0
2025-09-05,Vegesack,0,0,0,0,0,0,0,0,0,0,0,0,0,0,0
2025-09-05,Walle,0,0,0,0,0,0,0,0,0,0,0,0,0,0,0
2025-09-05,Woltmershausen,0,0,0,0,0,0,0,0,0,0,0,0,0,0,0
2025-09-05,Östliche Vorstadt,0,0,0,0,0,0,0,0,0,0,0,0,0,0,0
2025-09-06,Blockland,0,0,0,0,0,0,0,0,0,0,0,0,0,0,0
2025-09-06,Blumenthal,0,0,0,0,0,0,0,0,0,0,0,0,0,0,0
2025-09-06,Borgfeld,0,0,0,0,0,0,0,0,0,0,0,0,0,0,0
2025-09-06,Burglesum,0,0,0,0,0,0,0,0,0,0,0,0,0,0,0
2025-09-06,Findorff,0,0,0,0,0,0,0,0,0,0,0,0,0,0,0
2025-09-06,Gröpelingen,0,0,0,0,0,0,0,0,0,0,0,0,0,0,0
2025-09-06,Hemelingen,0,0,0,0,0,0,0,0,0,0,0,0,0,0,0
2025-09-06,Horn-Lehe,0,0,0,0,0,0,0,0,0,0,0,0,0,0,0
2025-09-06,Huchting,0,0,0,0,0,0,0,0,0,0,0,0,0,0,0
2025-09-06,Häfen,0,0,0,0,0,0,0,0,0,0,0,0,0,0,0
2025-09-06,Mitte,0,0,0,0,0,0,0,0,0,0,0,0,0,0,0
2025-09-06,Neustadt,0,0,0,0,0,0,0,0,0,0,0,0,0,0,0
2025-09-06,Oberneuland,0,0,0,0,0,0,0,0,0,0,0,0,0,0,0
2025-09-06,Obervieland,0,0,0,0,0,0,0,0,0,0,0,0,0,0,0
2025-09-06,Osterholz,0,0,0,0,0,0,0,0,0,0,0,0,0,0,0
2025-09-06,Schwachhausen,0,0,0,0,0,0,0,0,0,0,0,0,0,0,0
2025-09-06,Seehausen,0,0,0,0,0,0,0,0,0,0,0,0,0,0,0
2025-09-06,Strom,0,0,0,0,0,0,0,0,0,0,0,0,0,0,0
2025-09-06,Vahr,0,0,0,0,0,0,0,0,0,0,0,0,0,0,0
2025-09-06,Vegesack,0,0,0,0,0,0,0,0,0,0,0,0,0,0,0
2025-09-06,Walle,0,0,0,0,0,0,0,0,0,0,0,0,0,0,0
2025-09-06,Woltmershausen,0,0,0,0,0,0,0,0,0,0,0,0,0,0,0
2025-09-06,Östliche Vorstadt,0,0,0,0,0,0,0,0,0,0,0,0,0,0,0
2025-09-07,Blockland,0,0,0,0,0,0,0,0,0,0,0,0,0,0,0
2025-09-07,Blumenthal,0,0,0,0,0,0,0,0,0,0,0,0,0,0,0
2025-09-07,Borgfeld,0,0,0,0,0,0,0,0,0,0,0,0,0,0,0
2025-09-07,Burglesum,0,0,0,0,0,0,0,0,0,0,0,0,0,0,0
2025-09-07,Findorff,0,0,0,0,0,0,0,0,0,0,0,0,0,0,0
2025-09-07,Gröpelingen,0,0,0,0,0,0,0,0,0,0,0,0,0,0,0
2025-09-07,Hemelingen,0,0,0,0,0,0,0,0,0,0,0,0,0,0,0
2025-09-07,Horn-Lehe,0,0,0,0,0,0,0,0,0,0,0,0,0,0,0
2025-09-07,Huchting,0,0,0,0,0,0,0,0,0,0,0,0,0,0,0
2025-09-07,Häfen,0,0,0,0,0,0,0,0,0,0,0,0,0,0,0
2025-09-07,Mitte,0,0,0,0,0,0,0,0,0,0,0,0,0,0,0
2025-09-07,Neustadt,0,0,0,0,0,0,0,0,0,0,0,0,0,0,0
2025-09-07,Oberneuland,0,0,0,0,0,0,0,0,0,0,0,0,0,0,0
2025-09-07,Obervieland,0,0,0,0,0,0,0,0,0,0,0,0,0,0,0
2025-09-07,Osterholz,0,0,0,0,0,0,0,0,0,0,0,0,0,0,0
2025-09-07,Schwachhausen,0,0,0,0,0,0,0,0,0,0,0,0,0,0,0
2025-09-07,Seehausen,0,0,0,0,0,0,0,0,0,0,0,0,0,0,0
2025-09-07,Strom,0,0,0,0,0,0,0,0,0,0,0,0,0,0,0
2025-09-07,Vahr,0,0,0,0,0,0,0,0,0,0,0,0,0,0,0
2025-09-07,Vegesack,0,0,0,0,0,0,0,0,0,0,0,0,0,0,0
2025-09-07,Walle,0,0,0,0,0,0,0,0,0,0,0,0,0,0,0
2025-09-07,Woltmershausen,0,0,0,0,0,0,0,0,0,0,0,0,0,0,0
2025-09-07,Östliche Vorstadt,0,0,0,0,0,0,0,0,0,0,0,0,0,0,0
2025-09-08,Blockland,0,0,0,0,0,0,0,0,0,0,0,0,0,0,0
2025-09-08,Blumenthal,0,0,0,0,0,0,0,0,0,0,0,0,0,0,0
2025-09-08,Borgfeld,0,0,0,0,0,0,0,0,0,0,0,0,0,0,0
2025-09-08,Burglesum,0,0,0,0,0,0,0,0,0,0,0,0,0,0,0
2025-09-08,Findorff,0,0,0,0,0,0,0,0,0,0,0,0,0,0,0
2025-09-08,Gröpelingen,0,0,0,0,0,0,0,0,0,0,0,0,0,0,0
2025-09-08,Hemelingen,0,0,0,0,0,0,0,0,0,0,0,0,0,0,0
2025-09-08,Horn-Lehe,0,0,0,0,0,0,0,0,0,0,0,0,0,0,0
2025-09-08,Huchting,0,0,0,0,0,0,0,0,0,0,0,0,0,0,0
2025-09-08,Häfen,0,0,0,0,0,0,0,0,0,0,0,0,0,0,0
2025-09-08,Mitte,0,0,0,0,0,0,0,0,0,0,0,0,0,0,0
2025-09-08,Neustadt,0,0,0,0,0,0,0,0,0,0,0,0,0,0,0
2025-09-08,Oberneuland,0,0,0,0,0,0,0,0,0,0,0,0,0,0,0
2025-09-08,Obervieland,0,0,0,0,0,0,0,0,0,0,0,0,0,0,0
2025-09-08,Osterholz,0,0,0,0,0,0,0,0,0,0,0,0,0,0,0
2025-09-08,Schwachhausen,0,0,0,0,0,0,0,0,0,0,0,0,0,0,0
2025-09-08,Seehausen,0,0,0,0,0,0,0,0,0,0,0,0,0,0,0
2025-09-08,Strom,0,0,0,0,0,0,0,0,0,0,0,0,0,0,0
2025-09-08,Vahr,0,0,0,0,0,0,0,0,0,0,0,0,0,0,0
2025-09-08,Vegesack,0,0,0,0,0,0,0,0,0,0,0,0,0,0,0
2025-09-08,Walle,0,0,0,0,0,0,0,0,0,0,0,0,0,0,0
2025-09-08,Woltmershausen,0,0,0,0,0,0,0,0,0,0,0,0,0,0,0
2025-09-08,Östliche Vorstadt,0,0,0,0,0,0,0,0,0,0,0,0,0,0,0
2025-09-09,Blockland,0,0,0,0,0,0,0,0,0,0,0,0,0,0,0
2025-09-09,Blumenthal,0,0,0,0,0,0,0,0,0,0,0,0,0,0,0
2025-09-09,Borgfeld,0,0,0,0,0,0,0,0,0,0,0,0,0,0,0
2025-09-09,Burglesum,0,0,0,0,0,0,0,0,0,0,0,0,0,0,0
2025-09-09,Findorff,0,0,0,0,0,0,0,0,0,0,0,0,0,0,0
2025-09-09,Gröpelingen,0,0,0,0,0,0,0,0,0,0,0,0,0,0,0
2025-09-09,Hemelingen,0,0,0,0,0,0,0,0,0,0,0,0,0,0,0
2025-09-09,Horn-Lehe,0,0,0,0,0,0,0,0,0,0,0,0,0,0,0
2025-09-09,Huchting,0,0,0,0,0,0,0,0,0,0,0,0,0,0,0
2025-09-09,Häfen,0,0,0,0,0,0,0,0,0,0,0,0,0,0,0
2025-09-09,Mitte,0,0,0,0,0,0,0,0,0,0,0,0,0,0,0
2025-09-09,Neustadt,0,0,0,0,0,0,0,0,0,0,0,0,0,0,0
2025-09-09,Oberneuland,0,0,0,0,0,0,0,0,0,0,0,0,0,0,0
2025-09-09,Obervieland,0,0,0,0,0,0,0,0,0,0,0,0,0,0,0
2025-09-09,Osterholz,0,0,0,0,0,0,0,0,0,0,0,0,0,0,0
2025-09-09,Schwachhausen,0,0,0,0,0,0,0,0,0,0,0,0,0,0,0
2025-09-09,Seehausen,0,0,0,0,0,0,0,0,0,0,0,0,0,0,0
2025-09-09,Strom,0,0,0,0,0,0,0,0,0,0,0,0,0,0,0
2025-09-09,Vahr,0,0,0,0,0,0,0,0,0,0,0,0,0,0,0
2025-09-09,Vegesack,0,0,0,0,0,0,0,0,0,0,0,0,0,0,0
2025-09-09,Walle,0,0,0,0,0,0,0,0,0,0,0,0,0,0,0
2025-09-09,Woltmershausen,0,0,0,0,0,0,0,0,0,0,0,0,0,0,0
2025-09-09,Östliche Vorstadt,0,0,0,0,0,0,0,0,0,0,0,0,0,0,0
2025-09-10,Blockland,0,0,0,0,0,0,0,0,0,0,0,0,0,0,0
2025-09-10,Blumenthal,0,0,0,0,0,0,0,0,0,0,0,0,0,0,0
2025-09-10,Borgfeld,0,0,0,0,0,0,0,0,0,0,0,0,0,0,0
2025-09-10,Burglesum,0,0,0,0,0,0,0,0,0,0,0,0,0,0,0
2025-09-10,Findorff,0,0,0,0,0,0,0,0,0,0,0,0,0,0,0
2025-09-10,Gröpelingen,0,0,0,0,0,0,0,0,0,0,0,0,0,0,0
2025-09-10,Hemelingen,0,0,0,0,0,0,0,0,0,0,0,0,0,0,0
2025-09-10,Horn-Lehe,0,0,0,0,0,0,0,0,0,0,0,0,0,0,0
2025-09-10,Huchting,0,0,0,0,0,0,0,0,0,0,0,0,0,0,0
2025-09-10,Häfen,0,0,0,0,0,0,0,0,0,0,0,0,0,0,0
2025-09-10,Mitte,0,0,0,0,0,0,0,0,0,0,0,0,0,0,0
2025-09-10,Neustadt,0,0,0,0,0,0,0,0,0,0,0,0,0,0,0
2025-09-10,Oberneuland,0,0,0,0,0,0,0,0,0,0,0,0,0,0,0
2025-09-10,Obervieland,0,0,0,0,0,0,0,0,0,0,0,0,0,0,0
2025-09-10,Osterholz,0,0,0,0,0,0,0,0,0,0,0,0,0,0,0
2025-09-10,Schwachhausen,0,0,0,0,0,0,0,0,0,0,0,0,0,0,0
2025-09-10,Seehausen,0,0,0,0,0,0,0,0,0,0,0,0,0,0,0
2025-09-10,Strom,0,0,0,0,0,0,0,0,0,0,0,0,0,0,0
2025-09-10,Vahr,0,0,0,0,0,0,0,0,0,0,0,0,0,0,0
2025-09-10,Vegesack,0,0,0,0,0,0,0,0,0,0,0,0,0,0,0
2025-09-10,Walle,0,0,0,0,0,0,0,0,0,0,0,0,0,0,0
2025-09-10,Woltmershausen,0,0,0,0,0,0,0,0,0,0,0,0,0,0,0
2025-09-10,Östliche Vorstadt,0,0,0,0,0,0,0,0,0,0,0,0,0,0,0
2025-09-11,Blockland,0,0,0,0,0,0,0,0,0,0,0,0,0,0,0
2025-09-11,Blumenthal,0,0,0,0,0,0,0,0,0,0,0,0,0,0,0
2025-09-11,Borgfeld,0,0,0,0,0,0,0,0,0,0,0,0,0,0,0
2025-09-11,Burglesum,0,0,0,0,0,0,0,0,0,0,0,0,0,0,0
2025-09-11,Findorff,0,0,0,0,0,0,0,0,0,0,0,0,0,0,0
2025-09-11,Gröpelingen,0,0,0,0,0,0,0,0,0,0,0,0,0,0,0
2025-09-11,Hemelingen,0,0,0,0,0,0,0,0,0,0,0,0,0,0,0
2025-09-11,Horn-Lehe,0,0,0,0,0,0,0,0,0,0,0,0,0,0,0
2025-09-11,Huchting,0,0,0,0,0,0,0,0,0,0,0,0,0,0,0
2025-09-11,Häfen,0,0,0,0,0,0,0,0,0,0,0,0,0,0,0
2025-09-11,Mitte,0,0,0,0,0,0,0,0,0,0,0,0,0,0,0
2025-09-11,Neustadt,2,0,0,1,0,0,0,0,0,1,0,0,0,0,0
2025-09-11,Oberneuland,0,0,0,0,0,0,0,0,0,0,0,0,0,0,0
2025-09-11,Obervieland,0,0,0,0,0,0,0,0,0,0,0,0,0,0,0
2025-09-11,Osterholz,0,0,0,0,0,0,0,0,0,0,0,0,0,0,0
2025-09-11,Schwachhausen,0,0,0,0,0,0,0,0,0,0,0,0,0,0,0
2025-09-11,Seehausen,0,0,0,0,0,0,0,0,0,0,0,0,0,0,0
2025-09-11,Strom,0,0,0,0,0,0,0,0,0,0,0,0,0,0,0
2025-09-11,Vahr,0,0,0,0,0,0,0,0,0,0,0,0,0,0,0
2025-09-11,Vegesack,0,0,0,0,0,0,0,0,0,0,0,0,0,0,0
2025-09-11,Walle,0,0,0,0,0,0,0,0,0,0,0,0,0,0,0
2025-09-11,Woltmershausen,0,0,0,0,0,0,0,0,0,0,0,0,0,0,0
2025-09-11,Östliche Vorstadt,0,0,0,0,0,0,0,0,0,0,0,0,0,0,0
2025-09-12,Blockland,0,0,0,0,0,0,0,0,0,0,0,0,0,0,0
2025-09-12,Blumenthal,0,0,0,0,0,0,0,0,0,0,0,0,0,0,0
2025-09-12,Borgfeld,0,0,0,0,0,0,0,0,0,0,0,0,0,0,0
2025-09-12,Burglesum,0,0,0,0,0,0,0,0,0,0,0,0,0,0,0
2025-09-12,Findorff,0,0,0,0,0,0,0,0,0,0,0,0,0,0,0
2025-09-12,Gröpelingen,0,0,0,0,0,0,0,0,0,0,0,0,0,0,0
2025-09-12,Hemelingen,0,0,0,0,0,0,0,0,0,0,0,0,0,0,0
2025-09-12,Horn-Lehe,0,0,0,0,0,0,0,0,0,0,0,0,0,0,0
2025-09-12,Huchting,0,0,0,0,0,0,0,0,0,0,0,0,0,0,0
2025-09-12,Häfen,0,0,0,0,0,0,0,0,0,0,0,0,0,0,0
2025-09-12,Mitte,0,0,0,0,0,0,0,0,0,0,0,0,0,0,0
2025-09-12,Neustadt,0,0,0,0,0,0,0,0,0,0,0,0,0,0,0
2025-09-12,Oberneuland,0,0,0,0,0,0,0,0,0,0,0,0,0,0,0
2025-09-12,Obervieland,0,0,0,0,0,0,0,0,0,0,0,0,0,0,0
2025-09-12,Osterholz,0,0,0,0,0,0,0,0,0,0,0,0,0,0,0
2025-09-12,Schwachhausen,0,0,0,0,0,0,0,0,0,0,0,0,0,0,0
2025-09-12,Seehausen,0,0,0,0,0,0,0,0,0,0,0,0,0,0,0
2025-09-12,Strom,0,0,0,0,0,0,0,0,0,0,0,0,0,0,0
2025-09-12,Vahr,0,0,0,0,0,0,0,0,0,0,0,0,0,0,0
2025-09-12,Vegesack,0,0,0,0,0,0,0,0,0,0,0,0,0,0,0
2025-09-12,Walle,0,0,0,0,0,0,0,0,0,0,0,0,0,0,0
2025-09-12,Woltmershausen,0,0,0,0,0,0,0,0,0,0,0,0,0,0,0
2025-09-12,Östliche Vorstadt,0,0,0,0,0,0,0,0,0,0,0,0,0,0,0
2025-09-13,Blockland,0,0,0,0,0,0,0,0,0,0,0,0,0,0,0
2025-09-13,Blumenthal,0,0,0,0,0,0,0,0,0,0,0,0,0,0,0
2025-09-13,Borgfeld,0,0,0,0,0,0,0,0,0,0,0,0,0,0,0
2025-09-13,Burglesum,0,0,0,0,0,0,0,0,0,0,0,0,0,0,0
2025-09-13,Findorff,0,0,0,0,0,0,0,0,0,0,0,0,0,0,0
2025-09-13,Gröpelingen,0,0,0,0,0,0,0,0,0,0,0,0,0,0,0
2025-09-13,Hemelingen,0,0,0,0,0,0,0,0,0,0,0,0,0,0,0
2025-09-13,Horn-Lehe,0,0,0,0,0,0,0,0,0,0,0,0,0,0,0
2025-09-13,Huchting,0,0,0,0,0,0,0,0,0,0,0,0,0,0,0
2025-09-13,Häfen,0,0,0,0,0,0,0,0,0,0,0,0,0,0,0
2025-09-13,Mitte,0,0,0,0,0,0,0,0,0,0,0,0,0,0,0
2025-09-13,Neustadt,0,0,0,0,0,0,0,0,0,0,0,0,0,0,0
2025-09-13,Oberneuland,0,0,0,0,0,0,0,0,0,0,0,0,0,0,0
2025-09-13,Obervieland,0,0,0,0,0,0,0,0,0,0,0,0,0,0,0
2025-09-13,Osterholz,0,0,0,0,0,0,0,0,0,0,0,0,0,0,0
2025-09-13,Schwachhausen,0,0,0,0,0,0,0,0,0,0,0,0,0,0,0
2025-09-13,Seehausen,0,0,0,0,0,0,0,0,0,0,0,0,0,0,0
2025-09-13,Strom,0,0,0,0,0,0,0,0,0,0,0,0,0,0,0
2025-09-13,Vahr,0,0,0,0,0,0,0,0,0,0,0,0,0,0,0
2025-09-13,Vegesack,0,0,0,0,0,0,0,0,0,0,0,0,0,0,0
2025-09-13,Walle,1,0,0,0,0,0,0,0,0,0,0,1,0,0,0
2025-09-13,Woltmershausen,0,0,0,0,0,0,0,0,0,0,0,0,0,0,0
2025-09-13,Östliche Vorstadt,0,0,0,0,0,0,0,0,0,0,0,0,0,0,0
2025-09-14,Blockland,0,0,0,0,0,0,0,0,0,0,0,0,0,0,0
2025-09-14,Blumenthal,0,0,0,0,0,0,0,0,0,0,0,0,0,0,0
2025-09-14,Borgfeld,0,0,0,0,0,0,0,0,0,0,0,0,0,0,0
2025-09-14,Burglesum,0,0,0,0,0,0,0,0,0,0,0,0,0,0,0
2025-09-14,Findorff,0,0,0,0,0,0,0,0,0,0,0,0,0,0,0
2025-09-14,Gröpelingen,0,0,0,0,0,0,0,0,0,0,0,0,0,0,0
2025-09-14,Hemelingen,0,0,0,0,0,0,0,0,0,0,0,0,0,0,0
2025-09-14,Horn-Lehe,0,0,0,0,0,0,0,0,0,0,0,0,0,0,0
2025-09-14,Huchting,0,0,0,0,0,0,0,0,0,0,0,0,0,0,0
2025-09-14,Häfen,0,0,0,0,0,0,0,0,0,0,0,0,0,0,0
2025-09-14,Mitte,0,0,0,0,0,0,0,0,0,0,0,0,0,0,0
2025-09-14,Neustadt,0,0,0,0,0,0,0,0,0,0,0,0,0,0,0
2025-09-14,Oberneuland,0,0,0,0,0,0,0,0,0,0,0,0,0,0,0
2025-09-14,Obervieland,0,0,0,0,0,0,0,0,0,0,0,0,0,0,0
2025-09-14,Osterholz,0,0,0,0,0,0,0,0,0,0,0,0,0,0,0
2025-09-14,Schwachhausen,0,0,0,0,0,0,0,0,0,0,0,0,0,0,0
2025-09-14,Seehausen,0,0,0,0,0,0,0,0,0,0,0,0,0,0,0
2025-09-14,Strom,0,0,0,0,0,0,0,0,0,0,0,0,0,0,0
2025-09-14,Vahr,0,0,0,0,0,0,0,0,0,0,0,0,0,0,0
2025-09-14,Vegesack,0,0,0,0,0,0,0,0,0,0,0,0,0,0,0
2025-09-14,Walle,0,0,0,0,0,0,0,0,0,0,0,0,0,0,0
2025-09-14,Woltmershausen,0,0,0,0,0,0,0,0,0,0,0,0,0,0,0
2025-09-14,Östliche Vorstadt,1,0,0,0,0,0,0,0,0,0,0,0,0,0,1
2025-09-15,Blockland,0,0,0,0,0,0,0,0,0,0,0,0,0,0,0
2025-09-15,Blumenthal,0,0,0,0,0,0,0,0,0,0,0,0,0,0,0
2025-09-15,Borgfeld,0,0,0,0,0,0,0,0,0,0,0,0,0,0,0
2025-09-15,Burglesum,0,0,0,0,0,0,0,0,0,0,0,0,0,0,0
2025-09-15,Findorff,0,0,0,0,0,0,0,0,0,0,0,0,0,0,0
2025-09-15,Gröpelingen,0,0,0,0,0,0,0,0,0,0,0,0,0,0,0
2025-09-15,Hemelingen,0,0,0,0,0,0,0,0,0,0,0,0,0,0,0
2025-09-15,Horn-Lehe,1,0,0,0,0,0,0,0,0,0,0,1,0,0,0
2025-09-15,Huchting,0,0,0,0,0,0,0,0,0,0,0,0,0,0,0
2025-09-15,Häfen,0,0,0,0,0,0,0,0,0,0,0,0,0,0,0
2025-09-15,Mitte,0,0,0,0,0,0,0,0,0,0,0,0,0,0,0
2025-09-15,Neustadt,0,0,0,0,0,0,0,0,0,0,0,0,0,0,0
2025-09-15,Oberneuland,0,0,0,0,0,0,0,0,0,0,0,0,0,0,0
2025-09-15,Obervieland,0,0,0,0,0,0,0,0,0,0,0,0,0,0,0
2025-09-15,Osterholz,0,0,0,0,0,0,0,0,0,0,0,0,0,0,0
2025-09-15,Schwachhausen,0,0,0,0,0,0,0,0,0,0,0,0,0,0,0
2025-09-15,Seehausen,0,0,0,0,0,0,0,0,0,0,0,0,0,0,0
2025-09-15,Strom,0,0,0,0,0,0,0,0,0,0,0,0,0,0,0
2025-09-15,Vahr,0,0,0,0,0,0,0,0,0,0,0,0,0,0,0
2025-09-15,Vegesack,0,0,0,0,0,0,0,0,0,0,0,0,0,0,0
2025-09-15,Walle,0,0,0,0,0,0,0,0,0,0,0,0,0,0,0
2025-09-15,Woltmershausen,0,0,0,0,0,0,0,0,0,0,0,0,0,0,0
2025-09-15,Östliche Vorstadt,0,0,0,0,0,0,0,0,0,0,0,0,0,0,0
2025-09-16,Blockland,0,0,0,0,0,0,0,0,0,0,0,0,0,0,0
2025-09-16,Blumenthal,0,0,0,0,0,0,0,0,0,0,0,0,0,0,0
2025-09-16,Borgfeld,0,0,0,0,0,0,0,0,0,0,0,0,0,0,0
2025-09-16,Burglesum,0,0,0,0,0,0,0,0,0,0,0,0,0,0,0
2025-09-16,Findorff,0,0,0,0,0,0,0,0,0,0,0,0,0,0,0
2025-09-16,Gröpelingen,0,0,0,0,0,0,0,0,0,0,0,0,0,0,0
2025-09-16,Hemelingen,0,0,0,0,0,0,0,0,0,0,0,0,0,0,0
2025-09-16,Horn-Lehe,1,0,0,0,0,0,0,0,0,1,0,0,0,0,0
2025-09-16,Huchting,0,0,0,0,0,0,0,0,0,0,0,0,0,0,0
2025-09-16,Häfen,0,0,0,0,0,0,0,0,0,0,0,0,0,0,0
2025-09-16,Mitte,1,0,1,0,0,0,0,0,0,0,0,0,0,0,0
2025-09-16,Neustadt,1,0,0,0,0,0,0,0,0,1,0,0,0,0,0
2025-09-16,Oberneuland,1,0,0,0,0,0,0,0,0,1,0,0,0,0,0
2025-09-16,Obervieland,0,0,0,0,0,0,0,0,0,0,0,0,0,0,0
2025-09-16,Osterholz,0,0,0,0,0,0,0,0,0,0,0,0,0,0,0
2025-09-16,Schwachhausen,0,0,0,0,0,0,0,0,0,0,0,0,0,0,0
2025-09-16,Seehausen,0,0,0,0,0,0,0,0,0,0,0,0,0,0,0
2025-09-16,Strom,0,0,0,0,0,0,0,0,0,0,0,0,0,0,0
2025-09-16,Vahr,0,0,0,0,0,0,0,0,0,0,0,0,0,0,0
2025-09-16,Vegesack,1,0,0,0,1,0,0,0,0,0,0,0,0,0,0
2025-09-16,Walle,0,0,0,0,0,0,0,0,0,0,0,0,0,0,0
2025-09-16,Woltmershausen,0,0,0,0,0,0,0,0,0,0,0,0,0,0,0
2025-09-16,Östliche Vorstadt,0,0,0,0,0,0,0,0,0,0,0,0,0,0,0
2025-09-17,Blockland,0,0,0,0,0,0,0,0,0,0,0,0,0,0,0
2025-09-17,Blumenthal,0,0,0,0,0,0,0,0,0,0,0,0,0,0,0
2025-09-17,Borgfeld,0,0,0,0,0,0,0,0,0,0,0,0,0,0,0
2025-09-17,Burglesum,0,0,0,0,0,0,0,0,0,0,0,0,0,0,0
2025-09-17,Findorff,0,0,0,0,0,0,0,0,0,0,0,0,0,0,0
2025-09-17,Gröpelingen,0,0,0,0,0,0,0,0,0,0,0,0,0,0,0
2025-09-17,Hemelingen,0,0,0,0,0,0,0,0,0,0,0,0,0,0,0
2025-09-17,Horn-Lehe,0,0,0,0,0,0,0,0,0,0,0,0,0,0,0
2025-09-17,Huchting,0,0,0,0,0,0,0,0,0,0,0,0,0,0,0
2025-09-17,Häfen,0,0,0,0,0,0,0,0,0,0,0,0,0,0,0
2025-09-17,Mitte,0,0,0,0,0,0,0,0,0,0,0,0,0,0,0
2025-09-17,Neustadt,0,0,0,0,0,0,0,0,0,0,0,0,0,0,0
2025-09-17,Oberneuland,0,0,0,0,0,0,0,0,0,0,0,0,0,0,0
2025-09-17,Obervieland,0,0,0,0,0,0,0,0,0,0,0,0,0,0,0
2025-09-17,Osterholz,1,0,0,0,0,0,0,0,0,0,0,1,0,0,0
2025-09-17,Schwachhausen,0,0,0,0,0,0,0,0,0,0,0,0,0,0,0
2025-09-17,Seehausen,0,0,0,0,0,0,0,0,0,0,0,0,0,0,0
2025-09-17,Strom,0,0,0,0,0,0,0,0,0,0,0,0,0,0,0
2025-09-17,Vahr,0,0,0,0,0,0,0,0,0,0,0,0,0,0,0
2025-09-17,Vegesack,0,0,0,0,0,0,0,0,0,0,0,0,0,0,0
2025-09-17,Walle,0,0,0,0,0,0,0,0,0,0,0,0,0,0,0
2025-09-17,Woltmershausen,0,0,0,0,0,0,0,0,0,0,0,0,0,0,0
2025-09-17,Östliche Vorstadt,0,0,0,0,0,0,0,0,0,0,0,0,0,0,0
2025-09-18,Blockland,0,0,0,0,0,0,0,0,0,0,0,0,0,0,0
2025-09-18,Blumenthal,0,0,0,0,0,0,0,0,0,0,0,0,0,0,0
2025-09-18,Borgfeld,0,0,0,0,0,0,0,0,0,0,0,0,0,0,0
2025-09-18,Burglesum,0,0,0,0,0,0,0,0,0,0,0,0,0,0,0
2025-09-18,Findorff,0,0,0,0,0,0,0,0,0,0,0,0,0,0,0
2025-09-18,Gröpelingen,0,0,0,0,0,0,0,0,0,0,0,0,0,0,0
2025-09-18,Hemelingen,0,0,0,0,0,0,0,0,0,0,0,0,0,0,0
2025-09-18,Horn-Lehe,0,0,0,0,0,0,0,0,0,0,0,0,0,0,0
2025-09-18,Huchting,0,0,0,0,0,0,0,0,0,0,0,0,0,0,0
2025-09-18,Häfen,0,0,0,0,0,0,0,0,0,0,0,0,0,0,0
2025-09-18,Mitte,0,0,0,0,0,0,0,0,0,0,0,0,0,0,0
2025-09-18,Neustadt,0,0,0,0,0,0,0,0,0,0,0,0,0,0,0
2025-09-18,Oberneuland,0,0,0,0,0,0,0,0,0,0,0,0,0,0,0
2025-09-18,Obervieland,0,0,0,0,0,0,0,0,0,0,0,0,0,0,0
2025-09-18,Osterholz,1,0,0,0,0,0,0,0,0,1,0,0,0,0,0
2025-09-18,Schwachhausen,0,0,0,0,0,0,0,0,0,0,0,0,0,0,0
2025-09-18,Seehausen,0,0,0,0,0,0,0,0,0,0,0,0,0,0,0
2025-09-18,Strom,0,0,0,0,0,0,0,0,0,0,0,0,0,0,0
2025-09-18,Vahr,0,0,0,0,0,0,0,0,0,0,0,0,0,0,0
2025-09-18,Vegesack,1,0,0,0,0,0,1,0,0,0,0,0,0,0,0
2025-09-18,Walle,0,0,0,0,0,0,0,0,0,0,0,0,0,0,0
2025-09-18,Woltmershausen,0,0,0,0,0,0,0,0,0,0,0,0,0,0,0
2025-09-18,Östliche Vorstadt,0,0,0,0,0,0,0,0,0,0,0,0,0,0,0
2025-09-19,Blockland,0,0,0,0,0,0,0,0,0,0,0,0,0,0,0
2025-09-19,Blumenthal,0,0,0,0,0,0,0,0,0,0,0,0,0,0,0
2025-09-19,Borgfeld,0,0,0,0,0,0,0,0,0,0,0,0,0,0,0
2025-09-19,Burglesum,0,0,0,0,0,0,0,0,0,0,0,0,0,0,0
2025-09-19,Findorff,0,0,0,0,0,0,0,0,0,0,0,0,0,0,0
2025-09-19,Gröpelingen,0,0,0,0,0,0,0,0,0,0,0,0,0,0,0
2025-09-19,Hemelingen,0,0,0,0,0,0,0,0,0,0,0,0,0,0,0
2025-09-19,Horn-Lehe,0,0,0,0,0,0,0,0,0,0,0,0,0,0,0
2025-09-19,Huchting,0,0,0,0,0,0,0,0,0,0,0,0,0,0,0
2025-09-19,Häfen,0,0,0,0,0,0,0,0,0,0,0,0,0,0,0
2025-09-19,Mitte,0,0,0,0,0,0,0,0,0,0,0,0,0,0,0
2025-09-19,Neustadt,0,0,0,0,0,0,0,0,0,0,0,0,0,0,0
2025-09-19,Oberneuland,0,0,0,0,0,0,0,0,0,0,0,0,0,0,0
2025-09-19,Obervieland,0,0,0,0,0,0,0,0,0,0,0,0,0,0,0
2025-09-19,Osterholz,0,0,0,0,0,0,0,0,0,0,0,0,0,0,0
2025-09-19,Schwachhausen,0,0,0,0,0,0,0,0,0,0,0,0,0,0,0
2025-09-19,Seehausen,0,0,0,0,0,0,0,0,0,0,0,0,0,0,0
2025-09-19,Strom,0,0,0,0,0,0,0,0,0,0,0,0,0,0,0
2025-09-19,Vahr,0,0,0,0,0,0,0,0,0,0,0,0,0,0,0
2025-09-19,Vegesack,0,0,0,0,0,0,0,0,0,0,0,0,0,0,0
2025-09-19,Walle,0,0,0,0,0,0,0,0,0,0,0,0,0,0,0
2025-09-19,Woltmershausen,0,0,0,0,0,0,0,0,0,0,0,0,0,0,0
2025-09-19,Östliche Vorstadt,0,0,0,0,0,0,0,0,0,0,0,0,0,0,0
2025-09-20,Blockland,0,0,0,0,0,0,0,0,0,0,0,0,0,0,0
2025-09-20,Blumenthal,0,0,0,0,0,0,0,0,0,0,0,0,0,0,0
2025-09-20,Borgfeld,0,0,0,0,0,0,0,0,0,0,0,0,0,0,0
2025-09-20,Burglesum,0,0,0,0,0,0,0,0,0,0,0,0,0,0,0
2025-09-20,Findorff,0,0,0,0,0,0,0,0,0,0,0,0,0,0,0
2025-09-20,Gröpelingen,0,0,0,0,0,0,0,0,0,0,0,0,0,0,0
2025-09-20,Hemelingen,0,0,0,0,0,0,0,0,0,0,0,0,0,0,0
2025-09-20,Horn-Lehe,0,0,0,0,0,0,0,0,0,0,0,0,0,0,0
2025-09-20,Huchting,0,0,0,0,0,0,0,0,0,0,0,0,0,0,0
2025-09-20,Häfen,0,0,0,0,0,0,0,0,0,0,0,0,0,0,0
2025-09-20,Mitte,3,0,0,0,0,0,0,1,0,0,0,2,0,0,0
2025-09-20,Neustadt,0,0,0,0,0,0,0,0,0,0,0,0,0,0,0
2025-09-20,Oberneuland,0,0,0,0,0,0,0,0,0,0,0,0,0,0,0
2025-09-20,Obervieland,0,0,0,0,0,0,0,0,0,0,0,0,0,0,0
2025-09-20,Osterholz,1,0,0,0,0,0,0,0,0,1,0,0,0,0,0
2025-09-20,Schwachhausen,0,0,0,0,0,0,0,0,0,0,0,0,0,0,0
2025-09-20,Seehausen,0,0,0,0,0,0,0,0,0,0,0,0,0,0,0
2025-09-20,Strom,0,0,0,0,0,0,0,0,0,0,0,0,0,0,0
2025-09-20,Vahr,0,0,0,0,0,0,0,0,0,0,0,0,0,0,0
2025-09-20,Vegesack,0,0,0,0,0,0,0,0,0,0,0,0,0,0,0
2025-09-20,Walle,0,0,0,0,0,0,0,0,0,0,0,0,0,0,0
2025-09-20,Woltmershausen,0,0,0,0,0,0,0,0,0,0,0,0,0,0,0
2025-09-20,Östliche Vorstadt,0,0,0,0,0,0,0,0,0,0,0,0,0,0,0
2025-09-21,Blockland,0,0,0,0,0,0,0,0,0,0,0,0,0,0,0
2025-09-21,Blumenthal,0,0,0,0,0,0,0,0,0,0,0,0,0,0,0
2025-09-21,Borgfeld,0,0,0,0,0,0,0,0,0,0,0,0,0,0,0
2025-09-21,Burglesum,0,0,0,0,0,0,0,0,0,0,0,0,0,0,0
2025-09-21,Findorff,0,0,0,0,0,0,0,0,0,0,0,0,0,0,0
2025-09-21,Gröpelingen,0,0,0,0,0,0,0,0,0,0,0,0,0,0,0
2025-09-21,Hemelingen,0,0,0,0,0,0,0,0,0,0,0,0,0,0,0
2025-09-21,Horn-Lehe,0,0,0,0,0,0,0,0,0,0,0,0,0,0,0
2025-09-21,Huchting,0,0,0,0,0,0,0,0,0,0,0,0,0,0,0
2025-09-21,Häfen,0,0,0,0,0,0,0,0,0,0,0,0,0,0,0
2025-09-21,Mitte,1,0,0,0,0,0,0,0,1,0,0,0,0,0,0
2025-09-21,Neustadt,0,0,0,0,0,0,0,0,0,0,0,0,0,0,0
2025-09-21,Oberneuland,0,0,0,0,0,0,0,0,0,0,0,0,0,0,0
2025-09-21,Obervieland,0,0,0,0,0,0,0,0,0,0,0,0,0,0,0
2025-09-21,Osterholz,0,0,0,0,0,0,0,0,0,0,0,0,0,0,0
2025-09-21,Schwachhausen,0,0,0,0,0,0,0,0,0,0,0,0,0,0,0
2025-09-21,Seehausen,0,0,0,0,0,0,0,0,0,0,0,0,0,0,0
2025-09-21,Strom,0,0,0,0,0,0,0,0,0,0,0,0,0,0,0
2025-09-21,Vahr,0,0,0,0,0,0,0,0,0,0,0,0,0,0,0
2025-09-21,Vegesack,0,0,0,0,0,0,0,0,0,0,0,0,0,0,0
2025-09-21,Walle,0,0,0,0,0,0,0,0,0,0,0,0,0,0,0
2025-09-21,Woltmershausen,0,0,0,0,0,0,0,0,0,0,0,0,0,0,0
2025-09-21,Östliche Vorstadt,0,0,0,0,0,0,0,0,0,0,0,0,0,0,0
2025-09-22,Blockland,0,0,0,0,0,0,0,0,0,0,0,0,0,0,0
2025-09-22,Blumenthal,0,0,0,0,0,0,0,0,0,0,0,0,0,0,0
2025-09-22,Borgfeld,0,0,0,0,0,0,0,0,0,0,0,0,0,0,0
2025-09-22,Burglesum,0,0,0,0,0,0,0,0,0,0,0,0,0,0,0
2025-09-22,Findorff,0,0,0,0,0,0,0,0,0,0,0,0,0,0,0
2025-09-22,Gröpelingen,0,0,0,0,0,0,0,0,0,0,0,0,0,0,0
2025-09-22,Hemelingen,0,0,0,0,0,0,0,0,0,0,0,0,0,0,0
2025-09-22,Horn-Lehe,0,0,0,0,0,0,0,0,0,0,0,0,0,0,0
2025-09-22,Huchting,0,0,0,0,0,0,0,0,0,0,0,0,0,0,0
2025-09-22,Häfen,0,0,0,0,0,0,0,0,0,0,0,0,0,0,0
2025-09-22,Mitte,0,0,0,0,0,0,0,0,0,0,0,0,0,0,0
2025-09-22,Neustadt,1,0,0,1,0,0,0,0,0,0,0,0,0,0,0
2025-09-22,Oberneuland,0,0,0,0,0,0,0,0,0,0,0,0,0,0,0
2025-09-22,Obervieland,0,0,0,0,0,0,0,0,0,0,0,0,0,0,0
2025-09-22,Osterholz,0,0,0,0,0,0,0,0,0,0,0,0,0,0,0
2025-09-22,Schwachhausen,0,0,0,0,0,0,0,0,0,0,0,0,0,0,0
2025-09-22,Seehausen,0,0,0,0,0,0,0,0,0,0,0,0,0,0,0
2025-09-22,Strom,0,0,0,0,0,0,0,0,0,0,0,0,0,0,0
2025-09-22,Vahr,0,0,0,0,0,0,0,0,0,0,0,0,0,0,0
2025-09-22,Vegesack,0,0,0,0,0,0,0,0,0,0,0,0,0,0,0
2025-09-22,Walle,0,0,0,0,0,0,0,0,0,0,0,0,0,0,0
2025-09-22,Woltmershausen,0,0,0,0,0,0,0,0,0,0,0,0,0,0,0
2025-09-22,Östliche Vorstadt,0,0,0,0,0,0,0,0,0,0,0,0,0,0,0
2025-09-23,Blockland,0,0,0,0,0,0,0,0,0,0,0,0,0,0,0
2025-09-23,Blumenthal,0,0,0,0,0,0,0,0,0,0,0,0,0,0,0
2025-09-23,Borgfeld,0,0,0,0,0,0,0,0,0,0,0,0,0,0,0
2025-09-23,Burglesum,0,0,0,0,0,0,0,0,0,0,0,0,0,0,0
2025-09-23,Findorff,0,0,0,0,0,0,0,0,0,0,0,0,0,0,0
2025-09-23,Gröpelingen,0,0,0,0,0,0,0,0,0,0,0,0,0,0,0
2025-09-23,Hemelingen,0,0,0,0,0,0,0,0,0,0,0,0,0,0,0
2025-09-23,Horn-Lehe,0,0,0,0,0,0,0,0,0,0,0,0,0,0,0
2025-09-23,Huchting,0,0,0,0,0,0,0,0,0,0,0,0,0,0,0
2025-09-23,Häfen,0,0,0,0,0,0,0,0,0,0,0,0,0,0,0
2025-09-23,Mitte,0,0,0,0,0,0,0,0,0,0,0,0,0,0,0
2025-09-23,Neustadt,0,0,0,0,0,0,0,0,0,0,0,0,0,0,0
2025-09-23,Oberneuland,0,0,0,0,0,0,0,0,0,0,0,0,0,0,0
2025-09-23,Obervieland,0,0,0,0,0,0,0,0,0,0,0,0,0,0,0
2025-09-23,Osterholz,0,0,0,0,0,0,0,0,0,0,0,0,0,0,0
2025-09-23,Schwachhausen,0,0,0,0,0,0,0,0,0,0,0,0,0,0,0
2025-09-23,Seehausen,0,0,0,0,0,0,0,0,0,0,0,0,0,0,0
2025-09-23,Strom,0,0,0,0,0,0,0,0,0,0,0,0,0,0,0
2025-09-23,Vahr,0,0,0,0,0,0,0,0,0,0,0,0,0,0,0
2025-09-23,Vegesack,1,0,0,0,0,0,0,0,0,0,0,1,0,0,0
2025-09-23,Walle,0,0,0,0,0,0,0,0,0,0,0,0,0,0,0
2025-09-23,Woltmershausen,0,0,0,0,0,0,0,0,0,0,0,0,0,0,0
2025-09-23,Östliche Vorstadt,0,0,0,0,0,0,0,0,0,0,0,0,0,0,0
2025-09-24,Blockland,0,0,0,0,0,0,0,0,0,0,0,0,0,0,0
2025-09-24,Blumenthal,0,0,0,0,0,0,0,0,0,0,0,0,0,0,0
2025-09-24,Borgfeld,0,0,0,0,0,0,0,0,0,0,0,0,0,0,0
2025-09-24,Burglesum,0,0,0,0,0,0,0,0,0,0,0,0,0,0,0
2025-09-24,Findorff,0,0,0,0,0,0,0,0,0,0,0,0,0,0,0
2025-09-24,Gröpelingen,0,0,0,0,0,0,0,0,0,0,0,0,0,0,0
2025-09-24,Hemelingen,0,0,0,0,0,0,0,0,0,0,0,0,0,0,0
2025-09-24,Horn-Lehe,0,0,0,0,0,0,0,0,0,0,0,0,0,0,0
2025-09-24,Huchting,0,0,0,0,0,0,0,0,0,0,0,0,0,0,0
2025-09-24,Häfen,0,0,0,0,0,0,0,0,0,0,0,0,0,0,0
2025-09-24,Mitte,1,0,0,1,0,0,0,0,0,0,0,0,0,0,0
2025-09-24,Neustadt,1,0,0,1,0,0,0,0,0,0,0,0,0,0,0
2025-09-24,Oberneuland,0,0,0,0,0,0,0,0,0,0,0,0,0,0,0
2025-09-24,Obervieland,0,0,0,0,0,0,0,0,0,0,0,0,0,0,0
2025-09-24,Osterholz,0,0,0,0,0,0,0,0,0,0,0,0,0,0,0
2025-09-24,Schwachhausen,0,0,0,0,0,0,0,0,0,0,0,0,0,0,0
2025-09-24,Seehausen,0,0,0,0,0,0,0,0,0,0,0,0,0,0,0
2025-09-24,Strom,0,0,0,0,0,0,0,0,0,0,0,0,0,0,0
2025-09-24,Vahr,0,0,0,0,0,0,0,0,0,0,0,0,0,0,0
2025-09-24,Vegesack,0,0,0,0,0,0,0,0,0,0,0,0,0,0,0
2025-09-24,Walle,0,0,0,0,0,0,0,0,0,0,0,0,0,0,0
2025-09-24,Woltmershausen,1,0,0,0,0,0,0,0,0,0,0,1,0,0,0
2025-09-24,Östliche Vorstadt,1,0,0,1,0,0,0,0,0,0,0,0,0,0,0
2025-09-25,Blockland,0,0,0,0,0,0,0,0,0,0,0,0,0,0,0
2025-09-25,Blumenthal,0,0,0,0,0,0,0,0,0,0,0,0,0,0,0
2025-09-25,Borgfeld,0,0,0,0,0,0,0,0,0,0,0,0,0,0,0
2025-09-25,Burglesum,0,0,0,0,0,0,0,0,0,0,0,0,0,0,0
2025-09-25,Findorff,0,0,0,0,0,0,0,0,0,0,0,0,0,0,0
2025-09-25,Gröpelingen,0,0,0,0,0,0,0,0,0,0,0,0,0,0,0
2025-09-25,Hemelingen,0,0,0,0,0,0,0,0,0,0,0,0,0,0,0
2025-09-25,Horn-Lehe,0,0,0,0,0,0,0,0,0,0,0,0,0,0,0
2025-09-25,Huchting,0,0,0,0,0,0,0,0,0,0,0,0,0,0,0
2025-09-25,Häfen,0,0,0,0,0,0,0,0,0,0,0,0,0,0,0
2025-09-25,Mitte,0,0,0,0,0,0,0,0,0,0,0,0,0,0,0
2025-09-25,Neustadt,1,0,0,0,0,0,0,0,0,0,0,1,0,0,0
2025-09-25,Oberneuland,0,0,0,0,0,0,0,0,0,0,0,0,0,0,0
2025-09-25,Obervieland,0,0,0,0,0,0,0,0,0,0,0,0,0,0,0
2025-09-25,Osterholz,0,0,0,0,0,0,0,0,0,0,0,0,0,0,0
2025-09-25,Schwachhausen,0,0,0,0,0,0,0,0,0,0,0,0,0,0,0
2025-09-25,Seehausen,0,0,0,0,0,0,0,0,0,0,0,0,0,0,0
2025-09-25,Strom,0,0,0,0,0,0,0,0,0,0,0,0,0,0,0
2025-09-25,Vahr,0,0,0,0,0,0,0,0,0,0,0,0,0,0,0
2025-09-25,Vegesack,0,0,0,0,0,0,0,0,0,0,0,0,0,0,0
2025-09-25,Walle,0,0,0,0,0,0,0,0,0,0,0,0,0,0,0
2025-09-25,Woltmershausen,0,0,0,0,0,0,0,0,0,0,0,0,0,0,0
2025-09-25,Östliche Vorstadt,0,0,0,0,0,0,0,0,0,0,0,0,0,0,0
2025-09-26,Blockland,0,0,0,0,0,0,0,0,0,0,0,0,0,0,0
2025-09-26,Blumenthal,0,0,0,0,0,0,0,0,0,0,0,0,0,0,0
2025-09-26,Borgfeld,0,0,0,0,0,0,0,0,0,0,0,0,0,0,0
2025-09-26,Burglesum,0,0,0,0,0,0,0,0,0,0,0,0,0,0,0
2025-09-26,Findorff,0,0,0,0,0,0,0,0,0,0,0,0,0,0,0
2025-09-26,Gröpelingen,0,0,0,0,0,0,0,0,0,0,0,0,0,0,0
2025-09-26,Hemelingen,1,0,0,0,0,0,0,0,0,0,0,1,0,0,0
2025-09-26,Horn-Lehe,0,0,0,0,0,0,0,0,0,0,0,0,0,0,0
2025-09-26,Huchting,0,0,0,0,0,0,0,0,0,0,0,0,0,0,0
2025-09-26,Häfen,0,0,0,0,0,0,0,0,0,0,0,0,0,0,0
2025-09-26,Mitte,2,0,0,1,0,0,0,0,1,0,0,0,0,0,0
2025-09-26,Neustadt,0,0,0,0,0,0,0,0,0,0,0,0,0,0,0
2025-09-26,Oberneuland,0,0,0,0,0,0,0,0,0,0,0,0,0,0,0
2025-09-26,Obervieland,0,0,0,0,0,0,0,0,0,0,0,0,0,0,0
2025-09-26,Osterholz,1,1,0,0,0,0,0,0,0,0,0,0,0,0,0
2025-09-26,Schwachhausen,0,0,0,0,0,0,0,0,0,0,0,0,0,0,0
2025-09-26,Seehausen,0,0,0,0,0,0,0,0,0,0,0,0,0,0,0
2025-09-26,Strom,0,0,0,0,0,0,0,0,0,0,0,0,0,0,0
2025-09-26,Vahr,0,0,0,0,0,0,0,0,0,0,0,0,0,0,0
2025-09-26,Vegesack,0,0,0,0,0,0,0,0,0,0,0,0,0,0,0
2025-09-26,Walle,0,0,0,0,0,0,0,0,0,0,0,0,0,0,0
2025-09-26,Woltmershausen,0,0,0,0,0,0,0,0,0,0,0,0,0,0,0
2025-09-26,Östliche Vorstadt,1,0,0,1,0,0,0,0,0,0,0,0,0,0,0
2025-09-27,Blockland,0,0,0,0,0,0,0,0,0,0,0,0,0,0,0
2025-09-27,Blumenthal,0,0,0,0,0,0,0,0,0,0,0,0,0,0,0
2025-09-27,Borgfeld,0,0,0,0,0,0,0,0,0,0,0,0,0,0,0
2025-09-27,Burglesum,0,0,0,0,0,0,0,0,0,0,0,0,0,0,0
2025-09-27,Findorff,0,0,0,0,0,0,0,0,0,0,0,0,0,0,0
2025-09-27,Gröpelingen,0,0,0,0,0,0,0,0,0,0,0,0,0,0,0
2025-09-27,Hemelingen,0,0,0,0,0,0,0,0,0,0,0,0,0,0,0
2025-09-27,Horn-Lehe,0,0,0,0,0,0,0,0,0,0,0,0,0,0,0
2025-09-27,Huchting,0,0,0,0,0,0,0,0,0,0,0,0,0,0,0
2025-09-27,Häfen,0,0,0,0,0,0,0,0,0,0,0,0,0,0,0
2025-09-27,Mitte,0,0,0,0,0,0,0,0,0,0,0,0,0,0,0
2025-09-27,Neustadt,0,0,0,0,0,0,0,0,0,0,0,0,0,0,0
2025-09-27,Oberneuland,0,0,0,0,0,0,0,0,0,0,0,0,0,0,0
2025-09-27,Obervieland,0,0,0,0,0,0,0,0,0,0,0,0,0,0,0
2025-09-27,Osterholz,0,0,0,0,0,0,0,0,0,0,0,0,0,0,0
2025-09-27,Schwachhausen,0,0,0,0,0,0,0,0,0,0,0,0,0,0,0
2025-09-27,Seehausen,0,0,0,0,0,0,0,0,0,0,0,0,0,0,0
2025-09-27,Strom,0,0,0,0,0,0,0,0,0,0,0,0,0,0,0
2025-09-27,Vahr,0,0,0,0,0,0,0,0,0,0,0,0,0,0,0
2025-09-27,Vegesack,0,0,0,0,0,0,0,0,0,0,0,0,0,0,0
2025-09-27,Walle,0,0,0,0,0,0,0,0,0,0,0,0,0,0,0
2025-09-27,Woltmershausen,0,0,0,0,0,0,0,0,0,0,0,0,0,0,0
2025-09-27,Östliche Vorstadt,0,0,0,0,0,0,0,0,0,0,0,0,0,0,0
2025-09-28,Blockland,0,0,0,0,0,0,0,0,0,0,0,0,0,0,0
2025-09-28,Blumenthal,0,0,0,0,0,0,0,0,0,0,0,0,0,0,0
2025-09-28,Borgfeld,0,0,0,0,0,0,0,0,0,0,0,0,0,0,0
2025-09-28,Burglesum,0,0,0,0,0,0,0,0,0,0,0,0,0,0,0
2025-09-28,Findorff,0,0,0,0,0,0,0,0,0,0,0,0,0,0,0
2025-09-28,Gröpelingen,1,0,0,0,0,0,0,0,0,0,0,0,0,0,1
2025-09-28,Hemelingen,0,0,0,0,0,0,0,0,0,0,0,0,0,0,0
2025-09-28,Horn-Lehe,0,0,0,0,0,0,0,0,0,0,0,0,0,0,0
2025-09-28,Huchting,0,0,0,0,0,0,0,0,0,0,0,0,0,0,0
2025-09-28,Häfen,0,0,0,0,0,0,0,0,0,0,0,0,0,0,0
2025-09-28,Mitte,0,0,0,0,0,0,0,0,0,0,0,0,0,0,0
2025-09-28,Neustadt,0,0,0,0,0,0,0,0,0,0,0,0,0,0,0
2025-09-28,Oberneuland,0,0,0,0,0,0,0,0,0,0,0,0,0,0,0
2025-09-28,Obervieland,0,0,0,0,0,0,0,0,0,0,0,0,0,0,0
2025-09-28,Osterholz,0,0,0,0,0,0,0,0,0,0,0,0,0,0,0
2025-09-28,Schwachhausen,0,0,0,0,0,0,0,0,0,0,0,0,0,0,0
2025-09-28,Seehausen,0,0,0,0,0,0,0,0,0,0,0,0,0,0,0
2025-09-28,Strom,0,0,0,0,0,0,0,0,0,0,0,0,0,0,0
2025-09-28,Vahr,0,0,0,0,0,0,0,0,0,0,0,0,0,0,0
2025-09-28,Vegesack,0,0,0,0,0,0,0,0,0,0,0,0,0,0,0
2025-09-28,Walle,0,0,0,0,0,0,0,0,0,0,0,0,0,0,0
2025-09-28,Woltmershausen,0,0,0,0,0,0,0,0,0,0,0,0,0,0,0
2025-09-28,Östliche Vorstadt,0,0,0,0,0,0,0,0,0,0,0,0,0,0,0
2025-09-29,Blockland,0,0,0,0,0,0,0,0,0,0,0,0,0,0,0
2025-09-29,Blumenthal,0,0,0,0,0,0,0,0,0,0,0,0,0,0,0
2025-09-29,Borgfeld,0,0,0,0,0,0,0,0,0,0,0,0,0,0,0
2025-09-29,Burglesum,0,0,0,0,0,0,0,0,0,0,0,0,0,0,0
2025-09-29,Findorff,0,0,0,0,0,0,0,0,0,0,0,0,0,0,0
2025-09-29,Gröpelingen,0,0,0,0,0,0,0,0,0,0,0,0,0,0,0
2025-09-29,Hemelingen,1,0,0,0,0,0,0,0,1,0,0,0,0,0,0
2025-09-29,Horn-Lehe,0,0,0,0,0,0,0,0,0,0,0,0,0,0,0
2025-09-29,Huchting,0,0,0,0,0,0,0,0,0,0,0,0,0,0,0
2025-09-29,Häfen,0,0,0,0,0,0,0,0,0,0,0,0,0,0,0
2025-09-29,Mitte,0,0,0,0,0,0,0,0,0,0,0,0,0,0,0
2025-09-29,Neustadt,0,0,0,0,0,0,0,0,0,0,0,0,0,0,0
2025-09-29,Oberneuland,0,0,0,0,0,0,0,0,0,0,0,0,0,0,0
2025-09-29,Obervieland,0,0,0,0,0,0,0,0,0,0,0,0,0,0,0
2025-09-29,Osterholz,0,0,0,0,0,0,0,0,0,0,0,0,0,0,0
2025-09-29,Schwachhausen,0,0,0,0,0,0,0,0,0,0,0,0,0,0,0
2025-09-29,Seehausen,0,0,0,0,0,0,0,0,0,0,0,0,0,0,0
2025-09-29,Strom,0,0,0,0,0,0,0,0,0,0,0,0,0,0,0
2025-09-29,Vahr,0,0,0,0,0,0,0,0,0,0,0,0,0,0,0
2025-09-29,Vegesack,0,0,0,0,0,0,0,0,0,0,0,0,0,0,0
2025-09-29,Walle,0,0,0,0,0,0,0,0,0,0,0,0,0,0,0
2025-09-29,Woltmershausen,0,0,0,0,0,0,0,0,0,0,0,0,0,0,0
2025-09-29,Östliche Vorstadt,0,0,0,0,0,0,0,0,0,0,0,0,0,0,0
2025-09-30,Blockland,0,0,0,0,0,0,0,0,0,0,0,0,0,0,0
2025-09-30,Blumenthal,0,0,0,0,0,0,0,0,0,0,0,0,0,0,0
2025-09-30,Borgfeld,0,0,0,0,0,0,0,0,0,0,0,0,0,0,0
2025-09-30,Burglesum,0,0,0,0,0,0,0,0,0,0,0,0,0,0,0
2025-09-30,Findorff,0,0,0,0,0,0,0,0,0,0,0,0,0,0,0
2025-09-30,Gröpelingen,1,0,0,0,0,0,0,0,1,0,0,0,0,0,0
2025-09-30,Hemelingen,0,0,0,0,0,0,0,0,0,0,0,0,0,0,0
2025-09-30,Horn-Lehe,0,0,0,0,0,0,0,0,0,0,0,0,0,0,0
2025-09-30,Huchting,0,0,0,0,0,0,0,0,0,0,0,0,0,0,0
2025-09-30,Häfen,0,0,0,0,0,0,0,0,0,0,0,0,0,0,0
2025-09-30,Mitte,0,0,0,0,0,0,0,0,0,0,0,0,0,0,0
2025-09-30,Neustadt,0,0,0,0,0,0,0,0,0,0,0,0,0,0,0
2025-09-30,Oberneuland,0,0,0,0,0,0,0,0,0,0,0,0,0,0,0
2025-09-30,Obervieland,0,0,0,0,0,0,0,0,0,0,0,0,0,0,0
2025-09-30,Osterholz,0,0,0,0,0,0,0,0,0,0,0,0,0,0,0
2025-09-30,Schwachhausen,0,0,0,0,0,0,0,0,0,0,0,0,0,0,0
2025-09-30,Seehausen,0,0,0,0,0,0,0,0,0,0,0,0,0,0,0
2025-09-30,Strom,0,0,0,0,0,0,0,0,0,0,0,0,0,0,0
2025-09-30,Vahr,0,0,0,0,0,0,0,0,0,0,0,0,0,0,0
2025-09-30,Vegesack,0,0,0,0,0,0,0,0,0,0,0,0,0,0,0
2025-09-30,Walle,0,0,0,0,0,0,0,0,0,0,0,0,0,0,0
2025-09-30,Woltmershausen,0,0,0,0,0,0,0,0,0,0,0,0,0,0,0
2025-09-30,Östliche Vorstadt,1,0,0,0,1,0,0,0,0,0,0,0,0,0,0
2025-10-01,Blockland,0,0,0,0,0,0,0,0,0,0,0,0,0,0,0
2025-10-01,Blumenthal,0,0,0,0,0,0,0,0,0,0,0,0,0,0,0
2025-10-01,Borgfeld,0,0,0,0,0,0,0,0,0,0,0,0,0,0,0
2025-10-01,Burglesum,0,0,0,0,0,0,0,0,0,0,0,0,0,0,0
2025-10-01,Findorff,0,0,0,0,0,0,0,0,0,0,0,0,0,0,0
2025-10-01,Gröpelingen,0,0,0,0,0,0,0,0,0,0,0,0,0,0,0
2025-10-01,Hemelingen,1,0,0,0,0,0,0,0,1,0,0,0,0,0,0
2025-10-01,Horn-Lehe,0,0,0,0,0,0,0,0,0,0,0,0,0,0,0
2025-10-01,Huchting,0,0,0,0,0,0,0,0,0,0,0,0,0,0,0
2025-10-01,Häfen,0,0,0,0,0,0,0,0,0,0,0,0,0,0,0
2025-10-01,Mitte,0,0,0,0,0,0,0,0,0,0,0,0,0,0,0
2025-10-01,Neustadt,0,0,0,0,0,0,0,0,0,0,0,0,0,0,0
2025-10-01,Oberneuland,0,0,0,0,0,0,0,0,0,0,0,0,0,0,0
2025-10-01,Obervieland,0,0,0,0,0,0,0,0,0,0,0,0,0,0,0
2025-10-01,Osterholz,1,1,0,0,0,0,0,0,0,0,0,0,0,0,0
2025-10-01,Schwachhausen,0,0,0,0,0,0,0,0,0,0,0,0,0,0,0
2025-10-01,Seehausen,0,0,0,0,0,0,0,0,0,0,0,0,0,0,0
2025-10-01,Strom,0,0,0,0,0,0,0,0,0,0,0,0,0,0,0
2025-10-01,Vahr,0,0,0,0,0,0,0,0,0,0,0,0,0,0,0
2025-10-01,Vegesack,0,0,0,0,0,0,0,0,0,0,0,0,0,0,0
2025-10-01,Walle,0,0,0,0,0,0,0,0,0,0,0,0,0,0,0
2025-10-01,Woltmershausen,0,0,0,0,0,0,0,0,0,0,0,0,0,0,0
2025-10-01,Östliche Vorstadt,0,0,0,0,0,0,0,0,0,0,0,0,0,0,0
2025-10-02,Blockland,0,0,0,0,0,0,0,0,0,0,0,0,0,0,0
2025-10-02,Blumenthal,0,0,0,0,0,0,0,0,0,0,0,0,0,0,0
2025-10-02,Borgfeld,0,0,0,0,0,0,0,0,0,0,0,0,0,0,0
2025-10-02,Burglesum,0,0,0,0,0,0,0,0,0,0,0,0,0,0,0
2025-10-02,Findorff,0,0,0,0,0,0,0,0,0,0,0,0,0,0,0
2025-10-02,Gröpelingen,0,0,0,0,0,0,0,0,0,0,0,0,0,0,0
2025-10-02,Hemelingen,0,0,0,0,0,0,0,0,0,0,0,0,0,0,0
2025-10-02,Horn-Lehe,0,0,0,0,0,0,0,0,0,0,0,0,0,0,0
2025-10-02,Huchting,0,0,0,0,0,0,0,0,0,0,0,0,0,0,0
2025-10-02,Häfen,0,0,0,0,0,0,0,0,0,0,0,0,0,0,0
2025-10-02,Mitte,0,0,0,0,0,0,0,0,0,0,0,0,0,0,0
2025-10-02,Neustadt,0,0,0,0,0,0,0,0,0,0,0,0,0,0,0
2025-10-02,Oberneuland,0,0,0,0,0,0,0,0,0,0,0,0,0,0,0
2025-10-02,Obervieland,0,0,0,0,0,0,0,0,0,0,0,0,0,0,0
2025-10-02,Osterholz,0,0,0,0,0,0,0,0,0,0,0,0,0,0,0
2025-10-02,Schwachhausen,0,0,0,0,0,0,0,0,0,0,0,0,0,0,0
2025-10-02,Seehausen,0,0,0,0,0,0,0,0,0,0,0,0,0,0,0
2025-10-02,Strom,0,0,0,0,0,0,0,0,0,0,0,0,0,0,0
2025-10-02,Vahr,0,0,0,0,0,0,0,0,0,0,0,0,0,0,0
2025-10-02,Vegesack,0,0,0,0,0,0,0,0,0,0,0,0,0,0,0
2025-10-02,Walle,0,0,0,0,0,0,0,0,0,0,0,0,0,0,0
2025-10-02,Woltmershausen,0,0,0,0,0,0,0,0,0,0,0,0,0,0,0
2025-10-02,Östliche Vorstadt,0,0,0,0,0,0,0,0,0,0,0,0,0,0,0
2025-10-03,Blockland,0,0,0,0,0,0,0,0,0,0,0,0,0,0,0
2025-10-03,Blumenthal,0,0,0,0,0,0,0,0,0,0,0,0,0,0,0
2025-10-03,Borgfeld,0,0,0,0,0,0,0,0,0,0,0,0,0,0,0
2025-10-03,Burglesum,0,0,0,0,0,0,0,0,0,0,0,0,0,0,0
2025-10-03,Findorff,0,0,0,0,0,0,0,0,0,0,0,0,0,0,0
2025-10-03,Gröpelingen,0,0,0,0,0,0,0,0,0,0,0,0,0,0,0
2025-10-03,Hemelingen,0,0,0,0,0,0,0,0,0,0,0,0,0,0,0
2025-10-03,Horn-Lehe,0,0,0,0,0,0,0,0,0,0,0,0,0,0,0
2025-10-03,Huchting,0,0,0,0,0,0,0,0,0,0,0,0,0,0,0
2025-10-03,Häfen,0,0,0,0,0,0,0,0,0,0,0,0,0,0,0
2025-10-03,Mitte,1,0,0,0,1,0,0,0,0,0,0,0,0,0,0
2025-10-03,Neustadt,0,0,0,0,0,0,0,0,0,0,0,0,0,0,0
2025-10-03,Oberneuland,0,0,0,0,0,0,0,0,0,0,0,0,0,0,0
2025-10-03,Obervieland,0,0,0,0,0,0,0,0,0,0,0,0,0,0,0
2025-10-03,Osterholz,0,0,0,0,0,0,0,0,0,0,0,0,0,0,0
2025-10-03,Schwachhausen,0,0,0,0,0,0,0,0,0,0,0,0,0,0,0
2025-10-03,Seehausen,0,0,0,0,0,0,0,0,0,0,0,0,0,0,0
2025-10-03,Strom,0,0,0,0,0,0,0,0,0,0,0,0,0,0,0
2025-10-03,Vahr,1,0,0,0,0,0,0,0,0,1,0,0,0,0,0
2025-10-03,Vegesack,0,0,0,0,0,0,0,0,0,0,0,0,0,0,0
2025-10-03,Walle,0,0,0,0,0,0,0,0,0,0,0,0,0,0,0
2025-10-03,Woltmershausen,0,0,0,0,0,0,0,0,0,0,0,0,0,0,0
2025-10-03,Östliche Vorstadt,0,0,0,0,0,0,0,0,0,0,0,0,0,0,0
2025-10-04,Blockland,0,0,0,0,0,0,0,0,0,0,0,0,0,0,0
2025-10-04,Blumenthal,1,0,0,0,0,0,0,0,1,0,0,0,0,0,0
2025-10-04,Borgfeld,0,0,0,0,0,0,0,0,0,0,0,0,0,0,0
2025-10-04,Burglesum,0,0,0,0,0,0,0,0,0,0,0,0,0,0,0
2025-10-04,Findorff,0,0,0,0,0,0,0,0,0,0,0,0,0,0,0
2025-10-04,Gröpelingen,0,0,0,0,0,0,0,0,0,0,0,0,0,0,0
2025-10-04,Hemelingen,0,0,0,0,0,0,0,0,0,0,0,0,0,0,0
2025-10-04,Horn-Lehe,0,0,0,0,0,0,0,0,0,0,0,0,0,0,0
2025-10-04,Huchting,0,0,0,0,0,0,0,0,0,0,0,0,0,0,0
2025-10-04,Häfen,0,0,0,0,0,0,0,0,0,0,0,0,0,0,0
2025-10-04,Mitte,2,0,0,1,0,0,0,1,0,0,0,0,0,0,0
2025-10-04,Neustadt,0,0,0,0,0,0,0,0,0,0,0,0,0,0,0
2025-10-04,Oberneuland,0,0,0,0,0,0,0,0,0,0,0,0,0,0,0
2025-10-04,Obervieland,0,0,0,0,0,0,0,0,0,0,0,0,0,0,0
2025-10-04,Osterholz,1,0,0,0,0,0,0,0,0,0,0,0,0,0,1
2025-10-04,Schwachhausen,1,0,0,0,0,0,0,0,0,0,0,1,0,0,0
2025-10-04,Seehausen,0,0,0,0,0,0,0,0,0,0,0,0,0,0,0
2025-10-04,Strom,0,0,0,0,0,0,0,0,0,0,0,0,0,0,0
2025-10-04,Vahr,1,1,0,0,0,0,0,0,0,0,0,0,0,0,0
2025-10-04,Vegesack,0,0,0,0,0,0,0,0,0,0,0,0,0,0,0
2025-10-04,Walle,0,0,0,0,0,0,0,0,0,0,0,0,0,0,0
2025-10-04,Woltmershausen,0,0,0,0,0,0,0,0,0,0,0,0,0,0,0
2025-10-04,Östliche Vorstadt,0,0,0,0,0,0,0,0,0,0,0,0,0,0,0
2025-10-05,Blockland,0,0,0,0,0,0,0,0,0,0,0,0,0,0,0
2025-10-05,Blumenthal,0,0,0,0,0,0,0,0,0,0,0,0,0,0,0
2025-10-05,Borgfeld,0,0,0,0,0,0,0,0,0,0,0,0,0,0,0
2025-10-05,Burglesum,0,0,0,0,0,0,0,0,0,0,0,0,0,0,0
2025-10-05,Findorff,0,0,0,0,0,0,0,0,0,0,0,0,0,0,0
2025-10-05,Gröpelingen,0,0,0,0,0,0,0,0,0,0,0,0,0,0,0
2025-10-05,Hemelingen,0,0,0,0,0,0,0,0,0,0,0,0,0,0,0
2025-10-05,Horn-Lehe,1,0,0,0,0,0,0,0,0,1,0,0,0,0,0
2025-10-05,Huchting,0,0,0,0,0,0,0,0,0,0,0,0,0,0,0
2025-10-05,Häfen,0,0,0,0,0,0,0,0,0,0,0,0,0,0,0
2025-10-05,Mitte,0,0,0,0,0,0,0,0,0,0,0,0,0,0,0
2025-10-05,Neustadt,0,0,0,0,0,0,0,0,0,0,0,0,0,0,0
2025-10-05,Oberneuland,0,0,0,0,0,0,0,0,0,0,0,0,0,0,0
2025-10-05,Obervieland,0,0,0,0,0,0,0,0,0,0,0,0,0,0,0
2025-10-05,Osterholz,0,0,0,0,0,0,0,0,0,0,0,0,0,0,0
2025-10-05,Schwachhausen,0,0,0,0,0,0,0,0,0,0,0,0,0,0,0
2025-10-05,Seehausen,0,0,0,0,0,0,0,0,0,0,0,0,0,0,0
2025-10-05,Strom,0,0,0,0,0,0,0,0,0,0,0,0,0,0,0
2025-10-05,Vahr,0,0,0,0,0,0,0,0,0,0,0,0,0,0,0
2025-10-05,Vegesack,0,0,0,0,0,0,0,0,0,0,0,0,0,0,0
2025-10-05,Walle,0,0,0,0,0,0,0,0,0,0,0,0,0,0,0
2025-10-05,Woltmershausen,0,0,0,0,0,0,0,0,0,0,0,0,0,0,0
2025-10-05,Östliche Vorstadt,0,0,0,0,0,0,0,0,0,0,0,0,0,0,0
2025-10-06,Blockland,0,0,0,0,0,0,0,0,0,0,0,0,0,0,0
2025-10-06,Blumenthal,0,0,0,0,0,0,0,0,0,0,0,0,0,0,0
2025-10-06,Borgfeld,0,0,0,0,0,0,0,0,0,0,0,0,0,0,0
2025-10-06,Burglesum,0,0,0,0,0,0,0,0,0,0,0,0,0,0,0
2025-10-06,Findorff,0,0,0,0,0,0,0,0,0,0,0,0,0,0,0
2025-10-06,Gröpelingen,0,0,0,0,0,0,0,0,0,0,0,0,0,0,0
2025-10-06,Hemelingen,0,0,0,0,0,0,0,0,0,0,0,0,0,0,0
2025-10-06,Horn-Lehe,0,0,0,0,0,0,0,0,0,0,0,0,0,0,0
2025-10-06,Huchting,0,0,0,0,0,0,0,0,0,0,0,0,0,0,0
2025-10-06,Häfen,0,0,0,0,0,0,0,0,0,0,0,0,0,0,0
2025-10-06,Mitte,0,0,0,0,0,0,0,0,0,0,0,0,0,0,0
2025-10-06,Neustadt,1,0,0,0,0,0,0,0,1,0,0,0,0,0,0
2025-10-06,Oberneuland,0,0,0,0,0,0,0,0,0,0,0,0,0,0,0
2025-10-06,Obervieland,0,0,0,0,0,0,0,0,0,0,0,0,0,0,0
2025-10-06,Osterholz,0,0,0,0,0,0,0,0,0,0,0,0,0,0,0
2025-10-06,Schwachhausen,0,0,0,0,0,0,0,0,0,0,0,0,0,0,0
2025-10-06,Seehausen,0,0,0,0,0,0,0,0,0,0,0,0,0,0,0
2025-10-06,Strom,0,0,0,0,0,0,0,0,0,0,0,0,0,0,0
2025-10-06,Vahr,0,0,0,0,0,0,0,0,0,0,0,0,0,0,0
2025-10-06,Vegesack,0,0,0,0,0,0,0,0,0,0,0,0,0,0,0
2025-10-06,Walle,0,0,0,0,0,0,0,0,0,0,0,0,0,0,0
2025-10-06,Woltmershausen,0,0,0,0,0,0,0,0,0,0,0,0,0,0,0
2025-10-06,Östliche Vorstadt,0,0,0,0,0,0,0,0,0,0,0,0,0,0,0
2025-10-07,Blockland,0,0,0,0,0,0,0,0,0,0,0,0,0,0,0
2025-10-07,Blumenthal,0,0,0,0,0,0,0,0,0,0,0,0,0,0,0
2025-10-07,Borgfeld,0,0,0,0,0,0,0,0,0,0,0,0,0,0,0
2025-10-07,Burglesum,0,0,0,0,0,0,0,0,0,0,0,0,0,0,0
2025-10-07,Findorff,0,0,0,0,0,0,0,0,0,0,0,0,0,0,0
2025-10-07,Gröpelingen,1,1,0,0,0,0,0,0,0,0,0,0,0,0,0
2025-10-07,Hemelingen,0,0,0,0,0,0,0,0,0,0,0,0,0,0,0
2025-10-07,Horn-Lehe,0,0,0,0,0,0,0,0,0,0,0,0,0,0,0
2025-10-07,Huchting,0,0,0,0,0,0,0,0,0,0,0,0,0,0,0
2025-10-07,Häfen,0,0,0,0,0,0,0,0,0,0,0,0,0,0,0
2025-10-07,Mitte,0,0,0,0,0,0,0,0,0,0,0,0,0,0,0
2025-10-07,Neustadt,0,0,0,0,0,0,0,0,0,0,0,0,0,0,0
2025-10-07,Oberneuland,0,0,0,0,0,0,0,0,0,0,0,0,0,0,0
2025-10-07,Obervieland,0,0,0,0,0,0,0,0,0,0,0,0,0,0,0
2025-10-07,Osterholz,0,0,0,0,0,0,0,0,0,0,0,0,0,0,0
2025-10-07,Schwachhausen,0,0,0,0,0,0,0,0,0,0,0,0,0,0,0
2025-10-07,Seehausen,0,0,0,0,0,0,0,0,0,0,0,0,0,0,0
2025-10-07,Strom,0,0,0,0,0,0,0,0,0,0,0,0,0,0,0
2025-10-07,Vahr,0,0,0,0,0,0,0,0,0,0,0,0,0,0,0
2025-10-07,Vegesack,0,0,0,0,0,0,0,0,0,0,0,0,0,0,0
2025-10-07,Walle,1,0,0,0,0,0,1,0,0,0,0,0,0,0,0
2025-10-07,Woltmershausen,0,0,0,0,0,0,0,0,0,0,0,0,0,0,0
2025-10-07,Östliche Vorstadt,0,0,0,0,0,0,0,0,0,0,0,0,0,0,0
2025-10-08,Blockland,0,0,0,0,0,0,0,0,0,0,0,0,0,0,0
2025-10-08,Blumenthal,0,0,0,0,0,0,0,0,0,0,0,0,0,0,0
2025-10-08,Borgfeld,0,0,0,0,0,0,0,0,0,0,0,0,0,0,0
2025-10-08,Burglesum,0,0,0,0,0,0,0,0,0,0,0,0,0,0,0
2025-10-08,Findorff,0,0,0,0,0,0,0,0,0,0,0,0,0,0,0
2025-10-08,Gröpelingen,0,0,0,0,0,0,0,0,0,0,0,0,0,0,0
2025-10-08,Hemelingen,1,0,0,0,0,0,0,0,0,0,0,0,0,1,0
2025-10-08,Horn-Lehe,0,0,0,0,0,0,0,0,0,0,0,0,0,0,0
2025-10-08,Huchting,0,0,0,0,0,0,0,0,0,0,0,0,0,0,0
2025-10-08,Häfen,0,0,0,0,0,0,0,0,0,0,0,0,0,0,0
2025-10-08,Mitte,1,0,0,0,0,0,0,1,0,0,0,0,0,0,0
2025-10-08,Neustadt,0,0,0,0,0,0,0,0,0,0,0,0,0,0,0
2025-10-08,Oberneuland,0,0,0,0,0,0,0,0,0,0,0,0,0,0,0
2025-10-08,Obervieland,0,0,0,0,0,0,0,0,0,0,0,0,0,0,0
2025-10-08,Osterholz,0,0,0,0,0,0,0,0,0,0,0,0,0,0,0
2025-10-08,Schwachhausen,0,0,0,0,0,0,0,0,0,0,0,0,0,0,0
2025-10-08,Seehausen,0,0,0,0,0,0,0,0,0,0,0,0,0,0,0
2025-10-08,Strom,0,0,0,0,0,0,0,0,0,0,0,0,0,0,0
2025-10-08,Vahr,1,0,0,0,0,0,0,0,0,0,0,0,1,0,0
2025-10-08,Vegesack,0,0,0,0,0,0,0,0,0,0,0,0,0,0,0
2025-10-08,Walle,0,0,0,0,0,0,0,0,0,0,0,0,0,0,0
2025-10-08,Woltmershausen,0,0,0,0,0,0,0,0,0,0,0,0,0,0,0
2025-10-08,Östliche Vorstadt,0,0,0,0,0,0,0,0,0,0,0,0,0,0,0
2025-10-09,Blockland,0,0,0,0,0,0,0,0,0,0,0,0,0,0,0
2025-10-09,Blumenthal,0,0,0,0,0,0,0,0,0,0,0,0,0,0,0
2025-10-09,Borgfeld,0,0,0,0,0,0,0,0,0,0,0,0,0,0,0
2025-10-09,Burglesum,0,0,0,0,0,0,0,0,0,0,0,0,0,0,0
2025-10-09,Findorff,0,0,0,0,0,0,0,0,0,0,0,0,0,0,0
2025-10-09,Gröpelingen,0,0,0,0,0,0,0,0,0,0,0,0,0,0,0
2025-10-09,Hemelingen,0,0,0,0,0,0,0,0,0,0,0,0,0,0,0
2025-10-09,Horn-Lehe,1,0,0,0,0,0,0,0,0,0,0,0,1,0,0
2025-10-09,Huchting,0,0,0,0,0,0,0,0,0,0,0,0,0,0,0
2025-10-09,Häfen,0,0,0,0,0,0,0,0,0,0,0,0,0,0,0
2025-10-09,Mitte,0,0,0,0,0,0,0,0,0,0,0,0,0,0,0
2025-10-09,Neustadt,0,0,0,0,0,0,0,0,0,0,0,0,0,0,0
2025-10-09,Oberneuland,0,0,0,0,0,0,0,0,0,0,0,0,0,0,0
2025-10-09,Obervieland,0,0,0,0,0,0,0,0,0,0,0,0,0,0,0
2025-10-09,Osterholz,1,0,0,0,1,0,0,0,0,0,0,0,0,0,0
2025-10-09,Schwachhausen,0,0,0,0,0,0,0,0,0,0,0,0,0,0,0
2025-10-09,Seehausen,0,0,0,0,0,0,0,0,0,0,0,0,0,0,0
2025-10-09,Strom,0,0,0,0,0,0,0,0,0,0,0,0,0,0,0
2025-10-09,Vahr,0,0,0,0,0,0,0,0,0,0,0,0,0,0,0
2025-10-09,Vegesack,0,0,0,0,0,0,0,0,0,0,0,0,0,0,0
2025-10-09,Walle,0,0,0,0,0,0,0,0,0,0,0,0,0,0,0
2025-10-09,Woltmershausen,0,0,0,0,0,0,0,0,0,0,0,0,0,0,0
2025-10-09,Östliche Vorstadt,0,0,0,0,0,0,0,0,0,0,0,0,0,0,0
2025-10-10,Blockland,0,0,0,0,0,0,0,0,0,0,0,0,0,0,0
2025-10-10,Blumenthal,0,0,0,0,0,0,0,0,0,0,0,0,0,0,0
2025-10-10,Borgfeld,0,0,0,0,0,0,0,0,0,0,0,0,0,0,0
2025-10-10,Burglesum,0,0,0,0,0,0,0,0,0,0,0,0,0,0,0
2025-10-10,Findorff,0,0,0,0,0,0,0,0,0,0,0,0,0,0,0
2025-10-10,Gröpelingen,0,0,0,0,0,0,0,0,0,0,0,0,0,0,0
2025-10-10,Hemelingen,0,0,0,0,0,0,0,0,0,0,0,0,0,0,0
2025-10-10,Horn-Lehe,0,0,0,0,0,0,0,0,0,0,0,0,0,0,0
2025-10-10,Huchting,0,0,0,0,0,0,0,0,0,0,0,0,0,0,0
2025-10-10,Häfen,0,0,0,0,0,0,0,0,0,0,0,0,0,0,0
2025-10-10,Mitte,0,0,0,0,0,0,0,0,0,0,0,0,0,0,0
2025-10-10,Neustadt,1,0,0,0,0,0,0,0,0,0,0,0,1,0,0
2025-10-10,Oberneuland,0,0,0,0,0,0,0,0,0,0,0,0,0,0,0
2025-10-10,Obervieland,0,0,0,0,0,0,0,0,0,0,0,0,0,0,0
2025-10-10,Osterholz,0,0,0,0,0,0,0,0,0,0,0,0,0,0,0
2025-10-10,Schwachhausen,0,0,0,0,0,0,0,0,0,0,0,0,0,0,0
2025-10-10,Seehausen,0,0,0,0,0,0,0,0,0,0,0,0,0,0,0
2025-10-10,Strom,0,0,0,0,0,0,0,0,0,0,0,0,0,0,0
2025-10-10,Vahr,0,0,0,0,0,0,0,0,0,0,0,0,0,0,0
2025-10-10,Vegesack,0,0,0,0,0,0,0,0,0,0,0,0,0,0,0
2025-10-10,Walle,2,0,0,0,0,0,0,0,0,0,0,2,0,0,0
2025-10-10,Woltmershausen,1,0,0,0,1,0,0,0,0,0,0,0,0,0,0
2025-10-10,Östliche Vorstadt,1,0,0,0,0,0,0,0,0,0,0,1,0,0,0
2025-10-11,Blockland,0,0,0,0,0,0,0,0,0,0,0,0,0,0,0
2025-10-11,Blumenthal,0,0,0,0,0,0,0,0,0,0,0,0,0,0,0
2025-10-11,Borgfeld,0,0,0,0,0,0,0,0,0,0,0,0,0,0,0
2025-10-11,Burglesum,0,0,0,0,0,0,0,0,0,0,0,0,0,0,0
2025-10-11,Findorff,0,0,0,0,0,0,0,0,0,0,0,0,0,0,0
2025-10-11,Gröpelingen,0,0,0,0,0,0,0,0,0,0,0,0,0,0,0
2025-10-11,Hemelingen,0,0,0,0,0,0,0,0,0,0,0,0,0,0,0
2025-10-11,Horn-Lehe,0,0,0,0,0,0,0,0,0,0,0,0,0,0,0
2025-10-11,Huchting,0,0,0,0,0,0,0,0,0,0,0,0,0,0,0
2025-10-11,Häfen,0,0,0,0,0,0,0,0,0,0,0,0,0,0,0
2025-10-11,Mitte,1,0,0,0,0,0,1,0,0,0,0,0,0,0,0
2025-10-11,Neustadt,0,0,0,0,0,0,0,0,0,0,0,0,0,0,0
2025-10-11,Oberneuland,0,0,0,0,0,0,0,0,0,0,0,0,0,0,0
2025-10-11,Obervieland,0,0,0,0,0,0,0,0,0,0,0,0,0,0,0
2025-10-11,Osterholz,0,0,0,0,0,0,0,0,0,0,0,0,0,0,0
2025-10-11,Schwachhausen,1,0,0,0,0,0,0,1,0,0,0,0,0,0,0
2025-10-11,Seehausen,0,0,0,0,0,0,0,0,0,0,0,0,0,0,0
2025-10-11,Strom,0,0,0,0,0,0,0,0,0,0,0,0,0,0,0
2025-10-11,Vahr,0,0,0,0,0,0,0,0,0,0,0,0,0,0,0
2025-10-11,Vegesack,0,0,0,0,0,0,0,0,0,0,0,0,0,0,0
2025-10-11,Walle,0,0,0,0,0,0,0,0,0,0,0,0,0,0,0
2025-10-11,Woltmershausen,0,0,0,0,0,0,0,0,0,0,0,0,0,0,0
2025-10-11,Östliche Vorstadt,0,0,0,0,0,0,0,0,0,0,0,0,0,0,0
2025-10-12,Blockland,0,0,0,0,0,0,0,0,0,0,0,0,0,0,0
2025-10-12,Blumenthal,1,0,1,0,0,0,0,0,0,0,0,0,0,0,0
2025-10-12,Borgfeld,0,0,0,0,0,0,0,0,0,0,0,0,0,0,0
2025-10-12,Burglesum,0,0,0,0,0,0,0,0,0,0,0,0,0,0,0
2025-10-12,Findorff,0,0,0,0,0,0,0,0,0,0,0,0,0,0,0
2025-10-12,Gröpelingen,0,0,0,0,0,0,0,0,0,0,0,0,0,0,0
2025-10-12,Hemelingen,0,0,0,0,0,0,0,0,0,0,0,0,0,0,0
2025-10-12,Horn-Lehe,0,0,0,0,0,0,0,0,0,0,0,0,0,0,0
2025-10-12,Huchting,0,0,0,0,0,0,0,0,0,0,0,0,0,0,0
2025-10-12,Häfen,0,0,0,0,0,0,0,0,0,0,0,0,0,0,0
2025-10-12,Mitte,2,0,0,0,1,0,0,0,0,0,0,0,1,0,0
2025-10-12,Neustadt,0,0,0,0,0,0,0,0,0,0,0,0,0,0,0
2025-10-12,Oberneuland,0,0,0,0,0,0,0,0,0,0,0,0,0,0,0
2025-10-12,Obervieland,0,0,0,0,0,0,0,0,0,0,0,0,0,0,0
2025-10-12,Osterholz,0,0,0,0,0,0,0,0,0,0,0,0,0,0,0
2025-10-12,Schwachhausen,1,0,0,0,1,0,0,0,0,0,0,0,0,0,0
2025-10-12,Seehausen,0,0,0,0,0,0,0,0,0,0,0,0,0,0,0
2025-10-12,Strom,0,0,0,0,0,0,0,0,0,0,0,0,0,0,0
2025-10-12,Vahr,0,0,0,0,0,0,0,0,0,0,0,0,0,0,0
2025-10-12,Vegesack,0,0,0,0,0,0,0,0,0,0,0,0,0,0,0
2025-10-12,Walle,0,0,0,0,0,0,0,0,0,0,0,0,0,0,0
2025-10-12,Woltmershausen,0,0,0,0,0,0,0,0,0,0,0,0,0,0,0
2025-10-12,Östliche Vorstadt,0,0,0,0,0,0,0,0,0,0,0,0,0,0,0
2025-10-13,Blockland,0,0,0,0,0,0,0,0,0,0,0,0,0,0,0
2025-10-13,Blumenthal,0,0,0,0,0,0,0,0,0,0,0,0,0,0,0
2025-10-13,Borgfeld,0,0,0,0,0,0,0,0,0,0,0,0,0,0,0
2025-10-13,Burglesum,0,0,0,0,0,0,0,0,0,0,0,0,0,0,0
2025-10-13,Findorff,0,0,0,0,0,0,0,0,0,0,0,0,0,0,0
2025-10-13,Gröpelingen,0,0,0,0,0,0,0,0,0,0,0,0,0,0,0
2025-10-13,Hemelingen,0,0,0,0,0,0,0,0,0,0,0,0,0,0,0
2025-10-13,Horn-Lehe,0,0,0,0,0,0,0,0,0,0,0,0,0,0,0
2025-10-13,Huchting,0,0,0,0,0,0,0,0,0,0,0,0,0,0,0
2025-10-13,Häfen,0,0,0,0,0,0,0,0,0,0,0,0,0,0,0
2025-10-13,Mitte,0,0,0,0,0,0,0,0,0,0,0,0,0,0,0
2025-10-13,Neustadt,0,0,0,0,0,0,0,0,0,0,0,0,0,0,0
2025-10-13,Oberneuland,0,0,0,0,0,0,0,0,0,0,0,0,0,0,0
2025-10-13,Obervieland,0,0,0,0,0,0,0,0,0,0,0,0,0,0,0
2025-10-13,Osterholz,1,0,0,0,0,0,0,0,0,0,0,1,0,0,0
2025-10-13,Schwachhausen,0,0,0,0,0,0,0,0,0,0,0,0,0,0,0
2025-10-13,Seehausen,0,0,0,0,0,0,0,0,0,0,0,0,0,0,0
2025-10-13,Strom,0,0,0,0,0,0,0,0,0,0,0,0,0,0,0
2025-10-13,Vahr,0,0,0,0,0,0,0,0,0,0,0,0,0,0,0
2025-10-13,Vegesack,0,0,0,0,0,0,0,0,0,0,0,0,0,0,0
2025-10-13,Walle,0,0,0,0,0,0,0,0,0,0,0,0,0,0,0
2025-10-13,Woltmershausen,0,0,0,0,0,0,0,0,0,0,0,0,0,0,0
2025-10-13,Östliche Vorstadt,0,0,0,0,0,0,0,0,0,0,0,0,0,0,0
2025-10-14,Blockland,0,0,0,0,0,0,0,0,0,0,0,0,0,0,0
2025-10-14,Blumenthal,0,0,0,0,0,0,0,0,0,0,0,0,0,0,0
2025-10-14,Borgfeld,0,0,0,0,0,0,0,0,0,0,0,0,0,0,0
2025-10-14,Burglesum,0,0,0,0,0,0,0,0,0,0,0,0,0,0,0
2025-10-14,Findorff,0,0,0,0,0,0,0,0,0,0,0,0,0,0,0
2025-10-14,Gröpelingen,0,0,0,0,0,0,0,0,0,0,0,0,0,0,0
2025-10-14,Hemelingen,0,0,0,0,0,0,0,0,0,0,0,0,0,0,0
2025-10-14,Horn-Lehe,0,0,0,0,0,0,0,0,0,0,0,0,0,0,0
2025-10-14,Huchting,1,0,0,0,0,0,0,0,1,0,0,0,0,0,0
2025-10-14,Häfen,0,0,0,0,0,0,0,0,0,0,0,0,0,0,0
2025-10-14,Mitte,0,0,0,0,0,0,0,0,0,0,0,0,0,0,0
2025-10-14,Neustadt,0,0,0,0,0,0,0,0,0,0,0,0,0,0,0
2025-10-14,Oberneuland,0,0,0,0,0,0,0,0,0,0,0,0,0,0,0
2025-10-14,Obervieland,0,0,0,0,0,0,0,0,0,0,0,0,0,0,0
2025-10-14,Osterholz,0,0,0,0,0,0,0,0,0,0,0,0,0,0,0
2025-10-14,Schwachhausen,0,0,0,0,0,0,0,0,0,0,0,0,0,0,0
2025-10-14,Seehausen,0,0,0,0,0,0,0,0,0,0,0,0,0,0,0
2025-10-14,Strom,0,0,0,0,0,0,0,0,0,0,0,0,0,0,0
2025-10-14,Vahr,0,0,0,0,0,0,0,0,0,0,0,0,0,0,0
2025-10-14,Vegesack,0,0,0,0,0,0,0,0,0,0,0,0,0,0,0
2025-10-14,Walle,1,0,0,0,0,0,0,0,1,0,0,0,0,0,0
2025-10-14,Woltmershausen,0,0,0,0,0,0,0,0,0,0,0,0,0,0,0
2025-10-14,Östliche Vorstadt,0,0,0,0,0,0,0,0,0,0,0,0,0,0,0
2025-10-15,Blockland,0,0,0,0,0,0,0,0,0,0,0,0,0,0,0
2025-10-15,Blumenthal,0,0,0,0,0,0,0,0,0,0,0,0,0,0,0
2025-10-15,Borgfeld,0,0,0,0,0,0,0,0,0,0,0,0,0,0,0
2025-10-15,Burglesum,0,0,0,0,0,0,0,0,0,0,0,0,0,0,0
2025-10-15,Findorff,0,0,0,0,0,0,0,0,0,0,0,0,0,0,0
2025-10-15,Gröpelingen,0,0,0,0,0,0,0,0,0,0,0,0,0,0,0
2025-10-15,Hemelingen,0,0,0,0,0,0,0,0,0,0,0,0,0,0,0
2025-10-15,Horn-Lehe,0,0,0,0,0,0,0,0,0,0,0,0,0,0,0
2025-10-15,Huchting,0,0,0,0,0,0,0,0,0,0,0,0,0,0,0
2025-10-15,Häfen,0,0,0,0,0,0,0,0,0,0,0,0,0,0,0
2025-10-15,Mitte,0,0,0,0,0,0,0,0,0,0,0,0,0,0,0
2025-10-15,Neustadt,0,0,0,0,0,0,0,0,0,0,0,0,0,0,0
2025-10-15,Oberneuland,0,0,0,0,0,0,0,0,0,0,0,0,0,0,0
2025-10-15,Obervieland,0,0,0,0,0,0,0,0,0,0,0,0,0,0,0
2025-10-15,Osterholz,0,0,0,0,0,0,0,0,0,0,0,0,0,0,0
2025-10-15,Schwachhausen,0,0,0,0,0,0,0,0,0,0,0,0,0,0,0
2025-10-15,Seehausen,0,0,0,0,0,0,0,0,0,0,0,0,0,0,0
2025-10-15,Strom,0,0,0,0,0,0,0,0,0,0,0,0,0,0,0
2025-10-15,Vahr,0,0,0,0,0,0,0,0,0,0,0,0,0,0,0
2025-10-15,Vegesack,0,0,0,0,0,0,0,0,0,0,0,0,0,0,0
2025-10-15,Walle,1,0,0,0,0,0,0,0,0,0,0,1,0,0,0
2025-10-15,Woltmershausen,0,0,0,0,0,0,0,0,0,0,0,0,0,0,0
2025-10-15,Östliche Vorstadt,0,0,0,0,0,0,0,0,0,0,0,0,0,0,0
2025-10-16,Blockland,0,0,0,0,0,0,0,0,0,0,0,0,0,0,0
2025-10-16,Blumenthal,0,0,0,0,0,0,0,0,0,0,0,0,0,0,0
2025-10-16,Borgfeld,0,0,0,0,0,0,0,0,0,0,0,0,0,0,0
2025-10-16,Burglesum,0,0,0,0,0,0,0,0,0,0,0,0,0,0,0
2025-10-16,Findorff,0,0,0,0,0,0,0,0,0,0,0,0,0,0,0
2025-10-16,Gröpelingen,1,0,0,0,1,0,0,0,0,0,0,0,0,0,0
2025-10-16,Hemelingen,0,0,0,0,0,0,0,0,0,0,0,0,0,0,0
2025-10-16,Horn-Lehe,0,0,0,0,0,0,0,0,0,0,0,0,0,0,0
2025-10-16,Huchting,0,0,0,0,0,0,0,0,0,0,0,0,0,0,0
2025-10-16,Häfen,0,0,0,0,0,0,0,0,0,0,0,0,0,0,0
2025-10-16,Mitte,2,0,0,0,0,0,0,0,0,0,0,0,1,0,1
2025-10-16,Neustadt,0,0,0,0,0,0,0,0,0,0,0,0,0,0,0
2025-10-16,Oberneuland,0,0,0,0,0,0,0,0,0,0,0,0,0,0,0
2025-10-16,Obervieland,0,0,0,0,0,0,0,0,0,0,0,0,0,0,0
2025-10-16,Osterholz,0,0,0,0,0,0,0,0,0,0,0,0,0,0,0
2025-10-16,Schwachhausen,0,0,0,0,0,0,0,0,0,0,0,0,0,0,0
2025-10-16,Seehausen,0,0,0,0,0,0,0,0,0,0,0,0,0,0,0
2025-10-16,Strom,0,0,0,0,0,0,0,0,0,0,0,0,0,0,0
2025-10-16,Vahr,0,0,0,0,0,0,0,0,0,0,0,0,0,0,0
2025-10-16,Vegesack,0,0,0,0,0,0,0,0,0,0,0,0,0,0,0
2025-10-16,Walle,0,0,0,0,0,0,0,0,0,0,0,0,0,0,0
2025-10-16,Woltmershausen,0,0,0,0,0,0,0,0,0,0,0,0,0,0,0
2025-10-16,Östliche Vorstadt,0,0,0,0,0,0,0,0,0,0,0,0,0,0,0
2025-10-17,Blockland,0,0,0,0,0,0,0,0,0,0,0,0,0,0,0
2025-10-17,Blumenthal,0,0,0,0,0,0,0,0,0,0,0,0,0,0,0
2025-10-17,Borgfeld,0,0,0,0,0,0,0,0,0,0,0,0,0,0,0
2025-10-17,Burglesum,0,0,0,0,0,0,0,0,0,0,0,0,0,0,0
2025-10-17,Findorff,1,0,1,0,0,0,0,0,0,0,0,0,0,0,0
2025-10-17,Gröpelingen,0,0,0,0,0,0,0,0,0,0,0,0,0,0,0
2025-10-17,Hemelingen,0,0,0,0,0,0,0,0,0,0,0,0,0,0,0
2025-10-17,Horn-Lehe,0,0,0,0,0,0,0,0,0,0,0,0,0,0,0
2025-10-17,Huchting,0,0,0,0,0,0,0,0,0,0,0,0,0,0,0
2025-10-17,Häfen,0,0,0,0,0,0,0,0,0,0,0,0,0,0,0
2025-10-17,Mitte,1,0,0,0,0,0,0,0,1,0,0,0,0,0,0
2025-10-17,Neustadt,0,0,0,0,0,0,0,0,0,0,0,0,0,0,0
2025-10-17,Oberneuland,0,0,0,0,0,0,0,0,0,0,0,0,0,0,0
2025-10-17,Obervieland,0,0,0,0,0,0,0,0,0,0,0,0,0,0,0
2025-10-17,Osterholz,0,0,0,0,0,0,0,0,0,0,0,0,0,0,0
2025-10-17,Schwachhausen,0,0,0,0,0,0,0,0,0,0,0,0,0,0,0
2025-10-17,Seehausen,0,0,0,0,0,0,0,0,0,0,0,0,0,0,0
2025-10-17,Strom,0,0,0,0,0,0,0,0,0,0,0,0,0,0,0
2025-10-17,Vahr,0,0,0,0,0,0,0,0,0,0,0,0,0,0,0
2025-10-17,Vegesack,0,0,0,0,0,0,0,0,0,0,0,0,0,0,0
2025-10-17,Walle,0,0,0,0,0,0,0,0,0,0,0,0,0,0,0
2025-10-17,Woltmershausen,0,0,0,0,0,0,0,0,0,0,0,0,0,0,0
2025-10-17,Östliche Vorstadt,0,0,0,0,0,0,0,0,0,0,0,0,0,0,0
2025-10-18,Blockland,0,0,0,0,0,0,0,0,0,0,0,0,0,0,0
2025-10-18,Blumenthal,0,0,0,0,0,0,0,0,0,0,0,0,0,0,0
2025-10-18,Borgfeld,0,0,0,0,0,0,0,0,0,0,0,0,0,0,0
2025-10-18,Burglesum,0,0,0,0,0,0,0,0,0,0,0,0,0,0,0
2025-10-18,Findorff,0,0,0,0,0,0,0,0,0,0,0,0,0,0,0
2025-10-18,Gröpelingen,0,0,0,0,0,0,0,0,0,0,0,0,0,0,0
2025-10-18,Hemelingen,0,0,0,0,0,0,0,0,0,0,0,0,0,0,0
2025-10-18,Horn-Lehe,0,0,0,0,0,0,0,0,0,0,0,0,0,0,0
2025-10-18,Huchting,0,0,0,0,0,0,0,0,0,0,0,0,0,0,0
2025-10-18,Häfen,0,0,0,0,0,0,0,0,0,0,0,0,0,0,0
2025-10-18,Mitte,0,0,0,0,0,0,0,0,0,0,0,0,0,0,0
2025-10-18,Neustadt,1,0,0,0,0,0,0,0,0,0,0,1,0,0,0
2025-10-18,Oberneuland,0,0,0,0,0,0,0,0,0,0,0,0,0,0,0
2025-10-18,Obervieland,0,0,0,0,0,0,0,0,0,0,0,0,0,0,0
2025-10-18,Osterholz,0,0,0,0,0,0,0,0,0,0,0,0,0,0,0
2025-10-18,Schwachhausen,0,0,0,0,0,0,0,0,0,0,0,0,0,0,0
2025-10-18,Seehausen,0,0,0,0,0,0,0,0,0,0,0,0,0,0,0
2025-10-18,Strom,0,0,0,0,0,0,0,0,0,0,0,0,0,0,0
2025-10-18,Vahr,0,0,0,0,0,0,0,0,0,0,0,0,0,0,0
2025-10-18,Vegesack,0,0,0,0,0,0,0,0,0,0,0,0,0,0,0
2025-10-18,Walle,0,0,0,0,0,0,0,0,0,0,0,0,0,0,0
2025-10-18,Woltmershausen,0,0,0,0,0,0,0,0,0,0,0,0,0,0,0
2025-10-18,Östliche Vorstadt,0,0,0,0,0,0,0,0,0,0,0,0,0,0,0
2025-10-19,Blockland,0,0,0,0,0,0,0,0,0,0,0,0,0,0,0
2025-10-19,Blumenthal,0,0,0,0,0,0,0,0,0,0,0,0,0,0,0
2025-10-19,Borgfeld,0,0,0,0,0,0,0,0,0,0,0,0,0,0,0
2025-10-19,Burglesum,0,0,0,0,0,0,0,0,0,0,0,0,0,0,0
2025-10-19,Findorff,0,0,0,0,0,0,0,0,0,0,0,0,0,0,0
2025-10-19,Gröpelingen,0,0,0,0,0,0,0,0,0,0,0,0,0,0,0
2025-10-19,Hemelingen,0,0,0,0,0,0,0,0,0,0,0,0,0,0,0
2025-10-19,Horn-Lehe,0,0,0,0,0,0,0,0,0,0,0,0,0,0,0
2025-10-19,Huchting,1,0,0,0,0,0,0,0,0,1,0,0,0,0,0
2025-10-19,Häfen,0,0,0,0,0,0,0,0,0,0,0,0,0,0,0
2025-10-19,Mitte,0,0,0,0,0,0,0,0,0,0,0,0,0,0,0
2025-10-19,Neustadt,0,0,0,0,0,0,0,0,0,0,0,0,0,0,0
2025-10-19,Oberneuland,0,0,0,0,0,0,0,0,0,0,0,0,0,0,0
2025-10-19,Obervieland,0,0,0,0,0,0,0,0,0,0,0,0,0,0,0
2025-10-19,Osterholz,0,0,0,0,0,0,0,0,0,0,0,0,0,0,0
2025-10-19,Schwachhausen,0,0,0,0,0,0,0,0,0,0,0,0,0,0,0
2025-10-19,Seehausen,0,0,0,0,0,0,0,0,0,0,0,0,0,0,0
2025-10-19,Strom,0,0,0,0,0,0,0,0,0,0,0,0,0,0,0
2025-10-19,Vahr,0,0,0,0,0,0,0,0,0,0,0,0,0,0,0
2025-10-19,Vegesack,0,0,0,0,0,0,0,0,0,0,0,0,0,0,0
2025-10-19,Walle,0,0,0,0,0,0,0,0,0,0,0,0,0,0,0
2025-10-19,Woltmershausen,0,0,0,0,0,0,0,0,0,0,0,0,0,0,0
2025-10-19,Östliche Vorstadt,0,0,0,0,0,0,0,0,0,0,0,0,0,0,0
2025-10-20,Blockland,0,0,0,0,0,0,0,0,0,0,0,0,0,0,0
2025-10-20,Blumenthal,0,0,0,0,0,0,0,0,0,0,0,0,0,0,0
2025-10-20,Borgfeld,0,0,0,0,0,0,0,0,0,0,0,0,0,0,0
2025-10-20,Burglesum,0,0,0,0,0,0,0,0,0,0,0,0,0,0,0
2025-10-20,Findorff,0,0,0,0,0,0,0,0,0,0,0,0,0,0,0
2025-10-20,Gröpelingen,0,0,0,0,0,0,0,0,0,0,0,0,0,0,0
2025-10-20,Hemelingen,0,0,0,0,0,0,0,0,0,0,0,0,0,0,0
2025-10-20,Horn-Lehe,0,0,0,0,0,0,0,0,0,0,0,0,0,0,0
2025-10-20,Huchting,0,0,0,0,0,0,0,0,0,0,0,0,0,0,0
2025-10-20,Häfen,0,0,0,0,0,0,0,0,0,0,0,0,0,0,0
2025-10-20,Mitte,0,0,0,0,0,0,0,0,0,0,0,0,0,0,0
2025-10-20,Neustadt,0,0,0,0,0,0,0,0,0,0,0,0,0,0,0
2025-10-20,Oberneuland,0,0,0,0,0,0,0,0,0,0,0,0,0,0,0
2025-10-20,Obervieland,0,0,0,0,0,0,0,0,0,0,0,0,0,0,0
2025-10-20,Osterholz,0,0,0,0,0,0,0,0,0,0,0,0,0,0,0
2025-10-20,Schwachhausen,0,0,0,0,0,0,0,0,0,0,0,0,0,0,0
2025-10-20,Seehausen,0,0,0,0,0,0,0,0,0,0,0,0,0,0,0
2025-10-20,Strom,0,0,0,0,0,0,0,0,0,0,0,0,0,0,0
2025-10-20,Vahr,0,0,0,0,0,0,0,0,0,0,0,0,0,0,0
2025-10-20,Vegesack,0,0,0,0,0,0,0,0,0,0,0,0,0,0,0
2025-10-20,Walle,0,0,0,0,0,0,0,0,0,0,0,0,0,0,0
2025-10-20,Woltmershausen,0,0,0,0,0,0,0,0,0,0,0,0,0,0,0
2025-10-20,Östliche Vorstadt,0,0,0,0,0,0,0,0,0,0,0,0,0,0,0
2025-10-21,Blockland,0,0,0,0,0,0,0,0,0,0,0,0,0,0,0
2025-10-21,Blumenthal,0,0,0,0,0,0,0,0,0,0,0,0,0,0,0
2025-10-21,Borgfeld,0,0,0,0,0,0,0,0,0,0,0,0,0,0,0
2025-10-21,Burglesum,0,0,0,0,0,0,0,0,0,0,0,0,0,0,0
2025-10-21,Findorff,0,0,0,0,0,0,0,0,0,0,0,0,0,0,0
2025-10-21,Gröpelingen,0,0,0,0,0,0,0,0,0,0,0,0,0,0,0
2025-10-21,Hemelingen,0,0,0,0,0,0,0,0,0,0,0,0,0,0,0
2025-10-21,Horn-Lehe,0,0,0,0,0,0,0,0,0,0,0,0,0,0,0
2025-10-21,Huchting,0,0,0,0,0,0,0,0,0,0,0,0,0,0,0
2025-10-21,Häfen,0,0,0,0,0,0,0,0,0,0,0,0,0,0,0
2025-10-21,Mitte,0,0,0,0,0,0,0,0,0,0,0,0,0,0,0
2025-10-21,Neustadt,0,0,0,0,0,0,0,0,0,0,0,0,0,0,0
2025-10-21,Oberneuland,0,0,0,0,0,0,0,0,0,0,0,0,0,0,0
2025-10-21,Obervieland,0,0,0,0,0,0,0,0,0,0,0,0,0,0,0
2025-10-21,Osterholz,0,0,0,0,0,0,0,0,0,0,0,0,0,0,0
2025-10-21,Schwachhausen,0,0,0,0,0,0,0,0,0,0,0,0,0,0,0
2025-10-21,Seehausen,0,0,0,0,0,0,0,0,0,0,0,0,0,0,0
2025-10-21,Strom,0,0,0,0,0,0,0,0,0,0,0,0,0,0,0
2025-10-21,Vahr,0,0,0,0,0,0,0,0,0,0,0,0,0,0,0
2025-10-21,Vegesack,0,0,0,0,0,0,0,0,0,0,0,0,0,0,0
2025-10-21,Walle,0,0,0,0,0,0,0,0,0,0,0,0,0,0,0
2025-10-21,Woltmershausen,0,0,0,0,0,0,0,0,0,0,0,0,0,0,0
2025-10-21,Östliche Vorstadt,0,0,0,0,0,0,0,0,0,0,0,0,0,0,0
2025-10-22,Blockland,0,0,0,0,0,0,0,0,0,0,0,0,0,0,0
2025-10-22,Blumenthal,0,0,0,0,0,0,0,0,0,0,0,0,0,0,0
2025-10-22,Borgfeld,0,0,0,0,0,0,0,0,0,0,0,0,0,0,0
2025-10-22,Burglesum,0,0,0,0,0,0,0,0,0,0,0,0,0,0,0
2025-10-22,Findorff,0,0,0,0,0,0,0,0,0,0,0,0,0,0,0
2025-10-22,Gröpelingen,0,0,0,0,0,0,0,0,0,0,0,0,0,0,0
2025-10-22,Hemelingen,0,0,0,0,0,0,0,0,0,0,0,0,0,0,0
2025-10-22,Horn-Lehe,0,0,0,0,0,0,0,0,0,0,0,0,0,0,0
2025-10-22,Huchting,0,0,0,0,0,0,0,0,0,0,0,0,0,0,0
2025-10-22,Häfen,0,0,0,0,0,0,0,0,0,0,0,0,0,0,0
2025-10-22,Mitte,0,0,0,0,0,0,0,0,0,0,0,0,0,0,0
2025-10-22,Neustadt,0,0,0,0,0,0,0,0,0,0,0,0,0,0,0
2025-10-22,Oberneuland,0,0,0,0,0,0,0,0,0,0,0,0,0,0,0
2025-10-22,Obervieland,0,0,0,0,0,0,0,0,0,0,0,0,0,0,0
2025-10-22,Osterholz,0,0,0,0,0,0,0,0,0,0,0,0,0,0,0
2025-10-22,Schwachhausen,0,0,0,0,0,0,0,0,0,0,0,0,0,0,0
2025-10-22,Seehausen,0,0,0,0,0,0,0,0,0,0,0,0,0,0,0
2025-10-22,Strom,0,0,0,0,0,0,0,0,0,0,0,0,0,0,0
2025-10-22,Vahr,0,0,0,0,0,0,0,0,0,0,0,0,0,0,0
2025-10-22,Vegesack,0,0,0,0,0,0,0,0,0,0,0,0,0,0,0
2025-10-22,Walle,0,0,0,0,0,0,0,0,0,0,0,0,0,0,0
2025-10-22,Woltmershausen,0,0,0,0,0,0,0,0,0,0,0,0,0,0,0
2025-10-22,Östliche Vorstadt,0,0,0,0,0,0,0,0,0,0,0,0,0,0,0
2025-10-23,Blockland,0,0,0,0,0,0,0,0,0,0,0,0,0,0,0
2025-10-23,Blumenthal,0,0,0,0,0,0,0,0,0,0,0,0,0,0,0
2025-10-23,Borgfeld,0,0,0,0,0,0,0,0,0,0,0,0,0,0,0
2025-10-23,Burglesum,0,0,0,0,0,0,0,0,0,0,0,0,0,0,0
2025-10-23,Findorff,0,0,0,0,0,0,0,0,0,0,0,0,0,0,0
2025-10-23,Gröpelingen,0,0,0,0,0,0,0,0,0,0,0,0,0,0,0
2025-10-23,Hemelingen,0,0,0,0,0,0,0,0,0,0,0,0,0,0,0
2025-10-23,Horn-Lehe,0,0,0,0,0,0,0,0,0,0,0,0,0,0,0
2025-10-23,Huchting,0,0,0,0,0,0,0,0,0,0,0,0,0,0,0
2025-10-23,Häfen,0,0,0,0,0,0,0,0,0,0,0,0,0,0,0
2025-10-23,Mitte,0,0,0,0,0,0,0,0,0,0,0,0,0,0,0
2025-10-23,Neustadt,0,0,0,0,0,0,0,0,0,0,0,0,0,0,0
2025-10-23,Oberneuland,0,0,0,0,0,0,0,0,0,0,0,0,0,0,0
2025-10-23,Obervieland,0,0,0,0,0,0,0,0,0,0,0,0,0,0,0
2025-10-23,Osterholz,0,0,0,0,0,0,0,0,0,0,0,0,0,0,0
2025-10-23,Schwachhausen,0,0,0,0,0,0,0,0,0,0,0,0,0,0,0
2025-10-23,Seehausen,0,0,0,0,0,0,0,0,0,0,0,0,0,0,0
2025-10-23,Strom,0,0,0,0,0,0,0,0,0,0,0,0,0,0,0
2025-10-23,Vahr,0,0,0,0,0,0,0,0,0,0,0,0,0,0,0
2025-10-23,Vegesack,0,0,0,0,0,0,0,0,0,0,0,0,0,0,0
2025-10-23,Walle,0,0,0,0,0,0,0,0,0,0,0,0,0,0,0
2025-10-23,Woltmershausen,0,0,0,0,0,0,0,0,0,0,0,0,0,0,0
2025-10-23,Östliche Vorstadt,0,0,0,0,0,0,0,0,0,0,0,0,0,0,0
2025-10-24,Blockland,0,0,0,0,0,0,0,0,0,0,0,0,0,0,0
2025-10-24,Blumenthal,0,0,0,0,0,0,0,0,0,0,0,0,0,0,0
2025-10-24,Borgfeld,0,0,0,0,0,0,0,0,0,0,0,0,0,0,0
2025-10-24,Burglesum,0,0,0,0,0,0,0,0,0,0,0,0,0,0,0
2025-10-24,Findorff,0,0,0,0,0,0,0,0,0,0,0,0,0,0,0
2025-10-24,Gröpelingen,0,0,0,0,0,0,0,0,0,0,0,0,0,0,0
2025-10-24,Hemelingen,0,0,0,0,0,0,0,0,0,0,0,0,0,0,0
2025-10-24,Horn-Lehe,0,0,0,0,0,0,0,0,0,0,0,0,0,0,0
2025-10-24,Huchting,0,0,0,0,0,0,0,0,0,0,0,0,0,0,0
2025-10-24,Häfen,0,0,0,0,0,0,0,0,0,0,0,0,0,0,0
2025-10-24,Mitte,0,0,0,0,0,0,0,0,0,0,0,0,0,0,0
2025-10-24,Neustadt,0,0,0,0,0,0,0,0,0,0,0,0,0,0,0
2025-10-24,Oberneuland,0,0,0,0,0,0,0,0,0,0,0,0,0,0,0
2025-10-24,Obervieland,0,0,0,0,0,0,0,0,0,0,0,0,0,0,0
2025-10-24,Osterholz,0,0,0,0,0,0,0,0,0,0,0,0,0,0,0
2025-10-24,Schwachhausen,0,0,0,0,0,0,0,0,0,0,0,0,0,0,0
2025-10-24,Seehausen,0,0,0,0,0,0,0,0,0,0,0,0,0,0,0
2025-10-24,Strom,0,0,0,0,0,0,0,0,0,0,0,0,0,0,0
2025-10-24,Vahr,0,0,0,0,0,0,0,0,0,0,0,0,0,0,0
2025-10-24,Vegesack,0,0,0,0,0,0,0,0,0,0,0,0,0,0,0
2025-10-24,Walle,0,0,0,0,0,0,0,0,0,0,0,0,0,0,0
2025-10-24,Woltmershausen,0,0,0,0,0,0,0,0,0,0,0,0,0,0,0
2025-10-24,Östliche Vorstadt,0,0,0,0,0,0,0,0,0,0,0,0,0,0,0
2025-10-25,Blockland,0,0,0,0,0,0,0,0,0,0,0,0,0,0,0
2025-10-25,Blumenthal,0,0,0,0,0,0,0,0,0,0,0,0,0,0,0
2025-10-25,Borgfeld,0,0,0,0,0,0,0,0,0,0,0,0,0,0,0
2025-10-25,Burglesum,0,0,0,0,0,0,0,0,0,0,0,0,0,0,0
2025-10-25,Findorff,0,0,0,0,0,0,0,0,0,0,0,0,0,0,0
2025-10-25,Gröpelingen,0,0,0,0,0,0,0,0,0,0,0,0,0,0,0
2025-10-25,Hemelingen,0,0,0,0,0,0,0,0,0,0,0,0,0,0,0
2025-10-25,Horn-Lehe,0,0,0,0,0,0,0,0,0,0,0,0,0,0,0
2025-10-25,Huchting,0,0,0,0,0,0,0,0,0,0,0,0,0,0,0
2025-10-25,Häfen,0,0,0,0,0,0,0,0,0,0,0,0,0,0,0
2025-10-25,Mitte,0,0,0,0,0,0,0,0,0,0,0,0,0,0,0
2025-10-25,Neustadt,0,0,0,0,0,0,0,0,0,0,0,0,0,0,0
2025-10-25,Oberneuland,0,0,0,0,0,0,0,0,0,0,0,0,0,0,0
2025-10-25,Obervieland,0,0,0,0,0,0,0,0,0,0,0,0,0,0,0
2025-10-25,Osterholz,0,0,0,0,0,0,0,0,0,0,0,0,0,0,0
2025-10-25,Schwachhausen,0,0,0,0,0,0,0,0,0,0,0,0,0,0,0
2025-10-25,Seehausen,0,0,0,0,0,0,0,0,0,0,0,0,0,0,0
2025-10-25,Strom,0,0,0,0,0,0,0,0,0,0,0,0,0,0,0
2025-10-25,Vahr,0,0,0,0,0,0,0,0,0,0,0,0,0,0,0
2025-10-25,Vegesack,0,0,0,0,0,0,0,0,0,0,0,0,0,0,0
2025-10-25,Walle,0,0,0,0,0,0,0,0,0,0,0,0,0,0,0
2025-10-25,Woltmershausen,0,0,0,0,0,0,0,0,0,0,0,0,0,0,0
2025-10-25,Östliche Vorstadt,0,0,0,0,0,0,0,0,0,0,0,0,0,0,0
2025-10-26,Blockland,0,0,0,0,0,0,0,0,0,0,0,0,0,0,0
2025-10-26,Blumenthal,0,0,0,0,0,0,0,0,0,0,0,0,0,0,0
2025-10-26,Borgfeld,0,0,0,0,0,0,0,0,0,0,0,0,0,0,0
2025-10-26,Burglesum,0,0,0,0,0,0,0,0,0,0,0,0,0,0,0
2025-10-26,Findorff,0,0,0,0,0,0,0,0,0,0,0,0,0,0,0
2025-10-26,Gröpelingen,0,0,0,0,0,0,0,0,0,0,0,0,0,0,0
2025-10-26,Hemelingen,0,0,0,0,0,0,0,0,0,0,0,0,0,0,0
2025-10-26,Horn-Lehe,0,0,0,0,0,0,0,0,0,0,0,0,0,0,0
2025-10-26,Huchting,0,0,0,0,0,0,0,0,0,0,0,0,0,0,0
2025-10-26,Häfen,0,0,0,0,0,0,0,0,0,0,0,0,0,0,0
2025-10-26,Mitte,0,0,0,0,0,0,0,0,0,0,0,0,0,0,0
2025-10-26,Neustadt,0,0,0,0,0,0,0,0,0,0,0,0,0,0,0
2025-10-26,Oberneuland,0,0,0,0,0,0,0,0,0,0,0,0,0,0,0
2025-10-26,Obervieland,0,0,0,0,0,0,0,0,0,0,0,0,0,0,0
2025-10-26,Osterholz,0,0,0,0,0,0,0,0,0,0,0,0,0,0,0
2025-10-26,Schwachhausen,0,0,0,0,0,0,0,0,0,0,0,0,0,0,0
2025-10-26,Seehausen,0,0,0,0,0,0,0,0,0,0,0,0,0,0,0
2025-10-26,Strom,0,0,0,0,0,0,0,0,0,0,0,0,0,0,0
2025-10-26,Vahr,0,0,0,0,0,0,0,0,0,0,0,0,0,0,0
2025-10-26,Vegesack,0,0,0,0,0,0,0,0,0,0,0,0,0,0,0
2025-10-26,Walle,0,0,0,0,0,0,0,0,0,0,0,0,0,0,0
2025-10-26,Woltmershausen,0,0,0,0,0,0,0,0,0,0,0,0,0,0,0
2025-10-26,Östliche Vorstadt,0,0,0,0,0,0,0,0,0,0,0,0,0,0,0
2025-10-27,Blockland,0,0,0,0,0,0,0,0,0,0,0,0,0,0,0
2025-10-27,Blumenthal,0,0,0,0,0,0,0,0,0,0,0,0,0,0,0
2025-10-27,Borgfeld,0,0,0,0,0,0,0,0,0,0,0,0,0,0,0
2025-10-27,Burglesum,0,0,0,0,0,0,0,0,0,0,0,0,0,0,0
2025-10-27,Findorff,0,0,0,0,0,0,0,0,0,0,0,0,0,0,0
2025-10-27,Gröpelingen,0,0,0,0,0,0,0,0,0,0,0,0,0,0,0
2025-10-27,Hemelingen,0,0,0,0,0,0,0,0,0,0,0,0,0,0,0
2025-10-27,Horn-Lehe,0,0,0,0,0,0,0,0,0,0,0,0,0,0,0
2025-10-27,Huchting,0,0,0,0,0,0,0,0,0,0,0,0,0,0,0
2025-10-27,Häfen,0,0,0,0,0,0,0,0,0,0,0,0,0,0,0
2025-10-27,Mitte,0,0,0,0,0,0,0,0,0,0,0,0,0,0,0
2025-10-27,Neustadt,0,0,0,0,0,0,0,0,0,0,0,0,0,0,0
2025-10-27,Oberneuland,0,0,0,0,0,0,0,0,0,0,0,0,0,0,0
2025-10-27,Obervieland,0,0,0,0,0,0,0,0,0,0,0,0,0,0,0
2025-10-27,Osterholz,0,0,0,0,0,0,0,0,0,0,0,0,0,0,0
2025-10-27,Schwachhausen,0,0,0,0,0,0,0,0,0,0,0,0,0,0,0
2025-10-27,Seehausen,0,0,0,0,0,0,0,0,0,0,0,0,0,0,0
2025-10-27,Strom,0,0,0,0,0,0,0,0,0,0,0,0,0,0,0
2025-10-27,Vahr,0,0,0,0,0,0,0,0,0,0,0,0,0,0,0
2025-10-27,Vegesack,0,0,0,0,0,0,0,0,0,0,0,0,0,0,0
2025-10-27,Walle,0,0,0,0,0,0,0,0,0,0,0,0,0,0,0
2025-10-27,Woltmershausen,0,0,0,0,0,0,0,0,0,0,0,0,0,0,0
2025-10-27,Östliche Vorstadt,0,0,0,0,0,0,0,0,0,0,0,0,0,0,0
2025-10-28,Blockland,0,0,0,0,0,0,0,0,0,0,0,0,0,0,0
2025-10-28,Blumenthal,0,0,0,0,0,0,0,0,0,0,0,0,0,0,0
2025-10-28,Borgfeld,0,0,0,0,0,0,0,0,0,0,0,0,0,0,0
2025-10-28,Burglesum,0,0,0,0,0,0,0,0,0,0,0,0,0,0,0
2025-10-28,Findorff,0,0,0,0,0,0,0,0,0,0,0,0,0,0,0
2025-10-28,Gröpelingen,0,0,0,0,0,0,0,0,0,0,0,0,0,0,0
2025-10-28,Hemelingen,0,0,0,0,0,0,0,0,0,0,0,0,0,0,0
2025-10-28,Horn-Lehe,0,0,0,0,0,0,0,0,0,0,0,0,0,0,0
2025-10-28,Huchting,0,0,0,0,0,0,0,0,0,0,0,0,0,0,0
2025-10-28,Häfen,0,0,0,0,0,0,0,0,0,0,0,0,0,0,0
2025-10-28,Mitte,0,0,0,0,0,0,0,0,0,0,0,0,0,0,0
2025-10-28,Neustadt,0,0,0,0,0,0,0,0,0,0,0,0,0,0,0
2025-10-28,Oberneuland,0,0,0,0,0,0,0,0,0,0,0,0,0,0,0
2025-10-28,Obervieland,0,0,0,0,0,0,0,0,0,0,0,0,0,0,0
2025-10-28,Osterholz,0,0,0,0,0,0,0,0,0,0,0,0,0,0,0
2025-10-28,Schwachhausen,0,0,0,0,0,0,0,0,0,0,0,0,0,0,0
2025-10-28,Seehausen,0,0,0,0,0,0,0,0,0,0,0,0,0,0,0
2025-10-28,Strom,0,0,0,0,0,0,0,0,0,0,0,0,0,0,0
2025-10-28,Vahr,0,0,0,0,0,0,0,0,0,0,0,0,0,0,0
2025-10-28,Vegesack,0,0,0,0,0,0,0,0,0,0,0,0,0,0,0
2025-10-28,Walle,0,0,0,0,0,0,0,0,0,0,0,0,0,0,0
2025-10-28,Woltmershausen,0,0,0,0,0,0,0,0,0,0,0,0,0,0,0
2025-10-28,Östliche Vorstadt,0,0,0,0,0,0,0,0,0,0,0,0,0,0,0
2025-10-29,Blockland,0,0,0,0,0,0,0,0,0,0,0,0,0,0,0
2025-10-29,Blumenthal,0,0,0,0,0,0,0,0,0,0,0,0,0,0,0
2025-10-29,Borgfeld,0,0,0,0,0,0,0,0,0,0,0,0,0,0,0
2025-10-29,Burglesum,0,0,0,0,0,0,0,0,0,0,0,0,0,0,0
2025-10-29,Findorff,0,0,0,0,0,0,0,0,0,0,0,0,0,0,0
2025-10-29,Gröpelingen,0,0,0,0,0,0,0,0,0,0,0,0,0,0,0
2025-10-29,Hemelingen,0,0,0,0,0,0,0,0,0,0,0,0,0,0,0
2025-10-29,Horn-Lehe,0,0,0,0,0,0,0,0,0,0,0,0,0,0,0
2025-10-29,Huchting,0,0,0,0,0,0,0,0,0,0,0,0,0,0,0
2025-10-29,Häfen,0,0,0,0,0,0,0,0,0,0,0,0,0,0,0
2025-10-29,Mitte,0,0,0,0,0,0,0,0,0,0,0,0,0,0,0
2025-10-29,Neustadt,0,0,0,0,0,0,0,0,0,0,0,0,0,0,0
2025-10-29,Oberneuland,0,0,0,0,0,0,0,0,0,0,0,0,0,0,0
2025-10-29,Obervieland,0,0,0,0,0,0,0,0,0,0,0,0,0,0,0
2025-10-29,Osterholz,0,0,0,0,0,0,0,0,0,0,0,0,0,0,0
2025-10-29,Schwachhausen,0,0,0,0,0,0,0,0,0,0,0,0,0,0,0
2025-10-29,Seehausen,0,0,0,0,0,0,0,0,0,0,0,0,0,0,0
2025-10-29,Strom,0,0,0,0,0,0,0,0,0,0,0,0,0,0,0
2025-10-29,Vahr,0,0,0,0,0,0,0,0,0,0,0,0,0,0,0
2025-10-29,Vegesack,0,0,0,0,0,0,0,0,0,0,0,0,0,0,0
2025-10-29,Walle,0,0,0,0,0,0,0,0,0,0,0,0,0,0,0
2025-10-29,Woltmershausen,0,0,0,0,0,0,0,0,0,0,0,0,0,0,0
2025-10-29,Östliche Vorstadt,0,0,0,0,0,0,0,0,0,0,0,0,0,0,0
2025-10-30,Blockland,0,0,0,0,0,0,0,0,0,0,0,0,0,0,0
2025-10-30,Blumenthal,0,0,0,0,0,0,0,0,0,0,0,0,0,0,0
2025-10-30,Borgfeld,0,0,0,0,0,0,0,0,0,0,0,0,0,0,0
2025-10-30,Burglesum,0,0,0,0,0,0,0,0,0,0,0,0,0,0,0
2025-10-30,Findorff,0,0,0,0,0,0,0,0,0,0,0,0,0,0,0
2025-10-30,Gröpelingen,0,0,0,0,0,0,0,0,0,0,0,0,0,0,0
2025-10-30,Hemelingen,0,0,0,0,0,0,0,0,0,0,0,0,0,0,0
2025-10-30,Horn-Lehe,0,0,0,0,0,0,0,0,0,0,0,0,0,0,0
2025-10-30,Huchting,0,0,0,0,0,0,0,0,0,0,0,0,0,0,0
2025-10-30,Häfen,0,0,0,0,0,0,0,0,0,0,0,0,0,0,0
2025-10-30,Mitte,0,0,0,0,0,0,0,0,0,0,0,0,0,0,0
2025-10-30,Neustadt,0,0,0,0,0,0,0,0,0,0,0,0,0,0,0
2025-10-30,Oberneuland,0,0,0,0,0,0,0,0,0,0,0,0,0,0,0
2025-10-30,Obervieland,0,0,0,0,0,0,0,0,0,0,0,0,0,0,0
2025-10-30,Osterholz,0,0,0,0,0,0,0,0,0,0,0,0,0,0,0
2025-10-30,Schwachhausen,0,0,0,0,0,0,0,0,0,0,0,0,0,0,0
2025-10-30,Seehausen,0,0,0,0,0,0,0,0,0,0,0,0,0,0,0
2025-10-30,Strom,0,0,0,0,0,0,0,0,0,0,0,0,0,0,0
2025-10-30,Vahr,0,0,0,0,0,0,0,0,0,0,0,0,0,0,0
2025-10-30,Vegesack,0,0,0,0,0,0,0,0,0,0,0,0,0,0,0
2025-10-30,Walle,0,0,0,0,0,0,0,0,0,0,0,0,0,0,0
2025-10-30,Woltmershausen,0,0,0,0,0,0,0,0,0,0,0,0,0,0,0
2025-10-30,Östliche Vorstadt,0,0,0,0,0,0,0,0,0,0,0,0,0,0,0
2025-10-31,Blockland,0,0,0,0,0,0,0,0,0,0,0,0,0,0,0
2025-10-31,Blumenthal,0,0,0,0,0,0,0,0,0,0,0,0,0,0,0
2025-10-31,Borgfeld,0,0,0,0,0,0,0,0,0,0,0,0,0,0,0
2025-10-31,Burglesum,0,0,0,0,0,0,0,0,0,0,0,0,0,0,0
2025-10-31,Findorff,0,0,0,0,0,0,0,0,0,0,0,0,0,0,0
2025-10-31,Gröpelingen,0,0,0,0,0,0,0,0,0,0,0,0,0,0,0
2025-10-31,Hemelingen,0,0,0,0,0,0,0,0,0,0,0,0,0,0,0
2025-10-31,Horn-Lehe,0,0,0,0,0,0,0,0,0,0,0,0,0,0,0
2025-10-31,Huchting,0,0,0,0,0,0,0,0,0,0,0,0,0,0,0
2025-10-31,Häfen,0,0,0,0,0,0,0,0,0,0,0,0,0,0,0
2025-10-31,Mitte,0,0,0,0,0,0,0,0,0,0,0,0,0,0,0
2025-10-31,Neustadt,0,0,0,0,0,0,0,0,0,0,0,0,0,0,0
2025-10-31,Oberneuland,0,0,0,0,0,0,0,0,0,0,0,0,0,0,0
2025-10-31,Obervieland,0,0,0,0,0,0,0,0,0,0,0,0,0,0,0
2025-10-31,Osterholz,0,0,0,0,0,0,0,0,0,0,0,0,0,0,0
2025-10-31,Schwachhausen,0,0,0,0,0,0,0,0,0,0,0,0,0,0,0
2025-10-31,Seehausen,0,0,0,0,0,0,0,0,0,0,0,0,0,0,0
2025-10-31,Strom,0,0,0,0,0,0,0,0,0,0,0,0,0,0,0
2025-10-31,Vahr,0,0,0,0,0,0,0,0,0,0,0,0,0,0,0
2025-10-31,Vegesack,0,0,0,0,0,0,0,0,0,0,0,0,0,0,0
2025-10-31,Walle,0,0,0,0,0,0,0,0,0,0,0,0,0,0,0
2025-10-31,Woltmershausen,0,0,0,0,0,0,0,0,0,0,0,0,0,0,0
2025-10-31,Östliche Vorstadt,0,0,0,0,0,0,0,0,0,0,0,0,0,0,0
2025-11-01,Blockland,0,0,0,0,0,0,0,0,0,0,0,0,0,0,0
2025-11-01,Blumenthal,0,0,0,0,0,0,0,0,0,0,0,0,0,0,0
2025-11-01,Borgfeld,0,0,0,0,0,0,0,0,0,0,0,0,0,0,0
2025-11-01,Burglesum,0,0,0,0,0,0,0,0,0,0,0,0,0,0,0
2025-11-01,Findorff,0,0,0,0,0,0,0,0,0,0,0,0,0,0,0
2025-11-01,Gröpelingen,0,0,0,0,0,0,0,0,0,0,0,0,0,0,0
2025-11-01,Hemelingen,0,0,0,0,0,0,0,0,0,0,0,0,0,0,0
2025-11-01,Horn-Lehe,0,0,0,0,0,0,0,0,0,0,0,0,0,0,0
2025-11-01,Huchting,0,0,0,0,0,0,0,0,0,0,0,0,0,0,0
2025-11-01,Häfen,0,0,0,0,0,0,0,0,0,0,0,0,0,0,0
2025-11-01,Mitte,0,0,0,0,0,0,0,0,0,0,0,0,0,0,0
2025-11-01,Neustadt,0,0,0,0,0,0,0,0,0,0,0,0,0,0,0
2025-11-01,Oberneuland,0,0,0,0,0,0,0,0,0,0,0,0,0,0,0
2025-11-01,Obervieland,0,0,0,0,0,0,0,0,0,0,0,0,0,0,0
2025-11-01,Osterholz,0,0,0,0,0,0,0,0,0,0,0,0,0,0,0
2025-11-01,Schwachhausen,0,0,0,0,0,0,0,0,0,0,0,0,0,0,0
2025-11-01,Seehausen,0,0,0,0,0,0,0,0,0,0,0,0,0,0,0
2025-11-01,Strom,0,0,0,0,0,0,0,0,0,0,0,0,0,0,0
2025-11-01,Vahr,0,0,0,0,0,0,0,0,0,0,0,0,0,0,0
2025-11-01,Vegesack,0,0,0,0,0,0,0,0,0,0,0,0,0,0,0
2025-11-01,Walle,0,0,0,0,0,0,0,0,0,0,0,0,0,0,0
2025-11-01,Woltmershausen,0,0,0,0,0,0,0,0,0,0,0,0,0,0,0
2025-11-01,Östliche Vorstadt,0,0,0,0,0,0,0,0,0,0,0,0,0,0,0
2025-11-02,Blockland,0,0,0,0,0,0,0,0,0,0,0,0,0,0,0
2025-11-02,Blumenthal,0,0,0,0,0,0,0,0,0,0,0,0,0,0,0
2025-11-02,Borgfeld,0,0,0,0,0,0,0,0,0,0,0,0,0,0,0
2025-11-02,Burglesum,0,0,0,0,0,0,0,0,0,0,0,0,0,0,0
2025-11-02,Findorff,0,0,0,0,0,0,0,0,0,0,0,0,0,0,0
2025-11-02,Gröpelingen,0,0,0,0,0,0,0,0,0,0,0,0,0,0,0
2025-11-02,Hemelingen,0,0,0,0,0,0,0,0,0,0,0,0,0,0,0
2025-11-02,Horn-Lehe,0,0,0,0,0,0,0,0,0,0,0,0,0,0,0
2025-11-02,Huchting,0,0,0,0,0,0,0,0,0,0,0,0,0,0,0
2025-11-02,Häfen,0,0,0,0,0,0,0,0,0,0,0,0,0,0,0
2025-11-02,Mitte,0,0,0,0,0,0,0,0,0,0,0,0,0,0,0
2025-11-02,Neustadt,0,0,0,0,0,0,0,0,0,0,0,0,0,0,0
2025-11-02,Oberneuland,0,0,0,0,0,0,0,0,0,0,0,0,0,0,0
2025-11-02,Obervieland,0,0,0,0,0,0,0,0,0,0,0,0,0,0,0
2025-11-02,Osterholz,0,0,0,0,0,0,0,0,0,0,0,0,0,0,0
2025-11-02,Schwachhausen,0,0,0,0,0,0,0,0,0,0,0,0,0,0,0
2025-11-02,Seehausen,0,0,0,0,0,0,0,0,0,0,0,0,0,0,0
2025-11-02,Strom,0,0,0,0,0,0,0,0,0,0,0,0,0,0,0
2025-11-02,Vahr,0,0,0,0,0,0,0,0,0,0,0,0,0,0,0
2025-11-02,Vegesack,0,0,0,0,0,0,0,0,0,0,0,0,0,0,0
2025-11-02,Walle,0,0,0,0,0,0,0,0,0,0,0,0,0,0,0
2025-11-02,Woltmershausen,0,0,0,0,0,0,0,0,0,0,0,0,0,0,0
2025-11-02,Östliche Vorstadt,0,0,0,0,0,0,0,0,0,0,0,0,0,0,0
2025-11-03,Blockland,0,0,0,0,0,0,0,0,0,0,0,0,0,0,0
2025-11-03,Blumenthal,0,0,0,0,0,0,0,0,0,0,0,0,0,0,0
2025-11-03,Borgfeld,0,0,0,0,0,0,0,0,0,0,0,0,0,0,0
2025-11-03,Burglesum,0,0,0,0,0,0,0,0,0,0,0,0,0,0,0
2025-11-03,Findorff,0,0,0,0,0,0,0,0,0,0,0,0,0,0,0
2025-11-03,Gröpelingen,0,0,0,0,0,0,0,0,0,0,0,0,0,0,0
2025-11-03,Hemelingen,0,0,0,0,0,0,0,0,0,0,0,0,0,0,0
2025-11-03,Horn-Lehe,0,0,0,0,0,0,0,0,0,0,0,0,0,0,0
2025-11-03,Huchting,0,0,0,0,0,0,0,0,0,0,0,0,0,0,0
2025-11-03,Häfen,0,0,0,0,0,0,0,0,0,0,0,0,0,0,0
2025-11-03,Mitte,0,0,0,0,0,0,0,0,0,0,0,0,0,0,0
2025-11-03,Neustadt,0,0,0,0,0,0,0,0,0,0,0,0,0,0,0
2025-11-03,Oberneuland,0,0,0,0,0,0,0,0,0,0,0,0,0,0,0
2025-11-03,Obervieland,0,0,0,0,0,0,0,0,0,0,0,0,0,0,0
2025-11-03,Osterholz,0,0,0,0,0,0,0,0,0,0,0,0,0,0,0
2025-11-03,Schwachhausen,0,0,0,0,0,0,0,0,0,0,0,0,0,0,0
2025-11-03,Seehausen,0,0,0,0,0,0,0,0,0,0,0,0,0,0,0
2025-11-03,Strom,0,0,0,0,0,0,0,0,0,0,0,0,0,0,0
2025-11-03,Vahr,0,0,0,0,0,0,0,0,0,0,0,0,0,0,0
2025-11-03,Vegesack,0,0,0,0,0,0,0,0,0,0,0,0,0,0,0
2025-11-03,Walle,0,0,0,0,0,0,0,0,0,0,0,0,0,0,0
2025-11-03,Woltmershausen,0,0,0,0,0,0,0,0,0,0,0,0,0,0,0
2025-11-03,Östliche Vorstadt,0,0,0,0,0,0,0,0,0,0,0,0,0,0,0
2025-11-04,Blockland,0,0,0,0,0,0,0,0,0,0,0,0,0,0,0
2025-11-04,Blumenthal,0,0,0,0,0,0,0,0,0,0,0,0,0,0,0
2025-11-04,Borgfeld,0,0,0,0,0,0,0,0,0,0,0,0,0,0,0
2025-11-04,Burglesum,0,0,0,0,0,0,0,0,0,0,0,0,0,0,0
2025-11-04,Findorff,0,0,0,0,0,0,0,0,0,0,0,0,0,0,0
2025-11-04,Gröpelingen,0,0,0,0,0,0,0,0,0,0,0,0,0,0,0
2025-11-04,Hemelingen,0,0,0,0,0,0,0,0,0,0,0,0,0,0,0
2025-11-04,Horn-Lehe,0,0,0,0,0,0,0,0,0,0,0,0,0,0,0
2025-11-04,Huchting,0,0,0,0,0,0,0,0,0,0,0,0,0,0,0
2025-11-04,Häfen,0,0,0,0,0,0,0,0,0,0,0,0,0,0,0
2025-11-04,Mitte,0,0,0,0,0,0,0,0,0,0,0,0,0,0,0
2025-11-04,Neustadt,0,0,0,0,0,0,0,0,0,0,0,0,0,0,0
2025-11-04,Oberneuland,0,0,0,0,0,0,0,0,0,0,0,0,0,0,0
2025-11-04,Obervieland,0,0,0,0,0,0,0,0,0,0,0,0,0,0,0
2025-11-04,Osterholz,0,0,0,0,0,0,0,0,0,0,0,0,0,0,0
2025-11-04,Schwachhausen,0,0,0,0,0,0,0,0,0,0,0,0,0,0,0
2025-11-04,Seehausen,0,0,0,0,0,0,0,0,0,0,0,0,0,0,0
2025-11-04,Strom,0,0,0,0,0,0,0,0,0,0,0,0,0,0,0
2025-11-04,Vahr,0,0,0,0,0,0,0,0,0,0,0,0,0,0,0
2025-11-04,Vegesack,0,0,0,0,0,0,0,0,0,0,0,0,0,0,0
2025-11-04,Walle,0,0,0,0,0,0,0,0,0,0,0,0,0,0,0
2025-11-04,Woltmershausen,0,0,0,0,0,0,0,0,0,0,0,0,0,0,0
2025-11-04,Östliche Vorstadt,0,0,0,0,0,0,0,0,0,0,0,0,0,0,0
2025-11-05,Blockland,0,0,0,0,0,0,0,0,0,0,0,0,0,0,0
2025-11-05,Blumenthal,0,0,0,0,0,0,0,0,0,0,0,0,0,0,0
2025-11-05,Borgfeld,0,0,0,0,0,0,0,0,0,0,0,0,0,0,0
2025-11-05,Burglesum,0,0,0,0,0,0,0,0,0,0,0,0,0,0,0
2025-11-05,Findorff,0,0,0,0,0,0,0,0,0,0,0,0,0,0,0
2025-11-05,Gröpelingen,0,0,0,0,0,0,0,0,0,0,0,0,0,0,0
2025-11-05,Hemelingen,0,0,0,0,0,0,0,0,0,0,0,0,0,0,0
2025-11-05,Horn-Lehe,0,0,0,0,0,0,0,0,0,0,0,0,0,0,0
2025-11-05,Huchting,0,0,0,0,0,0,0,0,0,0,0,0,0,0,0
2025-11-05,Häfen,0,0,0,0,0,0,0,0,0,0,0,0,0,0,0
2025-11-05,Mitte,0,0,0,0,0,0,0,0,0,0,0,0,0,0,0
2025-11-05,Neustadt,0,0,0,0,0,0,0,0,0,0,0,0,0,0,0
2025-11-05,Oberneuland,0,0,0,0,0,0,0,0,0,0,0,0,0,0,0
2025-11-05,Obervieland,0,0,0,0,0,0,0,0,0,0,0,0,0,0,0
2025-11-05,Osterholz,0,0,0,0,0,0,0,0,0,0,0,0,0,0,0
2025-11-05,Schwachhausen,0,0,0,0,0,0,0,0,0,0,0,0,0,0,0
2025-11-05,Seehausen,0,0,0,0,0,0,0,0,0,0,0,0,0,0,0
2025-11-05,Strom,0,0,0,0,0,0,0,0,0,0,0,0,0,0,0
2025-11-05,Vahr,0,0,0,0,0,0,0,0,0,0,0,0,0,0,0
2025-11-05,Vegesack,0,0,0,0,0,0,0,0,0,0,0,0,0,0,0
2025-11-05,Walle,0,0,0,0,0,0,0,0,0,0,0,0,0,0,0
2025-11-05,Woltmershausen,0,0,0,0,0,0,0,0,0,0,0,0,0,0,0
2025-11-05,Östliche Vorstadt,0,0,0,0,0,0,0,0,0,0,0,0,0,0,0
2025-11-06,Blockland,0,0,0,0,0,0,0,0,0,0,0,0,0,0,0
2025-11-06,Blumenthal,0,0,0,0,0,0,0,0,0,0,0,0,0,0,0
2025-11-06,Borgfeld,0,0,0,0,0,0,0,0,0,0,0,0,0,0,0
2025-11-06,Burglesum,0,0,0,0,0,0,0,0,0,0,0,0,0,0,0
2025-11-06,Findorff,0,0,0,0,0,0,0,0,0,0,0,0,0,0,0
2025-11-06,Gröpelingen,0,0,0,0,0,0,0,0,0,0,0,0,0,0,0
2025-11-06,Hemelingen,0,0,0,0,0,0,0,0,0,0,0,0,0,0,0
2025-11-06,Horn-Lehe,0,0,0,0,0,0,0,0,0,0,0,0,0,0,0
2025-11-06,Huchting,0,0,0,0,0,0,0,0,0,0,0,0,0,0,0
2025-11-06,Häfen,0,0,0,0,0,0,0,0,0,0,0,0,0,0,0
2025-11-06,Mitte,0,0,0,0,0,0,0,0,0,0,0,0,0,0,0
2025-11-06,Neustadt,0,0,0,0,0,0,0,0,0,0,0,0,0,0,0
2025-11-06,Oberneuland,0,0,0,0,0,0,0,0,0,0,0,0,0,0,0
2025-11-06,Obervieland,0,0,0,0,0,0,0,0,0,0,0,0,0,0,0
2025-11-06,Osterholz,0,0,0,0,0,0,0,0,0,0,0,0,0,0,0
2025-11-06,Schwachhausen,0,0,0,0,0,0,0,0,0,0,0,0,0,0,0
2025-11-06,Seehausen,0,0,0,0,0,0,0,0,0,0,0,0,0,0,0
2025-11-06,Strom,0,0,0,0,0,0,0,0,0,0,0,0,0,0,0
2025-11-06,Vahr,0,0,0,0,0,0,0,0,0,0,0,0,0,0,0
2025-11-06,Vegesack,0,0,0,0,0,0,0,0,0,0,0,0,0,0,0
2025-11-06,Walle,0,0,0,0,0,0,0,0,0,0,0,0,0,0,0
2025-11-06,Woltmershausen,0,0,0,0,0,0,0,0,0,0,0,0,0,0,0
2025-11-06,Östliche Vorstadt,0,0,0,0,0,0,0,0,0,0,0,0,0,0,0
2025-11-07,Blockland,0,0,0,0,0,0,0,0,0,0,0,0,0,0,0
2025-11-07,Blumenthal,0,0,0,0,0,0,0,0,0,0,0,0,0,0,0
2025-11-07,Borgfeld,0,0,0,0,0,0,0,0,0,0,0,0,0,0,0
2025-11-07,Burglesum,0,0,0,0,0,0,0,0,0,0,0,0,0,0,0
2025-11-07,Findorff,0,0,0,0,0,0,0,0,0,0,0,0,0,0,0
2025-11-07,Gröpelingen,0,0,0,0,0,0,0,0,0,0,0,0,0,0,0
2025-11-07,Hemelingen,0,0,0,0,0,0,0,0,0,0,0,0,0,0,0
2025-11-07,Horn-Lehe,0,0,0,0,0,0,0,0,0,0,0,0,0,0,0
2025-11-07,Huchting,0,0,0,0,0,0,0,0,0,0,0,0,0,0,0
2025-11-07,Häfen,0,0,0,0,0,0,0,0,0,0,0,0,0,0,0
2025-11-07,Mitte,0,0,0,0,0,0,0,0,0,0,0,0,0,0,0
2025-11-07,Neustadt,0,0,0,0,0,0,0,0,0,0,0,0,0,0,0
2025-11-07,Oberneuland,0,0,0,0,0,0,0,0,0,0,0,0,0,0,0
2025-11-07,Obervieland,0,0,0,0,0,0,0,0,0,0,0,0,0,0,0
2025-11-07,Osterholz,0,0,0,0,0,0,0,0,0,0,0,0,0,0,0
2025-11-07,Schwachhausen,0,0,0,0,0,0,0,0,0,0,0,0,0,0,0
2025-11-07,Seehausen,0,0,0,0,0,0,0,0,0,0,0,0,0,0,0
2025-11-07,Strom,0,0,0,0,0,0,0,0,0,0,0,0,0,0,0
2025-11-07,Vahr,0,0,0,0,0,0,0,0,0,0,0,0,0,0,0
2025-11-07,Vegesack,0,0,0,0,0,0,0,0,0,0,0,0,0,0,0
2025-11-07,Walle,0,0,0,0,0,0,0,0,0,0,0,0,0,0,0
2025-11-07,Woltmershausen,0,0,0,0,0,0,0,0,0,0,0,0,0,0,0
2025-11-07,Östliche Vorstadt,0,0,0,0,0,0,0,0,0,0,0,0,0,0,0
2025-11-08,Blockland,0,0,0,0,0,0,0,0,0,0,0,0,0,0,0
2025-11-08,Blumenthal,0,0,0,0,0,0,0,0,0,0,0,0,0,0,0
2025-11-08,Borgfeld,0,0,0,0,0,0,0,0,0,0,0,0,0,0,0
2025-11-08,Burglesum,0,0,0,0,0,0,0,0,0,0,0,0,0,0,0
2025-11-08,Findorff,0,0,0,0,0,0,0,0,0,0,0,0,0,0,0
2025-11-08,Gröpelingen,0,0,0,0,0,0,0,0,0,0,0,0,0,0,0
2025-11-08,Hemelingen,0,0,0,0,0,0,0,0,0,0,0,0,0,0,0
2025-11-08,Horn-Lehe,0,0,0,0,0,0,0,0,0,0,0,0,0,0,0
2025-11-08,Huchting,0,0,0,0,0,0,0,0,0,0,0,0,0,0,0
2025-11-08,Häfen,0,0,0,0,0,0,0,0,0,0,0,0,0,0,0
2025-11-08,Mitte,0,0,0,0,0,0,0,0,0,0,0,0,0,0,0
2025-11-08,Neustadt,0,0,0,0,0,0,0,0,0,0,0,0,0,0,0
2025-11-08,Oberneuland,0,0,0,0,0,0,0,0,0,0,0,0,0,0,0
2025-11-08,Obervieland,0,0,0,0,0,0,0,0,0,0,0,0,0,0,0
2025-11-08,Osterholz,0,0,0,0,0,0,0,0,0,0,0,0,0,0,0
2025-11-08,Schwachhausen,0,0,0,0,0,0,0,0,0,0,0,0,0,0,0
2025-11-08,Seehausen,0,0,0,0,0,0,0,0,0,0,0,0,0,0,0
2025-11-08,Strom,0,0,0,0,0,0,0,0,0,0,0,0,0,0,0
2025-11-08,Vahr,0,0,0,0,0,0,0,0,0,0,0,0,0,0,0
2025-11-08,Vegesack,0,0,0,0,0,0,0,0,0,0,0,0,0,0,0
2025-11-08,Walle,0,0,0,0,0,0,0,0,0,0,0,0,0,0,0
2025-11-08,Woltmershausen,0,0,0,0,0,0,0,0,0,0,0,0,0,0,0
2025-11-08,Östliche Vorstadt,0,0,0,0,0,0,0,0,0,0,0,0,0,0,0
2025-11-09,Blockland,0,0,0,0,0,0,0,0,0,0,0,0,0,0,0
2025-11-09,Blumenthal,0,0,0,0,0,0,0,0,0,0,0,0,0,0,0
2025-11-09,Borgfeld,0,0,0,0,0,0,0,0,0,0,0,0,0,0,0
2025-11-09,Burglesum,0,0,0,0,0,0,0,0,0,0,0,0,0,0,0
2025-11-09,Findorff,0,0,0,0,0,0,0,0,0,0,0,0,0,0,0
2025-11-09,Gröpelingen,0,0,0,0,0,0,0,0,0,0,0,0,0,0,0
2025-11-09,Hemelingen,0,0,0,0,0,0,0,0,0,0,0,0,0,0,0
2025-11-09,Horn-Lehe,0,0,0,0,0,0,0,0,0,0,0,0,0,0,0
2025-11-09,Huchting,0,0,0,0,0,0,0,0,0,0,0,0,0,0,0
2025-11-09,Häfen,0,0,0,0,0,0,0,0,0,0,0,0,0,0,0
2025-11-09,Mitte,0,0,0,0,0,0,0,0,0,0,0,0,0,0,0
2025-11-09,Neustadt,0,0,0,0,0,0,0,0,0,0,0,0,0,0,0
2025-11-09,Oberneuland,0,0,0,0,0,0,0,0,0,0,0,0,0,0,0
2025-11-09,Obervieland,0,0,0,0,0,0,0,0,0,0,0,0,0,0,0
2025-11-09,Osterholz,0,0,0,0,0,0,0,0,0,0,0,0,0,0,0
2025-11-09,Schwachhausen,0,0,0,0,0,0,0,0,0,0,0,0,0,0,0
2025-11-09,Seehausen,0,0,0,0,0,0,0,0,0,0,0,0,0,0,0
2025-11-09,Strom,0,0,0,0,0,0,0,0,0,0,0,0,0,0,0
2025-11-09,Vahr,0,0,0,0,0,0,0,0,0,0,0,0,0,0,0
2025-11-09,Vegesack,0,0,0,0,0,0,0,0,0,0,0,0,0,0,0
2025-11-09,Walle,0,0,0,0,0,0,0,0,0,0,0,0,0,0,0
2025-11-09,Woltmershausen,0,0,0,0,0,0,0,0,0,0,0,0,0,0,0
2025-11-09,Östliche Vorstadt,0,0,0,0,0,0,0,0,0,0,0,0,0,0,0
2025-11-10,Blockland,0,0,0,0,0,0,0,0,0,0,0,0,0,0,0
2025-11-10,Blumenthal,0,0,0,0,0,0,0,0,0,0,0,0,0,0,0
2025-11-10,Borgfeld,0,0,0,0,0,0,0,0,0,0,0,0,0,0,0
2025-11-10,Burglesum,0,0,0,0,0,0,0,0,0,0,0,0,0,0,0
2025-11-10,Findorff,0,0,0,0,0,0,0,0,0,0,0,0,0,0,0
2025-11-10,Gröpelingen,0,0,0,0,0,0,0,0,0,0,0,0,0,0,0
2025-11-10,Hemelingen,0,0,0,0,0,0,0,0,0,0,0,0,0,0,0
2025-11-10,Horn-Lehe,0,0,0,0,0,0,0,0,0,0,0,0,0,0,0
2025-11-10,Huchting,0,0,0,0,0,0,0,0,0,0,0,0,0,0,0
2025-11-10,Häfen,0,0,0,0,0,0,0,0,0,0,0,0,0,0,0
2025-11-10,Mitte,0,0,0,0,0,0,0,0,0,0,0,0,0,0,0
2025-11-10,Neustadt,0,0,0,0,0,0,0,0,0,0,0,0,0,0,0
2025-11-10,Oberneuland,0,0,0,0,0,0,0,0,0,0,0,0,0,0,0
2025-11-10,Obervieland,0,0,0,0,0,0,0,0,0,0,0,0,0,0,0
2025-11-10,Osterholz,0,0,0,0,0,0,0,0,0,0,0,0,0,0,0
2025-11-10,Schwachhausen,0,0,0,0,0,0,0,0,0,0,0,0,0,0,0
2025-11-10,Seehausen,0,0,0,0,0,0,0,0,0,0,0,0,0,0,0
2025-11-10,Strom,0,0,0,0,0,0,0,0,0,0,0,0,0,0,0
2025-11-10,Vahr,0,0,0,0,0,0,0,0,0,0,0,0,0,0,0
2025-11-10,Vegesack,0,0,0,0,0,0,0,0,0,0,0,0,0,0,0
2025-11-10,Walle,0,0,0,0,0,0,0,0,0,0,0,0,0,0,0
2025-11-10,Woltmershausen,0,0,0,0,0,0,0,0,0,0,0,0,0,0,0
2025-11-10,Östliche Vorstadt,0,0,0,0,0,0,0,0,0,0,0,0,0,0,0
2025-11-11,Blockland,0,0,0,0,0,0,0,0,0,0,0,0,0,0,0
2025-11-11,Blumenthal,0,0,0,0,0,0,0,0,0,0,0,0,0,0,0
2025-11-11,Borgfeld,0,0,0,0,0,0,0,0,0,0,0,0,0,0,0
2025-11-11,Burglesum,0,0,0,0,0,0,0,0,0,0,0,0,0,0,0
2025-11-11,Findorff,0,0,0,0,0,0,0,0,0,0,0,0,0,0,0
2025-11-11,Gröpelingen,0,0,0,0,0,0,0,0,0,0,0,0,0,0,0
2025-11-11,Hemelingen,0,0,0,0,0,0,0,0,0,0,0,0,0,0,0
2025-11-11,Horn-Lehe,0,0,0,0,0,0,0,0,0,0,0,0,0,0,0
2025-11-11,Huchting,0,0,0,0,0,0,0,0,0,0,0,0,0,0,0
2025-11-11,Häfen,0,0,0,0,0,0,0,0,0,0,0,0,0,0,0
2025-11-11,Mitte,0,0,0,0,0,0,0,0,0,0,0,0,0,0,0
2025-11-11,Neustadt,0,0,0,0,0,0,0,0,0,0,0,0,0,0,0
2025-11-11,Oberneuland,0,0,0,0,0,0,0,0,0,0,0,0,0,0,0
2025-11-11,Obervieland,0,0,0,0,0,0,0,0,0,0,0,0,0,0,0
2025-11-11,Osterholz,0,0,0,0,0,0,0,0,0,0,0,0,0,0,0
2025-11-11,Schwachhausen,0,0,0,0,0,0,0,0,0,0,0,0,0,0,0
2025-11-11,Seehausen,0,0,0,0,0,0,0,0,0,0,0,0,0,0,0
2025-11-11,Strom,0,0,0,0,0,0,0,0,0,0,0,0,0,0,0
2025-11-11,Vahr,0,0,0,0,0,0,0,0,0,0,0,0,0,0,0
2025-11-11,Vegesack,0,0,0,0,0,0,0,0,0,0,0,0,0,0,0
2025-11-11,Walle,0,0,0,0,0,0,0,0,0,0,0,0,0,0,0
2025-11-11,Woltmershausen,0,0,0,0,0,0,0,0,0,0,0,0,0,0,0
2025-11-11,Östliche Vorstadt,0,0,0,0,0,0,0,0,0,0,0,0,0,0,0
2025-11-12,Blockland,0,0,0,0,0,0,0,0,0,0,0,0,0,0,0
2025-11-12,Blumenthal,0,0,0,0,0,0,0,0,0,0,0,0,0,0,0
2025-11-12,Borgfeld,0,0,0,0,0,0,0,0,0,0,0,0,0,0,0
2025-11-12,Burglesum,0,0,0,0,0,0,0,0,0,0,0,0,0,0,0
2025-11-12,Findorff,0,0,0,0,0,0,0,0,0,0,0,0,0,0,0
2025-11-12,Gröpelingen,0,0,0,0,0,0,0,0,0,0,0,0,0,0,0
2025-11-12,Hemelingen,0,0,0,0,0,0,0,0,0,0,0,0,0,0,0
2025-11-12,Horn-Lehe,0,0,0,0,0,0,0,0,0,0,0,0,0,0,0
2025-11-12,Huchting,0,0,0,0,0,0,0,0,0,0,0,0,0,0,0
2025-11-12,Häfen,0,0,0,0,0,0,0,0,0,0,0,0,0,0,0
2025-11-12,Mitte,0,0,0,0,0,0,0,0,0,0,0,0,0,0,0
2025-11-12,Neustadt,0,0,0,0,0,0,0,0,0,0,0,0,0,0,0
2025-11-12,Oberneuland,0,0,0,0,0,0,0,0,0,0,0,0,0,0,0
2025-11-12,Obervieland,0,0,0,0,0,0,0,0,0,0,0,0,0,0,0
2025-11-12,Osterholz,0,0,0,0,0,0,0,0,0,0,0,0,0,0,0
2025-11-12,Schwachhausen,0,0,0,0,0,0,0,0,0,0,0,0,0,0,0
2025-11-12,Seehausen,0,0,0,0,0,0,0,0,0,0,0,0,0,0,0
2025-11-12,Strom,0,0,0,0,0,0,0,0,0,0,0,0,0,0,0
2025-11-12,Vahr,0,0,0,0,0,0,0,0,0,0,0,0,0,0,0
2025-11-12,Vegesack,0,0,0,0,0,0,0,0,0,0,0,0,0,0,0
2025-11-12,Walle,0,0,0,0,0,0,0,0,0,0,0,0,0,0,0
2025-11-12,Woltmershausen,0,0,0,0,0,0,0,0,0,0,0,0,0,0,0
2025-11-12,Östliche Vorstadt,0,0,0,0,0,0,0,0,0,0,0,0,0,0,0
2025-11-13,Blockland,0,0,0,0,0,0,0,0,0,0,0,0,0,0,0
2025-11-13,Blumenthal,0,0,0,0,0,0,0,0,0,0,0,0,0,0,0
2025-11-13,Borgfeld,0,0,0,0,0,0,0,0,0,0,0,0,0,0,0
2025-11-13,Burglesum,0,0,0,0,0,0,0,0,0,0,0,0,0,0,0
2025-11-13,Findorff,0,0,0,0,0,0,0,0,0,0,0,0,0,0,0
2025-11-13,Gröpelingen,0,0,0,0,0,0,0,0,0,0,0,0,0,0,0
2025-11-13,Hemelingen,0,0,0,0,0,0,0,0,0,0,0,0,0,0,0
2025-11-13,Horn-Lehe,0,0,0,0,0,0,0,0,0,0,0,0,0,0,0
2025-11-13,Huchting,0,0,0,0,0,0,0,0,0,0,0,0,0,0,0
2025-11-13,Häfen,0,0,0,0,0,0,0,0,0,0,0,0,0,0,0
2025-11-13,Mitte,0,0,0,0,0,0,0,0,0,0,0,0,0,0,0
2025-11-13,Neustadt,0,0,0,0,0,0,0,0,0,0,0,0,0,0,0
2025-11-13,Oberneuland,0,0,0,0,0,0,0,0,0,0,0,0,0,0,0
2025-11-13,Obervieland,0,0,0,0,0,0,0,0,0,0,0,0,0,0,0
2025-11-13,Osterholz,0,0,0,0,0,0,0,0,0,0,0,0,0,0,0
2025-11-13,Schwachhausen,0,0,0,0,0,0,0,0,0,0,0,0,0,0,0
2025-11-13,Seehausen,0,0,0,0,0,0,0,0,0,0,0,0,0,0,0
2025-11-13,Strom,0,0,0,0,0,0,0,0,0,0,0,0,0,0,0
2025-11-13,Vahr,0,0,0,0,0,0,0,0,0,0,0,0,0,0,0
2025-11-13,Vegesack,0,0,0,0,0,0,0,0,0,0,0,0,0,0,0
2025-11-13,Walle,0,0,0,0,0,0,0,0,0,0,0,0,0,0,0
2025-11-13,Woltmershausen,0,0,0,0,0,0,0,0,0,0,0,0,0,0,0
2025-11-13,Östliche Vorstadt,0,0,0,0,0,0,0,0,0,0,0,0,0,0,0
2025-11-14,Blockland,0,0,0,0,0,0,0,0,0,0,0,0,0,0,0
2025-11-14,Blumenthal,0,0,0,0,0,0,0,0,0,0,0,0,0,0,0
2025-11-14,Borgfeld,0,0,0,0,0,0,0,0,0,0,0,0,0,0,0
2025-11-14,Burglesum,0,0,0,0,0,0,0,0,0,0,0,0,0,0,0
2025-11-14,Findorff,0,0,0,0,0,0,0,0,0,0,0,0,0,0,0
2025-11-14,Gröpelingen,0,0,0,0,0,0,0,0,0,0,0,0,0,0,0
2025-11-14,Hemelingen,0,0,0,0,0,0,0,0,0,0,0,0,0,0,0
2025-11-14,Horn-Lehe,0,0,0,0,0,0,0,0,0,0,0,0,0,0,0
2025-11-14,Huchting,0,0,0,0,0,0,0,0,0,0,0,0,0,0,0
2025-11-14,Häfen,0,0,0,0,0,0,0,0,0,0,0,0,0,0,0
2025-11-14,Mitte,0,0,0,0,0,0,0,0,0,0,0,0,0,0,0
2025-11-14,Neustadt,0,0,0,0,0,0,0,0,0,0,0,0,0,0,0
2025-11-14,Oberneuland,0,0,0,0,0,0,0,0,0,0,0,0,0,0,0
2025-11-14,Obervieland,0,0,0,0,0,0,0,0,0,0,0,0,0,0,0
2025-11-14,Osterholz,0,0,0,0,0,0,0,0,0,0,0,0,0,0,0
2025-11-14,Schwachhausen,0,0,0,0,0,0,0,0,0,0,0,0,0,0,0
2025-11-14,Seehausen,0,0,0,0,0,0,0,0,0,0,0,0,0,0,0
2025-11-14,Strom,0,0,0,0,0,0,0,0,0,0,0,0,0,0,0
2025-11-14,Vahr,0,0,0,0,0,0,0,0,0,0,0,0,0,0,0
2025-11-14,Vegesack,0,0,0,0,0,0,0,0,0,0,0,0,0,0,0
2025-11-14,Walle,0,0,0,0,0,0,0,0,0,0,0,0,0,0,0
2025-11-14,Woltmershausen,0,0,0,0,0,0,0,0,0,0,0,0,0,0,0
2025-11-14,Östliche Vorstadt,0,0,0,0,0,0,0,0,0,0,0,0,0,0,0
2025-11-15,Blockland,0,0,0,0,0,0,0,0,0,0,0,0,0,0,0
2025-11-15,Blumenthal,0,0,0,0,0,0,0,0,0,0,0,0,0,0,0
2025-11-15,Borgfeld,0,0,0,0,0,0,0,0,0,0,0,0,0,0,0
2025-11-15,Burglesum,0,0,0,0,0,0,0,0,0,0,0,0,0,0,0
2025-11-15,Findorff,0,0,0,0,0,0,0,0,0,0,0,0,0,0,0
2025-11-15,Gröpelingen,0,0,0,0,0,0,0,0,0,0,0,0,0,0,0
2025-11-15,Hemelingen,0,0,0,0,0,0,0,0,0,0,0,0,0,0,0
2025-11-15,Horn-Lehe,0,0,0,0,0,0,0,0,0,0,0,0,0,0,0
2025-11-15,Huchting,0,0,0,0,0,0,0,0,0,0,0,0,0,0,0
2025-11-15,Häfen,0,0,0,0,0,0,0,0,0,0,0,0,0,0,0
2025-11-15,Mitte,0,0,0,0,0,0,0,0,0,0,0,0,0,0,0
2025-11-15,Neustadt,0,0,0,0,0,0,0,0,0,0,0,0,0,0,0
2025-11-15,Oberneuland,0,0,0,0,0,0,0,0,0,0,0,0,0,0,0
2025-11-15,Obervieland,0,0,0,0,0,0,0,0,0,0,0,0,0,0,0
2025-11-15,Osterholz,0,0,0,0,0,0,0,0,0,0,0,0,0,0,0
2025-11-15,Schwachhausen,0,0,0,0,0,0,0,0,0,0,0,0,0,0,0
2025-11-15,Seehausen,0,0,0,0,0,0,0,0,0,0,0,0,0,0,0
2025-11-15,Strom,0,0,0,0,0,0,0,0,0,0,0,0,0,0,0
2025-11-15,Vahr,0,0,0,0,0,0,0,0,0,0,0,0,0,0,0
2025-11-15,Vegesack,0,0,0,0,0,0,0,0,0,0,0,0,0,0,0
2025-11-15,Walle,0,0,0,0,0,0,0,0,0,0,0,0,0,0,0
2025-11-15,Woltmershausen,0,0,0,0,0,0,0,0,0,0,0,0,0,0,0
2025-11-15,Östliche Vorstadt,0,0,0,0,0,0,0,0,0,0,0,0,0,0,0
2025-11-16,Blockland,0,0,0,0,0,0,0,0,0,0,0,0,0,0,0
2025-11-16,Blumenthal,0,0,0,0,0,0,0,0,0,0,0,0,0,0,0
2025-11-16,Borgfeld,0,0,0,0,0,0,0,0,0,0,0,0,0,0,0
2025-11-16,Burglesum,0,0,0,0,0,0,0,0,0,0,0,0,0,0,0
2025-11-16,Findorff,0,0,0,0,0,0,0,0,0,0,0,0,0,0,0
2025-11-16,Gröpelingen,0,0,0,0,0,0,0,0,0,0,0,0,0,0,0
2025-11-16,Hemelingen,0,0,0,0,0,0,0,0,0,0,0,0,0,0,0
2025-11-16,Horn-Lehe,0,0,0,0,0,0,0,0,0,0,0,0,0,0,0
2025-11-16,Huchting,0,0,0,0,0,0,0,0,0,0,0,0,0,0,0
2025-11-16,Häfen,0,0,0,0,0,0,0,0,0,0,0,0,0,0,0
2025-11-16,Mitte,0,0,0,0,0,0,0,0,0,0,0,0,0,0,0
2025-11-16,Neustadt,0,0,0,0,0,0,0,0,0,0,0,0,0,0,0
2025-11-16,Oberneuland,0,0,0,0,0,0,0,0,0,0,0,0,0,0,0
2025-11-16,Obervieland,0,0,0,0,0,0,0,0,0,0,0,0,0,0,0
2025-11-16,Osterholz,0,0,0,0,0,0,0,0,0,0,0,0,0,0,0
2025-11-16,Schwachhausen,0,0,0,0,0,0,0,0,0,0,0,0,0,0,0
2025-11-16,Seehausen,0,0,0,0,0,0,0,0,0,0,0,0,0,0,0
2025-11-16,Strom,0,0,0,0,0,0,0,0,0,0,0,0,0,0,0
2025-11-16,Vahr,0,0,0,0,0,0,0,0,0,0,0,0,0,0,0
2025-11-16,Vegesack,0,0,0,0,0,0,0,0,0,0,0,0,0,0,0
2025-11-16,Walle,0,0,0,0,0,0,0,0,0,0,0,0,0,0,0
2025-11-16,Woltmershausen,0,0,0,0,0,0,0,0,0,0,0,0,0,0,0
2025-11-16,Östliche Vorstadt,0,0,0,0,0,0,0,0,0,0,0,0,0,0,0
2025-11-17,Blockland,0,0,0,0,0,0,0,0,0,0,0,0,0,0,0
2025-11-17,Blumenthal,0,0,0,0,0,0,0,0,0,0,0,0,0,0,0
2025-11-17,Borgfeld,0,0,0,0,0,0,0,0,0,0,0,0,0,0,0
2025-11-17,Burglesum,0,0,0,0,0,0,0,0,0,0,0,0,0,0,0
2025-11-17,Findorff,0,0,0,0,0,0,0,0,0,0,0,0,0,0,0
2025-11-17,Gröpelingen,0,0,0,0,0,0,0,0,0,0,0,0,0,0,0
2025-11-17,Hemelingen,0,0,0,0,0,0,0,0,0,0,0,0,0,0,0
2025-11-17,Horn-Lehe,0,0,0,0,0,0,0,0,0,0,0,0,0,0,0
2025-11-17,Huchting,0,0,0,0,0,0,0,0,0,0,0,0,0,0,0
2025-11-17,Häfen,0,0,0,0,0,0,0,0,0,0,0,0,0,0,0
2025-11-17,Mitte,0,0,0,0,0,0,0,0,0,0,0,0,0,0,0
2025-11-17,Neustadt,0,0,0,0,0,0,0,0,0,0,0,0,0,0,0
2025-11-17,Oberneuland,0,0,0,0,0,0,0,0,0,0,0,0,0,0,0
2025-11-17,Obervieland,0,0,0,0,0,0,0,0,0,0,0,0,0,0,0
2025-11-17,Osterholz,0,0,0,0,0,0,0,0,0,0,0,0,0,0,0
2025-11-17,Schwachhausen,0,0,0,0,0,0,0,0,0,0,0,0,0,0,0
2025-11-17,Seehausen,0,0,0,0,0,0,0,0,0,0,0,0,0,0,0
2025-11-17,Strom,0,0,0,0,0,0,0,0,0,0,0,0,0,0,0
2025-11-17,Vahr,0,0,0,0,0,0,0,0,0,0,0,0,0,0,0
2025-11-17,Vegesack,0,0,0,0,0,0,0,0,0,0,0,0,0,0,0
2025-11-17,Walle,0,0,0,0,0,0,0,0,0,0,0,0,0,0,0
2025-11-17,Woltmershausen,0,0,0,0,0,0,0,0,0,0,0,0,0,0,0
2025-11-17,Östliche Vorstadt,0,0,0,0,0,0,0,0,0,0,0,0,0,0,0
2025-11-18,Blockland,0,0,0,0,0,0,0,0,0,0,0,0,0,0,0
2025-11-18,Blumenthal,0,0,0,0,0,0,0,0,0,0,0,0,0,0,0
2025-11-18,Borgfeld,0,0,0,0,0,0,0,0,0,0,0,0,0,0,0
2025-11-18,Burglesum,0,0,0,0,0,0,0,0,0,0,0,0,0,0,0
2025-11-18,Findorff,0,0,0,0,0,0,0,0,0,0,0,0,0,0,0
2025-11-18,Gröpelingen,0,0,0,0,0,0,0,0,0,0,0,0,0,0,0
2025-11-18,Hemelingen,0,0,0,0,0,0,0,0,0,0,0,0,0,0,0
2025-11-18,Horn-Lehe,0,0,0,0,0,0,0,0,0,0,0,0,0,0,0
2025-11-18,Huchting,0,0,0,0,0,0,0,0,0,0,0,0,0,0,0
2025-11-18,Häfen,0,0,0,0,0,0,0,0,0,0,0,0,0,0,0
2025-11-18,Mitte,0,0,0,0,0,0,0,0,0,0,0,0,0,0,0
2025-11-18,Neustadt,0,0,0,0,0,0,0,0,0,0,0,0,0,0,0
2025-11-18,Oberneuland,0,0,0,0,0,0,0,0,0,0,0,0,0,0,0
2025-11-18,Obervieland,0,0,0,0,0,0,0,0,0,0,0,0,0,0,0
2025-11-18,Osterholz,0,0,0,0,0,0,0,0,0,0,0,0,0,0,0
2025-11-18,Schwachhausen,0,0,0,0,0,0,0,0,0,0,0,0,0,0,0
2025-11-18,Seehausen,0,0,0,0,0,0,0,0,0,0,0,0,0,0,0
2025-11-18,Strom,0,0,0,0,0,0,0,0,0,0,0,0,0,0,0
2025-11-18,Vahr,0,0,0,0,0,0,0,0,0,0,0,0,0,0,0
2025-11-18,Vegesack,0,0,0,0,0,0,0,0,0,0,0,0,0,0,0
2025-11-18,Walle,0,0,0,0,0,0,0,0,0,0,0,0,0,0,0
2025-11-18,Woltmershausen,0,0,0,0,0,0,0,0,0,0,0,0,0,0,0
2025-11-18,Östliche Vorstadt,0,0,0,0,0,0,0,0,0,0,0,0,0,0,0
2025-11-19,Blockland,0,0,0,0,0,0,0,0,0,0,0,0,0,0,0
2025-11-19,Blumenthal,0,0,0,0,0,0,0,0,0,0,0,0,0,0,0
2025-11-19,Borgfeld,0,0,0,0,0,0,0,0,0,0,0,0,0,0,0
2025-11-19,Burglesum,0,0,0,0,0,0,0,0,0,0,0,0,0,0,0
2025-11-19,Findorff,0,0,0,0,0,0,0,0,0,0,0,0,0,0,0
2025-11-19,Gröpelingen,0,0,0,0,0,0,0,0,0,0,0,0,0,0,0
2025-11-19,Hemelingen,0,0,0,0,0,0,0,0,0,0,0,0,0,0,0
2025-11-19,Horn-Lehe,0,0,0,0,0,0,0,0,0,0,0,0,0,0,0
2025-11-19,Huchting,0,0,0,0,0,0,0,0,0,0,0,0,0,0,0
2025-11-19,Häfen,0,0,0,0,0,0,0,0,0,0,0,0,0,0,0
2025-11-19,Mitte,0,0,0,0,0,0,0,0,0,0,0,0,0,0,0
2025-11-19,Neustadt,0,0,0,0,0,0,0,0,0,0,0,0,0,0,0
2025-11-19,Oberneuland,0,0,0,0,0,0,0,0,0,0,0,0,0,0,0
2025-11-19,Obervieland,0,0,0,0,0,0,0,0,0,0,0,0,0,0,0
2025-11-19,Osterholz,0,0,0,0,0,0,0,0,0,0,0,0,0,0,0
2025-11-19,Schwachhausen,0,0,0,0,0,0,0,0,0,0,0,0,0,0,0
2025-11-19,Seehausen,0,0,0,0,0,0,0,0,0,0,0,0,0,0,0
2025-11-19,Strom,0,0,0,0,0,0,0,0,0,0,0,0,0,0,0
2025-11-19,Vahr,0,0,0,0,0,0,0,0,0,0,0,0,0,0,0
2025-11-19,Vegesack,0,0,0,0,0,0,0,0,0,0,0,0,0,0,0
2025-11-19,Walle,0,0,0,0,0,0,0,0,0,0,0,0,0,0,0
2025-11-19,Woltmershausen,0,0,0,0,0,0,0,0,0,0,0,0,0,0,0
2025-11-19,Östliche Vorstadt,0,0,0,0,0,0,0,0,0,0,0,0,0,0,0
2025-11-20,Blockland,0,0,0,0,0,0,0,0,0,0,0,0,0,0,0
2025-11-20,Blumenthal,0,0,0,0,0,0,0,0,0,0,0,0,0,0,0
2025-11-20,Borgfeld,0,0,0,0,0,0,0,0,0,0,0,0,0,0,0
2025-11-20,Burglesum,0,0,0,0,0,0,0,0,0,0,0,0,0,0,0
2025-11-20,Findorff,0,0,0,0,0,0,0,0,0,0,0,0,0,0,0
2025-11-20,Gröpelingen,0,0,0,0,0,0,0,0,0,0,0,0,0,0,0
2025-11-20,Hemelingen,0,0,0,0,0,0,0,0,0,0,0,0,0,0,0
2025-11-20,Horn-Lehe,0,0,0,0,0,0,0,0,0,0,0,0,0,0,0
2025-11-20,Huchting,0,0,0,0,0,0,0,0,0,0,0,0,0,0,0
2025-11-20,Häfen,0,0,0,0,0,0,0,0,0,0,0,0,0,0,0
2025-11-20,Mitte,0,0,0,0,0,0,0,0,0,0,0,0,0,0,0
2025-11-20,Neustadt,0,0,0,0,0,0,0,0,0,0,0,0,0,0,0
2025-11-20,Oberneuland,0,0,0,0,0,0,0,0,0,0,0,0,0,0,0
2025-11-20,Obervieland,0,0,0,0,0,0,0,0,0,0,0,0,0,0,0
2025-11-20,Osterholz,0,0,0,0,0,0,0,0,0,0,0,0,0,0,0
2025-11-20,Schwachhausen,0,0,0,0,0,0,0,0,0,0,0,0,0,0,0
2025-11-20,Seehausen,0,0,0,0,0,0,0,0,0,0,0,0,0,0,0
2025-11-20,Strom,0,0,0,0,0,0,0,0,0,0,0,0,0,0,0
2025-11-20,Vahr,0,0,0,0,0,0,0,0,0,0,0,0,0,0,0
2025-11-20,Vegesack,0,0,0,0,0,0,0,0,0,0,0,0,0,0,0
2025-11-20,Walle,0,0,0,0,0,0,0,0,0,0,0,0,0,0,0
2025-11-20,Woltmershausen,0,0,0,0,0,0,0,0,0,0,0,0,0,0,0
2025-11-20,Östliche Vorstadt,0,0,0,0,0,0,0,0,0,0,0,0,0,0,0
2025-11-21,Blockland,0,0,0,0,0,0,0,0,0,0,0,0,0,0,0
2025-11-21,Blumenthal,0,0,0,0,0,0,0,0,0,0,0,0,0,0,0
2025-11-21,Borgfeld,0,0,0,0,0,0,0,0,0,0,0,0,0,0,0
2025-11-21,Burglesum,0,0,0,0,0,0,0,0,0,0,0,0,0,0,0
2025-11-21,Findorff,0,0,0,0,0,0,0,0,0,0,0,0,0,0,0
2025-11-21,Gröpelingen,0,0,0,0,0,0,0,0,0,0,0,0,0,0,0
2025-11-21,Hemelingen,0,0,0,0,0,0,0,0,0,0,0,0,0,0,0
2025-11-21,Horn-Lehe,0,0,0,0,0,0,0,0,0,0,0,0,0,0,0
2025-11-21,Huchting,0,0,0,0,0,0,0,0,0,0,0,0,0,0,0
2025-11-21,Häfen,0,0,0,0,0,0,0,0,0,0,0,0,0,0,0
2025-11-21,Mitte,0,0,0,0,0,0,0,0,0,0,0,0,0,0,0
2025-11-21,Neustadt,0,0,0,0,0,0,0,0,0,0,0,0,0,0,0
2025-11-21,Oberneuland,0,0,0,0,0,0,0,0,0,0,0,0,0,0,0
2025-11-21,Obervieland,0,0,0,0,0,0,0,0,0,0,0,0,0,0,0
2025-11-21,Osterholz,0,0,0,0,0,0,0,0,0,0,0,0,0,0,0
2025-11-21,Schwachhausen,0,0,0,0,0,0,0,0,0,0,0,0,0,0,0
2025-11-21,Seehausen,0,0,0,0,0,0,0,0,0,0,0,0,0,0,0
2025-11-21,Strom,0,0,0,0,0,0,0,0,0,0,0,0,0,0,0
2025-11-21,Vahr,0,0,0,0,0,0,0,0,0,0,0,0,0,0,0
2025-11-21,Vegesack,0,0,0,0,0,0,0,0,0,0,0,0,0,0,0
2025-11-21,Walle,0,0,0,0,0,0,0,0,0,0,0,0,0,0,0
2025-11-21,Woltmershausen,0,0,0,0,0,0,0,0,0,0,0,0,0,0,0
2025-11-21,Östliche Vorstadt,0,0,0,0,0,0,0,0,0,0,0,0,0,0,0
2025-11-22,Blockland,0,0,0,0,0,0,0,0,0,0,0,0,0,0,0
2025-11-22,Blumenthal,0,0,0,0,0,0,0,0,0,0,0,0,0,0,0
2025-11-22,Borgfeld,0,0,0,0,0,0,0,0,0,0,0,0,0,0,0
2025-11-22,Burglesum,0,0,0,0,0,0,0,0,0,0,0,0,0,0,0
2025-11-22,Findorff,0,0,0,0,0,0,0,0,0,0,0,0,0,0,0
2025-11-22,Gröpelingen,0,0,0,0,0,0,0,0,0,0,0,0,0,0,0
2025-11-22,Hemelingen,0,0,0,0,0,0,0,0,0,0,0,0,0,0,0
2025-11-22,Horn-Lehe,0,0,0,0,0,0,0,0,0,0,0,0,0,0,0
2025-11-22,Huchting,0,0,0,0,0,0,0,0,0,0,0,0,0,0,0
2025-11-22,Häfen,0,0,0,0,0,0,0,0,0,0,0,0,0,0,0
2025-11-22,Mitte,0,0,0,0,0,0,0,0,0,0,0,0,0,0,0
2025-11-22,Neustadt,0,0,0,0,0,0,0,0,0,0,0,0,0,0,0
2025-11-22,Oberneuland,0,0,0,0,0,0,0,0,0,0,0,0,0,0,0
2025-11-22,Obervieland,0,0,0,0,0,0,0,0,0,0,0,0,0,0,0
2025-11-22,Osterholz,0,0,0,0,0,0,0,0,0,0,0,0,0,0,0
2025-11-22,Schwachhausen,0,0,0,0,0,0,0,0,0,0,0,0,0,0,0
2025-11-22,Seehausen,0,0,0,0,0,0,0,0,0,0,0,0,0,0,0
2025-11-22,Strom,0,0,0,0,0,0,0,0,0,0,0,0,0,0,0
2025-11-22,Vahr,0,0,0,0,0,0,0,0,0,0,0,0,0,0,0
2025-11-22,Vegesack,0,0,0,0,0,0,0,0,0,0,0,0,0,0,0
2025-11-22,Walle,0,0,0,0,0,0,0,0,0,0,0,0,0,0,0
2025-11-22,Woltmershausen,0,0,0,0,0,0,0,0,0,0,0,0,0,0,0
2025-11-22,Östliche Vorstadt,0,0,0,0,0,0,0,0,0,0,0,0,0,0,0
2025-11-23,Blockland,0,0,0,0,0,0,0,0,0,0,0,0,0,0,0
2025-11-23,Blumenthal,0,0,0,0,0,0,0,0,0,0,0,0,0,0,0
2025-11-23,Borgfeld,0,0,0,0,0,0,0,0,0,0,0,0,0,0,0
2025-11-23,Burglesum,0,0,0,0,0,0,0,0,0,0,0,0,0,0,0
2025-11-23,Findorff,0,0,0,0,0,0,0,0,0,0,0,0,0,0,0
2025-11-23,Gröpelingen,0,0,0,0,0,0,0,0,0,0,0,0,0,0,0
2025-11-23,Hemelingen,0,0,0,0,0,0,0,0,0,0,0,0,0,0,0
2025-11-23,Horn-Lehe,0,0,0,0,0,0,0,0,0,0,0,0,0,0,0
2025-11-23,Huchting,0,0,0,0,0,0,0,0,0,0,0,0,0,0,0
2025-11-23,Häfen,0,0,0,0,0,0,0,0,0,0,0,0,0,0,0
2025-11-23,Mitte,0,0,0,0,0,0,0,0,0,0,0,0,0,0,0
2025-11-23,Neustadt,0,0,0,0,0,0,0,0,0,0,0,0,0,0,0
2025-11-23,Oberneuland,0,0,0,0,0,0,0,0,0,0,0,0,0,0,0
2025-11-23,Obervieland,0,0,0,0,0,0,0,0,0,0,0,0,0,0,0
2025-11-23,Osterholz,0,0,0,0,0,0,0,0,0,0,0,0,0,0,0
2025-11-23,Schwachhausen,0,0,0,0,0,0,0,0,0,0,0,0,0,0,0
2025-11-23,Seehausen,0,0,0,0,0,0,0,0,0,0,0,0,0,0,0
2025-11-23,Strom,0,0,0,0,0,0,0,0,0,0,0,0,0,0,0
2025-11-23,Vahr,0,0,0,0,0,0,0,0,0,0,0,0,0,0,0
2025-11-23,Vegesack,0,0,0,0,0,0,0,0,0,0,0,0,0,0,0
2025-11-23,Walle,0,0,0,0,0,0,0,0,0,0,0,0,0,0,0
2025-11-23,Woltmershausen,0,0,0,0,0,0,0,0,0,0,0,0,0,0,0
2025-11-23,Östliche Vorstadt,0,0,0,0,0,0,0,0,0,0,0,0,0,0,0
2025-11-24,Blockland,0,0,0,0,0,0,0,0,0,0,0,0,0,0,0
2025-11-24,Blumenthal,0,0,0,0,0,0,0,0,0,0,0,0,0,0,0
2025-11-24,Borgfeld,0,0,0,0,0,0,0,0,0,0,0,0,0,0,0
2025-11-24,Burglesum,0,0,0,0,0,0,0,0,0,0,0,0,0,0,0
2025-11-24,Findorff,0,0,0,0,0,0,0,0,0,0,0,0,0,0,0
2025-11-24,Gröpelingen,0,0,0,0,0,0,0,0,0,0,0,0,0,0,0
2025-11-24,Hemelingen,0,0,0,0,0,0,0,0,0,0,0,0,0,0,0
2025-11-24,Horn-Lehe,0,0,0,0,0,0,0,0,0,0,0,0,0,0,0
2025-11-24,Huchting,0,0,0,0,0,0,0,0,0,0,0,0,0,0,0
2025-11-24,Häfen,0,0,0,0,0,0,0,0,0,0,0,0,0,0,0
2025-11-24,Mitte,0,0,0,0,0,0,0,0,0,0,0,0,0,0,0
2025-11-24,Neustadt,0,0,0,0,0,0,0,0,0,0,0,0,0,0,0
2025-11-24,Oberneuland,0,0,0,0,0,0,0,0,0,0,0,0,0,0,0
2025-11-24,Obervieland,0,0,0,0,0,0,0,0,0,0,0,0,0,0,0
2025-11-24,Osterholz,0,0,0,0,0,0,0,0,0,0,0,0,0,0,0
2025-11-24,Schwachhausen,0,0,0,0,0,0,0,0,0,0,0,0,0,0,0
2025-11-24,Seehausen,0,0,0,0,0,0,0,0,0,0,0,0,0,0,0
2025-11-24,Strom,0,0,0,0,0,0,0,0,0,0,0,0,0,0,0
2025-11-24,Vahr,0,0,0,0,0,0,0,0,0,0,0,0,0,0,0
2025-11-24,Vegesack,0,0,0,0,0,0,0,0,0,0,0,0,0,0,0
2025-11-24,Walle,0,0,0,0,0,0,0,0,0,0,0,0,0,0,0
2025-11-24,Woltmershausen,0,0,0,0,0,0,0,0,0,0,0,0,0,0,0
2025-11-24,Östliche Vorstadt,0,0,0,0,0,0,0,0,0,0,0,0,0,0,0
2025-11-25,Blockland,0,0,0,0,0,0,0,0,0,0,0,0,0,0,0
2025-11-25,Blumenthal,0,0,0,0,0,0,0,0,0,0,0,0,0,0,0
2025-11-25,Borgfeld,0,0,0,0,0,0,0,0,0,0,0,0,0,0,0
2025-11-25,Burglesum,0,0,0,0,0,0,0,0,0,0,0,0,0,0,0
2025-11-25,Findorff,0,0,0,0,0,0,0,0,0,0,0,0,0,0,0
2025-11-25,Gröpelingen,0,0,0,0,0,0,0,0,0,0,0,0,0,0,0
2025-11-25,Hemelingen,0,0,0,0,0,0,0,0,0,0,0,0,0,0,0
2025-11-25,Horn-Lehe,0,0,0,0,0,0,0,0,0,0,0,0,0,0,0
2025-11-25,Huchting,0,0,0,0,0,0,0,0,0,0,0,0,0,0,0
2025-11-25,Häfen,0,0,0,0,0,0,0,0,0,0,0,0,0,0,0
2025-11-25,Mitte,0,0,0,0,0,0,0,0,0,0,0,0,0,0,0
2025-11-25,Neustadt,0,0,0,0,0,0,0,0,0,0,0,0,0,0,0
2025-11-25,Oberneuland,0,0,0,0,0,0,0,0,0,0,0,0,0,0,0
2025-11-25,Obervieland,0,0,0,0,0,0,0,0,0,0,0,0,0,0,0
2025-11-25,Osterholz,0,0,0,0,0,0,0,0,0,0,0,0,0,0,0
2025-11-25,Schwachhausen,0,0,0,0,0,0,0,0,0,0,0,0,0,0,0
2025-11-25,Seehausen,0,0,0,0,0,0,0,0,0,0,0,0,0,0,0
2025-11-25,Strom,0,0,0,0,0,0,0,0,0,0,0,0,0,0,0
2025-11-25,Vahr,0,0,0,0,0,0,0,0,0,0,0,0,0,0,0
2025-11-25,Vegesack,0,0,0,0,0,0,0,0,0,0,0,0,0,0,0
2025-11-25,Walle,0,0,0,0,0,0,0,0,0,0,0,0,0,0,0
2025-11-25,Woltmershausen,0,0,0,0,0,0,0,0,0,0,0,0,0,0,0
2025-11-25,Östliche Vorstadt,0,0,0,0,0,0,0,0,0,0,0,0,0,0,0
2025-11-26,Blockland,0,0,0,0,0,0,0,0,0,0,0,0,0,0,0
2025-11-26,Blumenthal,0,0,0,0,0,0,0,0,0,0,0,0,0,0,0
2025-11-26,Borgfeld,0,0,0,0,0,0,0,0,0,0,0,0,0,0,0
2025-11-26,Burglesum,0,0,0,0,0,0,0,0,0,0,0,0,0,0,0
2025-11-26,Findorff,0,0,0,0,0,0,0,0,0,0,0,0,0,0,0
2025-11-26,Gröpelingen,0,0,0,0,0,0,0,0,0,0,0,0,0,0,0
2025-11-26,Hemelingen,0,0,0,0,0,0,0,0,0,0,0,0,0,0,0
2025-11-26,Horn-Lehe,0,0,0,0,0,0,0,0,0,0,0,0,0,0,0
2025-11-26,Huchting,0,0,0,0,0,0,0,0,0,0,0,0,0,0,0
2025-11-26,Häfen,0,0,0,0,0,0,0,0,0,0,0,0,0,0,0
2025-11-26,Mitte,0,0,0,0,0,0,0,0,0,0,0,0,0,0,0
2025-11-26,Neustadt,0,0,0,0,0,0,0,0,0,0,0,0,0,0,0
2025-11-26,Oberneuland,0,0,0,0,0,0,0,0,0,0,0,0,0,0,0
2025-11-26,Obervieland,0,0,0,0,0,0,0,0,0,0,0,0,0,0,0
2025-11-26,Osterholz,0,0,0,0,0,0,0,0,0,0,0,0,0,0,0
2025-11-26,Schwachhausen,0,0,0,0,0,0,0,0,0,0,0,0,0,0,0
2025-11-26,Seehausen,0,0,0,0,0,0,0,0,0,0,0,0,0,0,0
2025-11-26,Strom,0,0,0,0,0,0,0,0,0,0,0,0,0,0,0
2025-11-26,Vahr,0,0,0,0,0,0,0,0,0,0,0,0,0,0,0
2025-11-26,Vegesack,0,0,0,0,0,0,0,0,0,0,0,0,0,0,0
2025-11-26,Walle,0,0,0,0,0,0,0,0,0,0,0,0,0,0,0
2025-11-26,Woltmershausen,0,0,0,0,0,0,0,0,0,0,0,0,0,0,0
2025-11-26,Östliche Vorstadt,0,0,0,0,0,0,0,0,0,0,0,0,0,0,0
2025-11-27,Blockland,0,0,0,0,0,0,0,0,0,0,0,0,0,0,0
2025-11-27,Blumenthal,0,0,0,0,0,0,0,0,0,0,0,0,0,0,0
2025-11-27,Borgfeld,0,0,0,0,0,0,0,0,0,0,0,0,0,0,0
2025-11-27,Burglesum,0,0,0,0,0,0,0,0,0,0,0,0,0,0,0
2025-11-27,Findorff,0,0,0,0,0,0,0,0,0,0,0,0,0,0,0
2025-11-27,Gröpelingen,0,0,0,0,0,0,0,0,0,0,0,0,0,0,0
2025-11-27,Hemelingen,0,0,0,0,0,0,0,0,0,0,0,0,0,0,0
2025-11-27,Horn-Lehe,0,0,0,0,0,0,0,0,0,0,0,0,0,0,0
2025-11-27,Huchting,0,0,0,0,0,0,0,0,0,0,0,0,0,0,0
2025-11-27,Häfen,0,0,0,0,0,0,0,0,0,0,0,0,0,0,0
2025-11-27,Mitte,0,0,0,0,0,0,0,0,0,0,0,0,0,0,0
2025-11-27,Neustadt,0,0,0,0,0,0,0,0,0,0,0,0,0,0,0
2025-11-27,Oberneuland,0,0,0,0,0,0,0,0,0,0,0,0,0,0,0
2025-11-27,Obervieland,0,0,0,0,0,0,0,0,0,0,0,0,0,0,0
2025-11-27,Osterholz,0,0,0,0,0,0,0,0,0,0,0,0,0,0,0
2025-11-27,Schwachhausen,0,0,0,0,0,0,0,0,0,0,0,0,0,0,0
2025-11-27,Seehausen,0,0,0,0,0,0,0,0,0,0,0,0,0,0,0
2025-11-27,Strom,0,0,0,0,0,0,0,0,0,0,0,0,0,0,0
2025-11-27,Vahr,0,0,0,0,0,0,0,0,0,0,0,0,0,0,0
2025-11-27,Vegesack,0,0,0,0,0,0,0,0,0,0,0,0,0,0,0
2025-11-27,Walle,0,0,0,0,0,0,0,0,0,0,0,0,0,0,0
2025-11-27,Woltmershausen,0,0,0,0,0,0,0,0,0,0,0,0,0,0,0
2025-11-27,Östliche Vorstadt,0,0,0,0,0,0,0,0,0,0,0,0,0,0,0
2025-11-28,Blockland,0,0,0,0,0,0,0,0,0,0,0,0,0,0,0
2025-11-28,Blumenthal,0,0,0,0,0,0,0,0,0,0,0,0,0,0,0
2025-11-28,Borgfeld,0,0,0,0,0,0,0,0,0,0,0,0,0,0,0
2025-11-28,Burglesum,0,0,0,0,0,0,0,0,0,0,0,0,0,0,0
2025-11-28,Findorff,0,0,0,0,0,0,0,0,0,0,0,0,0,0,0
2025-11-28,Gröpelingen,0,0,0,0,0,0,0,0,0,0,0,0,0,0,0
2025-11-28,Hemelingen,0,0,0,0,0,0,0,0,0,0,0,0,0,0,0
2025-11-28,Horn-Lehe,0,0,0,0,0,0,0,0,0,0,0,0,0,0,0
2025-11-28,Huchting,0,0,0,0,0,0,0,0,0,0,0,0,0,0,0
2025-11-28,Häfen,0,0,0,0,0,0,0,0,0,0,0,0,0,0,0
2025-11-28,Mitte,0,0,0,0,0,0,0,0,0,0,0,0,0,0,0
2025-11-28,Neustadt,0,0,0,0,0,0,0,0,0,0,0,0,0,0,0
2025-11-28,Oberneuland,0,0,0,0,0,0,0,0,0,0,0,0,0,0,0
2025-11-28,Obervieland,0,0,0,0,0,0,0,0,0,0,0,0,0,0,0
2025-11-28,Osterholz,0,0,0,0,0,0,0,0,0,0,0,0,0,0,0
2025-11-28,Schwachhausen,0,0,0,0,0,0,0,0,0,0,0,0,0,0,0
2025-11-28,Seehausen,0,0,0,0,0,0,0,0,0,0,0,0,0,0,0
2025-11-28,Strom,0,0,0,0,0,0,0,0,0,0,0,0,0,0,0
2025-11-28,Vahr,0,0,0,0,0,0,0,0,0,0,0,0,0,0,0
2025-11-28,Vegesack,0,0,0,0,0,0,0,0,0,0,0,0,0,0,0
2025-11-28,Walle,0,0,0,0,0,0,0,0,0,0,0,0,0,0,0
2025-11-28,Woltmershausen,0,0,0,0,0,0,0,0,0,0,0,0,0,0,0
2025-11-28,Östliche Vorstadt,0,0,0,0,0,0,0,0,0,0,0,0,0,0,0
2025-11-29,Blockland,0,0,0,0,0,0,0,0,0,0,0,0,0,0,0
2025-11-29,Blumenthal,0,0,0,0,0,0,0,0,0,0,0,0,0,0,0
2025-11-29,Borgfeld,0,0,0,0,0,0,0,0,0,0,0,0,0,0,0
2025-11-29,Burglesum,0,0,0,0,0,0,0,0,0,0,0,0,0,0,0
2025-11-29,Findorff,0,0,0,0,0,0,0,0,0,0,0,0,0,0,0
2025-11-29,Gröpelingen,0,0,0,0,0,0,0,0,0,0,0,0,0,0,0
2025-11-29,Hemelingen,0,0,0,0,0,0,0,0,0,0,0,0,0,0,0
2025-11-29,Horn-Lehe,0,0,0,0,0,0,0,0,0,0,0,0,0,0,0
2025-11-29,Huchting,0,0,0,0,0,0,0,0,0,0,0,0,0,0,0
2025-11-29,Häfen,0,0,0,0,0,0,0,0,0,0,0,0,0,0,0
2025-11-29,Mitte,0,0,0,0,0,0,0,0,0,0,0,0,0,0,0
2025-11-29,Neustadt,0,0,0,0,0,0,0,0,0,0,0,0,0,0,0
2025-11-29,Oberneuland,0,0,0,0,0,0,0,0,0,0,0,0,0,0,0
2025-11-29,Obervieland,0,0,0,0,0,0,0,0,0,0,0,0,0,0,0
2025-11-29,Osterholz,0,0,0,0,0,0,0,0,0,0,0,0,0,0,0
2025-11-29,Schwachhausen,0,0,0,0,0,0,0,0,0,0,0,0,0,0,0
2025-11-29,Seehausen,0,0,0,0,0,0,0,0,0,0,0,0,0,0,0
2025-11-29,Strom,0,0,0,0,0,0,0,0,0,0,0,0,0,0,0
2025-11-29,Vahr,0,0,0,0,0,0,0,0,0,0,0,0,0,0,0
2025-11-29,Vegesack,0,0,0,0,0,0,0,0,0,0,0,0,0,0,0
2025-11-29,Walle,0,0,0,0,0,0,0,0,0,0,0,0,0,0,0
2025-11-29,Woltmershausen,0,0,0,0,0,0,0,0,0,0,0,0,0,0,0
2025-11-29,Östliche Vorstadt,0,0,0,0,0,0,0,0,0,0,0,0,0,0,0
2025-11-30,Blockland,0,0,0,0,0,0,0,0,0,0,0,0,0,0,0
2025-11-30,Blumenthal,0,0,0,0,0,0,0,0,0,0,0,0,0,0,0
2025-11-30,Borgfeld,0,0,0,0,0,0,0,0,0,0,0,0,0,0,0
2025-11-30,Burglesum,0,0,0,0,0,0,0,0,0,0,0,0,0,0,0
2025-11-30,Findorff,0,0,0,0,0,0,0,0,0,0,0,0,0,0,0
2025-11-30,Gröpelingen,0,0,0,0,0,0,0,0,0,0,0,0,0,0,0
2025-11-30,Hemelingen,0,0,0,0,0,0,0,0,0,0,0,0,0,0,0
2025-11-30,Horn-Lehe,0,0,0,0,0,0,0,0,0,0,0,0,0,0,0
2025-11-30,Huchting,0,0,0,0,0,0,0,0,0,0,0,0,0,0,0
2025-11-30,Häfen,0,0,0,0,0,0,0,0,0,0,0,0,0,0,0
2025-11-30,Mitte,0,0,0,0,0,0,0,0,0,0,0,0,0,0,0
2025-11-30,Neustadt,0,0,0,0,0,0,0,0,0,0,0,0,0,0,0
2025-11-30,Oberneuland,0,0,0,0,0,0,0,0,0,0,0,0,0,0,0
2025-11-30,Obervieland,0,0,0,0,0,0,0,0,0,0,0,0,0,0,0
2025-11-30,Osterholz,0,0,0,0,0,0,0,0,0,0,0,0,0,0,0
2025-11-30,Schwachhausen,0,0,0,0,0,0,0,0,0,0,0,0,0,0,0
2025-11-30,Seehausen,0,0,0,0,0,0,0,0,0,0,0,0,0,0,0
2025-11-30,Strom,0,0,0,0,0,0,0,0,0,0,0,0,0,0,0
2025-11-30,Vahr,0,0,0,0,0,0,0,0,0,0,0,0,0,0,0
2025-11-30,Vegesack,0,0,0,0,0,0,0,0,0,0,0,0,0,0,0
2025-11-30,Walle,0,0,0,0,0,0,0,0,0,0,0,0,0,0,0
2025-11-30,Woltmershausen,0,0,0,0,0,0,0,0,0,0,0,0,0,0,0
2025-11-30,Östliche Vorstadt,0,0,0,0,0,0,0,0,0,0,0,0,0,0,0
2025-12-01,Blockland,0,0,0,0,0,0,0,0,0,0,0,0,0,0,0
2025-12-01,Blumenthal,0,0,0,0,0,0,0,0,0,0,0,0,0,0,0
2025-12-01,Borgfeld,0,0,0,0,0,0,0,0,0,0,0,0,0,0,0
2025-12-01,Burglesum,0,0,0,0,0,0,0,0,0,0,0,0,0,0,0
2025-12-01,Findorff,0,0,0,0,0,0,0,0,0,0,0,0,0,0,0
2025-12-01,Gröpelingen,0,0,0,0,0,0,0,0,0,0,0,0,0,0,0
2025-12-01,Hemelingen,0,0,0,0,0,0,0,0,0,0,0,0,0,0,0
2025-12-01,Horn-Lehe,0,0,0,0,0,0,0,0,0,0,0,0,0,0,0
2025-12-01,Huchting,0,0,0,0,0,0,0,0,0,0,0,0,0,0,0
2025-12-01,Häfen,0,0,0,0,0,0,0,0,0,0,0,0,0,0,0
2025-12-01,Mitte,0,0,0,0,0,0,0,0,0,0,0,0,0,0,0
2025-12-01,Neustadt,0,0,0,0,0,0,0,0,0,0,0,0,0,0,0
2025-12-01,Oberneuland,0,0,0,0,0,0,0,0,0,0,0,0,0,0,0
2025-12-01,Obervieland,0,0,0,0,0,0,0,0,0,0,0,0,0,0,0
2025-12-01,Osterholz,0,0,0,0,0,0,0,0,0,0,0,0,0,0,0
2025-12-01,Schwachhausen,0,0,0,0,0,0,0,0,0,0,0,0,0,0,0
2025-12-01,Seehausen,0,0,0,0,0,0,0,0,0,0,0,0,0,0,0
2025-12-01,Strom,0,0,0,0,0,0,0,0,0,0,0,0,0,0,0
2025-12-01,Vahr,0,0,0,0,0,0,0,0,0,0,0,0,0,0,0
2025-12-01,Vegesack,0,0,0,0,0,0,0,0,0,0,0,0,0,0,0
2025-12-01,Walle,0,0,0,0,0,0,0,0,0,0,0,0,0,0,0
2025-12-01,Woltmershausen,0,0,0,0,0,0,0,0,0,0,0,0,0,0,0
2025-12-01,Östliche Vorstadt,0,0,0,0,0,0,0,0,0,0,0,0,0,0,0
2025-12-02,Blockland,0,0,0,0,0,0,0,0,0,0,0,0,0,0,0
2025-12-02,Blumenthal,0,0,0,0,0,0,0,0,0,0,0,0,0,0,0
2025-12-02,Borgfeld,0,0,0,0,0,0,0,0,0,0,0,0,0,0,0
2025-12-02,Burglesum,0,0,0,0,0,0,0,0,0,0,0,0,0,0,0
2025-12-02,Findorff,0,0,0,0,0,0,0,0,0,0,0,0,0,0,0
2025-12-02,Gröpelingen,0,0,0,0,0,0,0,0,0,0,0,0,0,0,0
2025-12-02,Hemelingen,0,0,0,0,0,0,0,0,0,0,0,0,0,0,0
2025-12-02,Horn-Lehe,0,0,0,0,0,0,0,0,0,0,0,0,0,0,0
2025-12-02,Huchting,0,0,0,0,0,0,0,0,0,0,0,0,0,0,0
2025-12-02,Häfen,0,0,0,0,0,0,0,0,0,0,0,0,0,0,0
2025-12-02,Mitte,0,0,0,0,0,0,0,0,0,0,0,0,0,0,0
2025-12-02,Neustadt,0,0,0,0,0,0,0,0,0,0,0,0,0,0,0
2025-12-02,Oberneuland,0,0,0,0,0,0,0,0,0,0,0,0,0,0,0
2025-12-02,Obervieland,0,0,0,0,0,0,0,0,0,0,0,0,0,0,0
2025-12-02,Osterholz,0,0,0,0,0,0,0,0,0,0,0,0,0,0,0
2025-12-02,Schwachhausen,0,0,0,0,0,0,0,0,0,0,0,0,0,0,0
2025-12-02,Seehausen,0,0,0,0,0,0,0,0,0,0,0,0,0,0,0
2025-12-02,Strom,0,0,0,0,0,0,0,0,0,0,0,0,0,0,0
2025-12-02,Vahr,0,0,0,0,0,0,0,0,0,0,0,0,0,0,0
2025-12-02,Vegesack,0,0,0,0,0,0,0,0,0,0,0,0,0,0,0
2025-12-02,Walle,0,0,0,0,0,0,0,0,0,0,0,0,0,0,0
2025-12-02,Woltmershausen,0,0,0,0,0,0,0,0,0,0,0,0,0,0,0
2025-12-02,Östliche Vorstadt,0,0,0,0,0,0,0,0,0,0,0,0,0,0,0
2025-12-03,Blockland,0,0,0,0,0,0,0,0,0,0,0,0,0,0,0
2025-12-03,Blumenthal,0,0,0,0,0,0,0,0,0,0,0,0,0,0,0
2025-12-03,Borgfeld,0,0,0,0,0,0,0,0,0,0,0,0,0,0,0
2025-12-03,Burglesum,0,0,0,0,0,0,0,0,0,0,0,0,0,0,0
2025-12-03,Findorff,0,0,0,0,0,0,0,0,0,0,0,0,0,0,0
2025-12-03,Gröpelingen,0,0,0,0,0,0,0,0,0,0,0,0,0,0,0
2025-12-03,Hemelingen,0,0,0,0,0,0,0,0,0,0,0,0,0,0,0
2025-12-03,Horn-Lehe,0,0,0,0,0,0,0,0,0,0,0,0,0,0,0
2025-12-03,Huchting,0,0,0,0,0,0,0,0,0,0,0,0,0,0,0
2025-12-03,Häfen,0,0,0,0,0,0,0,0,0,0,0,0,0,0,0
2025-12-03,Mitte,0,0,0,0,0,0,0,0,0,0,0,0,0,0,0
2025-12-03,Neustadt,0,0,0,0,0,0,0,0,0,0,0,0,0,0,0
2025-12-03,Oberneuland,0,0,0,0,0,0,0,0,0,0,0,0,0,0,0
2025-12-03,Obervieland,0,0,0,0,0,0,0,0,0,0,0,0,0,0,0
2025-12-03,Osterholz,0,0,0,0,0,0,0,0,0,0,0,0,0,0,0
2025-12-03,Schwachhausen,0,0,0,0,0,0,0,0,0,0,0,0,0,0,0
2025-12-03,Seehausen,0,0,0,0,0,0,0,0,0,0,0,0,0,0,0
2025-12-03,Strom,0,0,0,0,0,0,0,0,0,0,0,0,0,0,0
2025-12-03,Vahr,0,0,0,0,0,0,0,0,0,0,0,0,0,0,0
2025-12-03,Vegesack,0,0,0,0,0,0,0,0,0,0,0,0,0,0,0
2025-12-03,Walle,0,0,0,0,0,0,0,0,0,0,0,0,0,0,0
2025-12-03,Woltmershausen,0,0,0,0,0,0,0,0,0,0,0,0,0,0,0
2025-12-03,Östliche Vorstadt,0,0,0,0,0,0,0,0,0,0,0,0,0,0,0
2025-12-04,Blockland,0,0,0,0,0,0,0,0,0,0,0,0,0,0,0
2025-12-04,Blumenthal,0,0,0,0,0,0,0,0,0,0,0,0,0,0,0
2025-12-04,Borgfeld,0,0,0,0,0,0,0,0,0,0,0,0,0,0,0
2025-12-04,Burglesum,0,0,0,0,0,0,0,0,0,0,0,0,0,0,0
2025-12-04,Findorff,0,0,0,0,0,0,0,0,0,0,0,0,0,0,0
2025-12-04,Gröpelingen,0,0,0,0,0,0,0,0,0,0,0,0,0,0,0
2025-12-04,Hemelingen,0,0,0,0,0,0,0,0,0,0,0,0,0,0,0
2025-12-04,Horn-Lehe,0,0,0,0,0,0,0,0,0,0,0,0,0,0,0
2025-12-04,Huchting,0,0,0,0,0,0,0,0,0,0,0,0,0,0,0
2025-12-04,Häfen,0,0,0,0,0,0,0,0,0,0,0,0,0,0,0
2025-12-04,Mitte,0,0,0,0,0,0,0,0,0,0,0,0,0,0,0
2025-12-04,Neustadt,0,0,0,0,0,0,0,0,0,0,0,0,0,0,0
2025-12-04,Oberneuland,0,0,0,0,0,0,0,0,0,0,0,0,0,0,0
2025-12-04,Obervieland,0,0,0,0,0,0,0,0,0,0,0,0,0,0,0
2025-12-04,Osterholz,0,0,0,0,0,0,0,0,0,0,0,0,0,0,0
2025-12-04,Schwachhausen,0,0,0,0,0,0,0,0,0,0,0,0,0,0,0
2025-12-04,Seehausen,0,0,0,0,0,0,0,0,0,0,0,0,0,0,0
2025-12-04,Strom,0,0,0,0,0,0,0,0,0,0,0,0,0,0,0
2025-12-04,Vahr,0,0,0,0,0,0,0,0,0,0,0,0,0,0,0
2025-12-04,Vegesack,0,0,0,0,0,0,0,0,0,0,0,0,0,0,0
2025-12-04,Walle,0,0,0,0,0,0,0,0,0,0,0,0,0,0,0
2025-12-04,Woltmershausen,0,0,0,0,0,0,0,0,0,0,0,0,0,0,0
2025-12-04,Östliche Vorstadt,0,0,0,0,0,0,0,0,0,0,0,0,0,0,0
2025-12-05,Blockland,0,0,0,0,0,0,0,0,0,0,0,0,0,0,0
2025-12-05,Blumenthal,0,0,0,0,0,0,0,0,0,0,0,0,0,0,0
2025-12-05,Borgfeld,0,0,0,0,0,0,0,0,0,0,0,0,0,0,0
2025-12-05,Burglesum,0,0,0,0,0,0,0,0,0,0,0,0,0,0,0
2025-12-05,Findorff,0,0,0,0,0,0,0,0,0,0,0,0,0,0,0
2025-12-05,Gröpelingen,0,0,0,0,0,0,0,0,0,0,0,0,0,0,0
2025-12-05,Hemelingen,0,0,0,0,0,0,0,0,0,0,0,0,0,0,0
2025-12-05,Horn-Lehe,0,0,0,0,0,0,0,0,0,0,0,0,0,0,0
2025-12-05,Huchting,0,0,0,0,0,0,0,0,0,0,0,0,0,0,0
2025-12-05,Häfen,0,0,0,0,0,0,0,0,0,0,0,0,0,0,0
2025-12-05,Mitte,0,0,0,0,0,0,0,0,0,0,0,0,0,0,0
2025-12-05,Neustadt,0,0,0,0,0,0,0,0,0,0,0,0,0,0,0
2025-12-05,Oberneuland,0,0,0,0,0,0,0,0,0,0,0,0,0,0,0
2025-12-05,Obervieland,0,0,0,0,0,0,0,0,0,0,0,0,0,0,0
2025-12-05,Osterholz,0,0,0,0,0,0,0,0,0,0,0,0,0,0,0
2025-12-05,Schwachhausen,0,0,0,0,0,0,0,0,0,0,0,0,0,0,0
2025-12-05,Seehausen,0,0,0,0,0,0,0,0,0,0,0,0,0,0,0
2025-12-05,Strom,0,0,0,0,0,0,0,0,0,0,0,0,0,0,0
2025-12-05,Vahr,0,0,0,0,0,0,0,0,0,0,0,0,0,0,0
2025-12-05,Vegesack,0,0,0,0,0,0,0,0,0,0,0,0,0,0,0
2025-12-05,Walle,0,0,0,0,0,0,0,0,0,0,0,0,0,0,0
2025-12-05,Woltmershausen,0,0,0,0,0,0,0,0,0,0,0,0,0,0,0
2025-12-05,Östliche Vorstadt,0,0,0,0,0,0,0,0,0,0,0,0,0,0,0
2025-12-06,Blockland,0,0,0,0,0,0,0,0,0,0,0,0,0,0,0
2025-12-06,Blumenthal,0,0,0,0,0,0,0,0,0,0,0,0,0,0,0
2025-12-06,Borgfeld,0,0,0,0,0,0,0,0,0,0,0,0,0,0,0
2025-12-06,Burglesum,0,0,0,0,0,0,0,0,0,0,0,0,0,0,0
2025-12-06,Findorff,0,0,0,0,0,0,0,0,0,0,0,0,0,0,0
2025-12-06,Gröpelingen,0,0,0,0,0,0,0,0,0,0,0,0,0,0,0
2025-12-06,Hemelingen,0,0,0,0,0,0,0,0,0,0,0,0,0,0,0
2025-12-06,Horn-Lehe,0,0,0,0,0,0,0,0,0,0,0,0,0,0,0
2025-12-06,Huchting,0,0,0,0,0,0,0,0,0,0,0,0,0,0,0
2025-12-06,Häfen,0,0,0,0,0,0,0,0,0,0,0,0,0,0,0
2025-12-06,Mitte,0,0,0,0,0,0,0,0,0,0,0,0,0,0,0
2025-12-06,Neustadt,0,0,0,0,0,0,0,0,0,0,0,0,0,0,0
2025-12-06,Oberneuland,0,0,0,0,0,0,0,0,0,0,0,0,0,0,0
2025-12-06,Obervieland,0,0,0,0,0,0,0,0,0,0,0,0,0,0,0
2025-12-06,Osterholz,0,0,0,0,0,0,0,0,0,0,0,0,0,0,0
2025-12-06,Schwachhausen,0,0,0,0,0,0,0,0,0,0,0,0,0,0,0
2025-12-06,Seehausen,0,0,0,0,0,0,0,0,0,0,0,0,0,0,0
2025-12-06,Strom,0,0,0,0,0,0,0,0,0,0,0,0,0,0,0
2025-12-06,Vahr,0,0,0,0,0,0,0,0,0,0,0,0,0,0,0
2025-12-06,Vegesack,0,0,0,0,0,0,0,0,0,0,0,0,0,0,0
2025-12-06,Walle,0,0,0,0,0,0,0,0,0,0,0,0,0,0,0
2025-12-06,Woltmershausen,0,0,0,0,0,0,0,0,0,0,0,0,0,0,0
2025-12-06,Östliche Vorstadt,0,0,0,0,0,0,0,0,0,0,0,0,0,0,0
2025-12-07,Blockland,0,0,0,0,0,0,0,0,0,0,0,0,0,0,0
2025-12-07,Blumenthal,0,0,0,0,0,0,0,0,0,0,0,0,0,0,0
2025-12-07,Borgfeld,0,0,0,0,0,0,0,0,0,0,0,0,0,0,0
2025-12-07,Burglesum,0,0,0,0,0,0,0,0,0,0,0,0,0,0,0
2025-12-07,Findorff,0,0,0,0,0,0,0,0,0,0,0,0,0,0,0
2025-12-07,Gröpelingen,0,0,0,0,0,0,0,0,0,0,0,0,0,0,0
2025-12-07,Hemelingen,0,0,0,0,0,0,0,0,0,0,0,0,0,0,0
2025-12-07,Horn-Lehe,0,0,0,0,0,0,0,0,0,0,0,0,0,0,0
2025-12-07,Huchting,0,0,0,0,0,0,0,0,0,0,0,0,0,0,0
2025-12-07,Häfen,0,0,0,0,0,0,0,0,0,0,0,0,0,0,0
2025-12-07,Mitte,0,0,0,0,0,0,0,0,0,0,0,0,0,0,0
2025-12-07,Neustadt,0,0,0,0,0,0,0,0,0,0,0,0,0,0,0
2025-12-07,Oberneuland,0,0,0,0,0,0,0,0,0,0,0,0,0,0,0
2025-12-07,Obervieland,0,0,0,0,0,0,0,0,0,0,0,0,0,0,0
2025-12-07,Osterholz,0,0,0,0,0,0,0,0,0,0,0,0,0,0,0
2025-12-07,Schwachhausen,0,0,0,0,0,0,0,0,0,0,0,0,0,0,0
2025-12-07,Seehausen,0,0,0,0,0,0,0,0,0,0,0,0,0,0,0
2025-12-07,Strom,0,0,0,0,0,0,0,0,0,0,0,0,0,0,0
2025-12-07,Vahr,0,0,0,0,0,0,0,0,0,0,0,0,0,0,0
2025-12-07,Vegesack,0,0,0,0,0,0,0,0,0,0,0,0,0,0,0
2025-12-07,Walle,0,0,0,0,0,0,0,0,0,0,0,0,0,0,0
2025-12-07,Woltmershausen,0,0,0,0,0,0,0,0,0,0,0,0,0,0,0
2025-12-07,Östliche Vorstadt,0,0,0,0,0,0,0,0,0,0,0,0,0,0,0
2025-12-08,Blockland,0,0,0,0,0,0,0,0,0,0,0,0,0,0,0
2025-12-08,Blumenthal,0,0,0,0,0,0,0,0,0,0,0,0,0,0,0
2025-12-08,Borgfeld,0,0,0,0,0,0,0,0,0,0,0,0,0,0,0
2025-12-08,Burglesum,0,0,0,0,0,0,0,0,0,0,0,0,0,0,0
2025-12-08,Findorff,0,0,0,0,0,0,0,0,0,0,0,0,0,0,0
2025-12-08,Gröpelingen,0,0,0,0,0,0,0,0,0,0,0,0,0,0,0
2025-12-08,Hemelingen,0,0,0,0,0,0,0,0,0,0,0,0,0,0,0
2025-12-08,Horn-Lehe,0,0,0,0,0,0,0,0,0,0,0,0,0,0,0
2025-12-08,Huchting,0,0,0,0,0,0,0,0,0,0,0,0,0,0,0
2025-12-08,Häfen,0,0,0,0,0,0,0,0,0,0,0,0,0,0,0
2025-12-08,Mitte,0,0,0,0,0,0,0,0,0,0,0,0,0,0,0
2025-12-08,Neustadt,0,0,0,0,0,0,0,0,0,0,0,0,0,0,0
2025-12-08,Oberneuland,0,0,0,0,0,0,0,0,0,0,0,0,0,0,0
2025-12-08,Obervieland,0,0,0,0,0,0,0,0,0,0,0,0,0,0,0
2025-12-08,Osterholz,0,0,0,0,0,0,0,0,0,0,0,0,0,0,0
2025-12-08,Schwachhausen,0,0,0,0,0,0,0,0,0,0,0,0,0,0,0
2025-12-08,Seehausen,0,0,0,0,0,0,0,0,0,0,0,0,0,0,0
2025-12-08,Strom,0,0,0,0,0,0,0,0,0,0,0,0,0,0,0
2025-12-08,Vahr,0,0,0,0,0,0,0,0,0,0,0,0,0,0,0
2025-12-08,Vegesack,0,0,0,0,0,0,0,0,0,0,0,0,0,0,0
2025-12-08,Walle,0,0,0,0,0,0,0,0,0,0,0,0,0,0,0
2025-12-08,Woltmershausen,0,0,0,0,0,0,0,0,0,0,0,0,0,0,0
2025-12-08,Östliche Vorstadt,0,0,0,0,0,0,0,0,0,0,0,0,0,0,0
2025-12-09,Blockland,0,0,0,0,0,0,0,0,0,0,0,0,0,0,0
2025-12-09,Blumenthal,0,0,0,0,0,0,0,0,0,0,0,0,0,0,0
2025-12-09,Borgfeld,0,0,0,0,0,0,0,0,0,0,0,0,0,0,0
2025-12-09,Burglesum,1,0,0,0,0,0,0,1,0,0,0,0,0,0,0
2025-12-09,Findorff,0,0,0,0,0,0,0,0,0,0,0,0,0,0,0
2025-12-09,Gröpelingen,2,0,0,0,0,0,0,0,1,0,0,0,0,0,1
2025-12-09,Hemelingen,0,0,0,0,0,0,0,0,0,0,0,0,0,0,0
2025-12-09,Horn-Lehe,0,0,0,0,0,0,0,0,0,0,0,0,0,0,0
2025-12-09,Huchting,0,0,0,0,0,0,0,0,0,0,0,0,0,0,0
2025-12-09,Häfen,0,0,0,0,0,0,0,0,0,0,0,0,0,0,0
2025-12-09,Mitte,0,0,0,0,0,0,0,0,0,0,0,0,0,0,0
2025-12-09,Neustadt,0,0,0,0,0,0,0,0,0,0,0,0,0,0,0
2025-12-09,Oberneuland,0,0,0,0,0,0,0,0,0,0,0,0,0,0,0
2025-12-09,Obervieland,0,0,0,0,0,0,0,0,0,0,0,0,0,0,0
2025-12-09,Osterholz,0,0,0,0,0,0,0,0,0,0,0,0,0,0,0
2025-12-09,Schwachhausen,0,0,0,0,0,0,0,0,0,0,0,0,0,0,0
2025-12-09,Seehausen,0,0,0,0,0,0,0,0,0,0,0,0,0,0,0
2025-12-09,Strom,0,0,0,0,0,0,0,0,0,0,0,0,0,0,0
2025-12-09,Vahr,0,0,0,0,0,0,0,0,0,0,0,0,0,0,0
2025-12-09,Vegesack,0,0,0,0,0,0,0,0,0,0,0,0,0,0,0
2025-12-09,Walle,0,0,0,0,0,0,0,0,0,0,0,0,0,0,0
2025-12-09,Woltmershausen,0,0,0,0,0,0,0,0,0,0,0,0,0,0,0
2025-12-09,Östliche Vorstadt,0,0,0,0,0,0,0,0,0,0,0,0,0,0,0
2025-12-10,Blockland,0,0,0,0,0,0,0,0,0,0,0,0,0,0,0
2025-12-10,Blumenthal,0,0,0,0,0,0,0,0,0,0,0,0,0,0,0
2025-12-10,Borgfeld,0,0,0,0,0,0,0,0,0,0,0,0,0,0,0
2025-12-10,Burglesum,0,0,0,0,0,0,0,0,0,0,0,0,0,0,0
2025-12-10,Findorff,0,0,0,0,0,0,0,0,0,0,0,0,0,0,0
2025-12-10,Gröpelingen,1,0,1,0,0,0,0,0,0,0,0,0,0,0,0
2025-12-10,Hemelingen,0,0,0,0,0,0,0,0,0,0,0,0,0,0,0
2025-12-10,Horn-Lehe,0,0,0,0,0,0,0,0,0,0,0,0,0,0,0
2025-12-10,Huchting,0,0,0,0,0,0,0,0,0,0,0,0,0,0,0
2025-12-10,Häfen,0,0,0,0,0,0,0,0,0,0,0,0,0,0,0
2025-12-10,Mitte,2,0,1,0,0,0,0,1,0,0,0,0,0,0,0
2025-12-10,Neustadt,0,0,0,0,0,0,0,0,0,0,0,0,0,0,0
2025-12-10,Oberneuland,0,0,0,0,0,0,0,0,0,0,0,0,0,0,0
2025-12-10,Obervieland,0,0,0,0,0,0,0,0,0,0,0,0,0,0,0
2025-12-10,Osterholz,0,0,0,0,0,0,0,0,0,0,0,0,0,0,0
2025-12-10,Schwachhausen,0,0,0,0,0,0,0,0,0,0,0,0,0,0,0
2025-12-10,Seehausen,0,0,0,0,0,0,0,0,0,0,0,0,0,0,0
2025-12-10,Strom,0,0,0,0,0,0,0,0,0,0,0,0,0,0,0
2025-12-10,Vahr,0,0,0,0,0,0,0,0,0,0,0,0,0,0,0
2025-12-10,Vegesack,0,0,0,0,0,0,0,0,0,0,0,0,0,0,0
2025-12-10,Walle,0,0,0,0,0,0,0,0,0,0,0,0,0,0,0
2025-12-10,Woltmershausen,0,0,0,0,0,0,0,0,0,0,0,0,0,0,0
2025-12-10,Östliche Vorstadt,0,0,0,0,0,0,0,0,0,0,0,0,0,0,0
2025-12-11,Blockland,0,0,0,0,0,0,0,0,0,0,0,0,0,0,0
2025-12-11,Blumenthal,0,0,0,0,0,0,0,0,0,0,0,0,0,0,0
2025-12-11,Borgfeld,0,0,0,0,0,0,0,0,0,0,0,0,0,0,0
2025-12-11,Burglesum,0,0,0,0,0,0,0,0,0,0,0,0,0,0,0
2025-12-11,Findorff,0,0,0,0,0,0,0,0,0,0,0,0,0,0,0
2025-12-11,Gröpelingen,0,0,0,0,0,0,0,0,0,0,0,0,0,0,0
2025-12-11,Hemelingen,0,0,0,0,0,0,0,0,0,0,0,0,0,0,0
2025-12-11,Horn-Lehe,0,0,0,0,0,0,0,0,0,0,0,0,0,0,0
2025-12-11,Huchting,0,0,0,0,0,0,0,0,0,0,0,0,0,0,0
2025-12-11,Häfen,0,0,0,0,0,0,0,0,0,0,0,0,0,0,0
2025-12-11,Mitte,1,0,0,1,0,0,0,0,0,0,0,0,0,0,0
2025-12-11,Neustadt,0,0,0,0,0,0,0,0,0,0,0,0,0,0,0
2025-12-11,Oberneuland,0,0,0,0,0,0,0,0,0,0,0,0,0,0,0
2025-12-11,Obervieland,0,0,0,0,0,0,0,0,0,0,0,0,0,0,0
2025-12-11,Osterholz,0,0,0,0,0,0,0,0,0,0,0,0,0,0,0
2025-12-11,Schwachhausen,0,0,0,0,0,0,0,0,0,0,0,0,0,0,0
2025-12-11,Seehausen,0,0,0,0,0,0,0,0,0,0,0,0,0,0,0
2025-12-11,Strom,0,0,0,0,0,0,0,0,0,0,0,0,0,0,0
2025-12-11,Vahr,0,0,0,0,0,0,0,0,0,0,0,0,0,0,0
2025-12-11,Vegesack,0,0,0,0,0,0,0,0,0,0,0,0,0,0,0
2025-12-11,Walle,0,0,0,0,0,0,0,0,0,0,0,0,0,0,0
2025-12-11,Woltmershausen,0,0,0,0,0,0,0,0,0,0,0,0,0,0,0
2025-12-11,Östliche Vorstadt,1,0,0,1,0,0,0,0,0,0,0,0,0,0,0
2025-12-12,Blockland,0,0,0,0,0,0,0,0,0,0,0,0,0,0,0
2025-12-12,Blumenthal,0,0,0,0,0,0,0,0,0,0,0,0,0,0,0
2025-12-12,Borgfeld,0,0,0,0,0,0,0,0,0,0,0,0,0,0,0
2025-12-12,Burglesum,0,0,0,0,0,0,0,0,0,0,0,0,0,0,0
2025-12-12,Findorff,1,0,0,0,0,0,0,0,0,0,0,1,0,0,0
2025-12-12,Gröpelingen,1,0,0,0,0,0,0,0,1,0,0,0,0,0,0
2025-12-12,Hemelingen,0,0,0,0,0,0,0,0,0,0,0,0,0,0,0
2025-12-12,Horn-Lehe,0,0,0,0,0,0,0,0,0,0,0,0,0,0,0
2025-12-12,Huchting,0,0,0,0,0,0,0,0,0,0,0,0,0,0,0
2025-12-12,Häfen,0,0,0,0,0,0,0,0,0,0,0,0,0,0,0
2025-12-12,Mitte,0,0,0,0,0,0,0,0,0,0,0,0,0,0,0
2025-12-12,Neustadt,1,0,0,0,0,0,0,0,0,0,0,1,0,0,0
2025-12-12,Oberneuland,0,0,0,0,0,0,0,0,0,0,0,0,0,0,0
2025-12-12,Obervieland,1,0,0,0,0,0,0,0,0,0,0,0,0,0,1
2025-12-12,Osterholz,0,0,0,0,0,0,0,0,0,0,0,0,0,0,0
2025-12-12,Schwachhausen,1,0,0,0,0,0,0,0,0,0,0,1,0,0,0
2025-12-12,Seehausen,0,0,0,0,0,0,0,0,0,0,0,0,0,0,0
2025-12-12,Strom,0,0,0,0,0,0,0,0,0,0,0,0,0,0,0
2025-12-12,Vahr,0,0,0,0,0,0,0,0,0,0,0,0,0,0,0
2025-12-12,Vegesack,0,0,0,0,0,0,0,0,0,0,0,0,0,0,0
2025-12-12,Walle,0,0,0,0,0,0,0,0,0,0,0,0,0,0,0
2025-12-12,Woltmershausen,0,0,0,0,0,0,0,0,0,0,0,0,0,0,0
2025-12-12,Östliche Vorstadt,0,0,0,0,0,0,0,0,0,0,0,0,0,0,0
2025-12-13,Blockland,0,0,0,0,0,0,0,0,0,0,0,0,0,0,0
2025-12-13,Blumenthal,0,0,0,0,0,0,0,0,0,0,0,0,0,0,0
2025-12-13,Borgfeld,0,0,0,0,0,0,0,0,0,0,0,0,0,0,0
2025-12-13,Burglesum,0,0,0,0,0,0,0,0,0,0,0,0,0,0,0
2025-12-13,Findorff,0,0,0,0,0,0,0,0,0,0,0,0,0,0,0
2025-12-13,Gröpelingen,0,0,0,0,0,0,0,0,0,0,0,0,0,0,0
2025-12-13,Hemelingen,0,0,0,0,0,0,0,0,0,0,0,0,0,0,0
2025-12-13,Horn-Lehe,0,0,0,0,0,0,0,0,0,0,0,0,0,0,0
2025-12-13,Huchting,0,0,0,0,0,0,0,0,0,0,0,0,0,0,0
2025-12-13,Häfen,0,0,0,0,0,0,0,0,0,0,0,0,0,0,0
2025-12-13,Mitte,1,0,0,0,0,0,0,0,0,0,0,1,0,0,0
2025-12-13,Neustadt,0,0,0,0,0,0,0,0,0,0,0,0,0,0,0
2025-12-13,Oberneuland,0,0,0,0,0,0,0,0,0,0,0,0,0,0,0
2025-12-13,Obervieland,0,0,0,0,0,0,0,0,0,0,0,0,0,0,0
2025-12-13,Osterholz,0,0,0,0,0,0,0,0,0,0,0,0,0,0,0
2025-12-13,Schwachhausen,0,0,0,0,0,0,0,0,0,0,0,0,0,0,0
2025-12-13,Seehausen,0,0,0,0,0,0,0,0,0,0,0,0,0,0,0
2025-12-13,Strom,0,0,0,0,0,0,0,0,0,0,0,0,0,0,0
2025-12-13,Vahr,0,0,0,0,0,0,0,0,0,0,0,0,0,0,0
2025-12-13,Vegesack,0,0,0,0,0,0,0,0,0,0,0,0,0,0,0
2025-12-13,Walle,0,0,0,0,0,0,0,0,0,0,0,0,0,0,0
2025-12-13,Woltmershausen,0,0,0,0,0,0,0,0,0,0,0,0,0,0,0
2025-12-13,Östliche Vorstadt,1,0,0,0,0,0,0,0,0,0,0,1,0,0,0
2025-12-14,Blockland,0,0,0,0,0,0,0,0,0,0,0,0,0,0,0
2025-12-14,Blumenthal,0,0,0,0,0,0,0,0,0,0,0,0,0,0,0
2025-12-14,Borgfeld,0,0,0,0,0,0,0,0,0,0,0,0,0,0,0
2025-12-14,Burglesum,0,0,0,0,0,0,0,0,0,0,0,0,0,0,0
2025-12-14,Findorff,0,0,0,0,0,0,0,0,0,0,0,0,0,0,0
2025-12-14,Gröpelingen,0,0,0,0,0,0,0,0,0,0,0,0,0,0,0
2025-12-14,Hemelingen,0,0,0,0,0,0,0,0,0,0,0,0,0,0,0
2025-12-14,Horn-Lehe,0,0,0,0,0,0,0,0,0,0,0,0,0,0,0
2025-12-14,Huchting,0,0,0,0,0,0,0,0,0,0,0,0,0,0,0
2025-12-14,Häfen,0,0,0,0,0,0,0,0,0,0,0,0,0,0,0
2025-12-14,Mitte,1,0,0,0,0,0,0,0,0,0,0,1,0,0,0
2025-12-14,Neustadt,0,0,0,0,0,0,0,0,0,0,0,0,0,0,0
2025-12-14,Oberneuland,0,0,0,0,0,0,0,0,0,0,0,0,0,0,0
2025-12-14,Obervieland,0,0,0,0,0,0,0,0,0,0,0,0,0,0,0
2025-12-14,Osterholz,1,0,0,0,0,0,0,0,0,0,0,1,0,0,0
2025-12-14,Schwachhausen,0,0,0,0,0,0,0,0,0,0,0,0,0,0,0
2025-12-14,Seehausen,0,0,0,0,0,0,0,0,0,0,0,0,0,0,0
2025-12-14,Strom,0,0,0,0,0,0,0,0,0,0,0,0,0,0,0
2025-12-14,Vahr,0,0,0,0,0,0,0,0,0,0,0,0,0,0,0
2025-12-14,Vegesack,0,0,0,0,0,0,0,0,0,0,0,0,0,0,0
2025-12-14,Walle,0,0,0,0,0,0,0,0,0,0,0,0,0,0,0
2025-12-14,Woltmershausen,0,0,0,0,0,0,0,0,0,0,0,0,0,0,0
2025-12-14,Östliche Vorstadt,1,0,0,0,1,0,0,0,0,0,0,0,0,0,0
2025-12-15,Blockland,0,0,0,0,0,0,0,0,0,0,0,0,0,0,0
2025-12-15,Blumenthal,0,0,0,0,0,0,0,0,0,0,0,0,0,0,0
2025-12-15,Borgfeld,0,0,0,0,0,0,0,0,0,0,0,0,0,0,0
2025-12-15,Burglesum,0,0,0,0,0,0,0,0,0,0,0,0,0,0,0
2025-12-15,Findorff,0,0,0,0,0,0,0,0,0,0,0,0,0,0,0
2025-12-15,Gröpelingen,0,0,0,0,0,0,0,0,0,0,0,0,0,0,0
2025-12-15,Hemelingen,0,0,0,0,0,0,0,0,0,0,0,0,0,0,0
2025-12-15,Horn-Lehe,0,0,0,0,0,0,0,0,0,0,0,0,0,0,0
2025-12-15,Huchting,0,0,0,0,0,0,0,0,0,0,0,0,0,0,0
2025-12-15,Häfen,0,0,0,0,0,0,0,0,0,0,0,0,0,0,0
2025-12-15,Mitte,0,0,0,0,0,0,0,0,0,0,0,0,0,0,0
2025-12-15,Neustadt,1,0,0,0,0,0,0,0,0,0,0,0,0,1,0
2025-12-15,Oberneuland,0,0,0,0,0,0,0,0,0,0,0,0,0,0,0
2025-12-15,Obervieland,1,0,0,0,0,0,0,0,1,0,0,0,0,0,0
2025-12-15,Osterholz,0,0,0,0,0,0,0,0,0,0,0,0,0,0,0
2025-12-15,Schwachhausen,0,0,0,0,0,0,0,0,0,0,0,0,0,0,0
2025-12-15,Seehausen,0,0,0,0,0,0,0,0,0,0,0,0,0,0,0
2025-12-15,Strom,0,0,0,0,0,0,0,0,0,0,0,0,0,0,0
2025-12-15,Vahr,0,0,0,0,0,0,0,0,0,0,0,0,0,0,0
2025-12-15,Vegesack,0,0,0,0,0,0,0,0,0,0,0,0,0,0,0
2025-12-15,Walle,0,0,0,0,0,0,0,0,0,0,0,0,0,0,0
2025-12-15,Woltmershausen,0,0,0,0,0,0,0,0,0,0,0,0,0,0,0
2025-12-15,Östliche Vorstadt,0,0,0,0,0,0,0,0,0,0,0,0,0,0,0
2025-12-16,Blockland,0,0,0,0,0,0,0,0,0,0,0,0,0,0,0
2025-12-16,Blumenthal,0,0,0,0,0,0,0,0,0,0,0,0,0,0,0
2025-12-16,Borgfeld,0,0,0,0,0,0,0,0,0,0,0,0,0,0,0
2025-12-16,Burglesum,0,0,0,0,0,0,0,0,0,0,0,0,0,0,0
2025-12-16,Findorff,0,0,0,0,0,0,0,0,0,0,0,0,0,0,0
2025-12-16,Gröpelingen,0,0,0,0,0,0,0,0,0,0,0,0,0,0,0
2025-12-16,Hemelingen,0,0,0,0,0,0,0,0,0,0,0,0,0,0,0
2025-12-16,Horn-Lehe,0,0,0,0,0,0,0,0,0,0,0,0,0,0,0
2025-12-16,Huchting,0,0,0,0,0,0,0,0,0,0,0,0,0,0,0
2025-12-16,Häfen,0,0,0,0,0,0,0,0,0,0,0,0,0,0,0
2025-12-16,Mitte,0,0,0,0,0,0,0,0,0,0,0,0,0,0,0
2025-12-16,Neustadt,0,0,0,0,0,0,0,0,0,0,0,0,0,0,0
2025-12-16,Oberneuland,0,0,0,0,0,0,0,0,0,0,0,0,0,0,0
2025-12-16,Obervieland,0,0,0,0,0,0,0,0,0,0,0,0,0,0,0
2025-12-16,Osterholz,0,0,0,0,0,0,0,0,0,0,0,0,0,0,0
2025-12-16,Schwachhausen,1,0,0,1,0,0,0,0,0,0,0,0,0,0,0
2025-12-16,Seehausen,0,0,0,0,0,0,0,0,0,0,0,0,0,0,0
2025-12-16,Strom,0,0,0,0,0,0,0,0,0,0,0,0,0,0,0
2025-12-16,Vahr,0,0,0,0,0,0,0,0,0,0,0,0,0,0,0
2025-12-16,Vegesack,0,0,0,0,0,0,0,0,0,0,0,0,0,0,0
2025-12-16,Walle,0,0,0,0,0,0,0,0,0,0,0,0,0,0,0
2025-12-16,Woltmershausen,0,0,0,0,0,0,0,0,0,0,0,0,0,0,0
2025-12-16,Östliche Vorstadt,0,0,0,0,0,0,0,0,0,0,0,0,0,0,0
2025-12-17,Blockland,0,0,0,0,0,0,0,0,0,0,0,0,0,0,0
2025-12-17,Blumenthal,0,0,0,0,0,0,0,0,0,0,0,0,0,0,0
2025-12-17,Borgfeld,0,0,0,0,0,0,0,0,0,0,0,0,0,0,0
2025-12-17,Burglesum,0,0,0,0,0,0,0,0,0,0,0,0,0,0,0
2025-12-17,Findorff,0,0,0,0,0,0,0,0,0,0,0,0,0,0,0
2025-12-17,Gröpelingen,0,0,0,0,0,0,0,0,0,0,0,0,0,0,0
2025-12-17,Hemelingen,0,0,0,0,0,0,0,0,0,0,0,0,0,0,0
2025-12-17,Horn-Lehe,0,0,0,0,0,0,0,0,0,0,0,0,0,0,0
2025-12-17,Huchting,0,0,0,0,0,0,0,0,0,0,0,0,0,0,0
2025-12-17,Häfen,0,0,0,0,0,0,0,0,0,0,0,0,0,0,0
2025-12-17,Mitte,1,0,0,0,0,0,0,0,1,0,0,0,0,0,0
2025-12-17,Neustadt,0,0,0,0,0,0,0,0,0,0,0,0,0,0,0
2025-12-17,Oberneuland,0,0,0,0,0,0,0,0,0,0,0,0,0,0,0
2025-12-17,Obervieland,0,0,0,0,0,0,0,0,0,0,0,0,0,0,0
2025-12-17,Osterholz,0,0,0,0,0,0,0,0,0,0,0,0,0,0,0
2025-12-17,Schwachhausen,0,0,0,0,0,0,0,0,0,0,0,0,0,0,0
2025-12-17,Seehausen,0,0,0,0,0,0,0,0,0,0,0,0,0,0,0
2025-12-17,Strom,0,0,0,0,0,0,0,0,0,0,0,0,0,0,0
2025-12-17,Vahr,0,0,0,0,0,0,0,0,0,0,0,0,0,0,0
2025-12-17,Vegesack,0,0,0,0,0,0,0,0,0,0,0,0,0,0,0
2025-12-17,Walle,0,0,0,0,0,0,0,0,0,0,0,0,0,0,0
2025-12-17,Woltmershausen,0,0,0,0,0,0,0,0,0,0,0,0,0,0,0
2025-12-17,Östliche Vorstadt,1,0,0,0,0,0,0,0,1,0,0,0,0,0,0
2025-12-18,Blockland,0,0,0,0,0,0,0,0,0,0,0,0,0,0,0
2025-12-18,Blumenthal,0,0,0,0,0,0,0,0,0,0,0,0,0,0,0
2025-12-18,Borgfeld,0,0,0,0,0,0,0,0,0,0,0,0,0,0,0
2025-12-18,Burglesum,0,0,0,0,0,0,0,0,0,0,0,0,0,0,0
2025-12-18,Findorff,0,0,0,0,0,0,0,0,0,0,0,0,0,0,0
2025-12-18,Gröpelingen,0,0,0,0,0,0,0,0,0,0,0,0,0,0,0
2025-12-18,Hemelingen,0,0,0,0,0,0,0,0,0,0,0,0,0,0,0
2025-12-18,Horn-Lehe,0,0,0,0,0,0,0,0,0,0,0,0,0,0,0
2025-12-18,Huchting,0,0,0,0,0,0,0,0,0,0,0,0,0,0,0
2025-12-18,Häfen,0,0,0,0,0,0,0,0,0,0,0,0,0,0,0
2025-12-18,Mitte,0,0,0,0,0,0,0,0,0,0,0,0,0,0,0
2025-12-18,Neustadt,0,0,0,0,0,0,0,0,0,0,0,0,0,0,0
2025-12-18,Oberneuland,0,0,0,0,0,0,0,0,0,0,0,0,0,0,0
2025-12-18,Obervieland,0,0,0,0,0,0,0,0,0,0,0,0,0,0,0
2025-12-18,Osterholz,0,0,0,0,0,0,0,0,0,0,0,0,0,0,0
2025-12-18,Schwachhausen,0,0,0,0,0,0,0,0,0,0,0,0,0,0,0
2025-12-18,Seehausen,0,0,0,0,0,0,0,0,0,0,0,0,0,0,0
2025-12-18,Strom,0,0,0,0,0,0,0,0,0,0,0,0,0,0,0
2025-12-18,Vahr,0,0,0,0,0,0,0,0,0,0,0,0,0,0,0
2025-12-18,Vegesack,0,0,0,0,0,0,0,0,0,0,0,0,0,0,0
2025-12-18,Walle,0,0,0,0,0,0,0,0,0,0,0,0,0,0,0
2025-12-18,Woltmershausen,0,0,0,0,0,0,0,0,0,0,0,0,0,0,0
2025-12-18,Östliche Vorstadt,0,0,0,0,0,0,0,0,0,0,0,0,0,0,0
2025-12-19,Blockland,0,0,0,0,0,0,0,0,0,0,0,0,0,0,0
2025-12-19,Blumenthal,2,0,0,0,0,0,0,0,0,0,0,2,0,0,0
2025-12-19,Borgfeld,0,0,0,0,0,0,0,0,0,0,0,0,0,0,0
2025-12-19,Burglesum,0,0,0,0,0,0,0,0,0,0,0,0,0,0,0
2025-12-19,Findorff,0,0,0,0,0,0,0,0,0,0,0,0,0,0,0
2025-12-19,Gröpelingen,0,0,0,0,0,0,0,0,0,0,0,0,0,0,0
2025-12-19,Hemelingen,1,0,0,0,0,0,0,0,0,0,0,0,0,1,0
2025-12-19,Horn-Lehe,0,0,0,0,0,0,0,0,0,0,0,0,0,0,0
2025-12-19,Huchting,0,0,0,0,0,0,0,0,0,0,0,0,0,0,0
2025-12-19,Häfen,0,0,0,0,0,0,0,0,0,0,0,0,0,0,0
2025-12-19,Mitte,1,0,1,0,0,0,0,0,0,0,0,0,0,0,0
2025-12-19,Neustadt,0,0,0,0,0,0,0,0,0,0,0,0,0,0,0
2025-12-19,Oberneuland,0,0,0,0,0,0,0,0,0,0,0,0,0,0,0
2025-12-19,Obervieland,0,0,0,0,0,0,0,0,0,0,0,0,0,0,0
2025-12-19,Osterholz,0,0,0,0,0,0,0,0,0,0,0,0,0,0,0
2025-12-19,Schwachhausen,0,0,0,0,0,0,0,0,0,0,0,0,0,0,0
2025-12-19,Seehausen,0,0,0,0,0,0,0,0,0,0,0,0,0,0,0
2025-12-19,Strom,0,0,0,0,0,0,0,0,0,0,0,0,0,0,0
2025-12-19,Vahr,0,0,0,0,0,0,0,0,0,0,0,0,0,0,0
2025-12-19,Vegesack,0,0,0,0,0,0,0,0,0,0,0,0,0,0,0
2025-12-19,Walle,0,0,0,0,0,0,0,0,0,0,0,0,0,0,0
2025-12-19,Woltmershausen,0,0,0,0,0,0,0,0,0,0,0,0,0,0,0
2025-12-19,Östliche Vorstadt,0,0,0,0,0,0,0,0,0,0,0,0,0,0,0
2025-12-20,Blockland,0,0,0,0,0,0,0,0,0,0,0,0,0,0,0
2025-12-20,Blumenthal,1,0,0,0,1,0,0,0,0,0,0,0,0,0,0
2025-12-20,Borgfeld,0,0,0,0,0,0,0,0,0,0,0,0,0,0,0
2025-12-20,Burglesum,0,0,0,0,0,0,0,0,0,0,0,0,0,0,0
2025-12-20,Findorff,0,0,0,0,0,0,0,0,0,0,0,0,0,0,0
2025-12-20,Gröpelingen,0,0,0,0,0,0,0,0,0,0,0,0,0,0,0
2025-12-20,Hemelingen,0,0,0,0,0,0,0,0,0,0,0,0,0,0,0
2025-12-20,Horn-Lehe,0,0,0,0,0,0,0,0,0,0,0,0,0,0,0
2025-12-20,Huchting,0,0,0,0,0,0,0,0,0,0,0,0,0,0,0
2025-12-20,Häfen,0,0,0,0,0,0,0,0,0,0,0,0,0,0,0
2025-12-20,Mitte,0,0,0,0,0,0,0,0,0,0,0,0,0,0,0
2025-12-20,Neustadt,0,0,0,0,0,0,0,0,0,0,0,0,0,0,0
2025-12-20,Oberneuland,0,0,0,0,0,0,0,0,0,0,0,0,0,0,0
2025-12-20,Obervieland,0,0,0,0,0,0,0,0,0,0,0,0,0,0,0
2025-12-20,Osterholz,0,0,0,0,0,0,0,0,0,0,0,0,0,0,0
2025-12-20,Schwachhausen,0,0,0,0,0,0,0,0,0,0,0,0,0,0,0
2025-12-20,Seehausen,0,0,0,0,0,0,0,0,0,0,0,0,0,0,0
2025-12-20,Strom,0,0,0,0,0,0,0,0,0,0,0,0,0,0,0
2025-12-20,Vahr,0,0,0,0,0,0,0,0,0,0,0,0,0,0,0
2025-12-20,Vegesack,0,0,0,0,0,0,0,0,0,0,0,0,0,0,0
2025-12-20,Walle,0,0,0,0,0,0,0,0,0,0,0,0,0,0,0
2025-12-20,Woltmershausen,0,0,0,0,0,0,0,0,0,0,0,0,0,0,0
2025-12-20,Östliche Vorstadt,0,0,0,0,0,0,0,0,0,0,0,0,0,0,0
2025-12-21,Blockland,0,0,0,0,0,0,0,0,0,0,0,0,0,0,0
2025-12-21,Blumenthal,0,0,0,0,0,0,0,0,0,0,0,0,0,0,0
2025-12-21,Borgfeld,0,0,0,0,0,0,0,0,0,0,0,0,0,0,0
2025-12-21,Burglesum,0,0,0,0,0,0,0,0,0,0,0,0,0,0,0
2025-12-21,Findorff,0,0,0,0,0,0,0,0,0,0,0,0,0,0,0
2025-12-21,Gröpelingen,0,0,0,0,0,0,0,0,0,0,0,0,0,0,0
2025-12-21,Hemelingen,0,0,0,0,0,0,0,0,0,0,0,0,0,0,0
2025-12-21,Horn-Lehe,0,0,0,0,0,0,0,0,0,0,0,0,0,0,0
2025-12-21,Huchting,0,0,0,0,0,0,0,0,0,0,0,0,0,0,0
2025-12-21,Häfen,0,0,0,0,0,0,0,0,0,0,0,0,0,0,0
2025-12-21,Mitte,0,0,0,0,0,0,0,0,0,0,0,0,0,0,0
2025-12-21,Neustadt,1,0,0,1,0,0,0,0,0,0,0,0,0,0,0
2025-12-21,Oberneuland,0,0,0,0,0,0,0,0,0,0,0,0,0,0,0
2025-12-21,Obervieland,1,0,0,1,0,0,0,0,0,0,0,0,0,0,0
2025-12-21,Osterholz,0,0,0,0,0,0,0,0,0,0,0,0,0,0,0
2025-12-21,Schwachhausen,0,0,0,0,0,0,0,0,0,0,0,0,0,0,0
2025-12-21,Seehausen,0,0,0,0,0,0,0,0,0,0,0,0,0,0,0
2025-12-21,Strom,0,0,0,0,0,0,0,0,0,0,0,0,0,0,0
2025-12-21,Vahr,0,0,0,0,0,0,0,0,0,0,0,0,0,0,0
2025-12-21,Vegesack,0,0,0,0,0,0,0,0,0,0,0,0,0,0,0
2025-12-21,Walle,0,0,0,0,0,0,0,0,0,0,0,0,0,0,0
2025-12-21,Woltmershausen,0,0,0,0,0,0,0,0,0,0,0,0,0,0,0
2025-12-21,Östliche Vorstadt,0,0,0,0,0,0,0,0,0,0,0,0,0,0,0
2025-12-22,Blockland,0,0,0,0,0,0,0,0,0,0,0,0,0,0,0
2025-12-22,Blumenthal,0,0,0,0,0,0,0,0,0,0,0,0,0,0,0
2025-12-22,Borgfeld,0,0,0,0,0,0,0,0,0,0,0,0,0,0,0
2025-12-22,Burglesum,0,0,0,0,0,0,0,0,0,0,0,0,0,0,0
2025-12-22,Findorff,0,0,0,0,0,0,0,0,0,0,0,0,0,0,0
2025-12-22,Gröpelingen,0,0,0,0,0,0,0,0,0,0,0,0,0,0,0
2025-12-22,Hemelingen,0,0,0,0,0,0,0,0,0,0,0,0,0,0,0
2025-12-22,Horn-Lehe,0,0,0,0,0,0,0,0,0,0,0,0,0,0,0
2025-12-22,Huchting,0,0,0,0,0,0,0,0,0,0,0,0,0,0,0
2025-12-22,Häfen,0,0,0,0,0,0,0,0,0,0,0,0,0,0,0
2025-12-22,Mitte,0,0,0,0,0,0,0,0,0,0,0,0,0,0,0
2025-12-22,Neustadt,0,0,0,0,0,0,0,0,0,0,0,0,0,0,0
2025-12-22,Oberneuland,0,0,0,0,0,0,0,0,0,0,0,0,0,0,0
2025-12-22,Obervieland,0,0,0,0,0,0,0,0,0,0,0,0,0,0,0
2025-12-22,Osterholz,0,0,0,0,0,0,0,0,0,0,0,0,0,0,0
2025-12-22,Schwachhausen,0,0,0,0,0,0,0,0,0,0,0,0,0,0,0
2025-12-22,Seehausen,0,0,0,0,0,0,0,0,0,0,0,0,0,0,0
2025-12-22,Strom,0,0,0,0,0,0,0,0,0,0,0,0,0,0,0
2025-12-22,Vahr,0,0,0,0,0,0,0,0,0,0,0,0,0,0,0
2025-12-22,Vegesack,0,0,0,0,0,0,0,0,0,0,0,0,0,0,0
2025-12-22,Walle,0,0,0,0,0,0,0,0,0,0,0,0,0,0,0
2025-12-22,Woltmershausen,0,0,0,0,0,0,0,0,0,0,0,0,0,0,0
2025-12-22,Östliche Vorstadt,0,0,0,0,0,0,0,0,0,0,0,0,0,0,0
2025-12-23,Blockland,0,0,0,0,0,0,0,0,0,0,0,0,0,0,0
2025-12-23,Blumenthal,0,0,0,0,0,0,0,0,0,0,0,0,0,0,0
2025-12-23,Borgfeld,0,0,0,0,0,0,0,0,0,0,0,0,0,0,0
2025-12-23,Burglesum,0,0,0,0,0,0,0,0,0,0,0,0,0,0,0
2025-12-23,Findorff,0,0,0,0,0,0,0,0,0,0,0,0,0,0,0
2025-12-23,Gröpelingen,0,0,0,0,0,0,0,0,0,0,0,0,0,0,0
2025-12-23,Hemelingen,0,0,0,0,0,0,0,0,0,0,0,0,0,0,0
2025-12-23,Horn-Lehe,0,0,0,0,0,0,0,0,0,0,0,0,0,0,0
2025-12-23,Huchting,0,0,0,0,0,0,0,0,0,0,0,0,0,0,0
2025-12-23,Häfen,0,0,0,0,0,0,0,0,0,0,0,0,0,0,0
2025-12-23,Mitte,0,0,0,0,0,0,0,0,0,0,0,0,0,0,0
2025-12-23,Neustadt,0,0,0,0,0,0,0,0,0,0,0,0,0,0,0
2025-12-23,Oberneuland,0,0,0,0,0,0,0,0,0,0,0,0,0,0,0
2025-12-23,Obervieland,0,0,0,0,0,0,0,0,0,0,0,0,0,0,0
2025-12-23,Osterholz,0,0,0,0,0,0,0,0,0,0,0,0,0,0,0
2025-12-23,Schwachhausen,0,0,0,0,0,0,0,0,0,0,0,0,0,0,0
2025-12-23,Seehausen,0,0,0,0,0,0,0,0,0,0,0,0,0,0,0
2025-12-23,Strom,0,0,0,0,0,0,0,0,0,0,0,0,0,0,0
2025-12-23,Vahr,0,0,0,0,0,0,0,0,0,0,0,0,0,0,0
2025-12-23,Vegesack,0,0,0,0,0,0,0,0,0,0,0,0,0,0,0
2025-12-23,Walle,0,0,0,0,0,0,0,0,0,0,0,0,0,0,0
2025-12-23,Woltmershausen,0,0,0,0,0,0,0,0,0,0,0,0,0,0,0
2025-12-23,Östliche Vorstadt,0,0,0,0,0,0,0,0,0,0,0,0,0,0,0
2025-12-24,Blockland,0,0,0,0,0,0,0,0,0,0,0,0,0,0,0
2025-12-24,Blumenthal,0,0,0,0,0,0,0,0,0,0,0,0,0,0,0
2025-12-24,Borgfeld,0,0,0,0,0,0,0,0,0,0,0,0,0,0,0
2025-12-24,Burglesum,0,0,0,0,0,0,0,0,0,0,0,0,0,0,0
2025-12-24,Findorff,0,0,0,0,0,0,0,0,0,0,0,0,0,0,0
2025-12-24,Gröpelingen,0,0,0,0,0,0,0,0,0,0,0,0,0,0,0
2025-12-24,Hemelingen,0,0,0,0,0,0,0,0,0,0,0,0,0,0,0
2025-12-24,Horn-Lehe,0,0,0,0,0,0,0,0,0,0,0,0,0,0,0
2025-12-24,Huchting,0,0,0,0,0,0,0,0,0,0,0,0,0,0,0
2025-12-24,Häfen,0,0,0,0,0,0,0,0,0,0,0,0,0,0,0
2025-12-24,Mitte,0,0,0,0,0,0,0,0,0,0,0,0,0,0,0
2025-12-24,Neustadt,0,0,0,0,0,0,0,0,0,0,0,0,0,0,0
2025-12-24,Oberneuland,0,0,0,0,0,0,0,0,0,0,0,0,0,0,0
2025-12-24,Obervieland,0,0,0,0,0,0,0,0,0,0,0,0,0,0,0
2025-12-24,Osterholz,0,0,0,0,0,0,0,0,0,0,0,0,0,0,0
2025-12-24,Schwachhausen,0,0,0,0,0,0,0,0,0,0,0,0,0,0,0
2025-12-24,Seehausen,0,0,0,0,0,0,0,0,0,0,0,0,0,0,0
2025-12-24,Strom,0,0,0,0,0,0,0,0,0,0,0,0,0,0,0
2025-12-24,Vahr,0,0,0,0,0,0,0,0,0,0,0,0,0,0,0
2025-12-24,Vegesack,0,0,0,0,0,0,0,0,0,0,0,0,0,0,0
2025-12-24,Walle,0,0,0,0,0,0,0,0,0,0,0,0,0,0,0
2025-12-24,Woltmershausen,0,0,0,0,0,0,0,0,0,0,0,0,0,0,0
2025-12-24,Östliche Vorstadt,0,0,0,0,0,0,0,0,0,0,0,0,0,0,0
2025-12-25,Blockland,0,0,0,0,0,0,0,0,0,0,0,0,0,0,0
2025-12-25,Blumenthal,0,0,0,0,0,0,0,0,0,0,0,0,0,0,0
2025-12-25,Borgfeld,0,0,0,0,0,0,0,0,0,0,0,0,0,0,0
2025-12-25,Burglesum,0,0,0,0,0,0,0,0,0,0,0,0,0,0,0
2025-12-25,Findorff,0,0,0,0,0,0,0,0,0,0,0,0,0,0,0
2025-12-25,Gröpelingen,0,0,0,0,0,0,0,0,0,0,0,0,0,0,0
2025-12-25,Hemelingen,0,0,0,0,0,0,0,0,0,0,0,0,0,0,0
2025-12-25,Horn-Lehe,0,0,0,0,0,0,0,0,0,0,0,0,0,0,0
2025-12-25,Huchting,0,0,0,0,0,0,0,0,0,0,0,0,0,0,0
2025-12-25,Häfen,0,0,0,0,0,0,0,0,0,0,0,0,0,0,0
2025-12-25,Mitte,0,0,0,0,0,0,0,0,0,0,0,0,0,0,0
2025-12-25,Neustadt,0,0,0,0,0,0,0,0,0,0,0,0,0,0,0
2025-12-25,Oberneuland,0,0,0,0,0,0,0,0,0,0,0,0,0,0,0
2025-12-25,Obervieland,0,0,0,0,0,0,0,0,0,0,0,0,0,0,0
2025-12-25,Osterholz,0,0,0,0,0,0,0,0,0,0,0,0,0,0,0
2025-12-25,Schwachhausen,0,0,0,0,0,0,0,0,0,0,0,0,0,0,0
2025-12-25,Seehausen,0,0,0,0,0,0,0,0,0,0,0,0,0,0,0
2025-12-25,Strom,0,0,0,0,0,0,0,0,0,0,0,0,0,0,0
2025-12-25,Vahr,0,0,0,0,0,0,0,0,0,0,0,0,0,0,0
2025-12-25,Vegesack,0,0,0,0,0,0,0,0,0,0,0,0,0,0,0
2025-12-25,Walle,0,0,0,0,0,0,0,0,0,0,0,0,0,0,0
2025-12-25,Woltmershausen,0,0,0,0,0,0,0,0,0,0,0,0,0,0,0
2025-12-25,Östliche Vorstadt,0,0,0,0,0,0,0,0,0,0,0,0,0,0,0
2025-12-26,Blockland,0,0,0,0,0,0,0,0,0,0,0,0,0,0,0
2025-12-26,Blumenthal,0,0,0,0,0,0,0,0,0,0,0,0,0,0,0
2025-12-26,Borgfeld,0,0,0,0,0,0,0,0,0,0,0,0,0,0,0
2025-12-26,Burglesum,0,0,0,0,0,0,0,0,0,0,0,0,0,0,0
2025-12-26,Findorff,0,0,0,0,0,0,0,0,0,0,0,0,0,0,0
2025-12-26,Gröpelingen,0,0,0,0,0,0,0,0,0,0,0,0,0,0,0
2025-12-26,Hemelingen,0,0,0,0,0,0,0,0,0,0,0,0,0,0,0
2025-12-26,Horn-Lehe,0,0,0,0,0,0,0,0,0,0,0,0,0,0,0
2025-12-26,Huchting,0,0,0,0,0,0,0,0,0,0,0,0,0,0,0
2025-12-26,Häfen,0,0,0,0,0,0,0,0,0,0,0,0,0,0,0
2025-12-26,Mitte,0,0,0,0,0,0,0,0,0,0,0,0,0,0,0
2025-12-26,Neustadt,0,0,0,0,0,0,0,0,0,0,0,0,0,0,0
2025-12-26,Oberneuland,0,0,0,0,0,0,0,0,0,0,0,0,0,0,0
2025-12-26,Obervieland,0,0,0,0,0,0,0,0,0,0,0,0,0,0,0
2025-12-26,Osterholz,0,0,0,0,0,0,0,0,0,0,0,0,0,0,0
2025-12-26,Schwachhausen,0,0,0,0,0,0,0,0,0,0,0,0,0,0,0
2025-12-26,Seehausen,0,0,0,0,0,0,0,0,0,0,0,0,0,0,0
2025-12-26,Strom,0,0,0,0,0,0,0,0,0,0,0,0,0,0,0
2025-12-26,Vahr,0,0,0,0,0,0,0,0,0,0,0,0,0,0,0
2025-12-26,Vegesack,0,0,0,0,0,0,0,0,0,0,0,0,0,0,0
2025-12-26,Walle,0,0,0,0,0,0,0,0,0,0,0,0,0,0,0
2025-12-26,Woltmershausen,0,0,0,0,0,0,0,0,0,0,0,0,0,0,0
2025-12-26,Östliche Vorstadt,0,0,0,0,0,0,0,0,0,0,0,0,0,0,0
2025-12-27,Blockland,0,0,0,0,0,0,0,0,0,0,0,0,0,0,0
2025-12-27,Blumenthal,0,0,0,0,0,0,0,0,0,0,0,0,0,0,0
2025-12-27,Borgfeld,0,0,0,0,0,0,0,0,0,0,0,0,0,0,0
2025-12-27,Burglesum,0,0,0,0,0,0,0,0,0,0,0,0,0,0,0
2025-12-27,Findorff,0,0,0,0,0,0,0,0,0,0,0,0,0,0,0
2025-12-27,Gröpelingen,0,0,0,0,0,0,0,0,0,0,0,0,0,0,0
2025-12-27,Hemelingen,0,0,0,0,0,0,0,0,0,0,0,0,0,0,0
2025-12-27,Horn-Lehe,0,0,0,0,0,0,0,0,0,0,0,0,0,0,0
2025-12-27,Huchting,0,0,0,0,0,0,0,0,0,0,0,0,0,0,0
2025-12-27,Häfen,0,0,0,0,0,0,0,0,0,0,0,0,0,0,0
2025-12-27,Mitte,0,0,0,0,0,0,0,0,0,0,0,0,0,0,0
2025-12-27,Neustadt,0,0,0,0,0,0,0,0,0,0,0,0,0,0,0
2025-12-27,Oberneuland,0,0,0,0,0,0,0,0,0,0,0,0,0,0,0
2025-12-27,Obervieland,0,0,0,0,0,0,0,0,0,0,0,0,0,0,0
2025-12-27,Osterholz,0,0,0,0,0,0,0,0,0,0,0,0,0,0,0
2025-12-27,Schwachhausen,0,0,0,0,0,0,0,0,0,0,0,0,0,0,0
2025-12-27,Seehausen,0,0,0,0,0,0,0,0,0,0,0,0,0,0,0
2025-12-27,Strom,0,0,0,0,0,0,0,0,0,0,0,0,0,0,0
2025-12-27,Vahr,0,0,0,0,0,0,0,0,0,0,0,0,0,0,0
2025-12-27,Vegesack,0,0,0,0,0,0,0,0,0,0,0,0,0,0,0
2025-12-27,Walle,0,0,0,0,0,0,0,0,0,0,0,0,0,0,0
2025-12-27,Woltmershausen,0,0,0,0,0,0,0,0,0,0,0,0,0,0,0
2025-12-27,Östliche Vorstadt,0,0,0,0,0,0,0,0,0,0,0,0,0,0,0
2025-12-28,Blockland,0,0,0,0,0,0,0,0,0,0,0,0,0,0,0
2025-12-28,Blumenthal,0,0,0,0,0,0,0,0,0,0,0,0,0,0,0
2025-12-28,Borgfeld,0,0,0,0,0,0,0,0,0,0,0,0,0,0,0
2025-12-28,Burglesum,0,0,0,0,0,0,0,0,0,0,0,0,0,0,0
2025-12-28,Findorff,0,0,0,0,0,0,0,0,0,0,0,0,0,0,0
2025-12-28,Gröpelingen,0,0,0,0,0,0,0,0,0,0,0,0,0,0,0
2025-12-28,Hemelingen,0,0,0,0,0,0,0,0,0,0,0,0,0,0,0
2025-12-28,Horn-Lehe,0,0,0,0,0,0,0,0,0,0,0,0,0,0,0
2025-12-28,Huchting,0,0,0,0,0,0,0,0,0,0,0,0,0,0,0
2025-12-28,Häfen,0,0,0,0,0,0,0,0,0,0,0,0,0,0,0
2025-12-28,Mitte,0,0,0,0,0,0,0,0,0,0,0,0,0,0,0
2025-12-28,Neustadt,0,0,0,0,0,0,0,0,0,0,0,0,0,0,0
2025-12-28,Oberneuland,0,0,0,0,0,0,0,0,0,0,0,0,0,0,0
2025-12-28,Obervieland,0,0,0,0,0,0,0,0,0,0,0,0,0,0,0
2025-12-28,Osterholz,0,0,0,0,0,0,0,0,0,0,0,0,0,0,0
2025-12-28,Schwachhausen,0,0,0,0,0,0,0,0,0,0,0,0,0,0,0
2025-12-28,Seehausen,0,0,0,0,0,0,0,0,0,0,0,0,0,0,0
2025-12-28,Strom,0,0,0,0,0,0,0,0,0,0,0,0,0,0,0
2025-12-28,Vahr,0,0,0,0,0,0,0,0,0,0,0,0,0,0,0
2025-12-28,Vegesack,0,0,0,0,0,0,0,0,0,0,0,0,0,0,0
2025-12-28,Walle,0,0,0,0,0,0,0,0,0,0,0,0,0,0,0
2025-12-28,Woltmershausen,0,0,0,0,0,0,0,0,0,0,0,0,0,0,0
2025-12-28,Östliche Vorstadt,0,0,0,0,0,0,0,0,0,0,0,0,0,0,0
2025-12-29,Blockland,0,0,0,0,0,0,0,0,0,0,0,0,0,0,0
2025-12-29,Blumenthal,0,0,0,0,0,0,0,0,0,0,0,0,0,0,0
2025-12-29,Borgfeld,0,0,0,0,0,0,0,0,0,0,0,0,0,0,0
2025-12-29,Burglesum,0,0,0,0,0,0,0,0,0,0,0,0,0,0,0
2025-12-29,Findorff,0,0,0,0,0,0,0,0,0,0,0,0,0,0,0
2025-12-29,Gröpelingen,0,0,0,0,0,0,0,0,0,0,0,0,0,0,0
2025-12-29,Hemelingen,0,0,0,0,0,0,0,0,0,0,0,0,0,0,0
2025-12-29,Horn-Lehe,0,0,0,0,0,0,0,0,0,0,0,0,0,0,0
2025-12-29,Huchting,0,0,0,0,0,0,0,0,0,0,0,0,0,0,0
2025-12-29,Häfen,0,0,0,0,0,0,0,0,0,0,0,0,0,0,0
2025-12-29,Mitte,0,0,0,0,0,0,0,0,0,0,0,0,0,0,0
2025-12-29,Neustadt,0,0,0,0,0,0,0,0,0,0,0,0,0,0,0
2025-12-29,Oberneuland,0,0,0,0,0,0,0,0,0,0,0,0,0,0,0
2025-12-29,Obervieland,0,0,0,0,0,0,0,0,0,0,0,0,0,0,0
2025-12-29,Osterholz,0,0,0,0,0,0,0,0,0,0,0,0,0,0,0
2025-12-29,Schwachhausen,0,0,0,0,0,0,0,0,0,0,0,0,0,0,0
2025-12-29,Seehausen,0,0,0,0,0,0,0,0,0,0,0,0,0,0,0
2025-12-29,Strom,0,0,0,0,0,0,0,0,0,0,0,0,0,0,0
2025-12-29,Vahr,0,0,0,0,0,0,0,0,0,0,0,0,0,0,0
2025-12-29,Vegesack,0,0,0,0,0,0,0,0,0,0,0,0,0,0,0
2025-12-29,Walle,0,0,0,0,0,0,0,0,0,0,0,0,0,0,0
2025-12-29,Woltmershausen,0,0,0,0,0,0,0,0,0,0,0,0,0,0,0
2025-12-29,Östliche Vorstadt,0,0,0,0,0,0,0,0,0,0,0,0,0,0,0
2025-12-30,Blockland,0,0,0,0,0,0,0,0,0,0,0,0,0,0,0
2025-12-30,Blumenthal,0,0,0,0,0,0,0,0,0,0,0,0,0,0,0
2025-12-30,Borgfeld,0,0,0,0,0,0,0,0,0,0,0,0,0,0,0
2025-12-30,Burglesum,0,0,0,0,0,0,0,0,0,0,0,0,0,0,0
2025-12-30,Findorff,0,0,0,0,0,0,0,0,0,0,0,0,0,0,0
2025-12-30,Gröpelingen,0,0,0,0,0,0,0,0,0,0,0,0,0,0,0
2025-12-30,Hemelingen,0,0,0,0,0,0,0,0,0,0,0,0,0,0,0
2025-12-30,Horn-Lehe,0,0,0,0,0,0,0,0,0,0,0,0,0,0,0
2025-12-30,Huchting,0,0,0,0,0,0,0,0,0,0,0,0,0,0,0
2025-12-30,Häfen,0,0,0,0,0,0,0,0,0,0,0,0,0,0,0
2025-12-30,Mitte,0,0,0,0,0,0,0,0,0,0,0,0,0,0,0
2025-12-30,Neustadt,0,0,0,0,0,0,0,0,0,0,0,0,0,0,0
2025-12-30,Oberneuland,0,0,0,0,0,0,0,0,0,0,0,0,0,0,0
2025-12-30,Obervieland,0,0,0,0,0,0,0,0,0,0,0,0,0,0,0
2025-12-30,Osterholz,0,0,0,0,0,0,0,0,0,0,0,0,0,0,0
2025-12-30,Schwachhausen,0,0,0,0,0,0,0,0,0,0,0,0,0,0,0
2025-12-30,Seehausen,0,0,0,0,0,0,0,0,0,0,0,0,0,0,0
2025-12-30,Strom,0,0,0,0,0,0,0,0,0,0,0,0,0,0,0
2025-12-30,Vahr,0,0,0,0,0,0,0,0,0,0,0,0,0,0,0
2025-12-30,Vegesack,0,0,0,0,0,0,0,0,0,0,0,0,0,0,0
2025-12-30,Walle,0,0,0,0,0,0,0,0,0,0,0,0,0,0,0
2025-12-30,Woltmershausen,0,0,0,0,0,0,0,0,0,0,0,0,0,0,0
2025-12-30,Östliche Vorstadt,0,0,0,0,0,0,0,0,0,0,0,0,0,0,0
2025-12-31,Blockland,0,0,0,0,0,0,0,0,0,0,0,0,0,0,0
2025-12-31,Blumenthal,0,0,0,0,0,0,0,0,0,0,0,0,0,0,0
2025-12-31,Borgfeld,0,0,0,0,0,0,0,0,0,0,0,0,0,0,0
2025-12-31,Burglesum,0,0,0,0,0,0,0,0,0,0,0,0,0,0,0
2025-12-31,Findorff,0,0,0,0,0,0,0,0,0,0,0,0,0,0,0
2025-12-31,Gröpelingen,0,0,0,0,0,0,0,0,0,0,0,0,0,0,0
2025-12-31,Hemelingen,0,0,0,0,0,0,0,0,0,0,0,0,0,0,0
2025-12-31,Horn-Lehe,0,0,0,0,0,0,0,0,0,0,0,0,0,0,0
2025-12-31,Huchting,0,0,0,0,0,0,0,0,0,0,0,0,0,0,0
2025-12-31,Häfen,0,0,0,0,0,0,0,0,0,0,0,0,0,0,0
2025-12-31,Mitte,0,0,0,0,0,0,0,0,0,0,0,0,0,0,0
2025-12-31,Neustadt,0,0,0,0,0,0,0,0,0,0,0,0,0,0,0
2025-12-31,Oberneuland,0,0,0,0,0,0,0,0,0,0,0,0,0,0,0
2025-12-31,Obervieland,0,0,0,0,0,0,0,0,0,0,0,0,0,0,0
2025-12-31,Osterholz,0,0,0,0,0,0,0,0,0,0,0,0,0,0,0
2025-12-31,Schwachhausen,0,0,0,0,0,0,0,0,0,0,0,0,0,0,0
2025-12-31,Seehausen,0,0,0,0,0,0,0,0,0,0,0,0,0,0,0
2025-12-31,Strom,0,0,0,0,0,0,0,0,0,0,0,0,0,0,0
2025-12-31,Vahr,0,0,0,0,0,0,0,0,0,0,0,0,0,0,0
2025-12-31,Vegesack,0,0,0,0,0,0,0,0,0,0,0,0,0,0,0
2025-12-31,Walle,0,0,0,0,0,0,0,0,0,0,0,0,0,0,0
2025-12-31,Woltmershausen,0,0,0,0,0,0,0,0,0,0,0,0,0,0,0
2025-12-31,Östliche Vorstadt,0,0,0,0,0,0,0,0,0,0,0,0,0,0,0
2026-01-01,Blockland,0,0,0,0,0,0,0,0,0,0,0,0,0,0,0
2026-01-01,Blumenthal,0,0,0,0,0,0,0,0,0,0,0,0,0,0,0
2026-01-01,Borgfeld,0,0,0,0,0,0,0,0,0,0,0,0,0,0,0
2026-01-01,Burglesum,0,0,0,0,0,0,0,0,0,0,0,0,0,0,0
2026-01-01,Findorff,0,0,0,0,0,0,0,0,0,0,0,0,0,0,0
2026-01-01,Gröpelingen,0,0,0,0,0,0,0,0,0,0,0,0,0,0,0
2026-01-01,Hemelingen,0,0,0,0,0,0,0,0,0,0,0,0,0,0,0
2026-01-01,Horn-Lehe,0,0,0,0,0,0,0,0,0,0,0,0,0,0,0
2026-01-01,Huchting,0,0,0,0,0,0,0,0,0,0,0,0,0,0,0
2026-01-01,Häfen,0,0,0,0,0,0,0,0,0,0,0,0,0,0,0
2026-01-01,Mitte,0,0,0,0,0,0,0,0,0,0,0,0,0,0,0
2026-01-01,Neustadt,0,0,0,0,0,0,0,0,0,0,0,0,0,0,0
2026-01-01,Oberneuland,0,0,0,0,0,0,0,0,0,0,0,0,0,0,0
2026-01-01,Obervieland,0,0,0,0,0,0,0,0,0,0,0,0,0,0,0
2026-01-01,Osterholz,0,0,0,0,0,0,0,0,0,0,0,0,0,0,0
2026-01-01,Schwachhausen,0,0,0,0,0,0,0,0,0,0,0,0,0,0,0
2026-01-01,Seehausen,0,0,0,0,0,0,0,0,0,0,0,0,0,0,0
2026-01-01,Strom,0,0,0,0,0,0,0,0,0,0,0,0,0,0,0
2026-01-01,Vahr,0,0,0,0,0,0,0,0,0,0,0,0,0,0,0
2026-01-01,Vegesack,0,0,0,0,0,0,0,0,0,0,0,0,0,0,0
2026-01-01,Walle,0,0,0,0,0,0,0,0,0,0,0,0,0,0,0
2026-01-01,Woltmershausen,0,0,0,0,0,0,0,0,0,0,0,0,0,0,0
2026-01-01,Östliche Vorstadt,0,0,0,0,0,0,0,0,0,0,0,0,0,0,0
2026-01-02,Blockland,0,0,0,0,0,0,0,0,0,0,0,0,0,0,0
2026-01-02,Blumenthal,0,0,0,0,0,0,0,0,0,0,0,0,0,0,0
2026-01-02,Borgfeld,0,0,0,0,0,0,0,0,0,0,0,0,0,0,0
2026-01-02,Burglesum,0,0,0,0,0,0,0,0,0,0,0,0,0,0,0
2026-01-02,Findorff,0,0,0,0,0,0,0,0,0,0,0,0,0,0,0
2026-01-02,Gröpelingen,0,0,0,0,0,0,0,0,0,0,0,0,0,0,0
2026-01-02,Hemelingen,0,0,0,0,0,0,0,0,0,0,0,0,0,0,0
2026-01-02,Horn-Lehe,0,0,0,0,0,0,0,0,0,0,0,0,0,0,0
2026-01-02,Huchting,0,0,0,0,0,0,0,0,0,0,0,0,0,0,0
2026-01-02,Häfen,0,0,0,0,0,0,0,0,0,0,0,0,0,0,0
2026-01-02,Mitte,0,0,0,0,0,0,0,0,0,0,0,0,0,0,0
2026-01-02,Neustadt,0,0,0,0,0,0,0,0,0,0,0,0,0,0,0
2026-01-02,Oberneuland,0,0,0,0,0,0,0,0,0,0,0,0,0,0,0
2026-01-02,Obervieland,0,0,0,0,0,0,0,0,0,0,0,0,0,0,0
2026-01-02,Osterholz,0,0,0,0,0,0,0,0,0,0,0,0,0,0,0
2026-01-02,Schwachhausen,0,0,0,0,0,0,0,0,0,0,0,0,0,0,0
2026-01-02,Seehausen,0,0,0,0,0,0,0,0,0,0,0,0,0,0,0
2026-01-02,Strom,0,0,0,0,0,0,0,0,0,0,0,0,0,0,0
2026-01-02,Vahr,0,0,0,0,0,0,0,0,0,0,0,0,0,0,0
2026-01-02,Vegesack,0,0,0,0,0,0,0,0,0,0,0,0,0,0,0
2026-01-02,Walle,0,0,0,0,0,0,0,0,0,0,0,0,0,0,0
2026-01-02,Woltmershausen,0,0,0,0,0,0,0,0,0,0,0,0,0,0,0
2026-01-02,Östliche Vorstadt,0,0,0,0,0,0,0,0,0,0,0,0,0,0,0
2026-01-03,Blockland,0,0,0,0,0,0,0,0,0,0,0,0,0,0,0
2026-01-03,Blumenthal,0,0,0,0,0,0,0,0,0,0,0,0,0,0,0
2026-01-03,Borgfeld,0,0,0,0,0,0,0,0,0,0,0,0,0,0,0
2026-01-03,Burglesum,0,0,0,0,0,0,0,0,0,0,0,0,0,0,0
2026-01-03,Findorff,0,0,0,0,0,0,0,0,0,0,0,0,0,0,0
2026-01-03,Gröpelingen,0,0,0,0,0,0,0,0,0,0,0,0,0,0,0
2026-01-03,Hemelingen,0,0,0,0,0,0,0,0,0,0,0,0,0,0,0
2026-01-03,Horn-Lehe,0,0,0,0,0,0,0,0,0,0,0,0,0,0,0
2026-01-03,Huchting,0,0,0,0,0,0,0,0,0,0,0,0,0,0,0
2026-01-03,Häfen,0,0,0,0,0,0,0,0,0,0,0,0,0,0,0
2026-01-03,Mitte,0,0,0,0,0,0,0,0,0,0,0,0,0,0,0
2026-01-03,Neustadt,0,0,0,0,0,0,0,0,0,0,0,0,0,0,0
2026-01-03,Oberneuland,0,0,0,0,0,0,0,0,0,0,0,0,0,0,0
2026-01-03,Obervieland,0,0,0,0,0,0,0,0,0,0,0,0,0,0,0
2026-01-03,Osterholz,0,0,0,0,0,0,0,0,0,0,0,0,0,0,0
2026-01-03,Schwachhausen,0,0,0,0,0,0,0,0,0,0,0,0,0,0,0
2026-01-03,Seehausen,0,0,0,0,0,0,0,0,0,0,0,0,0,0,0
2026-01-03,Strom,0,0,0,0,0,0,0,0,0,0,0,0,0,0,0
2026-01-03,Vahr,0,0,0,0,0,0,0,0,0,0,0,0,0,0,0
2026-01-03,Vegesack,0,0,0,0,0,0,0,0,0,0,0,0,0,0,0
2026-01-03,Walle,0,0,0,0,0,0,0,0,0,0,0,0,0,0,0
2026-01-03,Woltmershausen,0,0,0,0,0,0,0,0,0,0,0,0,0,0,0
2026-01-03,Östliche Vorstadt,0,0,0,0,0,0,0,0,0,0,0,0,0,0,0
2026-01-04,Blockland,0,0,0,0,0,0,0,0,0,0,0,0,0,0,0
2026-01-04,Blumenthal,0,0,0,0,0,0,0,0,0,0,0,0,0,0,0
2026-01-04,Borgfeld,0,0,0,0,0,0,0,0,0,0,0,0,0,0,0
2026-01-04,Burglesum,0,0,0,0,0,0,0,0,0,0,0,0,0,0,0
2026-01-04,Findorff,0,0,0,0,0,0,0,0,0,0,0,0,0,0,0
2026-01-04,Gröpelingen,0,0,0,0,0,0,0,0,0,0,0,0,0,0,0
2026-01-04,Hemelingen,0,0,0,0,0,0,0,0,0,0,0,0,0,0,0
2026-01-04,Horn-Lehe,0,0,0,0,0,0,0,0,0,0,0,0,0,0,0
2026-01-04,Huchting,0,0,0,0,0,0,0,0,0,0,0,0,0,0,0
2026-01-04,Häfen,0,0,0,0,0,0,0,0,0,0,0,0,0,0,0
2026-01-04,Mitte,0,0,0,0,0,0,0,0,0,0,0,0,0,0,0
2026-01-04,Neustadt,0,0,0,0,0,0,0,0,0,0,0,0,0,0,0
2026-01-04,Oberneuland,0,0,0,0,0,0,0,0,0,0,0,0,0,0,0
2026-01-04,Obervieland,0,0,0,0,0,0,0,0,0,0,0,0,0,0,0
2026-01-04,Osterholz,0,0,0,0,0,0,0,0,0,0,0,0,0,0,0
2026-01-04,Schwachhausen,0,0,0,0,0,0,0,0,0,0,0,0,0,0,0
2026-01-04,Seehausen,0,0,0,0,0,0,0,0,0,0,0,0,0,0,0
2026-01-04,Strom,0,0,0,0,0,0,0,0,0,0,0,0,0,0,0
2026-01-04,Vahr,0,0,0,0,0,0,0,0,0,0,0,0,0,0,0
2026-01-04,Vegesack,0,0,0,0,0,0,0,0,0,0,0,0,0,0,0
2026-01-04,Walle,0,0,0,0,0,0,0,0,0,0,0,0,0,0,0
2026-01-04,Woltmershausen,0,0,0,0,0,0,0,0,0,0,0,0,0,0,0
2026-01-04,Östliche Vorstadt,0,0,0,0,0,0,0,0,0,0,0,0,0,0,0
2026-01-05,Blockland,0,0,0,0,0,0,0,0,0,0,0,0,0,0,0
2026-01-05,Blumenthal,0,0,0,0,0,0,0,0,0,0,0,0,0,0,0
2026-01-05,Borgfeld,0,0,0,0,0,0,0,0,0,0,0,0,0,0,0
2026-01-05,Burglesum,0,0,0,0,0,0,0,0,0,0,0,0,0,0,0
2026-01-05,Findorff,0,0,0,0,0,0,0,0,0,0,0,0,0,0,0
2026-01-05,Gröpelingen,0,0,0,0,0,0,0,0,0,0,0,0,0,0,0
2026-01-05,Hemelingen,0,0,0,0,0,0,0,0,0,0,0,0,0,0,0
2026-01-05,Horn-Lehe,0,0,0,0,0,0,0,0,0,0,0,0,0,0,0
2026-01-05,Huchting,0,0,0,0,0,0,0,0,0,0,0,0,0,0,0
2026-01-05,Häfen,0,0,0,0,0,0,0,0,0,0,0,0,0,0,0
2026-01-05,Mitte,0,0,0,0,0,0,0,0,0,0,0,0,0,0,0
2026-01-05,Neustadt,0,0,0,0,0,0,0,0,0,0,0,0,0,0,0
2026-01-05,Oberneuland,0,0,0,0,0,0,0,0,0,0,0,0,0,0,0
2026-01-05,Obervieland,0,0,0,0,0,0,0,0,0,0,0,0,0,0,0
2026-01-05,Osterholz,0,0,0,0,0,0,0,0,0,0,0,0,0,0,0
2026-01-05,Schwachhausen,0,0,0,0,0,0,0,0,0,0,0,0,0,0,0
2026-01-05,Seehausen,0,0,0,0,0,0,0,0,0,0,0,0,0,0,0
2026-01-05,Strom,0,0,0,0,0,0,0,0,0,0,0,0,0,0,0
2026-01-05,Vahr,0,0,0,0,0,0,0,0,0,0,0,0,0,0,0
2026-01-05,Vegesack,0,0,0,0,0,0,0,0,0,0,0,0,0,0,0
2026-01-05,Walle,0,0,0,0,0,0,0,0,0,0,0,0,0,0,0
2026-01-05,Woltmershausen,0,0,0,0,0,0,0,0,0,0,0,0,0,0,0
2026-01-05,Östliche Vorstadt,0,0,0,0,0,0,0,0,0,0,0,0,0,0,0
2026-01-06,Blockland,0,0,0,0,0,0,0,0,0,0,0,0,0,0,0
2026-01-06,Blumenthal,0,0,0,0,0,0,0,0,0,0,0,0,0,0,0
2026-01-06,Borgfeld,0,0,0,0,0,0,0,0,0,0,0,0,0,0,0
2026-01-06,Burglesum,0,0,0,0,0,0,0,0,0,0,0,0,0,0,0
2026-01-06,Findorff,0,0,0,0,0,0,0,0,0,0,0,0,0,0,0
2026-01-06,Gröpelingen,0,0,0,0,0,0,0,0,0,0,0,0,0,0,0
2026-01-06,Hemelingen,0,0,0,0,0,0,0,0,0,0,0,0,0,0,0
2026-01-06,Horn-Lehe,0,0,0,0,0,0,0,0,0,0,0,0,0,0,0
2026-01-06,Huchting,0,0,0,0,0,0,0,0,0,0,0,0,0,0,0
2026-01-06,Häfen,0,0,0,0,0,0,0,0,0,0,0,0,0,0,0
2026-01-06,Mitte,0,0,0,0,0,0,0,0,0,0,0,0,0,0,0
2026-01-06,Neustadt,0,0,0,0,0,0,0,0,0,0,0,0,0,0,0
2026-01-06,Oberneuland,0,0,0,0,0,0,0,0,0,0,0,0,0,0,0
2026-01-06,Obervieland,0,0,0,0,0,0,0,0,0,0,0,0,0,0,0
2026-01-06,Osterholz,0,0,0,0,0,0,0,0,0,0,0,0,0,0,0
2026-01-06,Schwachhausen,0,0,0,0,0,0,0,0,0,0,0,0,0,0,0
2026-01-06,Seehausen,0,0,0,0,0,0,0,0,0,0,0,0,0,0,0
2026-01-06,Strom,0,0,0,0,0,0,0,0,0,0,0,0,0,0,0
2026-01-06,Vahr,0,0,0,0,0,0,0,0,0,0,0,0,0,0,0
2026-01-06,Vegesack,0,0,0,0,0,0,0,0,0,0,0,0,0,0,0
2026-01-06,Walle,0,0,0,0,0,0,0,0,0,0,0,0,0,0,0
2026-01-06,Woltmershausen,0,0,0,0,0,0,0,0,0,0,0,0,0,0,0
2026-01-06,Östliche Vorstadt,0,0,0,0,0,0,0,0,0,0,0,0,0,0,0
2026-01-07,Blockland,0,0,0,0,0,0,0,0,0,0,0,0,0,0,0
2026-01-07,Blumenthal,0,0,0,0,0,0,0,0,0,0,0,0,0,0,0
2026-01-07,Borgfeld,0,0,0,0,0,0,0,0,0,0,0,0,0,0,0
2026-01-07,Burglesum,0,0,0,0,0,0,0,0,0,0,0,0,0,0,0
2026-01-07,Findorff,0,0,0,0,0,0,0,0,0,0,0,0,0,0,0
2026-01-07,Gröpelingen,0,0,0,0,0,0,0,0,0,0,0,0,0,0,0
2026-01-07,Hemelingen,0,0,0,0,0,0,0,0,0,0,0,0,0,0,0
2026-01-07,Horn-Lehe,0,0,0,0,0,0,0,0,0,0,0,0,0,0,0
2026-01-07,Huchting,0,0,0,0,0,0,0,0,0,0,0,0,0,0,0
2026-01-07,Häfen,0,0,0,0,0,0,0,0,0,0,0,0,0,0,0
2026-01-07,Mitte,0,0,0,0,0,0,0,0,0,0,0,0,0,0,0
2026-01-07,Neustadt,0,0,0,0,0,0,0,0,0,0,0,0,0,0,0
2026-01-07,Oberneuland,0,0,0,0,0,0,0,0,0,0,0,0,0,0,0
2026-01-07,Obervieland,0,0,0,0,0,0,0,0,0,0,0,0,0,0,0
2026-01-07,Osterholz,0,0,0,0,0,0,0,0,0,0,0,0,0,0,0
2026-01-07,Schwachhausen,0,0,0,0,0,0,0,0,0,0,0,0,0,0,0
2026-01-07,Seehausen,0,0,0,0,0,0,0,0,0,0,0,0,0,0,0
2026-01-07,Strom,0,0,0,0,0,0,0,0,0,0,0,0,0,0,0
2026-01-07,Vahr,0,0,0,0,0,0,0,0,0,0,0,0,0,0,0
2026-01-07,Vegesack,0,0,0,0,0,0,0,0,0,0,0,0,0,0,0
2026-01-07,Walle,0,0,0,0,0,0,0,0,0,0,0,0,0,0,0
2026-01-07,Woltmershausen,0,0,0,0,0,0,0,0,0,0,0,0,0,0,0
2026-01-07,Östliche Vorstadt,0,0,0,0,0,0,0,0,0,0,0,0,0,0,0
2026-01-08,Blockland,0,0,0,0,0,0,0,0,0,0,0,0,0,0,0
2026-01-08,Blumenthal,0,0,0,0,0,0,0,0,0,0,0,0,0,0,0
2026-01-08,Borgfeld,0,0,0,0,0,0,0,0,0,0,0,0,0,0,0
2026-01-08,Burglesum,0,0,0,0,0,0,0,0,0,0,0,0,0,0,0
2026-01-08,Findorff,0,0,0,0,0,0,0,0,0,0,0,0,0,0,0
2026-01-08,Gröpelingen,0,0,0,0,0,0,0,0,0,0,0,0,0,0,0
2026-01-08,Hemelingen,0,0,0,0,0,0,0,0,0,0,0,0,0,0,0
2026-01-08,Horn-Lehe,0,0,0,0,0,0,0,0,0,0,0,0,0,0,0
2026-01-08,Huchting,0,0,0,0,0,0,0,0,0,0,0,0,0,0,0
2026-01-08,Häfen,0,0,0,0,0,0,0,0,0,0,0,0,0,0,0
2026-01-08,Mitte,0,0,0,0,0,0,0,0,0,0,0,0,0,0,0
2026-01-08,Neustadt,0,0,0,0,0,0,0,0,0,0,0,0,0,0,0
2026-01-08,Oberneuland,0,0,0,0,0,0,0,0,0,0,0,0,0,0,0
2026-01-08,Obervieland,0,0,0,0,0,0,0,0,0,0,0,0,0,0,0
2026-01-08,Osterholz,0,0,0,0,0,0,0,0,0,0,0,0,0,0,0
2026-01-08,Schwachhausen,0,0,0,0,0,0,0,0,0,0,0,0,0,0,0
2026-01-08,Seehausen,0,0,0,0,0,0,0,0,0,0,0,0,0,0,0
2026-01-08,Strom,0,0,0,0,0,0,0,0,0,0,0,0,0,0,0
2026-01-08,Vahr,0,0,0,0,0,0,0,0,0,0,0,0,0,0,0
2026-01-08,Vegesack,0,0,0,0,0,0,0,0,0,0,0,0,0,0,0
2026-01-08,Walle,0,0,0,0,0,0,0,0,0,0,0,0,0,0,0
2026-01-08,Woltmershausen,0,0,0,0,0,0,0,0,0,0,0,0,0,0,0
2026-01-08,Östliche Vorstadt,0,0,0,0,0,0,0,0,0,0,0,0,0,0,0
2026-01-09,Blockland,0,0,0,0,0,0,0,0,0,0,0,0,0,0,0
2026-01-09,Blumenthal,0,0,0,0,0,0,0,0,0,0,0,0,0,0,0
2026-01-09,Borgfeld,0,0,0,0,0,0,0,0,0,0,0,0,0,0,0
2026-01-09,Burglesum,0,0,0,0,0,0,0,0,0,0,0,0,0,0,0
2026-01-09,Findorff,0,0,0,0,0,0,0,0,0,0,0,0,0,0,0
2026-01-09,Gröpelingen,0,0,0,0,0,0,0,0,0,0,0,0,0,0,0
2026-01-09,Hemelingen,0,0,0,0,0,0,0,0,0,0,0,0,0,0,0
2026-01-09,Horn-Lehe,0,0,0,0,0,0,0,0,0,0,0,0,0,0,0
2026-01-09,Huchting,0,0,0,0,0,0,0,0,0,0,0,0,0,0,0
2026-01-09,Häfen,0,0,0,0,0,0,0,0,0,0,0,0,0,0,0
2026-01-09,Mitte,0,0,0,0,0,0,0,0,0,0,0,0,0,0,0
2026-01-09,Neustadt,0,0,0,0,0,0,0,0,0,0,0,0,0,0,0
2026-01-09,Oberneuland,0,0,0,0,0,0,0,0,0,0,0,0,0,0,0
2026-01-09,Obervieland,0,0,0,0,0,0,0,0,0,0,0,0,0,0,0
2026-01-09,Osterholz,0,0,0,0,0,0,0,0,0,0,0,0,0,0,0
2026-01-09,Schwachhausen,0,0,0,0,0,0,0,0,0,0,0,0,0,0,0
2026-01-09,Seehausen,0,0,0,0,0,0,0,0,0,0,0,0,0,0,0
2026-01-09,Strom,0,0,0,0,0,0,0,0,0,0,0,0,0,0,0
2026-01-09,Vahr,0,0,0,0,0,0,0,0,0,0,0,0,0,0,0
2026-01-09,Vegesack,0,0,0,0,0,0,0,0,0,0,0,0,0,0,0
2026-01-09,Walle,0,0,0,0,0,0,0,0,0,0,0,0,0,0,0
2026-01-09,Woltmershausen,0,0,0,0,0,0,0,0,0,0,0,0,0,0,0
2026-01-09,Östliche Vorstadt,0,0,0,0,0,0,0,0,0,0,0,0,0,0,0
2026-01-10,Blockland,0,0,0,0,0,0,0,0,0,0,0,0,0,0,0
2026-01-10,Blumenthal,0,0,0,0,0,0,0,0,0,0,0,0,0,0,0
2026-01-10,Borgfeld,0,0,0,0,0,0,0,0,0,0,0,0,0,0,0
2026-01-10,Burglesum,0,0,0,0,0,0,0,0,0,0,0,0,0,0,0
2026-01-10,Findorff,0,0,0,0,0,0,0,0,0,0,0,0,0,0,0
2026-01-10,Gröpelingen,0,0,0,0,0,0,0,0,0,0,0,0,0,0,0
2026-01-10,Hemelingen,0,0,0,0,0,0,0,0,0,0,0,0,0,0,0
2026-01-10,Horn-Lehe,0,0,0,0,0,0,0,0,0,0,0,0,0,0,0
2026-01-10,Huchting,0,0,0,0,0,0,0,0,0,0,0,0,0,0,0
2026-01-10,Häfen,0,0,0,0,0,0,0,0,0,0,0,0,0,0,0
2026-01-10,Mitte,0,0,0,0,0,0,0,0,0,0,0,0,0,0,0
2026-01-10,Neustadt,0,0,0,0,0,0,0,0,0,0,0,0,0,0,0
2026-01-10,Oberneuland,0,0,0,0,0,0,0,0,0,0,0,0,0,0,0
2026-01-10,Obervieland,0,0,0,0,0,0,0,0,0,0,0,0,0,0,0
2026-01-10,Osterholz,0,0,0,0,0,0,0,0,0,0,0,0,0,0,0
2026-01-10,Schwachhausen,0,0,0,0,0,0,0,0,0,0,0,0,0,0,0
2026-01-10,Seehausen,0,0,0,0,0,0,0,0,0,0,0,0,0,0,0
2026-01-10,Strom,0,0,0,0,0,0,0,0,0,0,0,0,0,0,0
2026-01-10,Vahr,0,0,0,0,0,0,0,0,0,0,0,0,0,0,0
2026-01-10,Vegesack,0,0,0,0,0,0,0,0,0,0,0,0,0,0,0
2026-01-10,Walle,0,0,0,0,0,0,0,0,0,0,0,0,0,0,0
2026-01-10,Woltmershausen,0,0,0,0,0,0,0,0,0,0,0,0,0,0,0
2026-01-10,Östliche Vorstadt,0,0,0,0,0,0,0,0,0,0,0,0,0,0,0
2026-01-11,Blockland,0,0,0,0,0,0,0,0,0,0,0,0,0,0,0
2026-01-11,Blumenthal,0,0,0,0,0,0,0,0,0,0,0,0,0,0,0
2026-01-11,Borgfeld,0,0,0,0,0,0,0,0,0,0,0,0,0,0,0
2026-01-11,Burglesum,0,0,0,0,0,0,0,0,0,0,0,0,0,0,0
2026-01-11,Findorff,0,0,0,0,0,0,0,0,0,0,0,0,0,0,0
2026-01-11,Gröpelingen,0,0,0,0,0,0,0,0,0,0,0,0,0,0,0
2026-01-11,Hemelingen,0,0,0,0,0,0,0,0,0,0,0,0,0,0,0
2026-01-11,Horn-Lehe,0,0,0,0,0,0,0,0,0,0,0,0,0,0,0
2026-01-11,Huchting,0,0,0,0,0,0,0,0,0,0,0,0,0,0,0
2026-01-11,Häfen,0,0,0,0,0,0,0,0,0,0,0,0,0,0,0
2026-01-11,Mitte,0,0,0,0,0,0,0,0,0,0,0,0,0,0,0
2026-01-11,Neustadt,0,0,0,0,0,0,0,0,0,0,0,0,0,0,0
2026-01-11,Oberneuland,0,0,0,0,0,0,0,0,0,0,0,0,0,0,0
2026-01-11,Obervieland,0,0,0,0,0,0,0,0,0,0,0,0,0,0,0
2026-01-11,Osterholz,0,0,0,0,0,0,0,0,0,0,0,0,0,0,0
2026-01-11,Schwachhausen,0,0,0,0,0,0,0,0,0,0,0,0,0,0,0
2026-01-11,Seehausen,0,0,0,0,0,0,0,0,0,0,0,0,0,0,0
2026-01-11,Strom,0,0,0,0,0,0,0,0,0,0,0,0,0,0,0
2026-01-11,Vahr,0,0,0,0,0,0,0,0,0,0,0,0,0,0,0
2026-01-11,Vegesack,0,0,0,0,0,0,0,0,0,0,0,0,0,0,0
2026-01-11,Walle,0,0,0,0,0,0,0,0,0,0,0,0,0,0,0
2026-01-11,Woltmershausen,0,0,0,0,0,0,0,0,0,0,0,0,0,0,0
2026-01-11,Östliche Vorstadt,0,0,0,0,0,0,0,0,0,0,0,0,0,0,0
2026-01-12,Blockland,0,0,0,0,0,0,0,0,0,0,0,0,0,0,0
2026-01-12,Blumenthal,0,0,0,0,0,0,0,0,0,0,0,0,0,0,0
2026-01-12,Borgfeld,0,0,0,0,0,0,0,0,0,0,0,0,0,0,0
2026-01-12,Burglesum,0,0,0,0,0,0,0,0,0,0,0,0,0,0,0
2026-01-12,Findorff,0,0,0,0,0,0,0,0,0,0,0,0,0,0,0
2026-01-12,Gröpelingen,0,0,0,0,0,0,0,0,0,0,0,0,0,0,0
2026-01-12,Hemelingen,0,0,0,0,0,0,0,0,0,0,0,0,0,0,0
2026-01-12,Horn-Lehe,0,0,0,0,0,0,0,0,0,0,0,0,0,0,0
2026-01-12,Huchting,0,0,0,0,0,0,0,0,0,0,0,0,0,0,0
2026-01-12,Häfen,0,0,0,0,0,0,0,0,0,0,0,0,0,0,0
2026-01-12,Mitte,0,0,0,0,0,0,0,0,0,0,0,0,0,0,0
2026-01-12,Neustadt,0,0,0,0,0,0,0,0,0,0,0,0,0,0,0
2026-01-12,Oberneuland,0,0,0,0,0,0,0,0,0,0,0,0,0,0,0
2026-01-12,Obervieland,0,0,0,0,0,0,0,0,0,0,0,0,0,0,0
2026-01-12,Osterholz,0,0,0,0,0,0,0,0,0,0,0,0,0,0,0
2026-01-12,Schwachhausen,0,0,0,0,0,0,0,0,0,0,0,0,0,0,0
2026-01-12,Seehausen,0,0,0,0,0,0,0,0,0,0,0,0,0,0,0
2026-01-12,Strom,0,0,0,0,0,0,0,0,0,0,0,0,0,0,0
2026-01-12,Vahr,0,0,0,0,0,0,0,0,0,0,0,0,0,0,0
2026-01-12,Vegesack,0,0,0,0,0,0,0,0,0,0,0,0,0,0,0
2026-01-12,Walle,0,0,0,0,0,0,0,0,0,0,0,0,0,0,0
2026-01-12,Woltmershausen,0,0,0,0,0,0,0,0,0,0,0,0,0,0,0
2026-01-12,Östliche Vorstadt,0,0,0,0,0,0,0,0,0,0,0,0,0,0,0
2026-01-13,Blockland,0,0,0,0,0,0,0,0,0,0,0,0,0,0,0
2026-01-13,Blumenthal,0,0,0,0,0,0,0,0,0,0,0,0,0,0,0
2026-01-13,Borgfeld,0,0,0,0,0,0,0,0,0,0,0,0,0,0,0
2026-01-13,Burglesum,0,0,0,0,0,0,0,0,0,0,0,0,0,0,0
2026-01-13,Findorff,0,0,0,0,0,0,0,0,0,0,0,0,0,0,0
2026-01-13,Gröpelingen,0,0,0,0,0,0,0,0,0,0,0,0,0,0,0
2026-01-13,Hemelingen,0,0,0,0,0,0,0,0,0,0,0,0,0,0,0
2026-01-13,Horn-Lehe,0,0,0,0,0,0,0,0,0,0,0,0,0,0,0
2026-01-13,Huchting,0,0,0,0,0,0,0,0,0,0,0,0,0,0,0
2026-01-13,Häfen,0,0,0,0,0,0,0,0,0,0,0,0,0,0,0
2026-01-13,Mitte,0,0,0,0,0,0,0,0,0,0,0,0,0,0,0
2026-01-13,Neustadt,0,0,0,0,0,0,0,0,0,0,0,0,0,0,0
2026-01-13,Oberneuland,0,0,0,0,0,0,0,0,0,0,0,0,0,0,0
2026-01-13,Obervieland,0,0,0,0,0,0,0,0,0,0,0,0,0,0,0
2026-01-13,Osterholz,0,0,0,0,0,0,0,0,0,0,0,0,0,0,0
2026-01-13,Schwachhausen,0,0,0,0,0,0,0,0,0,0,0,0,0,0,0
2026-01-13,Seehausen,0,0,0,0,0,0,0,0,0,0,0,0,0,0,0
2026-01-13,Strom,0,0,0,0,0,0,0,0,0,0,0,0,0,0,0
2026-01-13,Vahr,0,0,0,0,0,0,0,0,0,0,0,0,0,0,0
2026-01-13,Vegesack,0,0,0,0,0,0,0,0,0,0,0,0,0,0,0
2026-01-13,Walle,0,0,0,0,0,0,0,0,0,0,0,0,0,0,0
2026-01-13,Woltmershausen,0,0,0,0,0,0,0,0,0,0,0,0,0,0,0
2026-01-13,Östliche Vorstadt,0,0,0,0,0,0,0,0,0,0,0,0,0,0,0
2026-01-14,Blockland,0,0,0,0,0,0,0,0,0,0,0,0,0,0,0
2026-01-14,Blumenthal,0,0,0,0,0,0,0,0,0,0,0,0,0,0,0
2026-01-14,Borgfeld,0,0,0,0,0,0,0,0,0,0,0,0,0,0,0
2026-01-14,Burglesum,0,0,0,0,0,0,0,0,0,0,0,0,0,0,0
2026-01-14,Findorff,0,0,0,0,0,0,0,0,0,0,0,0,0,0,0
2026-01-14,Gröpelingen,0,0,0,0,0,0,0,0,0,0,0,0,0,0,0
2026-01-14,Hemelingen,0,0,0,0,0,0,0,0,0,0,0,0,0,0,0
2026-01-14,Horn-Lehe,0,0,0,0,0,0,0,0,0,0,0,0,0,0,0
2026-01-14,Huchting,0,0,0,0,0,0,0,0,0,0,0,0,0,0,0
2026-01-14,Häfen,0,0,0,0,0,0,0,0,0,0,0,0,0,0,0
2026-01-14,Mitte,0,0,0,0,0,0,0,0,0,0,0,0,0,0,0
2026-01-14,Neustadt,0,0,0,0,0,0,0,0,0,0,0,0,0,0,0
2026-01-14,Oberneuland,0,0,0,0,0,0,0,0,0,0,0,0,0,0,0
2026-01-14,Obervieland,0,0,0,0,0,0,0,0,0,0,0,0,0,0,0
2026-01-14,Osterholz,0,0,0,0,0,0,0,0,0,0,0,0,0,0,0
2026-01-14,Schwachhausen,0,0,0,0,0,0,0,0,0,0,0,0,0,0,0
2026-01-14,Seehausen,0,0,0,0,0,0,0,0,0,0,0,0,0,0,0
2026-01-14,Strom,0,0,0,0,0,0,0,0,0,0,0,0,0,0,0
2026-01-14,Vahr,0,0,0,0,0,0,0,0,0,0,0,0,0,0,0
2026-01-14,Vegesack,0,0,0,0,0,0,0,0,0,0,0,0,0,0,0
2026-01-14,Walle,0,0,0,0,0,0,0,0,0,0,0,0,0,0,0
2026-01-14,Woltmershausen,0,0,0,0,0,0,0,0,0,0,0,0,0,0,0
2026-01-14,Östliche Vorstadt,0,0,0,0,0,0,0,0,0,0,0,0,0,0,0
2026-01-15,Blockland,0,0,0,0,0,0,0,0,0,0,0,0,0,0,0
2026-01-15,Blumenthal,0,0,0,0,0,0,0,0,0,0,0,0,0,0,0
2026-01-15,Borgfeld,0,0,0,0,0,0,0,0,0,0,0,0,0,0,0
2026-01-15,Burglesum,0,0,0,0,0,0,0,0,0,0,0,0,0,0,0
2026-01-15,Findorff,0,0,0,0,0,0,0,0,0,0,0,0,0,0,0
2026-01-15,Gröpelingen,0,0,0,0,0,0,0,0,0,0,0,0,0,0,0
2026-01-15,Hemelingen,0,0,0,0,0,0,0,0,0,0,0,0,0,0,0
2026-01-15,Horn-Lehe,0,0,0,0,0,0,0,0,0,0,0,0,0,0,0
2026-01-15,Huchting,0,0,0,0,0,0,0,0,0,0,0,0,0,0,0
2026-01-15,Häfen,0,0,0,0,0,0,0,0,0,0,0,0,0,0,0
2026-01-15,Mitte,0,0,0,0,0,0,0,0,0,0,0,0,0,0,0
2026-01-15,Neustadt,0,0,0,0,0,0,0,0,0,0,0,0,0,0,0
2026-01-15,Oberneuland,0,0,0,0,0,0,0,0,0,0,0,0,0,0,0
2026-01-15,Obervieland,0,0,0,0,0,0,0,0,0,0,0,0,0,0,0
2026-01-15,Osterholz,0,0,0,0,0,0,0,0,0,0,0,0,0,0,0
2026-01-15,Schwachhausen,0,0,0,0,0,0,0,0,0,0,0,0,0,0,0
2026-01-15,Seehausen,0,0,0,0,0,0,0,0,0,0,0,0,0,0,0
2026-01-15,Strom,0,0,0,0,0,0,0,0,0,0,0,0,0,0,0
2026-01-15,Vahr,0,0,0,0,0,0,0,0,0,0,0,0,0,0,0
2026-01-15,Vegesack,0,0,0,0,0,0,0,0,0,0,0,0,0,0,0
2026-01-15,Walle,0,0,0,0,0,0,0,0,0,0,0,0,0,0,0
2026-01-15,Woltmershausen,0,0,0,0,0,0,0,0,0,0,0,0,0,0,0
2026-01-15,Östliche Vorstadt,0,0,0,0,0,0,0,0,0,0,0,0,0,0,0
2026-01-16,Blockland,0,0,0,0,0,0,0,0,0,0,0,0,0,0,0
2026-01-16,Blumenthal,0,0,0,0,0,0,0,0,0,0,0,0,0,0,0
2026-01-16,Borgfeld,0,0,0,0,0,0,0,0,0,0,0,0,0,0,0
2026-01-16,Burglesum,0,0,0,0,0,0,0,0,0,0,0,0,0,0,0
2026-01-16,Findorff,0,0,0,0,0,0,0,0,0,0,0,0,0,0,0
2026-01-16,Gröpelingen,0,0,0,0,0,0,0,0,0,0,0,0,0,0,0
2026-01-16,Hemelingen,0,0,0,0,0,0,0,0,0,0,0,0,0,0,0
2026-01-16,Horn-Lehe,0,0,0,0,0,0,0,0,0,0,0,0,0,0,0
2026-01-16,Huchting,0,0,0,0,0,0,0,0,0,0,0,0,0,0,0
2026-01-16,Häfen,0,0,0,0,0,0,0,0,0,0,0,0,0,0,0
2026-01-16,Mitte,0,0,0,0,0,0,0,0,0,0,0,0,0,0,0
2026-01-16,Neustadt,0,0,0,0,0,0,0,0,0,0,0,0,0,0,0
2026-01-16,Oberneuland,0,0,0,0,0,0,0,0,0,0,0,0,0,0,0
2026-01-16,Obervieland,0,0,0,0,0,0,0,0,0,0,0,0,0,0,0
2026-01-16,Osterholz,0,0,0,0,0,0,0,0,0,0,0,0,0,0,0
2026-01-16,Schwachhausen,0,0,0,0,0,0,0,0,0,0,0,0,0,0,0
2026-01-16,Seehausen,0,0,0,0,0,0,0,0,0,0,0,0,0,0,0
2026-01-16,Strom,0,0,0,0,0,0,0,0,0,0,0,0,0,0,0
2026-01-16,Vahr,0,0,0,0,0,0,0,0,0,0,0,0,0,0,0
2026-01-16,Vegesack,0,0,0,0,0,0,0,0,0,0,0,0,0,0,0
2026-01-16,Walle,0,0,0,0,0,0,0,0,0,0,0,0,0,0,0
2026-01-16,Woltmershausen,0,0,0,0,0,0,0,0,0,0,0,0,0,0,0
2026-01-16,Östliche Vorstadt,0,0,0,0,0,0,0,0,0,0,0,0,0,0,0
2026-01-17,Blockland,0,0,0,0,0,0,0,0,0,0,0,0,0,0,0
2026-01-17,Blumenthal,0,0,0,0,0,0,0,0,0,0,0,0,0,0,0
2026-01-17,Borgfeld,0,0,0,0,0,0,0,0,0,0,0,0,0,0,0
2026-01-17,Burglesum,0,0,0,0,0,0,0,0,0,0,0,0,0,0,0
2026-01-17,Findorff,0,0,0,0,0,0,0,0,0,0,0,0,0,0,0
2026-01-17,Gröpelingen,0,0,0,0,0,0,0,0,0,0,0,0,0,0,0
2026-01-17,Hemelingen,0,0,0,0,0,0,0,0,0,0,0,0,0,0,0
2026-01-17,Horn-Lehe,0,0,0,0,0,0,0,0,0,0,0,0,0,0,0
2026-01-17,Huchting,0,0,0,0,0,0,0,0,0,0,0,0,0,0,0
2026-01-17,Häfen,0,0,0,0,0,0,0,0,0,0,0,0,0,0,0
2026-01-17,Mitte,0,0,0,0,0,0,0,0,0,0,0,0,0,0,0
2026-01-17,Neustadt,0,0,0,0,0,0,0,0,0,0,0,0,0,0,0
2026-01-17,Oberneuland,0,0,0,0,0,0,0,0,0,0,0,0,0,0,0
2026-01-17,Obervieland,0,0,0,0,0,0,0,0,0,0,0,0,0,0,0
2026-01-17,Osterholz,0,0,0,0,0,0,0,0,0,0,0,0,0,0,0
2026-01-17,Schwachhausen,0,0,0,0,0,0,0,0,0,0,0,0,0,0,0
2026-01-17,Seehausen,0,0,0,0,0,0,0,0,0,0,0,0,0,0,0
2026-01-17,Strom,0,0,0,0,0,0,0,0,0,0,0,0,0,0,0
2026-01-17,Vahr,0,0,0,0,0,0,0,0,0,0,0,0,0,0,0
2026-01-17,Vegesack,0,0,0,0,0,0,0,0,0,0,0,0,0,0,0
2026-01-17,Walle,0,0,0,0,0,0,0,0,0,0,0,0,0,0,0
2026-01-17,Woltmershausen,0,0,0,0,0,0,0,0,0,0,0,0,0,0,0
2026-01-17,Östliche Vorstadt,0,0,0,0,0,0,0,0,0,0,0,0,0,0,0
2026-01-18,Blockland,0,0,0,0,0,0,0,0,0,0,0,0,0,0,0
2026-01-18,Blumenthal,0,0,0,0,0,0,0,0,0,0,0,0,0,0,0
2026-01-18,Borgfeld,0,0,0,0,0,0,0,0,0,0,0,0,0,0,0
2026-01-18,Burglesum,0,0,0,0,0,0,0,0,0,0,0,0,0,0,0
2026-01-18,Findorff,0,0,0,0,0,0,0,0,0,0,0,0,0,0,0
2026-01-18,Gröpelingen,0,0,0,0,0,0,0,0,0,0,0,0,0,0,0
2026-01-18,Hemelingen,0,0,0,0,0,0,0,0,0,0,0,0,0,0,0
2026-01-18,Horn-Lehe,0,0,0,0,0,0,0,0,0,0,0,0,0,0,0
2026-01-18,Huchting,0,0,0,0,0,0,0,0,0,0,0,0,0,0,0
2026-01-18,Häfen,0,0,0,0,0,0,0,0,0,0,0,0,0,0,0
2026-01-18,Mitte,0,0,0,0,0,0,0,0,0,0,0,0,0,0,0
2026-01-18,Neustadt,0,0,0,0,0,0,0,0,0,0,0,0,0,0,0
2026-01-18,Oberneuland,0,0,0,0,0,0,0,0,0,0,0,0,0,0,0
2026-01-18,Obervieland,0,0,0,0,0,0,0,0,0,0,0,0,0,0,0
2026-01-18,Osterholz,0,0,0,0,0,0,0,0,0,0,0,0,0,0,0
2026-01-18,Schwachhausen,0,0,0,0,0,0,0,0,0,0,0,0,0,0,0
2026-01-18,Seehausen,0,0,0,0,0,0,0,0,0,0,0,0,0,0,0
2026-01-18,Strom,0,0,0,0,0,0,0,0,0,0,0,0,0,0,0
2026-01-18,Vahr,0,0,0,0,0,0,0,0,0,0,0,0,0,0,0
2026-01-18,Vegesack,0,0,0,0,0,0,0,0,0,0,0,0,0,0,0
2026-01-18,Walle,0,0,0,0,0,0,0,0,0,0,0,0,0,0,0
2026-01-18,Woltmershausen,0,0,0,0,0,0,0,0,0,0,0,0,0,0,0
2026-01-18,Östliche Vorstadt,0,0,0,0,0,0,0,0,0,0,0,0,0,0,0
2026-01-19,Blockland,0,0,0,0,0,0,0,0,0,0,0,0,0,0,0
2026-01-19,Blumenthal,0,0,0,0,0,0,0,0,0,0,0,0,0,0,0
2026-01-19,Borgfeld,0,0,0,0,0,0,0,0,0,0,0,0,0,0,0
2026-01-19,Burglesum,0,0,0,0,0,0,0,0,0,0,0,0,0,0,0
2026-01-19,Findorff,0,0,0,0,0,0,0,0,0,0,0,0,0,0,0
2026-01-19,Gröpelingen,0,0,0,0,0,0,0,0,0,0,0,0,0,0,0
2026-01-19,Hemelingen,0,0,0,0,0,0,0,0,0,0,0,0,0,0,0
2026-01-19,Horn-Lehe,0,0,0,0,0,0,0,0,0,0,0,0,0,0,0
2026-01-19,Huchting,0,0,0,0,0,0,0,0,0,0,0,0,0,0,0
2026-01-19,Häfen,0,0,0,0,0,0,0,0,0,0,0,0,0,0,0
2026-01-19,Mitte,0,0,0,0,0,0,0,0,0,0,0,0,0,0,0
2026-01-19,Neustadt,0,0,0,0,0,0,0,0,0,0,0,0,0,0,0
2026-01-19,Oberneuland,0,0,0,0,0,0,0,0,0,0,0,0,0,0,0
2026-01-19,Obervieland,0,0,0,0,0,0,0,0,0,0,0,0,0,0,0
2026-01-19,Osterholz,0,0,0,0,0,0,0,0,0,0,0,0,0,0,0
2026-01-19,Schwachhausen,0,0,0,0,0,0,0,0,0,0,0,0,0,0,0
2026-01-19,Seehausen,0,0,0,0,0,0,0,0,0,0,0,0,0,0,0
2026-01-19,Strom,0,0,0,0,0,0,0,0,0,0,0,0,0,0,0
2026-01-19,Vahr,0,0,0,0,0,0,0,0,0,0,0,0,0,0,0
2026-01-19,Vegesack,0,0,0,0,0,0,0,0,0,0,0,0,0,0,0
2026-01-19,Walle,0,0,0,0,0,0,0,0,0,0,0,0,0,0,0
2026-01-19,Woltmershausen,0,0,0,0,0,0,0,0,0,0,0,0,0,0,0
2026-01-19,Östliche Vorstadt,0,0,0,0,0,0,0,0,0,0,0,0,0,0,0
2026-01-20,Blockland,0,0,0,0,0,0,0,0,0,0,0,0,0,0,0
2026-01-20,Blumenthal,0,0,0,0,0,0,0,0,0,0,0,0,0,0,0
2026-01-20,Borgfeld,0,0,0,0,0,0,0,0,0,0,0,0,0,0,0
2026-01-20,Burglesum,0,0,0,0,0,0,0,0,0,0,0,0,0,0,0
2026-01-20,Findorff,0,0,0,0,0,0,0,0,0,0,0,0,0,0,0
2026-01-20,Gröpelingen,0,0,0,0,0,0,0,0,0,0,0,0,0,0,0
2026-01-20,Hemelingen,0,0,0,0,0,0,0,0,0,0,0,0,0,0,0
2026-01-20,Horn-Lehe,0,0,0,0,0,0,0,0,0,0,0,0,0,0,0
2026-01-20,Huchting,0,0,0,0,0,0,0,0,0,0,0,0,0,0,0
2026-01-20,Häfen,0,0,0,0,0,0,0,0,0,0,0,0,0,0,0
2026-01-20,Mitte,0,0,0,0,0,0,0,0,0,0,0,0,0,0,0
2026-01-20,Neustadt,0,0,0,0,0,0,0,0,0,0,0,0,0,0,0
2026-01-20,Oberneuland,0,0,0,0,0,0,0,0,0,0,0,0,0,0,0
2026-01-20,Obervieland,0,0,0,0,0,0,0,0,0,0,0,0,0,0,0
2026-01-20,Osterholz,0,0,0,0,0,0,0,0,0,0,0,0,0,0,0
2026-01-20,Schwachhausen,0,0,0,0,0,0,0,0,0,0,0,0,0,0,0
2026-01-20,Seehausen,0,0,0,0,0,0,0,0,0,0,0,0,0,0,0
2026-01-20,Strom,0,0,0,0,0,0,0,0,0,0,0,0,0,0,0
2026-01-20,Vahr,0,0,0,0,0,0,0,0,0,0,0,0,0,0,0
2026-01-20,Vegesack,0,0,0,0,0,0,0,0,0,0,0,0,0,0,0
2026-01-20,Walle,0,0,0,0,0,0,0,0,0,0,0,0,0,0,0
2026-01-20,Woltmershausen,0,0,0,0,0,0,0,0,0,0,0,0,0,0,0
2026-01-20,Östliche Vorstadt,0,0,0,0,0,0,0,0,0,0,0,0,0,0,0
2026-01-21,Blockland,0,0,0,0,0,0,0,0,0,0,0,0,0,0,0
2026-01-21,Blumenthal,0,0,0,0,0,0,0,0,0,0,0,0,0,0,0
2026-01-21,Borgfeld,0,0,0,0,0,0,0,0,0,0,0,0,0,0,0
2026-01-21,Burglesum,0,0,0,0,0,0,0,0,0,0,0,0,0,0,0
2026-01-21,Findorff,0,0,0,0,0,0,0,0,0,0,0,0,0,0,0
2026-01-21,Gröpelingen,0,0,0,0,0,0,0,0,0,0,0,0,0,0,0
2026-01-21,Hemelingen,0,0,0,0,0,0,0,0,0,0,0,0,0,0,0
2026-01-21,Horn-Lehe,0,0,0,0,0,0,0,0,0,0,0,0,0,0,0
2026-01-21,Huchting,0,0,0,0,0,0,0,0,0,0,0,0,0,0,0
2026-01-21,Häfen,0,0,0,0,0,0,0,0,0,0,0,0,0,0,0
2026-01-21,Mitte,0,0,0,0,0,0,0,0,0,0,0,0,0,0,0
2026-01-21,Neustadt,0,0,0,0,0,0,0,0,0,0,0,0,0,0,0
2026-01-21,Oberneuland,0,0,0,0,0,0,0,0,0,0,0,0,0,0,0
2026-01-21,Obervieland,0,0,0,0,0,0,0,0,0,0,0,0,0,0,0
2026-01-21,Osterholz,0,0,0,0,0,0,0,0,0,0,0,0,0,0,0
2026-01-21,Schwachhausen,0,0,0,0,0,0,0,0,0,0,0,0,0,0,0
2026-01-21,Seehausen,0,0,0,0,0,0,0,0,0,0,0,0,0,0,0
2026-01-21,Strom,0,0,0,0,0,0,0,0,0,0,0,0,0,0,0
2026-01-21,Vahr,0,0,0,0,0,0,0,0,0,0,0,0,0,0,0
2026-01-21,Vegesack,0,0,0,0,0,0,0,0,0,0,0,0,0,0,0
2026-01-21,Walle,0,0,0,0,0,0,0,0,0,0,0,0,0,0,0
2026-01-21,Woltmershausen,0,0,0,0,0,0,0,0,0,0,0,0,0,0,0
2026-01-21,Östliche Vorstadt,0,0,0,0,0,0,0,0,0,0,0,0,0,0,0
2026-01-22,Blockland,0,0,0,0,0,0,0,0,0,0,0,0,0,0,0
2026-01-22,Blumenthal,0,0,0,0,0,0,0,0,0,0,0,0,0,0,0
2026-01-22,Borgfeld,0,0,0,0,0,0,0,0,0,0,0,0,0,0,0
2026-01-22,Burglesum,0,0,0,0,0,0,0,0,0,0,0,0,0,0,0
2026-01-22,Findorff,0,0,0,0,0,0,0,0,0,0,0,0,0,0,0
2026-01-22,Gröpelingen,0,0,0,0,0,0,0,0,0,0,0,0,0,0,0
2026-01-22,Hemelingen,0,0,0,0,0,0,0,0,0,0,0,0,0,0,0
2026-01-22,Horn-Lehe,0,0,0,0,0,0,0,0,0,0,0,0,0,0,0
2026-01-22,Huchting,0,0,0,0,0,0,0,0,0,0,0,0,0,0,0
2026-01-22,Häfen,0,0,0,0,0,0,0,0,0,0,0,0,0,0,0
2026-01-22,Mitte,0,0,0,0,0,0,0,0,0,0,0,0,0,0,0
2026-01-22,Neustadt,0,0,0,0,0,0,0,0,0,0,0,0,0,0,0
2026-01-22,Oberneuland,0,0,0,0,0,0,0,0,0,0,0,0,0,0,0
2026-01-22,Obervieland,0,0,0,0,0,0,0,0,0,0,0,0,0,0,0
2026-01-22,Osterholz,0,0,0,0,0,0,0,0,0,0,0,0,0,0,0
2026-01-22,Schwachhausen,0,0,0,0,0,0,0,0,0,0,0,0,0,0,0
2026-01-22,Seehausen,0,0,0,0,0,0,0,0,0,0,0,0,0,0,0
2026-01-22,Strom,0,0,0,0,0,0,0,0,0,0,0,0,0,0,0
2026-01-22,Vahr,0,0,0,0,0,0,0,0,0,0,0,0,0,0,0
2026-01-22,Vegesack,0,0,0,0,0,0,0,0,0,0,0,0,0,0,0
2026-01-22,Walle,0,0,0,0,0,0,0,0,0,0,0,0,0,0,0
2026-01-22,Woltmershausen,0,0,0,0,0,0,0,0,0,0,0,0,0,0,0
2026-01-22,Östliche Vorstadt,0,0,0,0,0,0,0,0,0,0,0,0,0,0,0
2026-01-23,Blockland,0,0,0,0,0,0,0,0,0,0,0,0,0,0,0
2026-01-23,Blumenthal,0,0,0,0,0,0,0,0,0,0,0,0,0,0,0
2026-01-23,Borgfeld,0,0,0,0,0,0,0,0,0,0,0,0,0,0,0
2026-01-23,Burglesum,0,0,0,0,0,0,0,0,0,0,0,0,0,0,0
2026-01-23,Findorff,0,0,0,0,0,0,0,0,0,0,0,0,0,0,0
2026-01-23,Gröpelingen,0,0,0,0,0,0,0,0,0,0,0,0,0,0,0
2026-01-23,Hemelingen,0,0,0,0,0,0,0,0,0,0,0,0,0,0,0
2026-01-23,Horn-Lehe,0,0,0,0,0,0,0,0,0,0,0,0,0,0,0
2026-01-23,Huchting,0,0,0,0,0,0,0,0,0,0,0,0,0,0,0
2026-01-23,Häfen,0,0,0,0,0,0,0,0,0,0,0,0,0,0,0
2026-01-23,Mitte,0,0,0,0,0,0,0,0,0,0,0,0,0,0,0
2026-01-23,Neustadt,0,0,0,0,0,0,0,0,0,0,0,0,0,0,0
2026-01-23,Oberneuland,0,0,0,0,0,0,0,0,0,0,0,0,0,0,0
2026-01-23,Obervieland,0,0,0,0,0,0,0,0,0,0,0,0,0,0,0
2026-01-23,Osterholz,0,0,0,0,0,0,0,0,0,0,0,0,0,0,0
2026-01-23,Schwachhausen,0,0,0,0,0,0,0,0,0,0,0,0,0,0,0
2026-01-23,Seehausen,0,0,0,0,0,0,0,0,0,0,0,0,0,0,0
2026-01-23,Strom,0,0,0,0,0,0,0,0,0,0,0,0,0,0,0
2026-01-23,Vahr,0,0,0,0,0,0,0,0,0,0,0,0,0,0,0
2026-01-23,Vegesack,0,0,0,0,0,0,0,0,0,0,0,0,0,0,0
2026-01-23,Walle,0,0,0,0,0,0,0,0,0,0,0,0,0,0,0
2026-01-23,Woltmershausen,0,0,0,0,0,0,0,0,0,0,0,0,0,0,0
2026-01-23,Östliche Vorstadt,0,0,0,0,0,0,0,0,0,0,0,0,0,0,0
2026-01-24,Blockland,0,0,0,0,0,0,0,0,0,0,0,0,0,0,0
2026-01-24,Blumenthal,0,0,0,0,0,0,0,0,0,0,0,0,0,0,0
2026-01-24,Borgfeld,0,0,0,0,0,0,0,0,0,0,0,0,0,0,0
2026-01-24,Burglesum,0,0,0,0,0,0,0,0,0,0,0,0,0,0,0
2026-01-24,Findorff,0,0,0,0,0,0,0,0,0,0,0,0,0,0,0
2026-01-24,Gröpelingen,0,0,0,0,0,0,0,0,0,0,0,0,0,0,0
2026-01-24,Hemelingen,0,0,0,0,0,0,0,0,0,0,0,0,0,0,0
2026-01-24,Horn-Lehe,0,0,0,0,0,0,0,0,0,0,0,0,0,0,0
2026-01-24,Huchting,0,0,0,0,0,0,0,0,0,0,0,0,0,0,0
2026-01-24,Häfen,0,0,0,0,0,0,0,0,0,0,0,0,0,0,0
2026-01-24,Mitte,0,0,0,0,0,0,0,0,0,0,0,0,0,0,0
2026-01-24,Neustadt,0,0,0,0,0,0,0,0,0,0,0,0,0,0,0
2026-01-24,Oberneuland,0,0,0,0,0,0,0,0,0,0,0,0,0,0,0
2026-01-24,Obervieland,0,0,0,0,0,0,0,0,0,0,0,0,0,0,0
2026-01-24,Osterholz,0,0,0,0,0,0,0,0,0,0,0,0,0,0,0
2026-01-24,Schwachhausen,0,0,0,0,0,0,0,0,0,0,0,0,0,0,0
2026-01-24,Seehausen,0,0,0,0,0,0,0,0,0,0,0,0,0,0,0
2026-01-24,Strom,0,0,0,0,0,0,0,0,0,0,0,0,0,0,0
2026-01-24,Vahr,0,0,0,0,0,0,0,0,0,0,0,0,0,0,0
2026-01-24,Vegesack,0,0,0,0,0,0,0,0,0,0,0,0,0,0,0
2026-01-24,Walle,0,0,0,0,0,0,0,0,0,0,0,0,0,0,0
2026-01-24,Woltmershausen,0,0,0,0,0,0,0,0,0,0,0,0,0,0,0
2026-01-24,Östliche Vorstadt,0,0,0,0,0,0,0,0,0,0,0,0,0,0,0
2026-01-25,Blockland,0,0,0,0,0,0,0,0,0,0,0,0,0,0,0
2026-01-25,Blumenthal,0,0,0,0,0,0,0,0,0,0,0,0,0,0,0
2026-01-25,Borgfeld,0,0,0,0,0,0,0,0,0,0,0,0,0,0,0
2026-01-25,Burglesum,0,0,0,0,0,0,0,0,0,0,0,0,0,0,0
2026-01-25,Findorff,0,0,0,0,0,0,0,0,0,0,0,0,0,0,0
2026-01-25,Gröpelingen,0,0,0,0,0,0,0,0,0,0,0,0,0,0,0
2026-01-25,Hemelingen,0,0,0,0,0,0,0,0,0,0,0,0,0,0,0
2026-01-25,Horn-Lehe,0,0,0,0,0,0,0,0,0,0,0,0,0,0,0
2026-01-25,Huchting,0,0,0,0,0,0,0,0,0,0,0,0,0,0,0
2026-01-25,Häfen,0,0,0,0,0,0,0,0,0,0,0,0,0,0,0
2026-01-25,Mitte,0,0,0,0,0,0,0,0,0,0,0,0,0,0,0
2026-01-25,Neustadt,0,0,0,0,0,0,0,0,0,0,0,0,0,0,0
2026-01-25,Oberneuland,0,0,0,0,0,0,0,0,0,0,0,0,0,0,0
2026-01-25,Obervieland,0,0,0,0,0,0,0,0,0,0,0,0,0,0,0
2026-01-25,Osterholz,0,0,0,0,0,0,0,0,0,0,0,0,0,0,0
2026-01-25,Schwachhausen,0,0,0,0,0,0,0,0,0,0,0,0,0,0,0
2026-01-25,Seehausen,0,0,0,0,0,0,0,0,0,0,0,0,0,0,0
2026-01-25,Strom,0,0,0,0,0,0,0,0,0,0,0,0,0,0,0
2026-01-25,Vahr,0,0,0,0,0,0,0,0,0,0,0,0,0,0,0
2026-01-25,Vegesack,0,0,0,0,0,0,0,0,0,0,0,0,0,0,0
2026-01-25,Walle,0,0,0,0,0,0,0,0,0,0,0,0,0,0,0
2026-01-25,Woltmershausen,0,0,0,0,0,0,0,0,0,0,0,0,0,0,0
2026-01-25,Östliche Vorstadt,0,0,0,0,0,0,0,0,0,0,0,0,0,0,0
2026-01-26,Blockland,0,0,0,0,0,0,0,0,0,0,0,0,0,0,0
2026-01-26,Blumenthal,0,0,0,0,0,0,0,0,0,0,0,0,0,0,0
2026-01-26,Borgfeld,0,0,0,0,0,0,0,0,0,0,0,0,0,0,0
2026-01-26,Burglesum,0,0,0,0,0,0,0,0,0,0,0,0,0,0,0
2026-01-26,Findorff,0,0,0,0,0,0,0,0,0,0,0,0,0,0,0
2026-01-26,Gröpelingen,0,0,0,0,0,0,0,0,0,0,0,0,0,0,0
2026-01-26,Hemelingen,0,0,0,0,0,0,0,0,0,0,0,0,0,0,0
2026-01-26,Horn-Lehe,0,0,0,0,0,0,0,0,0,0,0,0,0,0,0
2026-01-26,Huchting,0,0,0,0,0,0,0,0,0,0,0,0,0,0,0
2026-01-26,Häfen,0,0,0,0,0,0,0,0,0,0,0,0,0,0,0
2026-01-26,Mitte,0,0,0,0,0,0,0,0,0,0,0,0,0,0,0
2026-01-26,Neustadt,0,0,0,0,0,0,0,0,0,0,0,0,0,0,0
2026-01-26,Oberneuland,0,0,0,0,0,0,0,0,0,0,0,0,0,0,0
2026-01-26,Obervieland,0,0,0,0,0,0,0,0,0,0,0,0,0,0,0
2026-01-26,Osterholz,0,0,0,0,0,0,0,0,0,0,0,0,0,0,0
2026-01-26,Schwachhausen,0,0,0,0,0,0,0,0,0,0,0,0,0,0,0
2026-01-26,Seehausen,0,0,0,0,0,0,0,0,0,0,0,0,0,0,0
2026-01-26,Strom,0,0,0,0,0,0,0,0,0,0,0,0,0,0,0
2026-01-26,Vahr,0,0,0,0,0,0,0,0,0,0,0,0,0,0,0
2026-01-26,Vegesack,0,0,0,0,0,0,0,0,0,0,0,0,0,0,0
2026-01-26,Walle,0,0,0,0,0,0,0,0,0,0,0,0,0,0,0
2026-01-26,Woltmershausen,0,0,0,0,0,0,0,0,0,0,0,0,0,0,0
2026-01-26,Östliche Vorstadt,0,0,0,0,0,0,0,0,0,0,0,0,0,0,0
2026-01-27,Blockland,0,0,0,0,0,0,0,0,0,0,0,0,0,0,0
2026-01-27,Blumenthal,0,0,0,0,0,0,0,0,0,0,0,0,0,0,0
2026-01-27,Borgfeld,0,0,0,0,0,0,0,0,0,0,0,0,0,0,0
2026-01-27,Burglesum,0,0,0,0,0,0,0,0,0,0,0,0,0,0,0
2026-01-27,Findorff,0,0,0,0,0,0,0,0,0,0,0,0,0,0,0
2026-01-27,Gröpelingen,0,0,0,0,0,0,0,0,0,0,0,0,0,0,0
2026-01-27,Hemelingen,0,0,0,0,0,0,0,0,0,0,0,0,0,0,0
2026-01-27,Horn-Lehe,0,0,0,0,0,0,0,0,0,0,0,0,0,0,0
2026-01-27,Huchting,0,0,0,0,0,0,0,0,0,0,0,0,0,0,0
2026-01-27,Häfen,0,0,0,0,0,0,0,0,0,0,0,0,0,0,0
2026-01-27,Mitte,0,0,0,0,0,0,0,0,0,0,0,0,0,0,0
2026-01-27,Neustadt,0,0,0,0,0,0,0,0,0,0,0,0,0,0,0
2026-01-27,Oberneuland,0,0,0,0,0,0,0,0,0,0,0,0,0,0,0
2026-01-27,Obervieland,0,0,0,0,0,0,0,0,0,0,0,0,0,0,0
2026-01-27,Osterholz,0,0,0,0,0,0,0,0,0,0,0,0,0,0,0
2026-01-27,Schwachhausen,0,0,0,0,0,0,0,0,0,0,0,0,0,0,0
2026-01-27,Seehausen,0,0,0,0,0,0,0,0,0,0,0,0,0,0,0
2026-01-27,Strom,0,0,0,0,0,0,0,0,0,0,0,0,0,0,0
2026-01-27,Vahr,0,0,0,0,0,0,0,0,0,0,0,0,0,0,0
2026-01-27,Vegesack,0,0,0,0,0,0,0,0,0,0,0,0,0,0,0
2026-01-27,Walle,0,0,0,0,0,0,0,0,0,0,0,0,0,0,0
2026-01-27,Woltmershausen,0,0,0,0,0,0,0,0,0,0,0,0,0,0,0
2026-01-27,Östliche Vorstadt,0,0,0,0,0,0,0,0,0,0,0,0,0,0,0
2026-01-28,Blockland,0,0,0,0,0,0,0,0,0,0,0,0,0,0,0
2026-01-28,Blumenthal,0,0,0,0,0,0,0,0,0,0,0,0,0,0,0
2026-01-28,Borgfeld,0,0,0,0,0,0,0,0,0,0,0,0,0,0,0
2026-01-28,Burglesum,0,0,0,0,0,0,0,0,0,0,0,0,0,0,0
2026-01-28,Findorff,0,0,0,0,0,0,0,0,0,0,0,0,0,0,0
2026-01-28,Gröpelingen,0,0,0,0,0,0,0,0,0,0,0,0,0,0,0
2026-01-28,Hemelingen,0,0,0,0,0,0,0,0,0,0,0,0,0,0,0
2026-01-28,Horn-Lehe,0,0,0,0,0,0,0,0,0,0,0,0,0,0,0
2026-01-28,Huchting,0,0,0,0,0,0,0,0,0,0,0,0,0,0,0
2026-01-28,Häfen,0,0,0,0,0,0,0,0,0,0,0,0,0,0,0
2026-01-28,Mitte,0,0,0,0,0,0,0,0,0,0,0,0,0,0,0
2026-01-28,Neustadt,0,0,0,0,0,0,0,0,0,0,0,0,0,0,0
2026-01-28,Oberneuland,0,0,0,0,0,0,0,0,0,0,0,0,0,0,0
2026-01-28,Obervieland,0,0,0,0,0,0,0,0,0,0,0,0,0,0,0
2026-01-28,Osterholz,0,0,0,0,0,0,0,0,0,0,0,0,0,0,0
2026-01-28,Schwachhausen,0,0,0,0,0,0,0,0,0,0,0,0,0,0,0
2026-01-28,Seehausen,0,0,0,0,0,0,0,0,0,0,0,0,0,0,0
2026-01-28,Strom,0,0,0,0,0,0,0,0,0,0,0,0,0,0,0
2026-01-28,Vahr,0,0,0,0,0,0,0,0,0,0,0,0,0,0,0
2026-01-28,Vegesack,0,0,0,0,0,0,0,0,0,0,0,0,0,0,0
2026-01-28,Walle,0,0,0,0,0,0,0,0,0,0,0,0,0,0,0
2026-01-28,Woltmershausen,0,0,0,0,0,0,0,0,0,0,0,0,0,0,0
2026-01-28,Östliche Vorstadt,0,0,0,0,0,0,0,0,0,0,0,0,0,0,0
2026-01-29,Blockland,0,0,0,0,0,0,0,0,0,0,0,0,0,0,0
2026-01-29,Blumenthal,0,0,0,0,0,0,0,0,0,0,0,0,0,0,0
2026-01-29,Borgfeld,0,0,0,0,0,0,0,0,0,0,0,0,0,0,0
2026-01-29,Burglesum,0,0,0,0,0,0,0,0,0,0,0,0,0,0,0
2026-01-29,Findorff,0,0,0,0,0,0,0,0,0,0,0,0,0,0,0
2026-01-29,Gröpelingen,0,0,0,0,0,0,0,0,0,0,0,0,0,0,0
2026-01-29,Hemelingen,0,0,0,0,0,0,0,0,0,0,0,0,0,0,0
2026-01-29,Horn-Lehe,0,0,0,0,0,0,0,0,0,0,0,0,0,0,0
2026-01-29,Huchting,0,0,0,0,0,0,0,0,0,0,0,0,0,0,0
2026-01-29,Häfen,0,0,0,0,0,0,0,0,0,0,0,0,0,0,0
2026-01-29,Mitte,0,0,0,0,0,0,0,0,0,0,0,0,0,0,0
2026-01-29,Neustadt,0,0,0,0,0,0,0,0,0,0,0,0,0,0,0
2026-01-29,Oberneuland,0,0,0,0,0,0,0,0,0,0,0,0,0,0,0
2026-01-29,Obervieland,0,0,0,0,0,0,0,0,0,0,0,0,0,0,0
2026-01-29,Osterholz,0,0,0,0,0,0,0,0,0,0,0,0,0,0,0
2026-01-29,Schwachhausen,0,0,0,0,0,0,0,0,0,0,0,0,0,0,0
2026-01-29,Seehausen,0,0,0,0,0,0,0,0,0,0,0,0,0,0,0
2026-01-29,Strom,0,0,0,0,0,0,0,0,0,0,0,0,0,0,0
2026-01-29,Vahr,0,0,0,0,0,0,0,0,0,0,0,0,0,0,0
2026-01-29,Vegesack,0,0,0,0,0,0,0,0,0,0,0,0,0,0,0
2026-01-29,Walle,0,0,0,0,0,0,0,0,0,0,0,0,0,0,0
2026-01-29,Woltmershausen,0,0,0,0,0,0,0,0,0,0,0,0,0,0,0
2026-01-29,Östliche Vorstadt,0,0,0,0,0,0,0,0,0,0,0,0,0,0,0
2026-01-30,Blockland,0,0,0,0,0,0,0,0,0,0,0,0,0,0,0
2026-01-30,Blumenthal,0,0,0,0,0,0,0,0,0,0,0,0,0,0,0
2026-01-30,Borgfeld,0,0,0,0,0,0,0,0,0,0,0,0,0,0,0
2026-01-30,Burglesum,0,0,0,0,0,0,0,0,0,0,0,0,0,0,0
2026-01-30,Findorff,0,0,0,0,0,0,0,0,0,0,0,0,0,0,0
2026-01-30,Gröpelingen,0,0,0,0,0,0,0,0,0,0,0,0,0,0,0
2026-01-30,Hemelingen,0,0,0,0,0,0,0,0,0,0,0,0,0,0,0
2026-01-30,Horn-Lehe,0,0,0,0,0,0,0,0,0,0,0,0,0,0,0
2026-01-30,Huchting,0,0,0,0,0,0,0,0,0,0,0,0,0,0,0
2026-01-30,Häfen,0,0,0,0,0,0,0,0,0,0,0,0,0,0,0
2026-01-30,Mitte,0,0,0,0,0,0,0,0,0,0,0,0,0,0,0
2026-01-30,Neustadt,0,0,0,0,0,0,0,0,0,0,0,0,0,0,0
2026-01-30,Oberneuland,0,0,0,0,0,0,0,0,0,0,0,0,0,0,0
2026-01-30,Obervieland,0,0,0,0,0,0,0,0,0,0,0,0,0,0,0
2026-01-30,Osterholz,0,0,0,0,0,0,0,0,0,0,0,0,0,0,0
2026-01-30,Schwachhausen,0,0,0,0,0,0,0,0,0,0,0,0,0,0,0
2026-01-30,Seehausen,0,0,0,0,0,0,0,0,0,0,0,0,0,0,0
2026-01-30,Strom,0,0,0,0,0,0,0,0,0,0,0,0,0,0,0
2026-01-30,Vahr,0,0,0,0,0,0,0,0,0,0,0,0,0,0,0
2026-01-30,Vegesack,0,0,0,0,0,0,0,0,0,0,0,0,0,0,0
2026-01-30,Walle,0,0,0,0,0,0,0,0,0,0,0,0,0,0,0
2026-01-30,Woltmershausen,0,0,0,0,0,0,0,0,0,0,0,0,0,0,0
2026-01-30,Östliche Vorstadt,0,0,0,0,0,0,0,0,0,0,0,0,0,0,0
2026-01-31,Blockland,0,0,0,0,0,0,0,0,0,0,0,0,0,0,0
2026-01-31,Blumenthal,0,0,0,0,0,0,0,0,0,0,0,0,0,0,0
2026-01-31,Borgfeld,0,0,0,0,0,0,0,0,0,0,0,0,0,0,0
2026-01-31,Burglesum,0,0,0,0,0,0,0,0,0,0,0,0,0,0,0
2026-01-31,Findorff,0,0,0,0,0,0,0,0,0,0,0,0,0,0,0
2026-01-31,Gröpelingen,0,0,0,0,0,0,0,0,0,0,0,0,0,0,0
2026-01-31,Hemelingen,0,0,0,0,0,0,0,0,0,0,0,0,0,0,0
2026-01-31,Horn-Lehe,0,0,0,0,0,0,0,0,0,0,0,0,0,0,0
2026-01-31,Huchting,0,0,0,0,0,0,0,0,0,0,0,0,0,0,0
2026-01-31,Häfen,0,0,0,0,0,0,0,0,0,0,0,0,0,0,0
2026-01-31,Mitte,0,0,0,0,0,0,0,0,0,0,0,0,0,0,0
2026-01-31,Neustadt,0,0,0,0,0,0,0,0,0,0,0,0,0,0,0
2026-01-31,Oberneuland,0,0,0,0,0,0,0,0,0,0,0,0,0,0,0
2026-01-31,Obervieland,0,0,0,0,0,0,0,0,0,0,0,0,0,0,0
2026-01-31,Osterholz,0,0,0,0,0,0,0,0,0,0,0,0,0,0,0
2026-01-31,Schwachhausen,0,0,0,0,0,0,0,0,0,0,0,0,0,0,0
2026-01-31,Seehausen,0,0,0,0,0,0,0,0,0,0,0,0,0,0,0
2026-01-31,Strom,0,0,0,0,0,0,0,0,0,0,0,0,0,0,0
2026-01-31,Vahr,0,0,0,0,0,0,0,0,0,0,0,0,0,0,0
2026-01-31,Vegesack,0,0,0,0,0,0,0,0,0,0,0,0,0,0,0
2026-01-31,Walle,0,0,0,0,0,0,0,0,0,0,0,0,0,0,0
2026-01-31,Woltmershausen,0,0,0,0,0,0,0,0,0,0,0,0,0,0,0
2026-01-31,Östliche Vorstadt,0,0,0,0,0,0,0,0,0,0,0,0,0,0,0
2026-02-01,Blockland,0,0,0,0,0,0,0,0,0,0,0,0,0,0,0
2026-02-01,Blumenthal,0,0,0,0,0,0,0,0,0,0,0,0,0,0,0
2026-02-01,Borgfeld,0,0,0,0,0,0,0,0,0,0,0,0,0,0,0
2026-02-01,Burglesum,0,0,0,0,0,0,0,0,0,0,0,0,0,0,0
2026-02-01,Findorff,0,0,0,0,0,0,0,0,0,0,0,0,0,0,0
2026-02-01,Gröpelingen,0,0,0,0,0,0,0,0,0,0,0,0,0,0,0
2026-02-01,Hemelingen,0,0,0,0,0,0,0,0,0,0,0,0,0,0,0
2026-02-01,Horn-Lehe,0,0,0,0,0,0,0,0,0,0,0,0,0,0,0
2026-02-01,Huchting,0,0,0,0,0,0,0,0,0,0,0,0,0,0,0
2026-02-01,Häfen,0,0,0,0,0,0,0,0,0,0,0,0,0,0,0
2026-02-01,Mitte,0,0,0,0,0,0,0,0,0,0,0,0,0,0,0
2026-02-01,Neustadt,0,0,0,0,0,0,0,0,0,0,0,0,0,0,0
2026-02-01,Oberneuland,0,0,0,0,0,0,0,0,0,0,0,0,0,0,0
2026-02-01,Obervieland,0,0,0,0,0,0,0,0,0,0,0,0,0,0,0
2026-02-01,Osterholz,0,0,0,0,0,0,0,0,0,0,0,0,0,0,0
2026-02-01,Schwachhausen,0,0,0,0,0,0,0,0,0,0,0,0,0,0,0
2026-02-01,Seehausen,0,0,0,0,0,0,0,0,0,0,0,0,0,0,0
2026-02-01,Strom,0,0,0,0,0,0,0,0,0,0,0,0,0,0,0
2026-02-01,Vahr,0,0,0,0,0,0,0,0,0,0,0,0,0,0,0
2026-02-01,Vegesack,0,0,0,0,0,0,0,0,0,0,0,0,0,0,0
2026-02-01,Walle,0,0,0,0,0,0,0,0,0,0,0,0,0,0,0
2026-02-01,Woltmershausen,0,0,0,0,0,0,0,0,0,0,0,0,0,0,0
2026-02-01,Östliche Vorstadt,0,0,0,0,0,0,0,0,0,0,0,0,0,0,0
2026-02-02,Blockland,0,0,0,0,0,0,0,0,0,0,0,0,0,0,0
2026-02-02,Blumenthal,0,0,0,0,0,0,0,0,0,0,0,0,0,0,0
2026-02-02,Borgfeld,0,0,0,0,0,0,0,0,0,0,0,0,0,0,0
2026-02-02,Burglesum,0,0,0,0,0,0,0,0,0,0,0,0,0,0,0
2026-02-02,Findorff,0,0,0,0,0,0,0,0,0,0,0,0,0,0,0
2026-02-02,Gröpelingen,0,0,0,0,0,0,0,0,0,0,0,0,0,0,0
2026-02-02,Hemelingen,1,0,0,0,0,0,0,0,0,0,0,0,0,1,0
2026-02-02,Horn-Lehe,0,0,0,0,0,0,0,0,0,0,0,0,0,0,0
2026-02-02,Huchting,1,0,0,0,0,0,0,1,0,0,0,0,0,0,0
2026-02-02,Häfen,0,0,0,0,0,0,0,0,0,0,0,0,0,0,0
2026-02-02,Mitte,0,0,0,0,0,0,0,0,0,0,0,0,0,0,0
2026-02-02,Neustadt,0,0,0,0,0,0,0,0,0,0,0,0,0,0,0
2026-02-02,Oberneuland,0,0,0,0,0,0,0,0,0,0,0,0,0,0,0
2026-02-02,Obervieland,0,0,0,0,0,0,0,0,0,0,0,0,0,0,0
2026-02-02,Osterholz,0,0,0,0,0,0,0,0,0,0,0,0,0,0,0
2026-02-02,Schwachhausen,0,0,0,0,0,0,0,0,0,0,0,0,0,0,0
2026-02-02,Seehausen,0,0,0,0,0,0,0,0,0,0,0,0,0,0,0
2026-02-02,Strom,0,0,0,0,0,0,0,0,0,0,0,0,0,0,0
2026-02-02,Vahr,0,0,0,0,0,0,0,0,0,0,0,0,0,0,0
2026-02-02,Vegesack,0,0,0,0,0,0,0,0,0,0,0,0,0,0,0
2026-02-02,Walle,0,0,0,0,0,0,0,0,0,0,0,0,0,0,0
2026-02-02,Woltmershausen,0,0,0,0,0,0,0,0,0,0,0,0,0,0,0
2026-02-02,Östliche Vorstadt,0,0,0,0,0,0,0,0,0,0,0,0,0,0,0
2026-02-03,Blockland,0,0,0,0,0,0,0,0,0,0,0,0,0,0,0
2026-02-03,Blumenthal,0,0,0,0,0,0,0,0,0,0,0,0,0,0,0
2026-02-03,Borgfeld,0,0,0,0,0,0,0,0,0,0,0,0,0,0,0
2026-02-03,Burglesum,0,0,0,0,0,0,0,0,0,0,0,0,0,0,0
2026-02-03,Findorff,0,0,0,0,0,0,0,0,0,0,0,0,0,0,0
2026-02-03,Gröpelingen,0,0,0,0,0,0,0,0,0,0,0,0,0,0,0
2026-02-03,Hemelingen,0,0,0,0,0,0,0,0,0,0,0,0,0,0,0
2026-02-03,Horn-Lehe,0,0,0,0,0,0,0,0,0,0,0,0,0,0,0
2026-02-03,Huchting,0,0,0,0,0,0,0,0,0,0,0,0,0,0,0
2026-02-03,Häfen,0,0,0,0,0,0,0,0,0,0,0,0,0,0,0
2026-02-03,Mitte,0,0,0,0,0,0,0,0,0,0,0,0,0,0,0
2026-02-03,Neustadt,0,0,0,0,0,0,0,0,0,0,0,0,0,0,0
2026-02-03,Oberneuland,0,0,0,0,0,0,0,0,0,0,0,0,0,0,0
2026-02-03,Obervieland,0,0,0,0,0,0,0,0,0,0,0,0,0,0,0
2026-02-03,Osterholz,0,0,0,0,0,0,0,0,0,0,0,0,0,0,0
2026-02-03,Schwachhausen,0,0,0,0,0,0,0,0,0,0,0,0,0,0,0
2026-02-03,Seehausen,0,0,0,0,0,0,0,0,0,0,0,0,0,0,0
2026-02-03,Strom,0,0,0,0,0,0,0,0,0,0,0,0,0,0,0
2026-02-03,Vahr,0,0,0,0,0,0,0,0,0,0,0,0,0,0,0
2026-02-03,Vegesack,0,0,0,0,0,0,0,0,0,0,0,0,0,0,0
2026-02-03,Walle,0,0,0,0,0,0,0,0,0,0,0,0,0,0,0
2026-02-03,Woltmershausen,0,0,0,0,0,0,0,0,0,0,0,0,0,0,0
2026-02-03,Östliche Vorstadt,0,0,0,0,0,0,0,0,0,0,0,0,0,0,0
2026-02-04,Blockland,0,0,0,0,0,0,0,0,0,0,0,0,0,0,0
2026-02-04,Blumenthal,0,0,0,0,0,0,0,0,0,0,0,0,0,0,0
2026-02-04,Borgfeld,0,0,0,0,0,0,0,0,0,0,0,0,0,0,0
2026-02-04,Burglesum,0,0,0,0,0,0,0,0,0,0,0,0,0,0,0
2026-02-04,Findorff,0,0,0,0,0,0,0,0,0,0,0,0,0,0,0
2026-02-04,Gröpelingen,0,0,0,0,0,0,0,0,0,0,0,0,0,0,0
2026-02-04,Hemelingen,0,0,0,0,0,0,0,0,0,0,0,0,0,0,0
2026-02-04,Horn-Lehe,0,0,0,0,0,0,0,0,0,0,0,0,0,0,0
2026-02-04,Huchting,0,0,0,0,0,0,0,0,0,0,0,0,0,0,0
2026-02-04,Häfen,0,0,0,0,0,0,0,0,0,0,0,0,0,0,0
2026-02-04,Mitte,0,0,0,0,0,0,0,0,0,0,0,0,0,0,0
2026-02-04,Neustadt,1,0,0,0,0,0,0,0,1,0,0,0,0,0,0
2026-02-04,Oberneuland,0,0,0,0,0,0,0,0,0,0,0,0,0,0,0
2026-02-04,Obervieland,0,0,0,0,0,0,0,0,0,0,0,0,0,0,0
2026-02-04,Osterholz,0,0,0,0,0,0,0,0,0,0,0,0,0,0,0
2026-02-04,Schwachhausen,0,0,0,0,0,0,0,0,0,0,0,0,0,0,0
2026-02-04,Seehausen,0,0,0,0,0,0,0,0,0,0,0,0,0,0,0
2026-02-04,Strom,0,0,0,0,0,0,0,0,0,0,0,0,0,0,0
2026-02-04,Vahr,0,0,0,0,0,0,0,0,0,0,0,0,0,0,0
2026-02-04,Vegesack,0,0,0,0,0,0,0,0,0,0,0,0,0,0,0
2026-02-04,Walle,0,0,0,0,0,0,0,0,0,0,0,0,0,0,0
2026-02-04,Woltmershausen,0,0,0,0,0,0,0,0,0,0,0,0,0,0,0
2026-02-04,Östliche Vorstadt,0,0,0,0,0,0,0,0,0,0,0,0,0,0,0
2026-02-05,Blockland,0,0,0,0,0,0,0,0,0,0,0,0,0,0,0
2026-02-05,Blumenthal,0,0,0,0,0,0,0,0,0,0,0,0,0,0,0
2026-02-05,Borgfeld,0,0,0,0,0,0,0,0,0,0,0,0,0,0,0
2026-02-05,Burglesum,0,0,0,0,0,0,0,0,0,0,0,0,0,0,0
2026-02-05,Findorff,0,0,0,0,0,0,0,0,0,0,0,0,0,0,0
2026-02-05,Gröpelingen,0,0,0,0,0,0,0,0,0,0,0,0,0,0,0
2026-02-05,Hemelingen,1,0,0,0,0,0,0,0,1,0,0,0,0,0,0
2026-02-05,Horn-Lehe,0,0,0,0,0,0,0,0,0,0,0,0,0,0,0
2026-02-05,Huchting,0,0,0,0,0,0,0,0,0,0,0,0,0,0,0
2026-02-05,Häfen,0,0,0,0,0,0,0,0,0,0,0,0,0,0,0
2026-02-05,Mitte,1,0,0,1,0,0,0,0,0,0,0,0,0,0,0
2026-02-05,Neustadt,0,0,0,0,0,0,0,0,0,0,0,0,0,0,0
2026-02-05,Oberneuland,0,0,0,0,0,0,0,0,0,0,0,0,0,0,0
2026-02-05,Obervieland,0,0,0,0,0,0,0,0,0,0,0,0,0,0,0
2026-02-05,Osterholz,0,0,0,0,0,0,0,0,0,0,0,0,0,0,0
2026-02-05,Schwachhausen,0,0,0,0,0,0,0,0,0,0,0,0,0,0,0
2026-02-05,Seehausen,0,0,0,0,0,0,0,0,0,0,0,0,0,0,0
2026-02-05,Strom,0,0,0,0,0,0,0,0,0,0,0,0,0,0,0
2026-02-05,Vahr,0,0,0,0,0,0,0,0,0,0,0,0,0,0,0
2026-02-05,Vegesack,0,0,0,0,0,0,0,0,0,0,0,0,0,0,0
2026-02-05,Walle,0,0,0,0,0,0,0,0,0,0,0,0,0,0,0
2026-02-05,Woltmershausen,0,0,0,0,0,0,0,0,0,0,0,0,0,0,0
2026-02-05,Östliche Vorstadt,0,0,0,0,0,0,0,0,0,0,0,0,0,0,0
2026-02-06,Blockland,0,0,0,0,0,0,0,0,0,0,0,0,0,0,0
2026-02-06,Blumenthal,0,0,0,0,0,0,0,0,0,0,0,0,0,0,0
2026-02-06,Borgfeld,0,0,0,0,0,0,0,0,0,0,0,0,0,0,0
2026-02-06,Burglesum,0,0,0,0,0,0,0,0,0,0,0,0,0,0,0
2026-02-06,Findorff,0,0,0,0,0,0,0,0,0,0,0,0,0,0,0
2026-02-06,Gröpelingen,0,0,0,0,0,0,0,0,0,0,0,0,0,0,0
2026-02-06,Hemelingen,0,0,0,0,0,0,0,0,0,0,0,0,0,0,0
2026-02-06,Horn-Lehe,0,0,0,0,0,0,0,0,0,0,0,0,0,0,0
2026-02-06,Huchting,0,0,0,0,0,0,0,0,0,0,0,0,0,0,0
2026-02-06,Häfen,0,0,0,0,0,0,0,0,0,0,0,0,0,0,0
2026-02-06,Mitte,2,0,0,1,0,0,0,0,1,0,0,0,0,0,0
2026-02-06,Neustadt,0,0,0,0,0,0,0,0,0,0,0,0,0,0,0
2026-02-06,Oberneuland,0,0,0,0,0,0,0,0,0,0,0,0,0,0,0
2026-02-06,Obervieland,0,0,0,0,0,0,0,0,0,0,0,0,0,0,0
2026-02-06,Osterholz,0,0,0,0,0,0,0,0,0,0,0,0,0,0,0
2026-02-06,Schwachhausen,0,0,0,0,0,0,0,0,0,0,0,0,0,0,0
2026-02-06,Seehausen,0,0,0,0,0,0,0,0,0,0,0,0,0,0,0
2026-02-06,Strom,0,0,0,0,0,0,0,0,0,0,0,0,0,0,0
2026-02-06,Vahr,0,0,0,0,0,0,0,0,0,0,0,0,0,0,0
2026-02-06,Vegesack,0,0,0,0,0,0,0,0,0,0,0,0,0,0,0
2026-02-06,Walle,0,0,0,0,0,0,0,0,0,0,0,0,0,0,0
2026-02-06,Woltmershausen,0,0,0,0,0,0,0,0,0,0,0,0,0,0,0
2026-02-06,Östliche Vorstadt,0,0,0,0,0,0,0,0,0,0,0,0,0,0,0
2026-02-07,Blockland,0,0,0,0,0,0,0,0,0,0,0,0,0,0,0
2026-02-07,Blumenthal,0,0,0,0,0,0,0,0,0,0,0,0,0,0,0
2026-02-07,Borgfeld,0,0,0,0,0,0,0,0,0,0,0,0,0,0,0
2026-02-07,Burglesum,0,0,0,0,0,0,0,0,0,0,0,0,0,0,0
2026-02-07,Findorff,0,0,0,0,0,0,0,0,0,0,0,0,0,0,0
2026-02-07,Gröpelingen,0,0,0,0,0,0,0,0,0,0,0,0,0,0,0
2026-02-07,Hemelingen,0,0,0,0,0,0,0,0,0,0,0,0,0,0,0
2026-02-07,Horn-Lehe,0,0,0,0,0,0,0,0,0,0,0,0,0,0,0
2026-02-07,Huchting,0,0,0,0,0,0,0,0,0,0,0,0,0,0,0
2026-02-07,Häfen,0,0,0,0,0,0,0,0,0,0,0,0,0,0,0
2026-02-07,Mitte,0,0,0,0,0,0,0,0,0,0,0,0,0,0,0
2026-02-07,Neustadt,0,0,0,0,0,0,0,0,0,0,0,0,0,0,0
2026-02-07,Oberneuland,0,0,0,0,0,0,0,0,0,0,0,0,0,0,0
2026-02-07,Obervieland,0,0,0,0,0,0,0,0,0,0,0,0,0,0,0
2026-02-07,Osterholz,1,0,0,0,0,0,0,0,1,0,0,0,0,0,0
2026-02-07,Schwachhausen,0,0,0,0,0,0,0,0,0,0,0,0,0,0,0
2026-02-07,Seehausen,0,0,0,0,0,0,0,0,0,0,0,0,0,0,0
2026-02-07,Strom,0,0,0,0,0,0,0,0,0,0,0,0,0,0,0
2026-02-07,Vahr,1,0,0,0,0,0,0,0,1,0,0,0,0,0,0
2026-02-07,Vegesack,0,0,0,0,0,0,0,0,0,0,0,0,0,0,0
2026-02-07,Walle,0,0,0,0,0,0,0,0,0,0,0,0,0,0,0
2026-02-07,Woltmershausen,0,0,0,0,0,0,0,0,0,0,0,0,0,0,0
2026-02-07,Östliche Vorstadt,0,0,0,0,0,0,0,0,0,0,0,0,0,0,0
2026-02-08,Blockland,0,0,0,0,0,0,0,0,0,0,0,0,0,0,0
2026-02-08,Blumenthal,0,0,0,0,0,0,0,0,0,0,0,0,0,0,0
2026-02-08,Borgfeld,0,0,0,0,0,0,0,0,0,0,0,0,0,0,0
2026-02-08,Burglesum,0,0,0,0,0,0,0,0,0,0,0,0,0,0,0
2026-02-08,Findorff,0,0,0,0,0,0,0,0,0,0,0,0,0,0,0
2026-02-08,Gröpelingen,1,0,0,0,0,0,0,0,1,0,0,0,0,0,0
2026-02-08,Hemelingen,0,0,0,0,0,0,0,0,0,0,0,0,0,0,0
2026-02-08,Horn-Lehe,0,0,0,0,0,0,0,0,0,0,0,0,0,0,0
2026-02-08,Huchting,0,0,0,0,0,0,0,0,0,0,0,0,0,0,0
2026-02-08,Häfen,0,0,0,0,0,0,0,0,0,0,0,0,0,0,0
2026-02-08,Mitte,0,0,0,0,0,0,0,0,0,0,0,0,0,0,0
2026-02-08,Neustadt,0,0,0,0,0,0,0,0,0,0,0,0,0,0,0
2026-02-08,Oberneuland,0,0,0,0,0,0,0,0,0,0,0,0,0,0,0
2026-02-08,Obervieland,1,0,0,0,0,0,0,0,0,0,0,1,0,0,0
2026-02-08,Osterholz,0,0,0,0,0,0,0,0,0,0,0,0,0,0,0
2026-02-08,Schwachhausen,0,0,0,0,0,0,0,0,0,0,0,0,0,0,0
2026-02-08,Seehausen,0,0,0,0,0,0,0,0,0,0,0,0,0,0,0
2026-02-08,Strom,0,0,0,0,0,0,0,0,0,0,0,0,0,0,0
2026-02-08,Vahr,0,0,0,0,0,0,0,0,0,0,0,0,0,0,0
2026-02-08,Vegesack,0,0,0,0,0,0,0,0,0,0,0,0,0,0,0
2026-02-08,Walle,0,0,0,0,0,0,0,0,0,0,0,0,0,0,0
2026-02-08,Woltmershausen,0,0,0,0,0,0,0,0,0,0,0,0,0,0,0
2026-02-08,Östliche Vorstadt,0,0,0,0,0,0,0,0,0,0,0,0,0,0,0
2026-02-09,Blockland,0,0,0,0,0,0,0,0,0,0,0,0,0,0,0
2026-02-09,Blumenthal,0,0,0,0,0,0,0,0,0,0,0,0,0,0,0
2026-02-09,Borgfeld,0,0,0,0,0,0,0,0,0,0,0,0,0,0,0
2026-02-09,Burglesum,0,0,0,0,0,0,0,0,0,0,0,0,0,0,0
2026-02-09,Findorff,0,0,0,0,0,0,0,0,0,0,0,0,0,0,0
2026-02-09,Gröpelingen,0,0,0,0,0,0,0,0,0,0,0,0,0,0,0
2026-02-09,Hemelingen,0,0,0,0,0,0,0,0,0,0,0,0,0,0,0
2026-02-09,Horn-Lehe,0,0,0,0,0,0,0,0,0,0,0,0,0,0,0
2026-02-09,Huchting,0,0,0,0,0,0,0,0,0,0,0,0,0,0,0
2026-02-09,Häfen,0,0,0,0,0,0,0,0,0,0,0,0,0,0,0
2026-02-09,Mitte,0,0,0,0,0,0,0,0,0,0,0,0,0,0,0
2026-02-09,Neustadt,0,0,0,0,0,0,0,0,0,0,0,0,0,0,0
2026-02-09,Oberneuland,0,0,0,0,0,0,0,0,0,0,0,0,0,0,0
2026-02-09,Obervieland,0,0,0,0,0,0,0,0,0,0,0,0,0,0,0
2026-02-09,Osterholz,0,0,0,0,0,0,0,0,0,0,0,0,0,0,0
2026-02-09,Schwachhausen,0,0,0,0,0,0,0,0,0,0,0,0,0,0,0
2026-02-09,Seehausen,0,0,0,0,0,0,0,0,0,0,0,0,0,0,0
2026-02-09,Strom,0,0,0,0,0,0,0,0,0,0,0,0,0,0,0
2026-02-09,Vahr,0,0,0,0,0,0,0,0,0,0,0,0,0,0,0
2026-02-09,Vegesack,0,0,0,0,0,0,0,0,0,0,0,0,0,0,0
2026-02-09,Walle,1,0,0,1,0,0,0,0,0,0,0,0,0,0,0
2026-02-09,Woltmershausen,1,0,0,0,0,0,0,0,0,0,0,1,0,0,0
2026-02-09,Östliche Vorstadt,0,0,0,0,0,0,0,0,0,0,0,0,0,0,0
2026-02-10,Blockland,0,0,0,0,0,0,0,0,0,0,0,0,0,0,0
2026-02-10,Blumenthal,0,0,0,0,0,0,0,0,0,0,0,0,0,0,0
2026-02-10,Borgfeld,0,0,0,0,0,0,0,0,0,0,0,0,0,0,0
2026-02-10,Burglesum,0,0,0,0,0,0,0,0,0,0,0,0,0,0,0
2026-02-10,Findorff,0,0,0,0,0,0,0,0,0,0,0,0,0,0,0
2026-02-10,Gröpelingen,0,0,0,0,0,0,0,0,0,0,0,0,0,0,0
2026-02-10,Hemelingen,0,0,0,0,0,0,0,0,0,0,0,0,0,0,0
2026-02-10,Horn-Lehe,0,0,0,0,0,0,0,0,0,0,0,0,0,0,0
2026-02-10,Huchting,0,0,0,0,0,0,0,0,0,0,0,0,0,0,0
2026-02-10,Häfen,0,0,0,0,0,0,0,0,0,0,0,0,0,0,0
2026-02-10,Mitte,0,0,0,0,0,0,0,0,0,0,0,0,0,0,0
2026-02-10,Neustadt,0,0,0,0,0,0,0,0,0,0,0,0,0,0,0
2026-02-10,Oberneuland,0,0,0,0,0,0,0,0,0,0,0,0,0,0,0
2026-02-10,Obervieland,0,0,0,0,0,0,0,0,0,0,0,0,0,0,0
2026-02-10,Osterholz,0,0,0,0,0,0,0,0,0,0,0,0,0,0,0
2026-02-10,Schwachhausen,0,0,0,0,0,0,0,0,0,0,0,0,0,0,0
2026-02-10,Seehausen,0,0,0,0,0,0,0,0,0,0,0,0,0,0,0
2026-02-10,Strom,0,0,0,0,0,0,0,0,0,0,0,0,0,0,0
2026-02-10,Vahr,0,0,0,0,0,0,0,0,0,0,0,0,0,0,0
2026-02-10,Vegesack,0,0,0,0,0,0,0,0,0,0,0,0,0,0,0
2026-02-10,Walle,1,0,0,0,1,0,0,0,0,0,0,0,0,0,0
2026-02-10,Woltmershausen,0,0,0,0,0,0,0,0,0,0,0,0,0,0,0
2026-02-10,Östliche Vorstadt,1,0,0,0,0,0,0,0,0,0,0,0,0,1,0
2026-02-11,Blockland,0,0,0,0,0,0,0,0,0,0,0,0,0,0,0
2026-02-11,Blumenthal,0,0,0,0,0,0,0,0,0,0,0,0,0,0,0
2026-02-11,Borgfeld,0,0,0,0,0,0,0,0,0,0,0,0,0,0,0
2026-02-11,Burglesum,1,0,0,0,0,0,0,0,0,0,0,1,0,0,0
2026-02-11,Findorff,0,0,0,0,0,0,0,0,0,0,0,0,0,0,0
2026-02-11,Gröpelingen,0,0,0,0,0,0,0,0,0,0,0,0,0,0,0
2026-02-11,Hemelingen,1,0,0,0,0,0,0,0,0,0,0,1,0,0,0
2026-02-11,Horn-Lehe,0,0,0,0,0,0,0,0,0,0,0,0,0,0,0
2026-02-11,Huchting,0,0,0,0,0,0,0,0,0,0,0,0,0,0,0
2026-02-11,Häfen,0,0,0,0,0,0,0,0,0,0,0,0,0,0,0
2026-02-11,Mitte,1,0,0,1,0,0,0,0,0,0,0,0,0,0,0
2026-02-11,Neustadt,1,0,0,0,0,0,0,0,1,0,0,0,0,0,0
2026-02-11,Oberneuland,0,0,0,0,0,0,0,0,0,0,0,0,0,0,0
2026-02-11,Obervieland,0,0,0,0,0,0,0,0,0,0,0,0,0,0,0
2026-02-11,Osterholz,0,0,0,0,0,0,0,0,0,0,0,0,0,0,0
2026-02-11,Schwachhausen,0,0,0,0,0,0,0,0,0,0,0,0,0,0,0
2026-02-11,Seehausen,0,0,0,0,0,0,0,0,0,0,0,0,0,0,0
2026-02-11,Strom,0,0,0,0,0,0,0,0,0,0,0,0,0,0,0
2026-02-11,Vahr,0,0,0,0,0,0,0,0,0,0,0,0,0,0,0
2026-02-11,Vegesack,0,0,0,0,0,0,0,0,0,0,0,0,0,0,0
2026-02-11,Walle,0,0,0,0,0,0,0,0,0,0,0,0,0,0,0
2026-02-11,Woltmershausen,0,0,0,0,0,0,0,0,0,0,0,0,0,0,0
2026-02-11,Östliche Vorstadt,1,0,0,1,0,0,0,0,0,0,0,0,0,0,0
2026-02-12,Blockland,0,0,0,0,0,0,0,0,0,0,0,0,0,0,0
2026-02-12,Blumenthal,0,0,0,0,0,0,0,0,0,0,0,0,0,0,0
2026-02-12,Borgfeld,0,0,0,0,0,0,0,0,0,0,0,0,0,0,0
2026-02-12,Burglesum,0,0,0,0,0,0,0,0,0,0,0,0,0,0,0
2026-02-12,Findorff,0,0,0,0,0,0,0,0,0,0,0,0,0,0,0
2026-02-12,Gröpelingen,0,0,0,0,0,0,0,0,0,0,0,0,0,0,0
2026-02-12,Hemelingen,0,0,0,0,0,0,0,0,0,0,0,0,0,0,0
2026-02-12,Horn-Lehe,0,0,0,0,0,0,0,0,0,0,0,0,0,0,0
2026-02-12,Huchting,0,0,0,0,0,0,0,0,0,0,0,0,0,0,0
2026-02-12,Häfen,0,0,0,0,0,0,0,0,0,0,0,0,0,0,0
2026-02-12,Mitte,0,0,0,0,0,0,0,0,0,0,0,0,0,0,0
2026-02-12,Neustadt,0,0,0,0,0,0,0,0,0,0,0,0,0,0,0
2026-02-12,Oberneuland,0,0,0,0,0,0,0,0,0,0,0,0,0,0,0
2026-02-12,Obervieland,0,0,0,0,0,0,0,0,0,0,0,0,0,0,0
2026-02-12,Osterholz,0,0,0,0,0,0,0,0,0,0,0,0,0,0,0
2026-02-12,Schwachhausen,0,0,0,0,0,0,0,0,0,0,0,0,0,0,0
2026-02-12,Seehausen,0,0,0,0,0,0,0,0,0,0,0,0,0,0,0
2026-02-12,Strom,0,0,0,0,0,0,0,0,0,0,0,0,0,0,0
2026-02-12,Vahr,0,0,0,0,0,0,0,0,0,0,0,0,0,0,0
2026-02-12,Vegesack,0,0,0,0,0,0,0,0,0,0,0,0,0,0,0
2026-02-12,Walle,1,1,0,0,0,0,0,0,0,0,0,0,0,0,0
2026-02-12,Woltmershausen,0,0,0,0,0,0,0,0,0,0,0,0,0,0,0
2026-02-12,Östliche Vorstadt,0,0,0,0,0,0,0,0,0,0,0,0,0,0,0
2026-02-13,Blockland,0,0,0,0,0,0,0,0,0,0,0,0,0,0,0
2026-02-13,Blumenthal,0,0,0,0,0,0,0,0,0,0,0,0,0,0,0
2026-02-13,Borgfeld,0,0,0,0,0,0,0,0,0,0,0,0,0,0,0
2026-02-13,Burglesum,0,0,0,0,0,0,0,0,0,0,0,0,0,0,0
2026-02-13,Findorff,0,0,0,0,0,0,0,0,0,0,0,0,0,0,0
2026-02-13,Gröpelingen,1,0,1,0,0,0,0,0,0,0,0,0,0,0,0
2026-02-13,Hemelingen,0,0,0,0,0,0,0,0,0,0,0,0,0,0,0
2026-02-13,Horn-Lehe,0,0,0,0,0,0,0,0,0,0,0,0,0,0,0
2026-02-13,Huchting,0,0,0,0,0,0,0,0,0,0,0,0,0,0,0
2026-02-13,Häfen,0,0,0,0,0,0,0,0,0,0,0,0,0,0,0
2026-02-13,Mitte,0,0,0,0,0,0,0,0,0,0,0,0,0,0,0
2026-02-13,Neustadt,0,0,0,0,0,0,0,0,0,0,0,0,0,0,0
2026-02-13,Oberneuland,0,0,0,0,0,0,0,0,0,0,0,0,0,0,0
2026-02-13,Obervieland,0,0,0,0,0,0,0,0,0,0,0,0,0,0,0
2026-02-13,Osterholz,0,0,0,0,0,0,0,0,0,0,0,0,0,0,0
2026-02-13,Schwachhausen,0,0,0,0,0,0,0,0,0,0,0,0,0,0,0
2026-02-13,Seehausen,0,0,0,0,0,0,0,0,0,0,0,0,0,0,0
2026-02-13,Strom,0,0,0,0,0,0,0,0,0,0,0,0,0,0,0
2026-02-13,Vahr,0,0,0,0,0,0,0,0,0,0,0,0,0,0,0
2026-02-13,Vegesack,0,0,0,0,0,0,0,0,0,0,0,0,0,0,0
2026-02-13,Walle,0,0,0,0,0,0,0,0,0,0,0,0,0,0,0
2026-02-13,Woltmershausen,0,0,0,0,0,0,0,0,0,0,0,0,0,0,0
2026-02-13,Östliche Vorstadt,0,0,0,0,0,0,0,0,0,0,0,0,0,0,0
2026-02-14,Blockland,0,0,0,0,0,0,0,0,0,0,0,0,0,0,0
2026-02-14,Blumenthal,0,0,0,0,0,0,0,0,0,0,0,0,0,0,0
2026-02-14,Borgfeld,0,0,0,0,0,0,0,0,0,0,0,0,0,0,0
2026-02-14,Burglesum,0,0,0,0,0,0,0,0,0,0,0,0,0,0,0
2026-02-14,Findorff,0,0,0,0,0,0,0,0,0,0,0,0,0,0,0
2026-02-14,Gröpelingen,1,0,0,0,0,0,0,1,0,0,0,0,0,0,0
2026-02-14,Hemelingen,0,0,0,0,0,0,0,0,0,0,0,0,0,0,0
2026-02-14,Horn-Lehe,0,0,0,0,0,0,0,0,0,0,0,0,0,0,0
2026-02-14,Huchting,0,0,0,0,0,0,0,0,0,0,0,0,0,0,0
2026-02-14,Häfen,0,0,0,0,0,0,0,0,0,0,0,0,0,0,0
2026-02-14,Mitte,1,0,0,0,0,0,0,0,0,0,0,1,0,0,0
2026-02-14,Neustadt,1,0,0,0,0,0,0,0,0,0,0,0,1,0,0
2026-02-14,Oberneuland,0,0,0,0,0,0,0,0,0,0,0,0,0,0,0
2026-02-14,Obervieland,0,0,0,0,0,0,0,0,0,0,0,0,0,0,0
2026-02-14,Osterholz,0,0,0,0,0,0,0,0,0,0,0,0,0,0,0
2026-02-14,Schwachhausen,0,0,0,0,0,0,0,0,0,0,0,0,0,0,0
2026-02-14,Seehausen,0,0,0,0,0,0,0,0,0,0,0,0,0,0,0
2026-02-14,Strom,0,0,0,0,0,0,0,0,0,0,0,0,0,0,0
2026-02-14,Vahr,0,0,0,0,0,0,0,0,0,0,0,0,0,0,0
2026-02-14,Vegesack,0,0,0,0,0,0,0,0,0,0,0,0,0,0,0
2026-02-14,Walle,0,0,0,0,0,0,0,0,0,0,0,0,0,0,0
2026-02-14,Woltmershausen,0,0,0,0,0,0,0,0,0,0,0,0,0,0,0
2026-02-14,Östliche Vorstadt,0,0,0,0,0,0,0,0,0,0,0,0,0,0,0
2026-02-15,Blockland,0,0,0,0,0,0,0,0,0,0,0,0,0,0,0
2026-02-15,Blumenthal,0,0,0,0,0,0,0,0,0,0,0,0,0,0,0
2026-02-15,Borgfeld,0,0,0,0,0,0,0,0,0,0,0,0,0,0,0
2026-02-15,Burglesum,0,0,0,0,0,0,0,0,0,0,0,0,0,0,0
2026-02-15,Findorff,0,0,0,0,0,0,0,0,0,0,0,0,0,0,0
2026-02-15,Gröpelingen,1,0,0,0,0,0,0,1,0,0,0,0,0,0,0
2026-02-15,Hemelingen,0,0,0,0,0,0,0,0,0,0,0,0,0,0,0
2026-02-15,Horn-Lehe,0,0,0,0,0,0,0,0,0,0,0,0,0,0,0
2026-02-15,Huchting,0,0,0,0,0,0,0,0,0,0,0,0,0,0,0
2026-02-15,Häfen,0,0,0,0,0,0,0,0,0,0,0,0,0,0,0
2026-02-15,Mitte,0,0,0,0,0,0,0,0,0,0,0,0,0,0,0
2026-02-15,Neustadt,0,0,0,0,0,0,0,0,0,0,0,0,0,0,0
2026-02-15,Oberneuland,0,0,0,0,0,0,0,0,0,0,0,0,0,0,0
2026-02-15,Obervieland,0,0,0,0,0,0,0,0,0,0,0,0,0,0,0
2026-02-15,Osterholz,0,0,0,0,0,0,0,0,0,0,0,0,0,0,0
2026-02-15,Schwachhausen,0,0,0,0,0,0,0,0,0,0,0,0,0,0,0
2026-02-15,Seehausen,0,0,0,0,0,0,0,0,0,0,0,0,0,0,0
2026-02-15,Strom,0,0,0,0,0,0,0,0,0,0,0,0,0,0,0
2026-02-15,Vahr,0,0,0,0,0,0,0,0,0,0,0,0,0,0,0
2026-02-15,Vegesack,0,0,0,0,0,0,0,0,0,0,0,0,0,0,0
2026-02-15,Walle,0,0,0,0,0,0,0,0,0,0,0,0,0,0,0
2026-02-15,Woltmershausen,0,0,0,0,0,0,0,0,0,0,0,0,0,0,0
2026-02-15,Östliche Vorstadt,0,0,0,0,0,0,0,0,0,0,0,0,0,0,0
2026-02-16,Blockland,0,0,0,0,0,0,0,0,0,0,0,0,0,0,0
2026-02-16,Blumenthal,0,0,0,0,0,0,0,0,0,0,0,0,0,0,0
2026-02-16,Borgfeld,0,0,0,0,0,0,0,0,0,0,0,0,0,0,0
2026-02-16,Burglesum,0,0,0,0,0,0,0,0,0,0,0,0,0,0,0
2026-02-16,Findorff,0,0,0,0,0,0,0,0,0,0,0,0,0,0,0
2026-02-16,Gröpelingen,0,0,0,0,0,0,0,0,0,0,0,0,0,0,0
2026-02-16,Hemelingen,0,0,0,0,0,0,0,0,0,0,0,0,0,0,0
2026-02-16,Horn-Lehe,0,0,0,0,0,0,0,0,0,0,0,0,0,0,0
2026-02-16,Huchting,0,0,0,0,0,0,0,0,0,0,0,0,0,0,0
2026-02-16,Häfen,0,0,0,0,0,0,0,0,0,0,0,0,0,0,0
2026-02-16,Mitte,0,0,0,0,0,0,0,0,0,0,0,0,0,0,0
2026-02-16,Neustadt,0,0,0,0,0,0,0,0,0,0,0,0,0,0,0
2026-02-16,Oberneuland,0,0,0,0,0,0,0,0,0,0,0,0,0,0,0
2026-02-16,Obervieland,0,0,0,0,0,0,0,0,0,0,0,0,0,0,0
2026-02-16,Osterholz,0,0,0,0,0,0,0,0,0,0,0,0,0,0,0
2026-02-16,Schwachhausen,1,0,0,0,0,0,0,0,0,0,0,1,0,0,0
2026-02-16,Seehausen,0,0,0,0,0,0,0,0,0,0,0,0,0,0,0
2026-02-16,Strom,0,0,0,0,0,0,0,0,0,0,0,0,0,0,0
2026-02-16,Vahr,0,0,0,0,0,0,0,0,0,0,0,0,0,0,0
2026-02-16,Vegesack,0,0,0,0,0,0,0,0,0,0,0,0,0,0,0
2026-02-16,Walle,0,0,0,0,0,0,0,0,0,0,0,0,0,0,0
2026-02-16,Woltmershausen,0,0,0,0,0,0,0,0,0,0,0,0,0,0,0
2026-02-16,Östliche Vorstadt,0,0,0,0,0,0,0,0,0,0,0,0,0,0,0
2026-02-17,Blockland,0,0,0,0,0,0,0,0,0,0,0,0,0,0,0
2026-02-17,Blumenthal,0,0,0,0,0,0,0,0,0,0,0,0,0,0,0
2026-02-17,Borgfeld,0,0,0,0,0,0,0,0,0,0,0,0,0,0,0
2026-02-17,Burglesum,0,0,0,0,0,0,0,0,0,0,0,0,0,0,0
2026-02-17,Findorff,0,0,0,0,0,0,0,0,0,0,0,0,0,0,0
2026-02-17,Gröpelingen,0,0,0,0,0,0,0,0,0,0,0,0,0,0,0
2026-02-17,Hemelingen,0,0,0,0,0,0,0,0,0,0,0,0,0,0,0
2026-02-17,Horn-Lehe,0,0,0,0,0,0,0,0,0,0,0,0,0,0,0
2026-02-17,Huchting,0,0,0,0,0,0,0,0,0,0,0,0,0,0,0
2026-02-17,Häfen,0,0,0,0,0,0,0,0,0,0,0,0,0,0,0
2026-02-17,Mitte,0,0,0,0,0,0,0,0,0,0,0,0,0,0,0
2026-02-17,Neustadt,1,0,0,0,1,0,0,0,0,0,0,0,0,0,0
2026-02-17,Oberneuland,0,0,0,0,0,0,0,0,0,0,0,0,0,0,0
2026-02-17,Obervieland,0,0,0,0,0,0,0,0,0,0,0,0,0,0,0
2026-02-17,Osterholz,0,0,0,0,0,0,0,0,0,0,0,0,0,0,0
2026-02-17,Schwachhausen,0,0,0,0,0,0,0,0,0,0,0,0,0,0,0
2026-02-17,Seehausen,0,0,0,0,0,0,0,0,0,0,0,0,0,0,0
2026-02-17,Strom,0,0,0,0,0,0,0,0,0,0,0,0,0,0,0
2026-02-17,Vahr,0,0,0,0,0,0,0,0,0,0,0,0,0,0,0
2026-02-17,Vegesack,0,0,0,0,0,0,0,0,0,0,0,0,0,0,0
2026-02-17,Walle,0,0,0,0,0,0,0,0,0,0,0,0,0,0,0
2026-02-17,Woltmershausen,0,0,0,0,0,0,0,0,0,0,0,0,0,0,0
2026-02-17,Östliche Vorstadt,0,0,0,0,0,0,0,0,0,0,0,0,0,0,0
2026-02-18,Blockland,0,0,0,0,0,0,0,0,0,0,0,0,0,0,0
2026-02-18,Blumenthal,0,0,0,0,0,0,0,0,0,0,0,0,0,0,0
2026-02-18,Borgfeld,0,0,0,0,0,0,0,0,0,0,0,0,0,0,0
2026-02-18,Burglesum,0,0,0,0,0,0,0,0,0,0,0,0,0,0,0
2026-02-18,Findorff,0,0,0,0,0,0,0,0,0,0,0,0,0,0,0
2026-02-18,Gröpelingen,1,0,0,1,0,0,0,0,0,0,0,0,0,0,0
2026-02-18,Hemelingen,0,0,0,0,0,0,0,0,0,0,0,0,0,0,0
2026-02-18,Horn-Lehe,0,0,0,0,0,0,0,0,0,0,0,0,0,0,0
2026-02-18,Huchting,0,0,0,0,0,0,0,0,0,0,0,0,0,0,0
2026-02-18,Häfen,0,0,0,0,0,0,0,0,0,0,0,0,0,0,0
2026-02-18,Mitte,0,0,0,0,0,0,0,0,0,0,0,0,0,0,0
2026-02-18,Neustadt,0,0,0,0,0,0,0,0,0,0,0,0,0,0,0
2026-02-18,Oberneuland,0,0,0,0,0,0,0,0,0,0,0,0,0,0,0
2026-02-18,Obervieland,0,0,0,0,0,0,0,0,0,0,0,0,0,0,0
2026-02-18,Osterholz,0,0,0,0,0,0,0,0,0,0,0,0,0,0,0
2026-02-18,Schwachhausen,0,0,0,0,0,0,0,0,0,0,0,0,0,0,0
2026-02-18,Seehausen,0,0,0,0,0,0,0,0,0,0,0,0,0,0,0
2026-02-18,Strom,0,0,0,0,0,0,0,0,0,0,0,0,0,0,0
2026-02-18,Vahr,0,0,0,0,0,0,0,0,0,0,0,0,0,0,0
2026-02-18,Vegesack,1,0,0,0,0,0,0,0,0,0,0,1,0,0,0
2026-02-18,Walle,1,0,0,1,0,0,0,0,0,0,0,0,0,0,0
2026-02-18,Woltmershausen,0,0,0,0,0,0,0,0,0,0,0,0,0,0,0
2026-02-18,Östliche Vorstadt,0,0,0,0,0,0,0,0,0,0,0,0,0,0,0
2026-02-19,Blockland,0,0,0,0,0,0,0,0,0,0,0,0,0,0,0
2026-02-19,Blumenthal,0,0,0,0,0,0,0,0,0,0,0,0,0,0,0
2026-02-19,Borgfeld,0,0,0,0,0,0,0,0,0,0,0,0,0,0,0
2026-02-19,Burglesum,0,0,0,0,0,0,0,0,0,0,0,0,0,0,0
2026-02-19,Findorff,0,0,0,0,0,0,0,0,0,0,0,0,0,0,0
2026-02-19,Gröpelingen,0,0,0,0,0,0,0,0,0,0,0,0,0,0,0
2026-02-19,Hemelingen,0,0,0,0,0,0,0,0,0,0,0,0,0,0,0
2026-02-19,Horn-Lehe,0,0,0,0,0,0,0,0,0,0,0,0,0,0,0
2026-02-19,Huchting,0,0,0,0,0,0,0,0,0,0,0,0,0,0,0
2026-02-19,Häfen,0,0,0,0,0,0,0,0,0,0,0,0,0,0,0
2026-02-19,Mitte,2,0,0,1,0,0,0,0,0,0,0,0,1,0,0
2026-02-19,Neustadt,0,0,0,0,0,0,0,0,0,0,0,0,0,0,0
2026-02-19,Oberneuland,0,0,0,0,0,0,0,0,0,0,0,0,0,0,0
2026-02-19,Obervieland,0,0,0,0,0,0,0,0,0,0,0,0,0,0,0
2026-02-19,Osterholz,0,0,0,0,0,0,0,0,0,0,0,0,0,0,0
2026-02-19,Schwachhausen,0,0,0,0,0,0,0,0,0,0,0,0,0,0,0
2026-02-19,Seehausen,0,0,0,0,0,0,0,0,0,0,0,0,0,0,0
2026-02-19,Strom,0,0,0,0,0,0,0,0,0,0,0,0,0,0,0
2026-02-19,Vahr,0,0,0,0,0,0,0,0,0,0,0,0,0,0,0
2026-02-19,Vegesack,1,0,0,0,1,0,0,0,0,0,0,0,0,0,0
2026-02-19,Walle,0,0,0,0,0,0,0,0,0,0,0,0,0,0,0
2026-02-19,Woltmershausen,0,0,0,0,0,0,0,0,0,0,0,0,0,0,0
2026-02-19,Östliche Vorstadt,1,0,0,1,0,0,0,0,0,0,0,0,0,0,0
2026-02-20,Blockland,0,0,0,0,0,0,0,0,0,0,0,0,0,0,0
2026-02-20,Blumenthal,0,0,0,0,0,0,0,0,0,0,0,0,0,0,0
2026-02-20,Borgfeld,0,0,0,0,0,0,0,0,0,0,0,0,0,0,0
2026-02-20,Burglesum,0,0,0,0,0,0,0,0,0,0,0,0,0,0,0
2026-02-20,Findorff,0,0,0,0,0,0,0,0,0,0,0,0,0,0,0
2026-02-20,Gröpelingen,0,0,0,0,0,0,0,0,0,0,0,0,0,0,0
2026-02-20,Hemelingen,0,0,0,0,0,0,0,0,0,0,0,0,0,0,0
2026-02-20,Horn-Lehe,0,0,0,0,0,0,0,0,0,0,0,0,0,0,0
2026-02-20,Huchting,0,0,0,0,0,0,0,0,0,0,0,0,0,0,0
2026-02-20,Häfen,0,0,0,0,0,0,0,0,0,0,0,0,0,0,0
2026-02-20,Mitte,1,0,0,0,0,0,0,0,0,0,0,0,0,0,1
2026-02-20,Neustadt,0,0,0,0,0,0,0,0,0,0,0,0,0,0,0
2026-02-20,Oberneuland,0,0,0,0,0,0,0,0,0,0,0,0,0,0,0
2026-02-20,Obervieland,0,0,0,0,0,0,0,0,0,0,0,0,0,0,0
2026-02-20,Osterholz,0,0,0,0,0,0,0,0,0,0,0,0,0,0,0
2026-02-20,Schwachhausen,0,0,0,0,0,0,0,0,0,0,0,0,0,0,0
2026-02-20,Seehausen,0,0,0,0,0,0,0,0,0,0,0,0,0,0,0
2026-02-20,Strom,0,0,0,0,0,0,0,0,0,0,0,0,0,0,0
2026-02-20,Vahr,0,0,0,0,0,0,0,0,0,0,0,0,0,0,0
2026-02-20,Vegesack,0,0,0,0,0,0,0,0,0,0,0,0,0,0,0
2026-02-20,Walle,0,0,0,0,0,0,0,0,0,0,0,0,0,0,0
2026-02-20,Woltmershausen,0,0,0,0,0,0,0,0,0,0,0,0,0,0,0
2026-02-20,Östliche Vorstadt,0,0,0,0,0,0,0,0,0,0,0,0,0,0,0
2026-02-21,Blockland,0,0,0,0,0,0,0,0,0,0,0,0,0,0,0
2026-02-21,Blumenthal,0,0,0,0,0,0,0,0,0,0,0,0,0,0,0
2026-02-21,Borgfeld,0,0,0,0,0,0,0,0,0,0,0,0,0,0,0
2026-02-21,Burglesum,0,0,0,0,0,0,0,0,0,0,0,0,0,0,0
2026-02-21,Findorff,0,0,0,0,0,0,0,0,0,0,0,0,0,0,0
2026-02-21,Gröpelingen,0,0,0,0,0,0,0,0,0,0,0,0,0,0,0
2026-02-21,Hemelingen,0,0,0,0,0,0,0,0,0,0,0,0,0,0,0
2026-02-21,Horn-Lehe,0,0,0,0,0,0,0,0,0,0,0,0,0,0,0
2026-02-21,Huchting,0,0,0,0,0,0,0,0,0,0,0,0,0,0,0
2026-02-21,Häfen,0,0,0,0,0,0,0,0,0,0,0,0,0,0,0
2026-02-21,Mitte,0,0,0,0,0,0,0,0,0,0,0,0,0,0,0
2026-02-21,Neustadt,0,0,0,0,0,0,0,0,0,0,0,0,0,0,0
2026-02-21,Oberneuland,0,0,0,0,0,0,0,0,0,0,0,0,0,0,0
2026-02-21,Obervieland,0,0,0,0,0,0,0,0,0,0,0,0,0,0,0
2026-02-21,Osterholz,0,0,0,0,0,0,0,0,0,0,0,0,0,0,0
2026-02-21,Schwachhausen,0,0,0,0,0,0,0,0,0,0,0,0,0,0,0
2026-02-21,Seehausen,0,0,0,0,0,0,0,0,0,0,0,0,0,0,0
2026-02-21,Strom,0,0,0,0,0,0,0,0,0,0,0,0,0,0,0
2026-02-21,Vahr,1,0,0,0,0,0,0,0,0,0,0,0,0,1,0
2026-02-21,Vegesack,0,0,0,0,0,0,0,0,0,0,0,0,0,0,0
2026-02-21,Walle,0,0,0,0,0,0,0,0,0,0,0,0,0,0,0
2026-02-21,Woltmershausen,0,0,0,0,0,0,0,0,0,0,0,0,0,0,0
2026-02-21,Östliche Vorstadt,2,0,0,0,0,0,0,1,0,1,0,0,0,0,0
2026-02-22,Blockland,0,0,0,0,0,0,0,0,0,0,0,0,0,0,0
2026-02-22,Blumenthal,0,0,0,0,0,0,0,0,0,0,0,0,0,0,0
2026-02-22,Borgfeld,0,0,0,0,0,0,0,0,0,0,0,0,0,0,0
2026-02-22,Burglesum,0,0,0,0,0,0,0,0,0,0,0,0,0,0,0
2026-02-22,Findorff,0,0,0,0,0,0,0,0,0,0,0,0,0,0,0
2026-02-22,Gröpelingen,0,0,0,0,0,0,0,0,0,0,0,0,0,0,0
2026-02-22,Hemelingen,0,0,0,0,0,0,0,0,0,0,0,0,0,0,0
2026-02-22,Horn-Lehe,0,0,0,0,0,0,0,0,0,0,0,0,0,0,0
2026-02-22,Huchting,0,0,0,0,0,0,0,0,0,0,0,0,0,0,0
2026-02-22,Häfen,0,0,0,0,0,0,0,0,0,0,0,0,0,0,0
2026-02-22,Mitte,0,0,0,0,0,0,0,0,0,0,0,0,0,0,0
2026-02-22,Neustadt,0,0,0,0,0,0,0,0,0,0,0,0,0,0,0
2026-02-22,Oberneuland,0,0,0,0,0,0,0,0,0,0,0,0,0,0,0
2026-02-22,Obervieland,0,0,0,0,0,0,0,0,0,0,0,0,0,0,0
2026-02-22,Osterholz,0,0,0,0,0,0,0,0,0,0,0,0,0,0,0
2026-02-22,Schwachhausen,0,0,0,0,0,0,0,0,0,0,0,0,0,0,0
2026-02-22,Seehausen,0,0,0,0,0,0,0,0,0,0,0,0,0,0,0
2026-02-22,Strom,0,0,0,0,0,0,0,0,0,0,0,0,0,0,0
2026-02-22,Vahr,0,0,0,0,0,0,0,0,0,0,0,0,0,0,0
2026-02-22,Vegesack,0,0,0,0,0,0,0,0,0,0,0,0,0,0,0
2026-02-22,Walle,0,0,0,0,0,0,0,0,0,0,0,0,0,0,0
2026-02-22,Woltmershausen,0,0,0,0,0,0,0,0,0,0,0,0,0,0,0
2026-02-22,Östliche Vorstadt,0,0,0,0,0,0,0,0,0,0,0,0,0,0,0
2026-02-23,Blockland,0,0,0,0,0,0,0,0,0,0,0,0,0,0,0
2026-02-23,Blumenthal,0,0,0,0,0,0,0,0,0,0,0,0,0,0,0
2026-02-23,Borgfeld,0,0,0,0,0,0,0,0,0,0,0,0,0,0,0
2026-02-23,Burglesum,0,0,0,0,0,0,0,0,0,0,0,0,0,0,0
2026-02-23,Findorff,0,0,0,0,0,0,0,0,0,0,0,0,0,0,0
2026-02-23,Gröpelingen,0,0,0,0,0,0,0,0,0,0,0,0,0,0,0
2026-02-23,Hemelingen,0,0,0,0,0,0,0,0,0,0,0,0,0,0,0
2026-02-23,Horn-Lehe,0,0,0,0,0,0,0,0,0,0,0,0,0,0,0
2026-02-23,Huchting,0,0,0,0,0,0,0,0,0,0,0,0,0,0,0
2026-02-23,Häfen,0,0,0,0,0,0,0,0,0,0,0,0,0,0,0
2026-02-23,Mitte,1,0,0,0,0,0,0,0,0,0,0,1,0,0,0
2026-02-23,Neustadt,0,0,0,0,0,0,0,0,0,0,0,0,0,0,0
2026-02-23,Oberneuland,0,0,0,0,0,0,0,0,0,0,0,0,0,0,0
2026-02-23,Obervieland,1,1,0,0,0,0,0,0,0,0,0,0,0,0,0
2026-02-23,Osterholz,0,0,0,0,0,0,0,0,0,0,0,0,0,0,0
2026-02-23,Schwachhausen,0,0,0,0,0,0,0,0,0,0,0,0,0,0,0
2026-02-23,Seehausen,0,0,0,0,0,0,0,0,0,0,0,0,0,0,0
2026-02-23,Strom,0,0,0,0,0,0,0,0,0,0,0,0,0,0,0
2026-02-23,Vahr,0,0,0,0,0,0,0,0,0,0,0,0,0,0,0
2026-02-23,Vegesack,0,0,0,0,0,0,0,0,0,0,0,0,0,0,0
2026-02-23,Walle,0,0,0,0,0,0,0,0,0,0,0,0,0,0,0
2026-02-23,Woltmershausen,0,0,0,0,0,0,0,0,0,0,0,0,0,0,0
2026-02-23,Östliche Vorstadt,0,0,0,0,0,0,0,0,0,0,0,0,0,0,0
2026-02-24,Blockland,0,0,0,0,0,0,0,0,0,0,0,0,0,0,0
2026-02-24,Blumenthal,0,0,0,0,0,0,0,0,0,0,0,0,0,0,0
2026-02-24,Borgfeld,0,0,0,0,0,0,0,0,0,0,0,0,0,0,0
2026-02-24,Burglesum,0,0,0,0,0,0,0,0,0,0,0,0,0,0,0
2026-02-24,Findorff,0,0,0,0,0,0,0,0,0,0,0,0,0,0,0
2026-02-24,Gröpelingen,0,0,0,0,0,0,0,0,0,0,0,0,0,0,0
2026-02-24,Hemelingen,0,0,0,0,0,0,0,0,0,0,0,0,0,0,0
2026-02-24,Horn-Lehe,0,0,0,0,0,0,0,0,0,0,0,0,0,0,0
2026-02-24,Huchting,0,0,0,0,0,0,0,0,0,0,0,0,0,0,0
2026-02-24,Häfen,0,0,0,0,0,0,0,0,0,0,0,0,0,0,0
2026-02-24,Mitte,0,0,0,0,0,0,0,0,0,0,0,0,0,0,0
2026-02-24,Neustadt,0,0,0,0,0,0,0,0,0,0,0,0,0,0,0
2026-02-24,Oberneuland,0,0,0,0,0,0,0,0,0,0,0,0,0,0,0
2026-02-24,Obervieland,0,0,0,0,0,0,0,0,0,0,0,0,0,0,0
2026-02-24,Osterholz,0,0,0,0,0,0,0,0,0,0,0,0,0,0,0
2026-02-24,Schwachhausen,0,0,0,0,0,0,0,0,0,0,0,0,0,0,0
2026-02-24,Seehausen,0,0,0,0,0,0,0,0,0,0,0,0,0,0,0
2026-02-24,Strom,0,0,0,0,0,0,0,0,0,0,0,0,0,0,0
2026-02-24,Vahr,0,0,0,0,0,0,0,0,0,0,0,0,0,0,0
2026-02-24,Vegesack,0,0,0,0,0,0,0,0,0,0,0,0,0,0,0
2026-02-24,Walle,0,0,0,0,0,0,0,0,0,0,0,0,0,0,0
2026-02-24,Woltmershausen,0,0,0,0,0,0,0,0,0,0,0,0,0,0,0
2026-02-24,Östliche Vorstadt,0,0,0,0,0,0,0,0,0,0,0,0,0,0,0
2026-02-25,Blockland,0,0,0,0,0,0,0,0,0,0,0,0,0,0,0
2026-02-25,Blumenthal,0,0,0,0,0,0,0,0,0,0,0,0,0,0,0
2026-02-25,Borgfeld,0,0,0,0,0,0,0,0,0,0,0,0,0,0,0
2026-02-25,Burglesum,1,0,0,0,0,0,0,0,0,0,0,1,0,0,0
2026-02-25,Findorff,0,0,0,0,0,0,0,0,0,0,0,0,0,0,0
2026-02-25,Gröpelingen,1,0,0,0,1,0,0,0,0,0,0,0,0,0,0
2026-02-25,Hemelingen,0,0,0,0,0,0,0,0,0,0,0,0,0,0,0
2026-02-25,Horn-Lehe,0,0,0,0,0,0,0,0,0,0,0,0,0,0,0
2026-02-25,Huchting,0,0,0,0,0,0,0,0,0,0,0,0,0,0,0
2026-02-25,Häfen,0,0,0,0,0,0,0,0,0,0,0,0,0,0,0
2026-02-25,Mitte,0,0,0,0,0,0,0,0,0,0,0,0,0,0,0
2026-02-25,Neustadt,0,0,0,0,0,0,0,0,0,0,0,0,0,0,0
2026-02-25,Oberneuland,0,0,0,0,0,0,0,0,0,0,0,0,0,0,0
2026-02-25,Obervieland,0,0,0,0,0,0,0,0,0,0,0,0,0,0,0
2026-02-25,Osterholz,1,0,0,0,0,0,0,0,0,0,0,0,0,1,0
2026-02-25,Schwachhausen,0,0,0,0,0,0,0,0,0,0,0,0,0,0,0
2026-02-25,Seehausen,0,0,0,0,0,0,0,0,0,0,0,0,0,0,0
2026-02-25,Strom,0,0,0,0,0,0,0,0,0,0,0,0,0,0,0
2026-02-25,Vahr,0,0,0,0,0,0,0,0,0,0,0,0,0,0,0
2026-02-25,Vegesack,0,0,0,0,0,0,0,0,0,0,0,0,0,0,0
2026-02-25,Walle,0,0,0,0,0,0,0,0,0,0,0,0,0,0,0
2026-02-25,Woltmershausen,0,0,0,0,0,0,0,0,0,0,0,0,0,0,0
2026-02-25,Östliche Vorstadt,1,1,0,0,0,0,0,0,0,0,0,0,0,0,0
2026-02-26,Blockland,0,0,0,0,0,0,0,0,0,0,0,0,0,0,0
2026-02-26,Blumenthal,0,0,0,0,0,0,0,0,0,0,0,0,0,0,0
2026-02-26,Borgfeld,0,0,0,0,0,0,0,0,0,0,0,0,0,0,0
2026-02-26,Burglesum,0,0,0,0,0,0,0,0,0,0,0,0,0,0,0
2026-02-26,Findorff,0,0,0,0,0,0,0,0,0,0,0,0,0,0,0
2026-02-26,Gröpelingen,0,0,0,0,0,0,0,0,0,0,0,0,0,0,0
2026-02-26,Hemelingen,0,0,0,0,0,0,0,0,0,0,0,0,0,0,0
2026-02-26,Horn-Lehe,0,0,0,0,0,0,0,0,0,0,0,0,0,0,0
2026-02-26,Huchting,1,0,0,0,0,0,0,0,0,0,0,1,0,0,0
2026-02-26,Häfen,0,0,0,0,0,0,0,0,0,0,0,0,0,0,0
2026-02-26,Mitte,1,0,0,0,0,0,0,0,0,0,0,0,0,0,1
2026-02-26,Neustadt,1,1,0,0,0,0,0,0,0,0,0,0,0,0,0
2026-02-26,Oberneuland,0,0,0,0,0,0,0,0,0,0,0,0,0,0,0
2026-02-26,Obervieland,0,0,0,0,0,0,0,0,0,0,0,0,0,0,0
2026-02-26,Osterholz,0,0,0,0,0,0,0,0,0,0,0,0,0,0,0
2026-02-26,Schwachhausen,0,0,0,0,0,0,0,0,0,0,0,0,0,0,0
2026-02-26,Seehausen,0,0,0,0,0,0,0,0,0,0,0,0,0,0,0
2026-02-26,Strom,0,0,0,0,0,0,0,0,0,0,0,0,0,0,0
2026-02-26,Vahr,0,0,0,0,0,0,0,0,0,0,0,0,0,0,0
2026-02-26,Vegesack,0,0,0,0,0,0,0,0,0,0,0,0,0,0,0
2026-02-26,Walle,0,0,0,0,0,0,0,0,0,0,0,0,0,0,0
2026-02-26,Woltmershausen,0,0,0,0,0,0,0,0,0,0,0,0,0,0,0
2026-02-26,Östliche Vorstadt,0,0,0,0,0,0,0,0,0,0,0,0,0,0,0
2026-02-27,Blockland,0,0,0,0,0,0,0,0,0,0,0,0,0,0,0
2026-02-27,Blumenthal,0,0,0,0,0,0,0,0,0,0,0,0,0,0,0
2026-02-27,Borgfeld,0,0,0,0,0,0,0,0,0,0,0,0,0,0,0
2026-02-27,Burglesum,0,0,0,0,0,0,0,0,0,0,0,0,0,0,0
2026-02-27,Findorff,0,0,0,0,0,0,0,0,0,0,0,0,0,0,0
2026-02-27,Gröpelingen,0,0,0,0,0,0,0,0,0,0,0,0,0,0,0
2026-02-27,Hemelingen,0,0,0,0,0,0,0,0,0,0,0,0,0,0,0
2026-02-27,Horn-Lehe,0,0,0,0,0,0,0,0,0,0,0,0,0,0,0
2026-02-27,Huchting,0,0,0,0,0,0,0,0,0,0,0,0,0,0,0
2026-02-27,Häfen,0,0,0,0,0,0,0,0,0,0,0,0,0,0,0
2026-02-27,Mitte,0,0,0,0,0,0,0,0,0,0,0,0,0,0,0
2026-02-27,Neustadt,0,0,0,0,0,0,0,0,0,0,0,0,0,0,0
2026-02-27,Oberneuland,0,0,0,0,0,0,0,0,0,0,0,0,0,0,0
2026-02-27,Obervieland,0,0,0,0,0,0,0,0,0,0,0,0,0,0,0
2026-02-27,Osterholz,0,0,0,0,0,0,0,0,0,0,0,0,0,0,0
2026-02-27,Schwachhausen,0,0,0,0,0,0,0,0,0,0,0,0,0,0,0
2026-02-27,Seehausen,0,0,0,0,0,0,0,0,0,0,0,0,0,0,0
2026-02-27,Strom,0,0,0,0,0,0,0,0,0,0,0,0,0,0,0
2026-02-27,Vahr,0,0,0,0,0,0,0,0,0,0,0,0,0,0,0
2026-02-27,Vegesack,0,0,0,0,0,0,0,0,0,0,0,0,0,0,0
2026-02-27,Walle,1,0,0,1,0,0,0,0,0,0,0,0,0,0,0
2026-02-27,Woltmershausen,0,0,0,0,0,0,0,0,0,0,0,0,0,0,0
2026-02-27,Östliche Vorstadt,0,0,0,0,0,0,0,0,0,0,0,0,0,0,0
2026-02-28,Blockland,0,0,0,0,0,0,0,0,0,0,0,0,0,0,0
2026-02-28,Blumenthal,0,0,0,0,0,0,0,0,0,0,0,0,0,0,0
2026-02-28,Borgfeld,0,0,0,0,0,0,0,0,0,0,0,0,0,0,0
2026-02-28,Burglesum,0,0,0,0,0,0,0,0,0,0,0,0,0,0,0
2026-02-28,Findorff,0,0,0,0,0,0,0,0,0,0,0,0,0,0,0
2026-02-28,Gröpelingen,0,0,0,0,0,0,0,0,0,0,0,0,0,0,0
2026-02-28,Hemelingen,1,0,0,0,0,0,0,0,0,0,0,1,0,0,0
2026-02-28,Horn-Lehe,0,0,0,0,0,0,0,0,0,0,0,0,0,0,0
2026-02-28,Huchting,0,0,0,0,0,0,0,0,0,0,0,0,0,0,0
2026-02-28,Häfen,0,0,0,0,0,0,0,0,0,0,0,0,0,0,0
2026-02-28,Mitte,2,0,0,0,0,0,0,0,0,0,0,2,0,0,0
2026-02-28,Neustadt,0,0,0,0,0,0,0,0,0,0,0,0,0,0,0
2026-02-28,Oberneuland,0,0,0,0,0,0,0,0,0,0,0,0,0,0,0
2026-02-28,Obervieland,0,0,0,0,0,0,0,0,0,0,0,0,0,0,0
2026-02-28,Osterholz,0,0,0,0,0,0,0,0,0,0,0,0,0,0,0
2026-02-28,Schwachhausen,0,0,0,0,0,0,0,0,0,0,0,0,0,0,0
2026-02-28,Seehausen,0,0,0,0,0,0,0,0,0,0,0,0,0,0,0
2026-02-28,Strom,0,0,0,0,0,0,0,0,0,0,0,0,0,0,0
2026-02-28,Vahr,0,0,0,0,0,0,0,0,0,0,0,0,0,0,0
2026-02-28,Vegesack,0,0,0,0,0,0,0,0,0,0,0,0,0,0,0
2026-02-28,Walle,1,0,0,0,0,0,0,0,0,0,0,1,0,0,0
2026-02-28,Woltmershausen,0,0,0,0,0,0,0,0,0,0,0,0,0,0,0
2026-02-28,Östliche Vorstadt,0,0,0,0,0,0,0,0,0,0,0,0,0,0,0
2026-03-01,Blockland,0,0,0,0,0,0,0,0,0,0,0,0,0,0,0
2026-03-01,Blumenthal,0,0,0,0,0,0,0,0,0,0,0,0,0,0,0
2026-03-01,Borgfeld,0,0,0,0,0,0,0,0,0,0,0,0,0,0,0
2026-03-01,Burglesum,0,0,0,0,0,0,0,0,0,0,0,0,0,0,0
2026-03-01,Findorff,0,0,0,0,0,0,0,0,0,0,0,0,0,0,0
2026-03-01,Gröpelingen,0,0,0,0,0,0,0,0,0,0,0,0,0,0,0
2026-03-01,Hemelingen,0,0,0,0,0,0,0,0,0,0,0,0,0,0,0
2026-03-01,Horn-Lehe,0,0,0,0,0,0,0,0,0,0,0,0,0,0,0
2026-03-01,Huchting,0,0,0,0,0,0,0,0,0,0,0,0,0,0,0
2026-03-01,Häfen,0,0,0,0,0,0,0,0,0,0,0,0,0,0,0
2026-03-01,Mitte,0,0,0,0,0,0,0,0,0,0,0,0,0,0,0
2026-03-01,Neustadt,1,0,0,0,0,0,0,0,0,0,0,1,0,0,0
2026-03-01,Oberneuland,0,0,0,0,0,0,0,0,0,0,0,0,0,0,0
2026-03-01,Obervieland,0,0,0,0,0,0,0,0,0,0,0,0,0,0,0
2026-03-01,Osterholz,0,0,0,0,0,0,0,0,0,0,0,0,0,0,0
2026-03-01,Schwachhausen,0,0,0,0,0,0,0,0,0,0,0,0,0,0,0
2026-03-01,Seehausen,0,0,0,0,0,0,0,0,0,0,0,0,0,0,0
2026-03-01,Strom,0,0,0,0,0,0,0,0,0,0,0,0,0,0,0
2026-03-01,Vahr,0,0,0,0,0,0,0,0,0,0,0,0,0,0,0
2026-03-01,Vegesack,0,0,0,0,0,0,0,0,0,0,0,0,0,0,0
2026-03-01,Walle,4,2,0,0,1,0,0,0,0,0,0,1,0,0,0
2026-03-01,Woltmershausen,0,0,0,0,0,0,0,0,0,0,0,0,0,0,0
2026-03-01,Östliche Vorstadt,0,0,0,0,0,0,0,0,0,0,0,0,0,0,0
2026-03-02,Blockland,0,0,0,0,0,0,0,0,0,0,0,0,0,0,0
2026-03-02,Blumenthal,0,0,0,0,0,0,0,0,0,0,0,0,0,0,0
2026-03-02,Borgfeld,0,0,0,0,0,0,0,0,0,0,0,0,0,0,0
2026-03-02,Burglesum,0,0,0,0,0,0,0,0,0,0,0,0,0,0,0
2026-03-02,Findorff,0,0,0,0,0,0,0,0,0,0,0,0,0,0,0
2026-03-02,Gröpelingen,0,0,0,0,0,0,0,0,0,0,0,0,0,0,0
2026-03-02,Hemelingen,0,0,0,0,0,0,0,0,0,0,0,0,0,0,0
2026-03-02,Horn-Lehe,0,0,0,0,0,0,0,0,0,0,0,0,0,0,0
2026-03-02,Huchting,0,0,0,0,0,0,0,0,0,0,0,0,0,0,0
2026-03-02,Häfen,0,0,0,0,0,0,0,0,0,0,0,0,0,0,0
2026-03-02,Mitte,0,0,0,0,0,0,0,0,0,0,0,0,0,0,0
2026-03-02,Neustadt,0,0,0,0,0,0,0,0,0,0,0,0,0,0,0
2026-03-02,Oberneuland,0,0,0,0,0,0,0,0,0,0,0,0,0,0,0
2026-03-02,Obervieland,0,0,0,0,0,0,0,0,0,0,0,0,0,0,0
2026-03-02,Osterholz,0,0,0,0,0,0,0,0,0,0,0,0,0,0,0
2026-03-02,Schwachhausen,0,0,0,0,0,0,0,0,0,0,0,0,0,0,0
2026-03-02,Seehausen,0,0,0,0,0,0,0,0,0,0,0,0,0,0,0
2026-03-02,Strom,0,0,0,0,0,0,0,0,0,0,0,0,0,0,0
2026-03-02,Vahr,0,0,0,0,0,0,0,0,0,0,0,0,0,0,0
2026-03-02,Vegesack,0,0,0,0,0,0,0,0,0,0,0,0,0,0,0
2026-03-02,Walle,0,0,0,0,0,0,0,0,0,0,0,0,0,0,0
2026-03-02,Woltmershausen,1,0,0,0,0,0,0,0,0,0,0,1,0,0,0
2026-03-02,Östliche Vorstadt,0,0,0,0,0,0,0,0,0,0,0,0,0,0,0
2026-03-03,Blockland,0,0,0,0,0,0,0,0,0,0,0,0,0,0,0
2026-03-03,Blumenthal,0,0,0,0,0,0,0,0,0,0,0,0,0,0,0
2026-03-03,Borgfeld,0,0,0,0,0,0,0,0,0,0,0,0,0,0,0
2026-03-03,Burglesum,0,0,0,0,0,0,0,0,0,0,0,0,0,0,0
2026-03-03,Findorff,0,0,0,0,0,0,0,0,0,0,0,0,0,0,0
2026-03-03,Gröpelingen,0,0,0,0,0,0,0,0,0,0,0,0,0,0,0
2026-03-03,Hemelingen,0,0,0,0,0,0,0,0,0,0,0,0,0,0,0
2026-03-03,Horn-Lehe,0,0,0,0,0,0,0,0,0,0,0,0,0,0,0
2026-03-03,Huchting,0,0,0,0,0,0,0,0,0,0,0,0,0,0,0
2026-03-03,Häfen,0,0,0,0,0,0,0,0,0,0,0,0,0,0,0
2026-03-03,Mitte,0,0,0,0,0,0,0,0,0,0,0,0,0,0,0
2026-03-03,Neustadt,0,0,0,0,0,0,0,0,0,0,0,0,0,0,0
2026-03-03,Oberneuland,0,0,0,0,0,0,0,0,0,0,0,0,0,0,0
2026-03-03,Obervieland,0,0,0,0,0,0,0,0,0,0,0,0,0,0,0
2026-03-03,Osterholz,0,0,0,0,0,0,0,0,0,0,0,0,0,0,0
2026-03-03,Schwachhausen,0,0,0,0,0,0,0,0,0,0,0,0,0,0,0
2026-03-03,Seehausen,0,0,0,0,0,0,0,0,0,0,0,0,0,0,0
2026-03-03,Strom,0,0,0,0,0,0,0,0,0,0,0,0,0,0,0
2026-03-03,Vahr,0,0,0,0,0,0,0,0,0,0,0,0,0,0,0
2026-03-03,Vegesack,0,0,0,0,0,0,0,0,0,0,0,0,0,0,0
2026-03-03,Walle,0,0,0,0,0,0,0,0,0,0,0,0,0,0,0
2026-03-03,Woltmershausen,0,0,0,0,0,0,0,0,0,0,0,0,0,0,0
2026-03-03,Östliche Vorstadt,0,0,0,0,0,0,0,0,0,0,0,0,0,0,0
2026-03-04,Blockland,0,0,0,0,0,0,0,0,0,0,0,0,0,0,0
2026-03-04,Blumenthal,0,0,0,0,0,0,0,0,0,0,0,0,0,0,0
2026-03-04,Borgfeld,0,0,0,0,0,0,0,0,0,0,0,0,0,0,0
2026-03-04,Burglesum,0,0,0,0,0,0,0,0,0,0,0,0,0,0,0
2026-03-04,Findorff,0,0,0,0,0,0,0,0,0,0,0,0,0,0,0
2026-03-04,Gröpelingen,0,0,0,0,0,0,0,0,0,0,0,0,0,0,0
2026-03-04,Hemelingen,0,0,0,0,0,0,0,0,0,0,0,0,0,0,0
2026-03-04,Horn-Lehe,0,0,0,0,0,0,0,0,0,0,0,0,0,0,0
2026-03-04,Huchting,0,0,0,0,0,0,0,0,0,0,0,0,0,0,0
2026-03-04,Häfen,0,0,0,0,0,0,0,0,0,0,0,0,0,0,0
2026-03-04,Mitte,2,0,0,0,0,0,0,0,0,0,0,2,0,0,0
2026-03-04,Neustadt,1,0,0,0,0,0,0,0,0,0,0,1,0,0,0
2026-03-04,Oberneuland,0,0,0,0,0,0,0,0,0,0,0,0,0,0,0
2026-03-04,Obervieland,0,0,0,0,0,0,0,0,0,0,0,0,0,0,0
2026-03-04,Osterholz,0,0,0,0,0,0,0,0,0,0,0,0,0,0,0
2026-03-04,Schwachhausen,0,0,0,0,0,0,0,0,0,0,0,0,0,0,0
2026-03-04,Seehausen,0,0,0,0,0,0,0,0,0,0,0,0,0,0,0
2026-03-04,Strom,0,0,0,0,0,0,0,0,0,0,0,0,0,0,0
2026-03-04,Vahr,0,0,0,0,0,0,0,0,0,0,0,0,0,0,0
2026-03-04,Vegesack,0,0,0,0,0,0,0,0,0,0,0,0,0,0,0
2026-03-04,Walle,0,0,0,0,0,0,0,0,0,0,0,0,0,0,0
2026-03-04,Woltmershausen,0,0,0,0,0,0,0,0,0,0,0,0,0,0,0
2026-03-04,Östliche Vorstadt,0,0,0,0,0,0,0,0,0,0,0,0,0,0,0
2026-03-05,Blockland,0,0,0,0,0,0,0,0,0,0,0,0,0,0,0
2026-03-05,Blumenthal,0,0,0,0,0,0,0,0,0,0,0,0,0,0,0
2026-03-05,Borgfeld,0,0,0,0,0,0,0,0,0,0,0,0,0,0,0
2026-03-05,Burglesum,0,0,0,0,0,0,0,0,0,0,0,0,0,0,0
2026-03-05,Findorff,0,0,0,0,0,0,0,0,0,0,0,0,0,0,0
2026-03-05,Gröpelingen,0,0,0,0,0,0,0,0,0,0,0,0,0,0,0
2026-03-05,Hemelingen,1,0,0,0,0,0,0,0,0,0,0,1,0,0,0
2026-03-05,Horn-Lehe,0,0,0,0,0,0,0,0,0,0,0,0,0,0,0
2026-03-05,Huchting,0,0,0,0,0,0,0,0,0,0,0,0,0,0,0
2026-03-05,Häfen,0,0,0,0,0,0,0,0,0,0,0,0,0,0,0
2026-03-05,Mitte,0,0,0,0,0,0,0,0,0,0,0,0,0,0,0
2026-03-05,Neustadt,0,0,0,0,0,0,0,0,0,0,0,0,0,0,0
2026-03-05,Oberneuland,0,0,0,0,0,0,0,0,0,0,0,0,0,0,0
2026-03-05,Obervieland,0,0,0,0,0,0,0,0,0,0,0,0,0,0,0
2026-03-05,Osterholz,0,0,0,0,0,0,0,0,0,0,0,0,0,0,0
2026-03-05,Schwachhausen,0,0,0,0,0,0,0,0,0,0,0,0,0,0,0
2026-03-05,Seehausen,0,0,0,0,0,0,0,0,0,0,0,0,0,0,0
2026-03-05,Strom,0,0,0,0,0,0,0,0,0,0,0,0,0,0,0
2026-03-05,Vahr,0,0,0,0,0,0,0,0,0,0,0,0,0,0,0
2026-03-05,Vegesack,0,0,0,0,0,0,0,0,0,0,0,0,0,0,0
2026-03-05,Walle,1,0,0,0,1,0,0,0,0,0,0,0,0,0,0
2026-03-05,Woltmershausen,0,0,0,0,0,0,0,0,0,0,0,0,0,0,0
2026-03-05,Östliche Vorstadt,0,0,0,0,0,0,0,0,0,0,0,0,0,0,0
2026-03-06,Blockland,0,0,0,0,0,0,0,0,0,0,0,0,0,0,0
2026-03-06,Blumenthal,0,0,0,0,0,0,0,0,0,0,0,0,0,0,0
2026-03-06,Borgfeld,0,0,0,0,0,0,0,0,0,0,0,0,0,0,0
2026-03-06,Burglesum,0,0,0,0,0,0,0,0,0,0,0,0,0,0,0
2026-03-06,Findorff,0,0,0,0,0,0,0,0,0,0,0,0,0,0,0
2026-03-06,Gröpelingen,0,0,0,0,0,0,0,0,0,0,0,0,0,0,0
2026-03-06,Hemelingen,0,0,0,0,0,0,0,0,0,0,0,0,0,0,0
2026-03-06,Horn-Lehe,0,0,0,0,0,0,0,0,0,0,0,0,0,0,0
2026-03-06,Huchting,0,0,0,0,0,0,0,0,0,0,0,0,0,0,0
2026-03-06,Häfen,0,0,0,0,0,0,0,0,0,0,0,0,0,0,0
2026-03-06,Mitte,1,0,0,0,0,0,0,0,0,0,0,1,0,0,0
2026-03-06,Neustadt,0,0,0,0,0,0,0,0,0,0,0,0,0,0,0
2026-03-06,Oberneuland,0,0,0,0,0,0,0,0,0,0,0,0,0,0,0
2026-03-06,Obervieland,0,0,0,0,0,0,0,0,0,0,0,0,0,0,0
2026-03-06,Osterholz,0,0,0,0,0,0,0,0,0,0,0,0,0,0,0
2026-03-06,Schwachhausen,0,0,0,0,0,0,0,0,0,0,0,0,0,0,0
2026-03-06,Seehausen,0,0,0,0,0,0,0,0,0,0,0,0,0,0,0
2026-03-06,Strom,0,0,0,0,0,0,0,0,0,0,0,0,0,0,0
2026-03-06,Vahr,0,0,0,0,0,0,0,0,0,0,0,0,0,0,0
2026-03-06,Vegesack,0,0,0,0,0,0,0,0,0,0,0,0,0,0,0
2026-03-06,Walle,1,0,0,0,0,0,0,1,0,0,0,0,0,0,0
2026-03-06,Woltmershausen,0,0,0,0,0,0,0,0,0,0,0,0,0,0,0
2026-03-06,Östliche Vorstadt,0,0,0,0,0,0,0,0,0,0,0,0,0,0,0
2026-03-07,Blockland,0,0,0,0,0,0,0,0,0,0,0,0,0,0,0
2026-03-07,Blumenthal,0,0,0,0,0,0,0,0,0,0,0,0,0,0,0
2026-03-07,Borgfeld,0,0,0,0,0,0,0,0,0,0,0,0,0,0,0
2026-03-07,Burglesum,0,0,0,0,0,0,0,0,0,0,0,0,0,0,0
2026-03-07,Findorff,0,0,0,0,0,0,0,0,0,0,0,0,0,0,0
2026-03-07,Gröpelingen,0,0,0,0,0,0,0,0,0,0,0,0,0,0,0
2026-03-07,Hemelingen,0,0,0,0,0,0,0,0,0,0,0,0,0,0,0
2026-03-07,Horn-Lehe,0,0,0,0,0,0,0,0,0,0,0,0,0,0,0
2026-03-07,Huchting,0,0,0,0,0,0,0,0,0,0,0,0,0,0,0
2026-03-07,Häfen,0,0,0,0,0,0,0,0,0,0,0,0,0,0,0
2026-03-07,Mitte,0,0,0,0,0,0,0,0,0,0,0,0,0,0,0
2026-03-07,Neustadt,0,0,0,0,0,0,0,0,0,0,0,0,0,0,0
2026-03-07,Oberneuland,0,0,0,0,0,0,0,0,0,0,0,0,0,0,0
2026-03-07,Obervieland,0,0,0,0,0,0,0,0,0,0,0,0,0,0,0
2026-03-07,Osterholz,0,0,0,0,0,0,0,0,0,0,0,0,0,0,0
2026-03-07,Schwachhausen,0,0,0,0,0,0,0,0,0,0,0,0,0,0,0
2026-03-07,Seehausen,0,0,0,0,0,0,0,0,0,0,0,0,0,0,0
2026-03-07,Strom,0,0,0,0,0,0,0,0,0,0,0,0,0,0,0
2026-03-07,Vahr,0,0,0,0,0,0,0,0,0,0,0,0,0,0,0
2026-03-07,Vegesack,0,0,0,0,0,0,0,0,0,0,0,0,0,0,0
2026-03-07,Walle,0,0,0,0,0,0,0,0,0,0,0,0,0,0,0
2026-03-07,Woltmershausen,0,0,0,0,0,0,0,0,0,0,0,0,0,0,0
2026-03-07,Östliche Vorstadt,0,0,0,0,0,0,0,0,0,0,0,0,0,0,0
2026-03-08,Blockland,0,0,0,0,0,0,0,0,0,0,0,0,0,0,0
2026-03-08,Blumenthal,1,0,0,0,0,0,0,1,0,0,0,0,0,0,0
2026-03-08,Borgfeld,0,0,0,0,0,0,0,0,0,0,0,0,0,0,0
2026-03-08,Burglesum,0,0,0,0,0,0,0,0,0,0,0,0,0,0,0
2026-03-08,Findorff,0,0,0,0,0,0,0,0,0,0,0,0,0,0,0
2026-03-08,Gröpelingen,0,0,0,0,0,0,0,0,0,0,0,0,0,0,0
2026-03-08,Hemelingen,0,0,0,0,0,0,0,0,0,0,0,0,0,0,0
2026-03-08,Horn-Lehe,0,0,0,0,0,0,0,0,0,0,0,0,0,0,0
2026-03-08,Huchting,0,0,0,0,0,0,0,0,0,0,0,0,0,0,0
2026-03-08,Häfen,0,0,0,0,0,0,0,0,0,0,0,0,0,0,0
2026-03-08,Mitte,0,0,0,0,0,0,0,0,0,0,0,0,0,0,0
2026-03-08,Neustadt,0,0,0,0,0,0,0,0,0,0,0,0,0,0,0
2026-03-08,Oberneuland,0,0,0,0,0,0,0,0,0,0,0,0,0,0,0
2026-03-08,Obervieland,0,0,0,0,0,0,0,0,0,0,0,0,0,0,0
2026-03-08,Osterholz,0,0,0,0,0,0,0,0,0,0,0,0,0,0,0
2026-03-08,Schwachhausen,0,0,0,0,0,0,0,0,0,0,0,0,0,0,0
2026-03-08,Seehausen,0,0,0,0,0,0,0,0,0,0,0,0,0,0,0
2026-03-08,Strom,0,0,0,0,0,0,0,0,0,0,0,0,0,0,0
2026-03-08,Vahr,0,0,0,0,0,0,0,0,0,0,0,0,0,0,0
2026-03-08,Vegesack,0,0,0,0,0,0,0,0,0,0,0,0,0,0,0
2026-03-08,Walle,0,0,0,0,0,0,0,0,0,0,0,0,0,0,0
2026-03-08,Woltmershausen,0,0,0,0,0,0,0,0,0,0,0,0,0,0,0
2026-03-08,Östliche Vorstadt,0,0,0,0,0,0,0,0,0,0,0,0,0,0,0
2026-03-09,Blockland,0,0,0,0,0,0,0,0,0,0,0,0,0,0,0
2026-03-09,Blumenthal,0,0,0,0,0,0,0,0,0,0,0,0,0,0,0
2026-03-09,Borgfeld,0,0,0,0,0,0,0,0,0,0,0,0,0,0,0
2026-03-09,Burglesum,0,0,0,0,0,0,0,0,0,0,0,0,0,0,0
2026-03-09,Findorff,0,0,0,0,0,0,0,0,0,0,0,0,0,0,0
2026-03-09,Gröpelingen,0,0,0,0,0,0,0,0,0,0,0,0,0,0,0
2026-03-09,Hemelingen,0,0,0,0,0,0,0,0,0,0,0,0,0,0,0
2026-03-09,Horn-Lehe,0,0,0,0,0,0,0,0,0,0,0,0,0,0,0
2026-03-09,Huchting,0,0,0,0,0,0,0,0,0,0,0,0,0,0,0
2026-03-09,Häfen,0,0,0,0,0,0,0,0,0,0,0,0,0,0,0
2026-03-09,Mitte,0,0,0,0,0,0,0,0,0,0,0,0,0,0,0
2026-03-09,Neustadt,0,0,0,0,0,0,0,0,0,0,0,0,0,0,0
2026-03-09,Oberneuland,0,0,0,0,0,0,0,0,0,0,0,0,0,0,0
2026-03-09,Obervieland,0,0,0,0,0,0,0,0,0,0,0,0,0,0,0
2026-03-09,Osterholz,0,0,0,0,0,0,0,0,0,0,0,0,0,0,0
2026-03-09,Schwachhausen,0,0,0,0,0,0,0,0,0,0,0,0,0,0,0
2026-03-09,Seehausen,0,0,0,0,0,0,0,0,0,0,0,0,0,0,0
2026-03-09,Strom,0,0,0,0,0,0,0,0,0,0,0,0,0,0,0
2026-03-09,Vahr,0,0,0,0,0,0,0,0,0,0,0,0,0,0,0
2026-03-09,Vegesack,0,0,0,0,0,0,0,0,0,0,0,0,0,0,0
2026-03-09,Walle,0,0,0,0,0,0,0,0,0,0,0,0,0,0,0
2026-03-09,Woltmershausen,0,0,0,0,0,0,0,0,0,0,0,0,0,0,0
2026-03-09,Östliche Vorstadt,0,0,0,0,0,0,0,0,0,0,0,0,0,0,0
2026-03-10,Blockland,0,0,0,0,0,0,0,0,0,0,0,0,0,0,0
2026-03-10,Blumenthal,1,0,0,0,0,0,0,0,0,0,0,1,0,0,0
2026-03-10,Borgfeld,0,0,0,0,0,0,0,0,0,0,0,0,0,0,0
2026-03-10,Burglesum,0,0,0,0,0,0,0,0,0,0,0,0,0,0,0
2026-03-10,Findorff,0,0,0,0,0,0,0,0,0,0,0,0,0,0,0
2026-03-10,Gröpelingen,1,0,0,0,0,0,0,0,1,0,0,0,0,0,0
2026-03-10,Hemelingen,0,0,0,0,0,0,0,0,0,0,0,0,0,0,0
2026-03-10,Horn-Lehe,0,0,0,0,0,0,0,0,0,0,0,0,0,0,0
2026-03-10,Huchting,0,0,0,0,0,0,0,0,0,0,0,0,0,0,0
2026-03-10,Häfen,0,0,0,0,0,0,0,0,0,0,0,0,0,0,0
2026-03-10,Mitte,0,0,0,0,0,0,0,0,0,0,0,0,0,0,0
2026-03-10,Neustadt,0,0,0,0,0,0,0,0,0,0,0,0,0,0,0
2026-03-10,Oberneuland,0,0,0,0,0,0,0,0,0,0,0,0,0,0,0
2026-03-10,Obervieland,0,0,0,0,0,0,0,0,0,0,0,0,0,0,0
2026-03-10,Osterholz,0,0,0,0,0,0,0,0,0,0,0,0,0,0,0
2026-03-10,Schwachhausen,0,0,0,0,0,0,0,0,0,0,0,0,0,0,0
2026-03-10,Seehausen,0,0,0,0,0,0,0,0,0,0,0,0,0,0,0
2026-03-10,Strom,0,0,0,0,0,0,0,0,0,0,0,0,0,0,0
2026-03-10,Vahr,0,0,0,0,0,0,0,0,0,0,0,0,0,0,0
2026-03-10,Vegesack,0,0,0,0,0,0,0,0,0,0,0,0,0,0,0
2026-03-10,Walle,0,0,0,0,0,0,0,0,0,0,0,0,0,0,0
2026-03-10,Woltmershausen,0,0,0,0,0,0,0,0,0,0,0,0,0,0,0
2026-03-10,Östliche Vorstadt,0,0,0,0,0,0,0,0,0,0,0,0,0,0,0
2026-03-11,Blockland,0,0,0,0,0,0,0,0,0,0,0,0,0,0,0
2026-03-11,Blumenthal,1,0,0,0,0,0,0,0,0,0,0,0,0,0,1
2026-03-11,Borgfeld,0,0,0,0,0,0,0,0,0,0,0,0,0,0,0
2026-03-11,Burglesum,0,0,0,0,0,0,0,0,0,0,0,0,0,0,0
2026-03-11,Findorff,0,0,0,0,0,0,0,0,0,0,0,0,0,0,0
2026-03-11,Gröpelingen,0,0,0,0,0,0,0,0,0,0,0,0,0,0,0
2026-03-11,Hemelingen,0,0,0,0,0,0,0,0,0,0,0,0,0,0,0
2026-03-11,Horn-Lehe,0,0,0,0,0,0,0,0,0,0,0,0,0,0,0
2026-03-11,Huchting,0,0,0,0,0,0,0,0,0,0,0,0,0,0,0
2026-03-11,Häfen,0,0,0,0,0,0,0,0,0,0,0,0,0,0,0
2026-03-11,Mitte,0,0,0,0,0,0,0,0,0,0,0,0,0,0,0
2026-03-11,Neustadt,0,0,0,0,0,0,0,0,0,0,0,0,0,0,0
2026-03-11,Oberneuland,0,0,0,0,0,0,0,0,0,0,0,0,0,0,0
2026-03-11,Obervieland,0,0,0,0,0,0,0,0,0,0,0,0,0,0,0
2026-03-11,Osterholz,0,0,0,0,0,0,0,0,0,0,0,0,0,0,0
2026-03-11,Schwachhausen,0,0,0,0,0,0,0,0,0,0,0,0,0,0,0
2026-03-11,Seehausen,0,0,0,0,0,0,0,0,0,0,0,0,0,0,0
2026-03-11,Strom,0,0,0,0,0,0,0,0,0,0,0,0,0,0,0
2026-03-11,Vahr,0,0,0,0,0,0,0,0,0,0,0,0,0,0,0
2026-03-11,Vegesack,0,0,0,0,0,0,0,0,0,0,0,0,0,0,0
2026-03-11,Walle,0,0,0,0,0,0,0,0,0,0,0,0,0,0,0
2026-03-11,Woltmershausen,0,0,0,0,0,0,0,0,0,0,0,0,0,0,0
2026-03-11,Östliche Vorstadt,0,0,0,0,0,0,0,0,0,0,0,0,0,0,0
2026-03-12,Blockland,0,0,0,0,0,0,0,0,0,0,0,0,0,0,0
2026-03-12,Blumenthal,1,0,0,0,0,0,0,0,0,0,0,0,1,0,0
2026-03-12,Borgfeld,0,0,0,0,0,0,0,0,0,0,0,0,0,0,0
2026-03-12,Burglesum,0,0,0,0,0,0,0,0,0,0,0,0,0,0,0
2026-03-12,Findorff,0,0,0,0,0,0,0,0,0,0,0,0,0,0,0
2026-03-12,Gröpelingen,1,0,0,0,0,0,0,0,0,0,0,0,0,0,1
2026-03-12,Hemelingen,0,0,0,0,0,0,0,0,0,0,0,0,0,0,0
2026-03-12,Horn-Lehe,0,0,0,0,0,0,0,0,0,0,0,0,0,0,0
2026-03-12,Huchting,0,0,0,0,0,0,0,0,0,0,0,0,0,0,0
2026-03-12,Häfen,0,0,0,0,0,0,0,0,0,0,0,0,0,0,0
2026-03-12,Mitte,1,0,0,0,1,0,0,0,0,0,0,0,0,0,0
2026-03-12,Neustadt,0,0,0,0,0,0,0,0,0,0,0,0,0,0,0
2026-03-12,Oberneuland,0,0,0,0,0,0,0,0,0,0,0,0,0,0,0
2026-03-12,Obervieland,1,0,0,0,0,0,0,0,0,0,0,0,0,1,0
2026-03-12,Osterholz,1,0,0,0,0,0,0,0,0,0,0,0,0,0,1
2026-03-12,Schwachhausen,0,0,0,0,0,0,0,0,0,0,0,0,0,0,0
2026-03-12,Seehausen,0,0,0,0,0,0,0,0,0,0,0,0,0,0,0
2026-03-12,Strom,0,0,0,0,0,0,0,0,0,0,0,0,0,0,0
2026-03-12,Vahr,0,0,0,0,0,0,0,0,0,0,0,0,0,0,0
2026-03-12,Vegesack,0,0,0,0,0,0,0,0,0,0,0,0,0,0,0
2026-03-12,Walle,0,0,0,0,0,0,0,0,0,0,0,0,0,0,0
2026-03-12,Woltmershausen,0,0,0,0,0,0,0,0,0,0,0,0,0,0,0
2026-03-12,Östliche Vorstadt,0,0,0,0,0,0,0,0,0,0,0,0,0,0,0
2026-03-13,Blockland,0,0,0,0,0,0,0,0,0,0,0,0,0,0,0
2026-03-13,Blumenthal,0,0,0,0,0,0,0,0,0,0,0,0,0,0,0
2026-03-13,Borgfeld,0,0,0,0,0,0,0,0,0,0,0,0,0,0,0
2026-03-13,Burglesum,0,0,0,0,0,0,0,0,0,0,0,0,0,0,0
2026-03-13,Findorff,1,0,0,0,0,0,1,0,0,0,0,0,0,0,0
2026-03-13,Gröpelingen,0,0,0,0,0,0,0,0,0,0,0,0,0,0,0
2026-03-13,Hemelingen,0,0,0,0,0,0,0,0,0,0,0,0,0,0,0
2026-03-13,Horn-Lehe,0,0,0,0,0,0,0,0,0,0,0,0,0,0,0
2026-03-13,Huchting,0,0,0,0,0,0,0,0,0,0,0,0,0,0,0
2026-03-13,Häfen,0,0,0,0,0,0,0,0,0,0,0,0,0,0,0
2026-03-13,Mitte,0,0,0,0,0,0,0,0,0,0,0,0,0,0,0
2026-03-13,Neustadt,0,0,0,0,0,0,0,0,0,0,0,0,0,0,0
2026-03-13,Oberneuland,0,0,0,0,0,0,0,0,0,0,0,0,0,0,0
2026-03-13,Obervieland,0,0,0,0,0,0,0,0,0,0,0,0,0,0,0
2026-03-13,Osterholz,0,0,0,0,0,0,0,0,0,0,0,0,0,0,0
2026-03-13,Schwachhausen,0,0,0,0,0,0,0,0,0,0,0,0,0,0,0
2026-03-13,Seehausen,0,0,0,0,0,0,0,0,0,0,0,0,0,0,0
2026-03-13,Strom,0,0,0,0,0,0,0,0,0,0,0,0,0,0,0
2026-03-13,Vahr,0,0,0,0,0,0,0,0,0,0,0,0,0,0,0
2026-03-13,Vegesack,0,0,0,0,0,0,0,0,0,0,0,0,0,0,0
2026-03-13,Walle,0,0,0,0,0,0,0,0,0,0,0,0,0,0,0
2026-03-13,Woltmershausen,0,0,0,0,0,0,0,0,0,0,0,0,0,0,0
2026-03-13,Östliche Vorstadt,0,0,0,0,0,0,0,0,0,0,0,0,0,0,0
2026-03-14,Blockland,0,0,0,0,0,0,0,0,0,0,0,0,0,0,0
2026-03-14,Blumenthal,0,0,0,0,0,0,0,0,0,0,0,0,0,0,0
2026-03-14,Borgfeld,0,0,0,0,0,0,0,0,0,0,0,0,0,0,0
2026-03-14,Burglesum,0,0,0,0,0,0,0,0,0,0,0,0,0,0,0
2026-03-14,Findorff,0,0,0,0,0,0,0,0,0,0,0,0,0,0,0
2026-03-14,Gröpelingen,0,0,0,0,0,0,0,0,0,0,0,0,0,0,0
2026-03-14,Hemelingen,0,0,0,0,0,0,0,0,0,0,0,0,0,0,0
2026-03-14,Horn-Lehe,0,0,0,0,0,0,0,0,0,0,0,0,0,0,0
2026-03-14,Huchting,0,0,0,0,0,0,0,0,0,0,0,0,0,0,0
2026-03-14,Häfen,0,0,0,0,0,0,0,0,0,0,0,0,0,0,0
2026-03-14,Mitte,0,0,0,0,0,0,0,0,0,0,0,0,0,0,0
2026-03-14,Neustadt,0,0,0,0,0,0,0,0,0,0,0,0,0,0,0
2026-03-14,Oberneuland,0,0,0,0,0,0,0,0,0,0,0,0,0,0,0
2026-03-14,Obervieland,0,0,0,0,0,0,0,0,0,0,0,0,0,0,0
2026-03-14,Osterholz,0,0,0,0,0,0,0,0,0,0,0,0,0,0,0
2026-03-14,Schwachhausen,0,0,0,0,0,0,0,0,0,0,0,0,0,0,0
2026-03-14,Seehausen,0,0,0,0,0,0,0,0,0,0,0,0,0,0,0
2026-03-14,Strom,0,0,0,0,0,0,0,0,0,0,0,0,0,0,0
2026-03-14,Vahr,0,0,0,0,0,0,0,0,0,0,0,0,0,0,0
2026-03-14,Vegesack,0,0,0,0,0,0,0,0,0,0,0,0,0,0,0
2026-03-14,Walle,0,0,0,0,0,0,0,0,0,0,0,0,0,0,0
2026-03-14,Woltmershausen,0,0,0,0,0,0,0,0,0,0,0,0,0,0,0
2026-03-14,Östliche Vorstadt,0,0,0,0,0,0,0,0,0,0,0,0,0,0,0
2026-03-15,Blockland,0,0,0,0,0,0,0,0,0,0,0,0,0,0,0
2026-03-15,Blumenthal,0,0,0,0,0,0,0,0,0,0,0,0,0,0,0
2026-03-15,Borgfeld,0,0,0,0,0,0,0,0,0,0,0,0,0,0,0
2026-03-15,Burglesum,0,0,0,0,0,0,0,0,0,0,0,0,0,0,0
2026-03-15,Findorff,0,0,0,0,0,0,0,0,0,0,0,0,0,0,0
2026-03-15,Gröpelingen,0,0,0,0,0,0,0,0,0,0,0,0,0,0,0
2026-03-15,Hemelingen,0,0,0,0,0,0,0,0,0,0,0,0,0,0,0
2026-03-15,Horn-Lehe,0,0,0,0,0,0,0,0,0,0,0,0,0,0,0
2026-03-15,Huchting,0,0,0,0,0,0,0,0,0,0,0,0,0,0,0
2026-03-15,Häfen,0,0,0,0,0,0,0,0,0,0,0,0,0,0,0
2026-03-15,Mitte,0,0,0,0,0,0,0,0,0,0,0,0,0,0,0
2026-03-15,Neustadt,0,0,0,0,0,0,0,0,0,0,0,0,0,0,0
2026-03-15,Oberneuland,0,0,0,0,0,0,0,0,0,0,0,0,0,0,0
2026-03-15,Obervieland,0,0,0,0,0,0,0,0,0,0,0,0,0,0,0
2026-03-15,Osterholz,0,0,0,0,0,0,0,0,0,0,0,0,0,0,0
2026-03-15,Schwachhausen,0,0,0,0,0,0,0,0,0,0,0,0,0,0,0
2026-03-15,Seehausen,0,0,0,0,0,0,0,0,0,0,0,0,0,0,0
2026-03-15,Strom,0,0,0,0,0,0,0,0,0,0,0,0,0,0,0
2026-03-15,Vahr,0,0,0,0,0,0,0,0,0,0,0,0,0,0,0
2026-03-15,Vegesack,0,0,0,0,0,0,0,0,0,0,0,0,0,0,0
2026-03-15,Walle,0,0,0,0,0,0,0,0,0,0,0,0,0,0,0
2026-03-15,Woltmershausen,0,0,0,0,0,0,0,0,0,0,0,0,0,0,0
2026-03-15,Östliche Vorstadt,0,0,0,0,0,0,0,0,0,0,0,0,0,0,0
2026-03-16,Blockland,0,0,0,0,0,0,0,0,0,0,0,0,0,0,0
2026-03-16,Blumenthal,0,0,0,0,0,0,0,0,0,0,0,0,0,0,0
2026-03-16,Borgfeld,0,0,0,0,0,0,0,0,0,0,0,0,0,0,0
2026-03-16,Burglesum,0,0,0,0,0,0,0,0,0,0,0,0,0,0,0
2026-03-16,Findorff,0,0,0,0,0,0,0,0,0,0,0,0,0,0,0
2026-03-16,Gröpelingen,0,0,0,0,0,0,0,0,0,0,0,0,0,0,0
2026-03-16,Hemelingen,0,0,0,0,0,0,0,0,0,0,0,0,0,0,0
2026-03-16,Horn-Lehe,0,0,0,0,0,0,0,0,0,0,0,0,0,0,0
2026-03-16,Huchting,0,0,0,0,0,0,0,0,0,0,0,0,0,0,0
2026-03-16,Häfen,0,0,0,0,0,0,0,0,0,0,0,0,0,0,0
2026-03-16,Mitte,1,0,0,0,0,0,1,0,0,0,0,0,0,0,0
2026-03-16,Neustadt,0,0,0,0,0,0,0,0,0,0,0,0,0,0,0
2026-03-16,Oberneuland,0,0,0,0,0,0,0,0,0,0,0,0,0,0,0
2026-03-16,Obervieland,0,0,0,0,0,0,0,0,0,0,0,0,0,0,0
2026-03-16,Osterholz,0,0,0,0,0,0,0,0,0,0,0,0,0,0,0
2026-03-16,Schwachhausen,0,0,0,0,0,0,0,0,0,0,0,0,0,0,0
2026-03-16,Seehausen,0,0,0,0,0,0,0,0,0,0,0,0,0,0,0
2026-03-16,Strom,0,0,0,0,0,0,0,0,0,0,0,0,0,0,0
2026-03-16,Vahr,0,0,0,0,0,0,0,0,0,0,0,0,0,0,0
2026-03-16,Vegesack,0,0,0,0,0,0,0,0,0,0,0,0,0,0,0
2026-03-16,Walle,0,0,0,0,0,0,0,0,0,0,0,0,0,0,0
2026-03-16,Woltmershausen,0,0,0,0,0,0,0,0,0,0,0,0,0,0,0
2026-03-16,Östliche Vorstadt,0,0,0,0,0,0,0,0,0,0,0,0,0,0,0
2026-03-17,Blockland,0,0,0,0,0,0,0,0,0,0,0,0,0,0,0
2026-03-17,Blumenthal,0,0,0,0,0,0,0,0,0,0,0,0,0,0,0
2026-03-17,Borgfeld,0,0,0,0,0,0,0,0,0,0,0,0,0,0,0
2026-03-17,Burglesum,0,0,0,0,0,0,0,0,0,0,0,0,0,0,0
2026-03-17,Findorff,0,0,0,0,0,0,0,0,0,0,0,0,0,0,0
2026-03-17,Gröpelingen,0,0,0,0,0,0,0,0,0,0,0,0,0,0,0
2026-03-17,Hemelingen,0,0,0,0,0,0,0,0,0,0,0,0,0,0,0
2026-03-17,Horn-Lehe,0,0,0,0,0,0,0,0,0,0,0,0,0,0,0
2026-03-17,Huchting,0,0,0,0,0,0,0,0,0,0,0,0,0,0,0
2026-03-17,Häfen,0,0,0,0,0,0,0,0,0,0,0,0,0,0,0
2026-03-17,Mitte,0,0,0,0,0,0,0,0,0,0,0,0,0,0,0
2026-03-17,Neustadt,2,0,0,0,0,0,0,0,0,0,0,0,1,0,1
2026-03-17,Oberneuland,0,0,0,0,0,0,0,0,0,0,0,0,0,0,0
2026-03-17,Obervieland,0,0,0,0,0,0,0,0,0,0,0,0,0,0,0
2026-03-17,Osterholz,0,0,0,0,0,0,0,0,0,0,0,0,0,0,0
2026-03-17,Schwachhausen,0,0,0,0,0,0,0,0,0,0,0,0,0,0,0
2026-03-17,Seehausen,0,0,0,0,0,0,0,0,0,0,0,0,0,0,0
2026-03-17,Strom,0,0,0,0,0,0,0,0,0,0,0,0,0,0,0
2026-03-17,Vahr,0,0,0,0,0,0,0,0,0,0,0,0,0,0,0
2026-03-17,Vegesack,0,0,0,0,0,0,0,0,0,0,0,0,0,0,0
2026-03-17,Walle,0,0,0,0,0,0,0,0,0,0,0,0,0,0,0
2026-03-17,Woltmershausen,0,0,0,0,0,0,0,0,0,0,0,0,0,0,0
2026-03-17,Östliche Vorstadt,0,0,0,0,0,0,0,0,0,0,0,0,0,0,0
2026-03-18,Blockland,0,0,0,0,0,0,0,0,0,0,0,0,0,0,0
2026-03-18,Blumenthal,0,0,0,0,0,0,0,0,0,0,0,0,0,0,0
2026-03-18,Borgfeld,0,0,0,0,0,0,0,0,0,0,0,0,0,0,0
2026-03-18,Burglesum,0,0,0,0,0,0,0,0,0,0,0,0,0,0,0
2026-03-18,Findorff,0,0,0,0,0,0,0,0,0,0,0,0,0,0,0
2026-03-18,Gröpelingen,0,0,0,0,0,0,0,0,0,0,0,0,0,0,0
2026-03-18,Hemelingen,0,0,0,0,0,0,0,0,0,0,0,0,0,0,0
2026-03-18,Horn-Lehe,0,0,0,0,0,0,0,0,0,0,0,0,0,0,0
2026-03-18,Huchting,0,0,0,0,0,0,0,0,0,0,0,0,0,0,0
2026-03-18,Häfen,0,0,0,0,0,0,0,0,0,0,0,0,0,0,0
2026-03-18,Mitte,1,0,0,0,0,0,0,0,0,0,0,1,0,0,0
2026-03-18,Neustadt,0,0,0,0,0,0,0,0,0,0,0,0,0,0,0
2026-03-18,Oberneuland,0,0,0,0,0,0,0,0,0,0,0,0,0,0,0
2026-03-18,Obervieland,0,0,0,0,0,0,0,0,0,0,0,0,0,0,0
2026-03-18,Osterholz,0,0,0,0,0,0,0,0,0,0,0,0,0,0,0
2026-03-18,Schwachhausen,0,0,0,0,0,0,0,0,0,0,0,0,0,0,0
2026-03-18,Seehausen,0,0,0,0,0,0,0,0,0,0,0,0,0,0,0
2026-03-18,Strom,0,0,0,0,0,0,0,0,0,0,0,0,0,0,0
2026-03-18,Vahr,0,0,0,0,0,0,0,0,0,0,0,0,0,0,0
2026-03-18,Vegesack,0,0,0,0,0,0,0,0,0,0,0,0,0,0,0
2026-03-18,Walle,0,0,0,0,0,0,0,0,0,0,0,0,0,0,0
2026-03-18,Woltmershausen,0,0,0,0,0,0,0,0,0,0,0,0,0,0,0
2026-03-18,Östliche Vorstadt,0,0,0,0,0,0,0,0,0,0,0,0,0,0,0
2026-03-19,Blockland,0,0,0,0,0,0,0,0,0,0,0,0,0,0,0
2026-03-19,Blumenthal,0,0,0,0,0,0,0,0,0,0,0,0,0,0,0
2026-03-19,Borgfeld,0,0,0,0,0,0,0,0,0,0,0,0,0,0,0
2026-03-19,Burglesum,0,0,0,0,0,0,0,0,0,0,0,0,0,0,0
2026-03-19,Findorff,0,0,0,0,0,0,0,0,0,0,0,0,0,0,0
2026-03-19,Gröpelingen,0,0,0,0,0,0,0,0,0,0,0,0,0,0,0
2026-03-19,Hemelingen,0,0,0,0,0,0,0,0,0,0,0,0,0,0,0
2026-03-19,Horn-Lehe,0,0,0,0,0,0,0,0,0,0,0,0,0,0,0
2026-03-19,Huchting,1,0,0,0,0,0,0,0,1,0,0,0,0,0,0
2026-03-19,Häfen,0,0,0,0,0,0,0,0,0,0,0,0,0,0,0
2026-03-19,Mitte,0,0,0,0,0,0,0,0,0,0,0,0,0,0,0
2026-03-19,Neustadt,0,0,0,0,0,0,0,0,0,0,0,0,0,0,0
2026-03-19,Oberneuland,0,0,0,0,0,0,0,0,0,0,0,0,0,0,0
2026-03-19,Obervieland,1,0,0,1,0,0,0,0,0,0,0,0,0,0,0
2026-03-19,Osterholz,0,0,0,0,0,0,0,0,0,0,0,0,0,0,0
2026-03-19,Schwachhausen,0,0,0,0,0,0,0,0,0,0,0,0,0,0,0
2026-03-19,Seehausen,0,0,0,0,0,0,0,0,0,0,0,0,0,0,0
2026-03-19,Strom,0,0,0,0,0,0,0,0,0,0,0,0,0,0,0
2026-03-19,Vahr,0,0,0,0,0,0,0,0,0,0,0,0,0,0,0
2026-03-19,Vegesack,0,0,0,0,0,0,0,0,0,0,0,0,0,0,0
2026-03-19,Walle,0,0,0,0,0,0,0,0,0,0,0,0,0,0,0
2026-03-19,Woltmershausen,1,0,0,0,0,0,0,0,0,0,0,0,0,0,1
2026-03-19,Östliche Vorstadt,0,0,0,0,0,0,0,0,0,0,0,0,0,0,0
2026-03-20,Blockland,0,0,0,0,0,0,0,0,0,0,0,0,0,0,0
2026-03-20,Blumenthal,0,0,0,0,0,0,0,0,0,0,0,0,0,0,0
2026-03-20,Borgfeld,0,0,0,0,0,0,0,0,0,0,0,0,0,0,0
2026-03-20,Burglesum,0,0,0,0,0,0,0,0,0,0,0,0,0,0,0
2026-03-20,Findorff,0,0,0,0,0,0,0,0,0,0,0,0,0,0,0
2026-03-20,Gröpelingen,0,0,0,0,0,0,0,0,0,0,0,0,0,0,0
2026-03-20,Hemelingen,0,0,0,0,0,0,0,0,0,0,0,0,0,0,0
2026-03-20,Horn-Lehe,0,0,0,0,0,0,0,0,0,0,0,0,0,0,0
2026-03-20,Huchting,0,0,0,0,0,0,0,0,0,0,0,0,0,0,0
2026-03-20,Häfen,0,0,0,0,0,0,0,0,0,0,0,0,0,0,0
2026-03-20,Mitte,0,0,0,0,0,0,0,0,0,0,0,0,0,0,0
2026-03-20,Neustadt,1,0,0,0,0,0,0,0,0,0,0,0,0,0,1
2026-03-20,Oberneuland,0,0,0,0,0,0,0,0,0,0,0,0,0,0,0
2026-03-20,Obervieland,0,0,0,0,0,0,0,0,0,0,0,0,0,0,0
2026-03-20,Osterholz,0,0,0,0,0,0,0,0,0,0,0,0,0,0,0
2026-03-20,Schwachhausen,0,0,0,0,0,0,0,0,0,0,0,0,0,0,0
2026-03-20,Seehausen,0,0,0,0,0,0,0,0,0,0,0,0,0,0,0
2026-03-20,Strom,0,0,0,0,0,0,0,0,0,0,0,0,0,0,0
2026-03-20,Vahr,0,0,0,0,0,0,0,0,0,0,0,0,0,0,0
2026-03-20,Vegesack,0,0,0,0,0,0,0,0,0,0,0,0,0,0,0
2026-03-20,Walle,0,0,0,0,0,0,0,0,0,0,0,0,0,0,0
2026-03-20,Woltmershausen,0,0,0,0,0,0,0,0,0,0,0,0,0,0,0
2026-03-20,Östliche Vorstadt,1,0,0,0,0,0,0,1,0,0,0,0,0,0,0
2026-03-21,Blockland,0,0,0,0,0,0,0,0,0,0,0,0,0,0,0
2026-03-21,Blumenthal,0,0,0,0,0,0,0,0,0,0,0,0,0,0,0
2026-03-21,Borgfeld,1,0,0,0,0,0,0,0,0,0,0,0,1,0,0
2026-03-21,Burglesum,0,0,0,0,0,0,0,0,0,0,0,0,0,0,0
2026-03-21,Findorff,1,0,0,0,0,0,0,0,1,0,0,0,0,0,0
2026-03-21,Gröpelingen,0,0,0,0,0,0,0,0,0,0,0,0,0,0,0
2026-03-21,Hemelingen,0,0,0,0,0,0,0,0,0,0,0,0,0,0,0
2026-03-21,Horn-Lehe,0,0,0,0,0,0,0,0,0,0,0,0,0,0,0
2026-03-21,Huchting,0,0,0,0,0,0,0,0,0,0,0,0,0,0,0
2026-03-21,Häfen,0,0,0,0,0,0,0,0,0,0,0,0,0,0,0
2026-03-21,Mitte,2,0,0,1,0,0,0,1,0,0,0,0,0,0,0
2026-03-21,Neustadt,0,0,0,0,0,0,0,0,0,0,0,0,0,0,0
2026-03-21,Oberneuland,0,0,0,0,0,0,0,0,0,0,0,0,0,0,0
2026-03-21,Obervieland,0,0,0,0,0,0,0,0,0,0,0,0,0,0,0
2026-03-21,Osterholz,0,0,0,0,0,0,0,0,0,0,0,0,0,0,0
2026-03-21,Schwachhausen,0,0,0,0,0,0,0,0,0,0,0,0,0,0,0
2026-03-21,Seehausen,0,0,0,0,0,0,0,0,0,0,0,0,0,0,0
2026-03-21,Strom,0,0,0,0,0,0,0,0,0,0,0,0,0,0,0
2026-03-21,Vahr,0,0,0,0,0,0,0,0,0,0,0,0,0,0,0
2026-03-21,Vegesack,0,0,0,0,0,0,0,0,0,0,0,0,0,0,0
2026-03-21,Walle,0,0,0,0,0,0,0,0,0,0,0,0,0,0,0
2026-03-21,Woltmershausen,0,0,0,0,0,0,0,0,0,0,0,0,0,0,0
2026-03-21,Östliche Vorstadt,0,0,0,0,0,0,0,0,0,0,0,0,0,0,0
2026-03-22,Blockland,0,0,0,0,0,0,0,0,0,0,0,0,0,0,0
2026-03-22,Blumenthal,0,0,0,0,0,0,0,0,0,0,0,0,0,0,0
2026-03-22,Borgfeld,0,0,0,0,0,0,0,0,0,0,0,0,0,0,0
2026-03-22,Burglesum,0,0,0,0,0,0,0,0,0,0,0,0,0,0,0
2026-03-22,Findorff,0,0,0,0,0,0,0,0,0,0,0,0,0,0,0
2026-03-22,Gröpelingen,0,0,0,0,0,0,0,0,0,0,0,0,0,0,0
2026-03-22,Hemelingen,0,0,0,0,0,0,0,0,0,0,0,0,0,0,0
2026-03-22,Horn-Lehe,0,0,0,0,0,0,0,0,0,0,0,0,0,0,0
2026-03-22,Huchting,0,0,0,0,0,0,0,0,0,0,0,0,0,0,0
2026-03-22,Häfen,0,0,0,0,0,0,0,0,0,0,0,0,0,0,0
2026-03-22,Mitte,0,0,0,0,0,0,0,0,0,0,0,0,0,0,0
2026-03-22,Neustadt,0,0,0,0,0,0,0,0,0,0,0,0,0,0,0
2026-03-22,Oberneuland,0,0,0,0,0,0,0,0,0,0,0,0,0,0,0
2026-03-22,Obervieland,0,0,0,0,0,0,0,0,0,0,0,0,0,0,0
2026-03-22,Osterholz,0,0,0,0,0,0,0,0,0,0,0,0,0,0,0
2026-03-22,Schwachhausen,0,0,0,0,0,0,0,0,0,0,0,0,0,0,0
2026-03-22,Seehausen,0,0,0,0,0,0,0,0,0,0,0,0,0,0,0
2026-03-22,Strom,0,0,0,0,0,0,0,0,0,0,0,0,0,0,0
2026-03-22,Vahr,0,0,0,0,0,0,0,0,0,0,0,0,0,0,0
2026-03-22,Vegesack,0,0,0,0,0,0,0,0,0,0,0,0,0,0,0
2026-03-22,Walle,0,0,0,0,0,0,0,0,0,0,0,0,0,0,0
2026-03-22,Woltmershausen,0,0,0,0,0,0,0,0,0,0,0,0,0,0,0
2026-03-22,Östliche Vorstadt,0,0,0,0,0,0,0,0,0,0,0,0,0,0,0
2026-03-23,Blockland,0,0,0,0,0,0,0,0,0,0,0,0,0,0,0
2026-03-23,Blumenthal,0,0,0,0,0,0,0,0,0,0,0,0,0,0,0
2026-03-23,Borgfeld,0,0,0,0,0,0,0,0,0,0,0,0,0,0,0
2026-03-23,Burglesum,0,0,0,0,0,0,0,0,0,0,0,0,0,0,0
2026-03-23,Findorff,0,0,0,0,0,0,0,0,0,0,0,0,0,0,0
2026-03-23,Gröpelingen,0,0,0,0,0,0,0,0,0,0,0,0,0,0,0
2026-03-23,Hemelingen,0,0,0,0,0,0,0,0,0,0,0,0,0,0,0
2026-03-23,Horn-Lehe,0,0,0,0,0,0,0,0,0,0,0,0,0,0,0
2026-03-23,Huchting,0,0,0,0,0,0,0,0,0,0,0,0,0,0,0
2026-03-23,Häfen,0,0,0,0,0,0,0,0,0,0,0,0,0,0,0
2026-03-23,Mitte,1,0,0,0,0,0,0,0,0,0,0,1,0,0,0
2026-03-23,Neustadt,0,0,0,0,0,0,0,0,0,0,0,0,0,0,0
2026-03-23,Oberneuland,0,0,0,0,0,0,0,0,0,0,0,0,0,0,0
2026-03-23,Obervieland,0,0,0,0,0,0,0,0,0,0,0,0,0,0,0
2026-03-23,Osterholz,0,0,0,0,0,0,0,0,0,0,0,0,0,0,0
2026-03-23,Schwachhausen,1,0,0,0,1,0,0,0,0,0,0,0,0,0,0
2026-03-23,Seehausen,0,0,0,0,0,0,0,0,0,0,0,0,0,0,0
2026-03-23,Strom,0,0,0,0,0,0,0,0,0,0,0,0,0,0,0
2026-03-23,Vahr,0,0,0,0,0,0,0,0,0,0,0,0,0,0,0
2026-03-23,Vegesack,0,0,0,0,0,0,0,0,0,0,0,0,0,0,0
2026-03-23,Walle,0,0,0,0,0,0,0,0,0,0,0,0,0,0,0
2026-03-23,Woltmershausen,0,0,0,0,0,0,0,0,0,0,0,0,0,0,0
2026-03-23,Östliche Vorstadt,0,0,0,0,0,0,0,0,0,0,0,0,0,0,0
2026-03-24,Blockland,0,0,0,0,0,0,0,0,0,0,0,0,0,0,0
2026-03-24,Blumenthal,0,0,0,0,0,0,0,0,0,0,0,0,0,0,0
2026-03-24,Borgfeld,0,0,0,0,0,0,0,0,0,0,0,0,0,0,0
2026-03-24,Burglesum,0,0,0,0,0,0,0,0,0,0,0,0,0,0,0
2026-03-24,Findorff,0,0,0,0,0,0,0,0,0,0,0,0,0,0,0
2026-03-24,Gröpelingen,0,0,0,0,0,0,0,0,0,0,0,0,0,0,0
2026-03-24,Hemelingen,0,0,0,0,0,0,0,0,0,0,0,0,0,0,0
2026-03-24,Horn-Lehe,0,0,0,0,0,0,0,0,0,0,0,0,0,0,0
2026-03-24,Huchting,0,0,0,0,0,0,0,0,0,0,0,0,0,0,0
2026-03-24,Häfen,0,0,0,0,0,0,0,0,0,0,0,0,0,0,0
2026-03-24,Mitte,0,0,0,0,0,0,0,0,0,0,0,0,0,0,0
2026-03-24,Neustadt,0,0,0,0,0,0,0,0,0,0,0,0,0,0,0
2026-03-24,Oberneuland,0,0,0,0,0,0,0,0,0,0,0,0,0,0,0
2026-03-24,Obervieland,0,0,0,0,0,0,0,0,0,0,0,0,0,0,0
2026-03-24,Osterholz,0,0,0,0,0,0,0,0,0,0,0,0,0,0,0
2026-03-24,Schwachhausen,0,0,0,0,0,0,0,0,0,0,0,0,0,0,0
2026-03-24,Seehausen,0,0,0,0,0,0,0,0,0,0,0,0,0,0,0
2026-03-24,Strom,0,0,0,0,0,0,0,0,0,0,0,0,0,0,0
2026-03-24,Vahr,0,0,0,0,0,0,0,0,0,0,0,0,0,0,0
2026-03-24,Vegesack,0,0,0,0,0,0,0,0,0,0,0,0,0,0,0
2026-03-24,Walle,0,0,0,0,0,0,0,0,0,0,0,0,0,0,0
2026-03-24,Woltmershausen,0,0,0,0,0,0,0,0,0,0,0,0,0,0,0
2026-03-24,Östliche Vorstadt,0,0,0,0,0,0,0,0,0,0,0,0,0,0,0
2026-03-25,Blockland,0,0,0,0,0,0,0,0,0,0,0,0,0,0,0
2026-03-25,Blumenthal,0,0,0,0,0,0,0,0,0,0,0,0,0,0,0
2026-03-25,Borgfeld,0,0,0,0,0,0,0,0,0,0,0,0,0,0,0
2026-03-25,Burglesum,0,0,0,0,0,0,0,0,0,0,0,0,0,0,0
2026-03-25,Findorff,0,0,0,0,0,0,0,0,0,0,0,0,0,0,0
2026-03-25,Gröpelingen,0,0,0,0,0,0,0,0,0,0,0,0,0,0,0
2026-03-25,Hemelingen,0,0,0,0,0,0,0,0,0,0,0,0,0,0,0
2026-03-25,Horn-Lehe,0,0,0,0,0,0,0,0,0,0,0,0,0,0,0
2026-03-25,Huchting,0,0,0,0,0,0,0,0,0,0,0,0,0,0,0
2026-03-25,Häfen,0,0,0,0,0,0,0,0,0,0,0,0,0,0,0
2026-03-25,Mitte,1,1,0,0,0,0,0,0,0,0,0,0,0,0,0
2026-03-25,Neustadt,0,0,0,0,0,0,0,0,0,0,0,0,0,0,0
2026-03-25,Oberneuland,0,0,0,0,0,0,0,0,0,0,0,0,0,0,0
2026-03-25,Obervieland,0,0,0,0,0,0,0,0,0,0,0,0,0,0,0
2026-03-25,Osterholz,0,0,0,0,0,0,0,0,0,0,0,0,0,0,0
2026-03-25,Schwachhausen,0,0,0,0,0,0,0,0,0,0,0,0,0,0,0
2026-03-25,Seehausen,0,0,0,0,0,0,0,0,0,0,0,0,0,0,0
2026-03-25,Strom,0,0,0,0,0,0,0,0,0,0,0,0,0,0,0
2026-03-25,Vahr,0,0,0,0,0,0,0,0,0,0,0,0,0,0,0
2026-03-25,Vegesack,0,0,0,0,0,0,0,0,0,0,0,0,0,0,0
2026-03-25,Walle,0,0,0,0,0,0,0,0,0,0,0,0,0,0,0
2026-03-25,Woltmershausen,0,0,0,0,0,0,0,0,0,0,0,0,0,0,0
2026-03-25,Östliche Vorstadt,0,0,0,0,0,0,0,0,0,0,0,0,0,0,0
2026-03-26,Blockland,0,0,0,0,0,0,0,0,0,0,0,0,0,0,0
2026-03-26,Blumenthal,0,0,0,0,0,0,0,0,0,0,0,0,0,0,0
2026-03-26,Borgfeld,0,0,0,0,0,0,0,0,0,0,0,0,0,0,0
2026-03-26,Burglesum,0,0,0,0,0,0,0,0,0,0,0,0,0,0,0
2026-03-26,Findorff,0,0,0,0,0,0,0,0,0,0,0,0,0,0,0
2026-03-26,Gröpelingen,0,0,0,0,0,0,0,0,0,0,0,0,0,0,0
2026-03-26,Hemelingen,0,0,0,0,0,0,0,0,0,0,0,0,0,0,0
2026-03-26,Horn-Lehe,0,0,0,0,0,0,0,0,0,0,0,0,0,0,0
2026-03-26,Huchting,0,0,0,0,0,0,0,0,0,0,0,0,0,0,0
2026-03-26,Häfen,0,0,0,0,0,0,0,0,0,0,0,0,0,0,0
2026-03-26,Mitte,1,0,0,0,0,0,0,0,0,0,0,0,0,0,1
2026-03-26,Neustadt,1,0,0,0,0,0,0,0,0,0,0,0,0,0,1
2026-03-26,Oberneuland,0,0,0,0,0,0,0,0,0,0,0,0,0,0,0
2026-03-26,Obervieland,0,0,0,0,0,0,0,0,0,0,0,0,0,0,0
2026-03-26,Osterholz,1,0,0,0,0,0,0,1,0,0,0,0,0,0,0
2026-03-26,Schwachhausen,0,0,0,0,0,0,0,0,0,0,0,0,0,0,0
2026-03-26,Seehausen,0,0,0,0,0,0,0,0,0,0,0,0,0,0,0
2026-03-26,Strom,0,0,0,0,0,0,0,0,0,0,0,0,0,0,0
2026-03-26,Vahr,0,0,0,0,0,0,0,0,0,0,0,0,0,0,0
2026-03-26,Vegesack,0,0,0,0,0,0,0,0,0,0,0,0,0,0,0
2026-03-26,Walle,0,0,0,0,0,0,0,0,0,0,0,0,0,0,0
2026-03-26,Woltmershausen,0,0,0,0,0,0,0,0,0,0,0,0,0,0,0
2026-03-26,Östliche Vorstadt,1,0,0,0,0,0,0,0,0,0,0,0,1,0,0
2026-03-27,Blockland,0,0,0,0,0,0,0,0,0,0,0,0,0,0,0
2026-03-27,Blumenthal,0,0,0,0,0,0,0,0,0,0,0,0,0,0,0
2026-03-27,Borgfeld,0,0,0,0,0,0,0,0,0,0,0,0,0,0,0
2026-03-27,Burglesum,0,0,0,0,0,0,0,0,0,0,0,0,0,0,0
2026-03-27,Findorff,2,0,0,0,0,0,0,0,2,0,0,0,0,0,0
2026-03-27,Gröpelingen,0,0,0,0,0,0,0,0,0,0,0,0,0,0,0
2026-03-27,Hemelingen,0,0,0,0,0,0,0,0,0,0,0,0,0,0,0
2026-03-27,Horn-Lehe,0,0,0,0,0,0,0,0,0,0,0,0,0,0,0
2026-03-27,Huchting,0,0,0,0,0,0,0,0,0,0,0,0,0,0,0
2026-03-27,Häfen,0,0,0,0,0,0,0,0,0,0,0,0,0,0,0
2026-03-27,Mitte,1,0,0,1,0,0,0,0,0,0,0,0,0,0,0
2026-03-27,Neustadt,1,0,0,0,0,0,0,0,0,0,0,1,0,0,0
2026-03-27,Oberneuland,0,0,0,0,0,0,0,0,0,0,0,0,0,0,0
2026-03-27,Obervieland,0,0,0,0,0,0,0,0,0,0,0,0,0,0,0
2026-03-27,Osterholz,0,0,0,0,0,0,0,0,0,0,0,0,0,0,0
2026-03-27,Schwachhausen,0,0,0,0,0,0,0,0,0,0,0,0,0,0,0
2026-03-27,Seehausen,0,0,0,0,0,0,0,0,0,0,0,0,0,0,0
2026-03-27,Strom,0,0,0,0,0,0,0,0,0,0,0,0,0,0,0
2026-03-27,Vahr,0,0,0,0,0,0,0,0,0,0,0,0,0,0,0
2026-03-27,Vegesack,1,1,0,0,0,0,0,0,0,0,0,0,0,0,0
2026-03-27,Walle,0,0,0,0,0,0,0,0,0,0,0,0,0,0,0
2026-03-27,Woltmershausen,0,0,0,0,0,0,0,0,0,0,0,0,0,0,0
2026-03-27,Östliche Vorstadt,0,0,0,0,0,0,0,0,0,0,0,0,0,0,0
2026-03-28,Blockland,0,0,0,0,0,0,0,0,0,0,0,0,0,0,0
2026-03-28,Blumenthal,0,0,0,0,0,0,0,0,0,0,0,0,0,0,0
2026-03-28,Borgfeld,0,0,0,0,0,0,0,0,0,0,0,0,0,0,0
2026-03-28,Burglesum,0,0,0,0,0,0,0,0,0,0,0,0,0,0,0
2026-03-28,Findorff,0,0,0,0,0,0,0,0,0,0,0,0,0,0,0
2026-03-28,Gröpelingen,0,0,0,0,0,0,0,0,0,0,0,0,0,0,0
2026-03-28,Hemelingen,0,0,0,0,0,0,0,0,0,0,0,0,0,0,0
2026-03-28,Horn-Lehe,0,0,0,0,0,0,0,0,0,0,0,0,0,0,0
2026-03-28,Huchting,0,0,0,0,0,0,0,0,0,0,0,0,0,0,0
2026-03-28,Häfen,0,0,0,0,0,0,0,0,0,0,0,0,0,0,0
2026-03-28,Mitte,0,0,0,0,0,0,0,0,0,0,0,0,0,0,0
2026-03-28,Neustadt,2,0,0,0,0,0,0,0,0,0,0,2,0,0,0
2026-03-28,Oberneuland,0,0,0,0,0,0,0,0,0,0,0,0,0,0,0
2026-03-28,Obervieland,0,0,0,0,0,0,0,0,0,0,0,0,0,0,0
2026-03-28,Osterholz,0,0,0,0,0,0,0,0,0,0,0,0,0,0,0
2026-03-28,Schwachhausen,0,0,0,0,0,0,0,0,0,0,0,0,0,0,0
2026-03-28,Seehausen,0,0,0,0,0,0,0,0,0,0,0,0,0,0,0
2026-03-28,Strom,0,0,0,0,0,0,0,0,0,0,0,0,0,0,0
2026-03-28,Vahr,0,0,0,0,0,0,0,0,0,0,0,0,0,0,0
2026-03-28,Vegesack,0,0,0,0,0,0,0,0,0,0,0,0,0,0,0
2026-03-28,Walle,0,0,0,0,0,0,0,0,0,0,0,0,0,0,0
2026-03-28,Woltmershausen,0,0,0,0,0,0,0,0,0,0,0,0,0,0,0
2026-03-28,Östliche Vorstadt,0,0,0,0,0,0,0,0,0,0,0,0,0,0,0
2026-03-29,Blockland,0,0,0,0,0,0,0,0,0,0,0,0,0,0,0
2026-03-29,Blumenthal,0,0,0,0,0,0,0,0,0,0,0,0,0,0,0
2026-03-29,Borgfeld,0,0,0,0,0,0,0,0,0,0,0,0,0,0,0
2026-03-29,Burglesum,0,0,0,0,0,0,0,0,0,0,0,0,0,0,0
2026-03-29,Findorff,0,0,0,0,0,0,0,0,0,0,0,0,0,0,0
2026-03-29,Gröpelingen,0,0,0,0,0,0,0,0,0,0,0,0,0,0,0
2026-03-29,Hemelingen,0,0,0,0,0,0,0,0,0,0,0,0,0,0,0
2026-03-29,Horn-Lehe,0,0,0,0,0,0,0,0,0,0,0,0,0,0,0
2026-03-29,Huchting,0,0,0,0,0,0,0,0,0,0,0,0,0,0,0
2026-03-29,Häfen,0,0,0,0,0,0,0,0,0,0,0,0,0,0,0
2026-03-29,Mitte,0,0,0,0,0,0,0,0,0,0,0,0,0,0,0
2026-03-29,Neustadt,1,0,0,0,0,0,0,0,0,0,0,0,1,0,0
2026-03-29,Oberneuland,0,0,0,0,0,0,0,0,0,0,0,0,0,0,0
2026-03-29,Obervieland,0,0,0,0,0,0,0,0,0,0,0,0,0,0,0
2026-03-29,Osterholz,0,0,0,0,0,0,0,0,0,0,0,0,0,0,0
2026-03-29,Schwachhausen,0,0,0,0,0,0,0,0,0,0,0,0,0,0,0
2026-03-29,Seehausen,0,0,0,0,0,0,0,0,0,0,0,0,0,0,0
2026-03-29,Strom,0,0,0,0,0,0,0,0,0,0,0,0,0,0,0
2026-03-29,Vahr,0,0,0,0,0,0,0,0,0,0,0,0,0,0,0
2026-03-29,Vegesack,0,0,0,0,0,0,0,0,0,0,0,0,0,0,0
2026-03-29,Walle,0,0,0,0,0,0,0,0,0,0,0,0,0,0,0
2026-03-29,Woltmershausen,0,0,0,0,0,0,0,0,0,0,0,0,0,0,0
2026-03-29,Östliche Vorstadt,0,0,0,0,0,0,0,0,0,0,0,0,0,0,0
2026-03-30,Blockland,0,0,0,0,0,0,0,0,0,0,0,0,0,0,0
2026-03-30,Blumenthal,0,0,0,0,0,0,0,0,0,0,0,0,0,0,0
2026-03-30,Borgfeld,0,0,0,0,0,0,0,0,0,0,0,0,0,0,0
2026-03-30,Burglesum,0,0,0,0,0,0,0,0,0,0,0,0,0,0,0
2026-03-30,Findorff,0,0,0,0,0,0,0,0,0,0,0,0,0,0,0
2026-03-30,Gröpelingen,0,0,0,0,0,0,0,0,0,0,0,0,0,0,0
2026-03-30,Hemelingen,1,0,0,0,0,0,0,0,0,0,0,0,0,0,1
2026-03-30,Horn-Lehe,0,0,0,0,0,0,0,0,0,0,0,0,0,0,0
2026-03-30,Huchting,0,0,0,0,0,0,0,0,0,0,0,0,0,0,0
2026-03-30,Häfen,0,0,0,0,0,0,0,0,0,0,0,0,0,0,0
2026-03-30,Mitte,1,0,0,1,0,0,0,0,0,0,0,0,0,0,0
2026-03-30,Neustadt,0,0,0,0,0,0,0,0,0,0,0,0,0,0,0
2026-03-30,Oberneuland,0,0,0,0,0,0,0,0,0,0,0,0,0,0,0
2026-03-30,Obervieland,0,0,0,0,0,0,0,0,0,0,0,0,0,0,0
2026-03-30,Osterholz,0,0,0,0,0,0,0,0,0,0,0,0,0,0,0
2026-03-30,Schwachhausen,0,0,0,0,0,0,0,0,0,0,0,0,0,0,0
2026-03-30,Seehausen,0,0,0,0,0,0,0,0,0,0,0,0,0,0,0
2026-03-30,Strom,0,0,0,0,0,0,0,0,0,0,0,0,0,0,0
2026-03-30,Vahr,0,0,0,0,0,0,0,0,0,0,0,0,0,0,0
2026-03-30,Vegesack,0,0,0,0,0,0,0,0,0,0,0,0,0,0,0
2026-03-30,Walle,0,0,0,0,0,0,0,0,0,0,0,0,0,0,0
2026-03-30,Woltmershausen,0,0,0,0,0,0,0,0,0,0,0,0,0,0,0
2026-03-30,Östliche Vorstadt,0,0,0,0,0,0,0,0,0,0,0,0,0,0,0
2026-03-31,Blockland,0,0,0,0,0,0,0,0,0,0,0,0,0,0,0
2026-03-31,Blumenthal,0,0,0,0,0,0,0,0,0,0,0,0,0,0,0
2026-03-31,Borgfeld,0,0,0,0,0,0,0,0,0,0,0,0,0,0,0
2026-03-31,Burglesum,0,0,0,0,0,0,0,0,0,0,0,0,0,0,0
2026-03-31,Findorff,0,0,0,0,0,0,0,0,0,0,0,0,0,0,0
2026-03-31,Gröpelingen,0,0,0,0,0,0,0,0,0,0,0,0,0,0,0
2026-03-31,Hemelingen,0,0,0,0,0,0,0,0,0,0,0,0,0,0,0
2026-03-31,Horn-Lehe,0,0,0,0,0,0,0,0,0,0,0,0,0,0,0
2026-03-31,Huchting,0,0,0,0,0,0,0,0,0,0,0,0,0,0,0
2026-03-31,Häfen,0,0,0,0,0,0,0,0,0,0,0,0,0,0,0
2026-03-31,Mitte,0,0,0,0,0,0,0,0,0,0,0,0,0,0,0
2026-03-31,Neustadt,2,0,0,0,0,0,0,0,0,1,0,1,0,0,0
2026-03-31,Oberneuland,0,0,0,0,0,0,0,0,0,0,0,0,0,0,0
2026-03-31,Obervieland,1,0,0,0,0,0,0,0,0,0,0,1,0,0,0
2026-03-31,Osterholz,0,0,0,0,0,0,0,0,0,0,0,0,0,0,0
2026-03-31,Schwachhausen,0,0,0,0,0,0,0,0,0,0,0,0,0,0,0
2026-03-31,Seehausen,0,0,0,0,0,0,0,0,0,0,0,0,0,0,0
2026-03-31,Strom,0,0,0,0,0,0,0,0,0,0,0,0,0,0,0
2026-03-31,Vahr,0,0,0,0,0,0,0,0,0,0,0,0,0,0,0
2026-03-31,Vegesack,0,0,0,0,0,0,0,0,0,0,0,0,0,0,0
2026-03-31,Walle,0,0,0,0,0,0,0,0,0,0,0,0,0,0,0
2026-03-31,Woltmershausen,0,0,0,0,0,0,0,0,0,0,0,0,0,0,0
2026-03-31,Östliche Vorstadt,0,0,0,0,0,0,0,0,0,0,0,0,0,0,0
2026-04-01,Blockland,0,0,0,0,0,0,0,0,0,0,0,0,0,0,0
2026-04-01,Blumenthal,0,0,0,0,0,0,0,0,0,0,0,0,0,0,0
2026-04-01,Borgfeld,0,0,0,0,0,0,0,0,0,0,0,0,0,0,0
2026-04-01,Burglesum,0,0,0,0,0,0,0,0,0,0,0,0,0,0,0
2026-04-01,Findorff,0,0,0,0,0,0,0,0,0,0,0,0,0,0,0
2026-04-01,Gröpelingen,0,0,0,0,0,0,0,0,0,0,0,0,0,0,0
2026-04-01,Hemelingen,0,0,0,0,0,0,0,0,0,0,0,0,0,0,0
2026-04-01,Horn-Lehe,0,0,0,0,0,0,0,0,0,0,0,0,0,0,0
2026-04-01,Huchting,2,0,0,0,0,0,0,0,0,1,0,1,0,0,0
2026-04-01,Häfen,0,0,0,0,0,0,0,0,0,0,0,0,0,0,0
2026-04-01,Mitte,1,0,0,0,0,0,0,0,1,0,0,0,0,0,0
2026-04-01,Neustadt,1,0,0,0,0,0,0,0,1,0,0,0,0,0,0
2026-04-01,Oberneuland,0,0,0,0,0,0,0,0,0,0,0,0,0,0,0
2026-04-01,Obervieland,0,0,0,0,0,0,0,0,0,0,0,0,0,0,0
2026-04-01,Osterholz,0,0,0,0,0,0,0,0,0,0,0,0,0,0,0
2026-04-01,Schwachhausen,0,0,0,0,0,0,0,0,0,0,0,0,0,0,0
2026-04-01,Seehausen,0,0,0,0,0,0,0,0,0,0,0,0,0,0,0
2026-04-01,Strom,0,0,0,0,0,0,0,0,0,0,0,0,0,0,0
2026-04-01,Vahr,0,0,0,0,0,0,0,0,0,0,0,0,0,0,0
2026-04-01,Vegesack,1,0,0,0,0,0,0,0,0,0,0,0,0,1,0
2026-04-01,Walle,0,0,0,0,0,0,0,0,0,0,0,0,0,0,0
2026-04-01,Woltmershausen,0,0,0,0,0,0,0,0,0,0,0,0,0,0,0
2026-04-01,Östliche Vorstadt,0,0,0,0,0,0,0,0,0,0,0,0,0,0,0
2026-04-02,Blockland,0,0,0,0,0,0,0,0,0,0,0,0,0,0,0
2026-04-02,Blumenthal,0,0,0,0,0,0,0,0,0,0,0,0,0,0,0
2026-04-02,Borgfeld,0,0,0,0,0,0,0,0,0,0,0,0,0,0,0
2026-04-02,Burglesum,0,0,0,0,0,0,0,0,0,0,0,0,0,0,0
2026-04-02,Findorff,0,0,0,0,0,0,0,0,0,0,0,0,0,0,0
2026-04-02,Gröpelingen,1,0,0,0,0,0,0,0,0,0,0,1,0,0,0
2026-04-02,Hemelingen,0,0,0,0,0,0,0,0,0,0,0,0,0,0,0
2026-04-02,Horn-Lehe,0,0,0,0,0,0,0,0,0,0,0,0,0,0,0
2026-04-02,Huchting,0,0,0,0,0,0,0,0,0,0,0,0,0,0,0
2026-04-02,Häfen,0,0,0,0,0,0,0,0,0,0,0,0,0,0,0
2026-04-02,Mitte,0,0,0,0,0,0,0,0,0,0,0,0,0,0,0
2026-04-02,Neustadt,0,0,0,0,0,0,0,0,0,0,0,0,0,0,0
2026-04-02,Oberneuland,0,0,0,0,0,0,0,0,0,0,0,0,0,0,0
2026-04-02,Obervieland,0,0,0,0,0,0,0,0,0,0,0,0,0,0,0
2026-04-02,Osterholz,0,0,0,0,0,0,0,0,0,0,0,0,0,0,0
2026-04-02,Schwachhausen,0,0,0,0,0,0,0,0,0,0,0,0,0,0,0
2026-04-02,Seehausen,0,0,0,0,0,0,0,0,0,0,0,0,0,0,0
2026-04-02,Strom,0,0,0,0,0,0,0,0,0,0,0,0,0,0,0
2026-04-02,Vahr,0,0,0,0,0,0,0,0,0,0,0,0,0,0,0
2026-04-02,Vegesack,0,0,0,0,0,0,0,0,0,0,0,0,0,0,0
2026-04-02,Walle,0,0,0,0,0,0,0,0,0,0,0,0,0,0,0
2026-04-02,Woltmershausen,0,0,0,0,0,0,0,0,0,0,0,0,0,0,0
2026-04-02,Östliche Vorstadt,0,0,0,0,0,0,0,0,0,0,0,0,0,0,0
2026-04-03,Blockland,0,0,0,0,0,0,0,0,0,0,0,0,0,0,0
2026-04-03,Blumenthal,0,0,0,0,0,0,0,0,0,0,0,0,0,0,0
2026-04-03,Borgfeld,0,0,0,0,0,0,0,0,0,0,0,0,0,0,0
2026-04-03,Burglesum,0,0,0,0,0,0,0,0,0,0,0,0,0,0,0
2026-04-03,Findorff,0,0,0,0,0,0,0,0,0,0,0,0,0,0,0
2026-04-03,Gröpelingen,0,0,0,0,0,0,0,0,0,0,0,0,0,0,0
2026-04-03,Hemelingen,0,0,0,0,0,0,0,0,0,0,0,0,0,0,0
2026-04-03,Horn-Lehe,0,0,0,0,0,0,0,0,0,0,0,0,0,0,0
2026-04-03,Huchting,0,0,0,0,0,0,0,0,0,0,0,0,0,0,0
2026-04-03,Häfen,0,0,0,0,0,0,0,0,0,0,0,0,0,0,0
2026-04-03,Mitte,0,0,0,0,0,0,0,0,0,0,0,0,0,0,0
2026-04-03,Neustadt,0,0,0,0,0,0,0,0,0,0,0,0,0,0,0
2026-04-03,Oberneuland,0,0,0,0,0,0,0,0,0,0,0,0,0,0,0
2026-04-03,Obervieland,0,0,0,0,0,0,0,0,0,0,0,0,0,0,0
2026-04-03,Osterholz,0,0,0,0,0,0,0,0,0,0,0,0,0,0,0
2026-04-03,Schwachhausen,0,0,0,0,0,0,0,0,0,0,0,0,0,0,0
2026-04-03,Seehausen,0,0,0,0,0,0,0,0,0,0,0,0,0,0,0
2026-04-03,Strom,0,0,0,0,0,0,0,0,0,0,0,0,0,0,0
2026-04-03,Vahr,0,0,0,0,0,0,0,0,0,0,0,0,0,0,0
2026-04-03,Vegesack,0,0,0,0,0,0,0,0,0,0,0,0,0,0,0
2026-04-03,Walle,0,0,0,0,0,0,0,0,0,0,0,0,0,0,0
2026-04-03,Woltmershausen,0,0,0,0,0,0,0,0,0,0,0,0,0,0,0
2026-04-03,Östliche Vorstadt,0,0,0,0,0,0,0,0,0,0,0,0,0,0,0
2026-04-04,Blockland,0,0,0,0,0,0,0,0,0,0,0,0,0,0,0
2026-04-04,Blumenthal,0,0,0,0,0,0,0,0,0,0,0,0,0,0,0
2026-04-04,Borgfeld,0,0,0,0,0,0,0,0,0,0,0,0,0,0,0
2026-04-04,Burglesum,0,0,0,0,0,0,0,0,0,0,0,0,0,0,0
2026-04-04,Findorff,0,0,0,0,0,0,0,0,0,0,0,0,0,0,0
2026-04-04,Gröpelingen,0,0,0,0,0,0,0,0,0,0,0,0,0,0,0
2026-04-04,Hemelingen,0,0,0,0,0,0,0,0,0,0,0,0,0,0,0
2026-04-04,Horn-Lehe,0,0,0,0,0,0,0,0,0,0,0,0,0,0,0
2026-04-04,Huchting,0,0,0,0,0,0,0,0,0,0,0,0,0,0,0
2026-04-04,Häfen,0,0,0,0,0,0,0,0,0,0,0,0,0,0,0
2026-04-04,Mitte,1,0,0,0,0,0,0,0,0,0,0,1,0,0,0
2026-04-04,Neustadt,0,0,0,0,0,0,0,0,0,0,0,0,0,0,0
2026-04-04,Oberneuland,0,0,0,0,0,0,0,0,0,0,0,0,0,0,0
2026-04-04,Obervieland,0,0,0,0,0,0,0,0,0,0,0,0,0,0,0
2026-04-04,Osterholz,0,0,0,0,0,0,0,0,0,0,0,0,0,0,0
2026-04-04,Schwachhausen,0,0,0,0,0,0,0,0,0,0,0,0,0,0,0
2026-04-04,Seehausen,0,0,0,0,0,0,0,0,0,0,0,0,0,0,0
2026-04-04,Strom,0,0,0,0,0,0,0,0,0,0,0,0,0,0,0
2026-04-04,Vahr,0,0,0,0,0,0,0,0,0,0,0,0,0,0,0
2026-04-04,Vegesack,0,0,0,0,0,0,0,0,0,0,0,0,0,0,0
2026-04-04,Walle,0,0,0,0,0,0,0,0,0,0,0,0,0,0,0
2026-04-04,Woltmershausen,0,0,0,0,0,0,0,0,0,0,0,0,0,0,0
2026-04-04,Östliche Vorstadt,0,0,0,0,0,0,0,0,0,0,0,0,0,0,0
2026-04-05,Blockland,0,0,0,0,0,0,0,0,0,0,0,0,0,0,0
2026-04-05,Blumenthal,0,0,0,0,0,0,0,0,0,0,0,0,0,0,0
2026-04-05,Borgfeld,0,0,0,0,0,0,0,0,0,0,0,0,0,0,0
2026-04-05,Burglesum,0,0,0,0,0,0,0,0,0,0,0,0,0,0,0
2026-04-05,Findorff,0,0,0,0,0,0,0,0,0,0,0,0,0,0,0
2026-04-05,Gröpelingen,0,0,0,0,0,0,0,0,0,0,0,0,0,0,0
2026-04-05,Hemelingen,0,0,0,0,0,0,0,0,0,0,0,0,0,0,0
2026-04-05,Horn-Lehe,0,0,0,0,0,0,0,0,0,0,0,0,0,0,0
2026-04-05,Huchting,0,0,0,0,0,0,0,0,0,0,0,0,0,0,0
2026-04-05,Häfen,0,0,0,0,0,0,0,0,0,0,0,0,0,0,0
2026-04-05,Mitte,0,0,0,0,0,0,0,0,0,0,0,0,0,0,0
2026-04-05,Neustadt,0,0,0,0,0,0,0,0,0,0,0,0,0,0,0
2026-04-05,Oberneuland,0,0,0,0,0,0,0,0,0,0,0,0,0,0,0
2026-04-05,Obervieland,0,0,0,0,0,0,0,0,0,0,0,0,0,0,0
2026-04-05,Osterholz,0,0,0,0,0,0,0,0,0,0,0,0,0,0,0
2026-04-05,Schwachhausen,0,0,0,0,0,0,0,0,0,0,0,0,0,0,0
2026-04-05,Seehausen,0,0,0,0,0,0,0,0,0,0,0,0,0,0,0
2026-04-05,Strom,0,0,0,0,0,0,0,0,0,0,0,0,0,0,0
2026-04-05,Vahr,0,0,0,0,0,0,0,0,0,0,0,0,0,0,0
2026-04-05,Vegesack,0,0,0,0,0,0,0,0,0,0,0,0,0,0,0
2026-04-05,Walle,0,0,0,0,0,0,0,0,0,0,0,0,0,0,0
2026-04-05,Woltmershausen,0,0,0,0,0,0,0,0,0,0,0,0,0,0,0
2026-04-05,Östliche Vorstadt,0,0,0,0,0,0,0,0,0,0,0,0,0,0,0
2026-04-06,Blockland,0,0,0,0,0,0,0,0,0,0,0,0,0,0,0
2026-04-06,Blumenthal,0,0,0,0,0,0,0,0,0,0,0,0,0,0,0
2026-04-06,Borgfeld,0,0,0,0,0,0,0,0,0,0,0,0,0,0,0
2026-04-06,Burglesum,0,0,0,0,0,0,0,0,0,0,0,0,0,0,0
2026-04-06,Findorff,0,0,0,0,0,0,0,0,0,0,0,0,0,0,0
2026-04-06,Gröpelingen,0,0,0,0,0,0,0,0,0,0,0,0,0,0,0
2026-04-06,Hemelingen,0,0,0,0,0,0,0,0,0,0,0,0,0,0,0
2026-04-06,Horn-Lehe,0,0,0,0,0,0,0,0,0,0,0,0,0,0,0
2026-04-06,Huchting,0,0,0,0,0,0,0,0,0,0,0,0,0,0,0
2026-04-06,Häfen,0,0,0,0,0,0,0,0,0,0,0,0,0,0,0
2026-04-06,Mitte,0,0,0,0,0,0,0,0,0,0,0,0,0,0,0
2026-04-06,Neustadt,0,0,0,0,0,0,0,0,0,0,0,0,0,0,0
2026-04-06,Oberneuland,0,0,0,0,0,0,0,0,0,0,0,0,0,0,0
2026-04-06,Obervieland,0,0,0,0,0,0,0,0,0,0,0,0,0,0,0
2026-04-06,Osterholz,0,0,0,0,0,0,0,0,0,0,0,0,0,0,0
2026-04-06,Schwachhausen,0,0,0,0,0,0,0,0,0,0,0,0,0,0,0
2026-04-06,Seehausen,0,0,0,0,0,0,0,0,0,0,0,0,0,0,0
2026-04-06,Strom,0,0,0,0,0,0,0,0,0,0,0,0,0,0,0
2026-04-06,Vahr,0,0,0,0,0,0,0,0,0,0,0,0,0,0,0
2026-04-06,Vegesack,0,0,0,0,0,0,0,0,0,0,0,0,0,0,0
2026-04-06,Walle,0,0,0,0,0,0,0,0,0,0,0,0,0,0,0
2026-04-06,Woltmershausen,0,0,0,0,0,0,0,0,0,0,0,0,0,0,0
2026-04-06,Östliche Vorstadt,0,0,0,0,0,0,0,0,0,0,0,0,0,0,0
2026-04-07,Blockland,0,0,0,0,0,0,0,0,0,0,0,0,0,0,0
2026-04-07,Blumenthal,0,0,0,0,0,0,0,0,0,0,0,0,0,0,0
2026-04-07,Borgfeld,0,0,0,0,0,0,0,0,0,0,0,0,0,0,0
2026-04-07,Burglesum,0,0,0,0,0,0,0,0,0,0,0,0,0,0,0
2026-04-07,Findorff,0,0,0,0,0,0,0,0,0,0,0,0,0,0,0
2026-04-07,Gröpelingen,0,0,0,0,0,0,0,0,0,0,0,0,0,0,0
2026-04-07,Hemelingen,1,0,0,0,0,0,0,0,0,0,0,1,0,0,0
2026-04-07,Horn-Lehe,0,0,0,0,0,0,0,0,0,0,0,0,0,0,0
2026-04-07,Huchting,0,0,0,0,0,0,0,0,0,0,0,0,0,0,0
2026-04-07,Häfen,0,0,0,0,0,0,0,0,0,0,0,0,0,0,0
2026-04-07,Mitte,0,0,0,0,0,0,0,0,0,0,0,0,0,0,0
2026-04-07,Neustadt,0,0,0,0,0,0,0,0,0,0,0,0,0,0,0
2026-04-07,Oberneuland,0,0,0,0,0,0,0,0,0,0,0,0,0,0,0
2026-04-07,Obervieland,0,0,0,0,0,0,0,0,0,0,0,0,0,0,0
2026-04-07,Osterholz,0,0,0,0,0,0,0,0,0,0,0,0,0,0,0
2026-04-07,Schwachhausen,0,0,0,0,0,0,0,0,0,0,0,0,0,0,0
2026-04-07,Seehausen,0,0,0,0,0,0,0,0,0,0,0,0,0,0,0
2026-04-07,Strom,0,0,0,0,0,0,0,0,0,0,0,0,0,0,0
2026-04-07,Vahr,0,0,0,0,0,0,0,0,0,0,0,0,0,0,0
2026-04-07,Vegesack,1,0,0,0,0,0,0,0,1,0,0,0,0,0,0
2026-04-07,Walle,0,0,0,0,0,0,0,0,0,0,0,0,0,0,0
2026-04-07,Woltmershausen,0,0,0,0,0,0,0,0,0,0,0,0,0,0,0
2026-04-07,Östliche Vorstadt,0,0,0,0,0,0,0,0,0,0,0,0,0,0,0
2026-04-08,Blockland,0,0,0,0,0,0,0,0,0,0,0,0,0,0,0
2026-04-08,Blumenthal,0,0,0,0,0,0,0,0,0,0,0,0,0,0,0
2026-04-08,Borgfeld,0,0,0,0,0,0,0,0,0,0,0,0,0,0,0
2026-04-08,Burglesum,0,0,0,0,0,0,0,0,0,0,0,0,0,0,0
2026-04-08,Findorff,0,0,0,0,0,0,0,0,0,0,0,0,0,0,0
2026-04-08,Gröpelingen,0,0,0,0,0,0,0,0,0,0,0,0,0,0,0
2026-04-08,Hemelingen,0,0,0,0,0,0,0,0,0,0,0,0,0,0,0
2026-04-08,Horn-Lehe,0,0,0,0,0,0,0,0,0,0,0,0,0,0,0
2026-04-08,Huchting,0,0,0,0,0,0,0,0,0,0,0,0,0,0,0
2026-04-08,Häfen,0,0,0,0,0,0,0,0,0,0,0,0,0,0,0
2026-04-08,Mitte,0,0,0,0,0,0,0,0,0,0,0,0,0,0,0
2026-04-08,Neustadt,0,0,0,0,0,0,0,0,0,0,0,0,0,0,0
2026-04-08,Oberneuland,0,0,0,0,0,0,0,0,0,0,0,0,0,0,0
2026-04-08,Obervieland,0,0,0,0,0,0,0,0,0,0,0,0,0,0,0
2026-04-08,Osterholz,0,0,0,0,0,0,0,0,0,0,0,0,0,0,0
2026-04-08,Schwachhausen,0,0,0,0,0,0,0,0,0,0,0,0,0,0,0
2026-04-08,Seehausen,0,0,0,0,0,0,0,0,0,0,0,0,0,0,0
2026-04-08,Strom,0,0,0,0,0,0,0,0,0,0,0,0,0,0,0
2026-04-08,Vahr,0,0,0,0,0,0,0,0,0,0,0,0,0,0,0
2026-04-08,Vegesack,0,0,0,0,0,0,0,0,0,0,0,0,0,0,0
2026-04-08,Walle,0,0,0,0,0,0,0,0,0,0,0,0,0,0,0
2026-04-08,Woltmershausen,0,0,0,0,0,0,0,0,0,0,0,0,0,0,0
2026-04-08,Östliche Vorstadt,0,0,0,0,0,0,0,0,0,0,0,0,0,0,0
2026-04-09,Blockland,0,0,0,0,0,0,0,0,0,0,0,0,0,0,0
2026-04-09,Blumenthal,0,0,0,0,0,0,0,0,0,0,0,0,0,0,0
2026-04-09,Borgfeld,0,0,0,0,0,0,0,0,0,0,0,0,0,0,0
2026-04-09,Burglesum,0,0,0,0,0,0,0,0,0,0,0,0,0,0,0
2026-04-09,Findorff,0,0,0,0,0,0,0,0,0,0,0,0,0,0,0
2026-04-09,Gröpelingen,0,0,0,0,0,0,0,0,0,0,0,0,0,0,0
2026-04-09,Hemelingen,0,0,0,0,0,0,0,0,0,0,0,0,0,0,0
2026-04-09,Horn-Lehe,0,0,0,0,0,0,0,0,0,0,0,0,0,0,0
2026-04-09,Huchting,0,0,0,0,0,0,0,0,0,0,0,0,0,0,0
2026-04-09,Häfen,0,0,0,0,0,0,0,0,0,0,0,0,0,0,0
2026-04-09,Mitte,0,0,0,0,0,0,0,0,0,0,0,0,0,0,0
2026-04-09,Neustadt,0,0,0,0,0,0,0,0,0,0,0,0,0,0,0
2026-04-09,Oberneuland,0,0,0,0,0,0,0,0,0,0,0,0,0,0,0
2026-04-09,Obervieland,1,0,0,0,0,0,0,0,0,1,0,0,0,0,0
2026-04-09,Osterholz,1,0,0,0,0,0,0,1,0,0,0,0,0,0,0
2026-04-09,Schwachhausen,0,0,0,0,0,0,0,0,0,0,0,0,0,0,0
2026-04-09,Seehausen,0,0,0,0,0,0,0,0,0,0,0,0,0,0,0
2026-04-09,Strom,0,0,0,0,0,0,0,0,0,0,0,0,0,0,0
2026-04-09,Vahr,0,0,0,0,0,0,0,0,0,0,0,0,0,0,0
2026-04-09,Vegesack,0,0,0,0,0,0,0,0,0,0,0,0,0,0,0
2026-04-09,Walle,0,0,0,0,0,0,0,0,0,0,0,0,0,0,0
2026-04-09,Woltmershausen,0,0,0,0,0,0,0,0,0,0,0,0,0,0,0
2026-04-09,Östliche Vorstadt,0,0,0,0,0,0,0,0,0,0,0,0,0,0,0
2026-04-10,Blockland,0,0,0,0,0,0,0,0,0,0,0,0,0,0,0
2026-04-10,Blumenthal,0,0,0,0,0,0,0,0,0,0,0,0,0,0,0
2026-04-10,Borgfeld,0,0,0,0,0,0,0,0,0,0,0,0,0,0,0
2026-04-10,Burglesum,0,0,0,0,0,0,0,0,0,0,0,0,0,0,0
2026-04-10,Findorff,0,0,0,0,0,0,0,0,0,0,0,0,0,0,0
2026-04-10,Gröpelingen,0,0,0,0,0,0,0,0,0,0,0,0,0,0,0
2026-04-10,Hemelingen,0,0,0,0,0,0,0,0,0,0,0,0,0,0,0
2026-04-10,Horn-Lehe,0,0,0,0,0,0,0,0,0,0,0,0,0,0,0
2026-04-10,Huchting,0,0,0,0,0,0,0,0,0,0,0,0,0,0,0
2026-04-10,Häfen,0,0,0,0,0,0,0,0,0,0,0,0,0,0,0
2026-04-10,Mitte,0,0,0,0,0,0,0,0,0,0,0,0,0,0,0
2026-04-10,Neustadt,0,0,0,0,0,0,0,0,0,0,0,0,0,0,0
2026-04-10,Oberneuland,0,0,0,0,0,0,0,0,0,0,0,0,0,0,0
2026-04-10,Obervieland,0,0,0,0,0,0,0,0,0,0,0,0,0,0,0
2026-04-10,Osterholz,0,0,0,0,0,0,0,0,0,0,0,0,0,0,0
2026-04-10,Schwachhausen,0,0,0,0,0,0,0,0,0,0,0,0,0,0,0
2026-04-10,Seehausen,0,0,0,0,0,0,0,0,0,0,0,0,0,0,0
2026-04-10,Strom,0,0,0,0,0,0,0,0,0,0,0,0,0,0,0
2026-04-10,Vahr,0,0,0,0,0,0,0,0,0,0,0,0,0,0,0
2026-04-10,Vegesack,0,0,0,0,0,0,0,0,0,0,0,0,0,0,0
2026-04-10,Walle,0,0,0,0,0,0,0,0,0,0,0,0,0,0,0
2026-04-10,Woltmershausen,0,0,0,0,0,0,0,0,0,0,0,0,0,0,0
2026-04-10,Östliche Vorstadt,0,0,0,0,0,0,0,0,0,0,0,0,0,0,0
2026-04-11,Blockland,0,0,0,0,0,0,0,0,0,0,0,0,0,0,0
2026-04-11,Blumenthal,0,0,0,0,0,0,0,0,0,0,0,0,0,0,0
2026-04-11,Borgfeld,0,0,0,0,0,0,0,0,0,0,0,0,0,0,0
2026-04-11,Burglesum,0,0,0,0,0,0,0,0,0,0,0,0,0,0,0
2026-04-11,Findorff,0,0,0,0,0,0,0,0,0,0,0,0,0,0,0
2026-04-11,Gröpelingen,0,0,0,0,0,0,0,0,0,0,0,0,0,0,0
2026-04-11,Hemelingen,0,0,0,0,0,0,0,0,0,0,0,0,0,0,0
2026-04-11,Horn-Lehe,0,0,0,0,0,0,0,0,0,0,0,0,0,0,0
2026-04-11,Huchting,0,0,0,0,0,0,0,0,0,0,0,0,0,0,0
2026-04-11,Häfen,0,0,0,0,0,0,0,0,0,0,0,0,0,0,0
2026-04-11,Mitte,0,0,0,0,0,0,0,0,0,0,0,0,0,0,0
2026-04-11,Neustadt,0,0,0,0,0,0,0,0,0,0,0,0,0,0,0
2026-04-11,Oberneuland,0,0,0,0,0,0,0,0,0,0,0,0,0,0,0
2026-04-11,Obervieland,0,0,0,0,0,0,0,0,0,0,0,0,0,0,0
2026-04-11,Osterholz,0,0,0,0,0,0,0,0,0,0,0,0,0,0,0
2026-04-11,Schwachhausen,0,0,0,0,0,0,0,0,0,0,0,0,0,0,0
2026-04-11,Seehausen,0,0,0,0,0,0,0,0,0,0,0,0,0,0,0
2026-04-11,Strom,0,0,0,0,0,0,0,0,0,0,0,0,0,0,0
2026-04-11,Vahr,0,0,0,0,0,0,0,0,0,0,0,0,0,0,0
2026-04-11,Vegesack,0,0,0,0,0,0,0,0,0,0,0,0,0,0,0
2026-04-11,Walle,0,0,0,0,0,0,0,0,0,0,0,0,0,0,0
2026-04-11,Woltmershausen,0,0,0,0,0,0,0,0,0,0,0,0,0,0,0
2026-04-11,Östliche Vorstadt,0,0,0,0,0,0,0,0,0,0,0,0,0,0,0
2026-04-12,Blockland,0,0,0,0,0,0,0,0,0,0,0,0,0,0,0
2026-04-12,Blumenthal,0,0,0,0,0,0,0,0,0,0,0,0,0,0,0
2026-04-12,Borgfeld,0,0,0,0,0,0,0,0,0,0,0,0,0,0,0
2026-04-12,Burglesum,0,0,0,0,0,0,0,0,0,0,0,0,0,0,0
2026-04-12,Findorff,0,0,0,0,0,0,0,0,0,0,0,0,0,0,0
2026-04-12,Gröpelingen,0,0,0,0,0,0,0,0,0,0,0,0,0,0,0
2026-04-12,Hemelingen,0,0,0,0,0,0,0,0,0,0,0,0,0,0,0
2026-04-12,Horn-Lehe,0,0,0,0,0,0,0,0,0,0,0,0,0,0,0
2026-04-12,Huchting,0,0,0,0,0,0,0,0,0,0,0,0,0,0,0
2026-04-12,Häfen,0,0,0,0,0,0,0,0,0,0,0,0,0,0,0
2026-04-12,Mitte,0,0,0,0,0,0,0,0,0,0,0,0,0,0,0
2026-04-12,Neustadt,0,0,0,0,0,0,0,0,0,0,0,0,0,0,0
2026-04-12,Oberneuland,0,0,0,0,0,0,0,0,0,0,0,0,0,0,0
2026-04-12,Obervieland,0,0,0,0,0,0,0,0,0,0,0,0,0,0,0
2026-04-12,Osterholz,0,0,0,0,0,0,0,0,0,0,0,0,0,0,0
2026-04-12,Schwachhausen,0,0,0,0,0,0,0,0,0,0,0,0,0,0,0
2026-04-12,Seehausen,0,0,0,0,0,0,0,0,0,0,0,0,0,0,0
2026-04-12,Strom,0,0,0,0,0,0,0,0,0,0,0,0,0,0,0
2026-04-12,Vahr,0,0,0,0,0,0,0,0,0,0,0,0,0,0,0
2026-04-12,Vegesack,0,0,0,0,0,0,0,0,0,0,0,0,0,0,0
2026-04-12,Walle,0,0,0,0,0,0,0,0,0,0,0,0,0,0,0
2026-04-12,Woltmershausen,0,0,0,0,0,0,0,0,0,0,0,0,0,0,0
2026-04-12,Östliche Vorstadt,0,0,0,0,0,0,0,0,0,0,0,0,0,0,0
2026-04-13,Blockland,0,0,0,0,0,0,0,0,0,0,0,0,0,0,0
2026-04-13,Blumenthal,0,0,0,0,0,0,0,0,0,0,0,0,0,0,0
2026-04-13,Borgfeld,0,0,0,0,0,0,0,0,0,0,0,0,0,0,0
2026-04-13,Burglesum,0,0,0,0,0,0,0,0,0,0,0,0,0,0,0
2026-04-13,Findorff,0,0,0,0,0,0,0,0,0,0,0,0,0,0,0
2026-04-13,Gröpelingen,0,0,0,0,0,0,0,0,0,0,0,0,0,0,0
2026-04-13,Hemelingen,0,0,0,0,0,0,0,0,0,0,0,0,0,0,0
2026-04-13,Horn-Lehe,0,0,0,0,0,0,0,0,0,0,0,0,0,0,0
2026-04-13,Huchting,0,0,0,0,0,0,0,0,0,0,0,0,0,0,0
2026-04-13,Häfen,0,0,0,0,0,0,0,0,0,0,0,0,0,0,0
2026-04-13,Mitte,0,0,0,0,0,0,0,0,0,0,0,0,0,0,0
2026-04-13,Neustadt,0,0,0,0,0,0,0,0,0,0,0,0,0,0,0
2026-04-13,Oberneuland,0,0,0,0,0,0,0,0,0,0,0,0,0,0,0
2026-04-13,Obervieland,0,0,0,0,0,0,0,0,0,0,0,0,0,0,0
2026-04-13,Osterholz,0,0,0,0,0,0,0,0,0,0,0,0,0,0,0
2026-04-13,Schwachhausen,0,0,0,0,0,0,0,0,0,0,0,0,0,0,0
2026-04-13,Seehausen,0,0,0,0,0,0,0,0,0,0,0,0,0,0,0
2026-04-13,Strom,0,0,0,0,0,0,0,0,0,0,0,0,0,0,0
2026-04-13,Vahr,0,0,0,0,0,0,0,0,0,0,0,0,0,0,0
2026-04-13,Vegesack,0,0,0,0,0,0,0,0,0,0,0,0,0,0,0
2026-04-13,Walle,0,0,0,0,0,0,0,0,0,0,0,0,0,0,0
2026-04-13,Woltmershausen,0,0,0,0,0,0,0,0,0,0,0,0,0,0,0
2026-04-13,Östliche Vorstadt,0,0,0,0,0,0,0,0,0,0,0,0,0,0,0
2026-04-14,Blockland,0,0,0,0,0,0,0,0,0,0,0,0,0,0,0
2026-04-14,Blumenthal,0,0,0,0,0,0,0,0,0,0,0,0,0,0,0
2026-04-14,Borgfeld,0,0,0,0,0,0,0,0,0,0,0,0,0,0,0
2026-04-14,Burglesum,0,0,0,0,0,0,0,0,0,0,0,0,0,0,0
2026-04-14,Findorff,0,0,0,0,0,0,0,0,0,0,0,0,0,0,0
2026-04-14,Gröpelingen,0,0,0,0,0,0,0,0,0,0,0,0,0,0,0
2026-04-14,Hemelingen,0,0,0,0,0,0,0,0,0,0,0,0,0,0,0
2026-04-14,Horn-Lehe,0,0,0,0,0,0,0,0,0,0,0,0,0,0,0
2026-04-14,Huchting,0,0,0,0,0,0,0,0,0,0,0,0,0,0,0
2026-04-14,Häfen,0,0,0,0,0,0,0,0,0,0,0,0,0,0,0
2026-04-14,Mitte,0,0,0,0,0,0,0,0,0,0,0,0,0,0,0
2026-04-14,Neustadt,0,0,0,0,0,0,0,0,0,0,0,0,0,0,0
2026-04-14,Oberneuland,0,0,0,0,0,0,0,0,0,0,0,0,0,0,0
2026-04-14,Obervieland,0,0,0,0,0,0,0,0,0,0,0,0,0,0,0
2026-04-14,Osterholz,0,0,0,0,0,0,0,0,0,0,0,0,0,0,0
2026-04-14,Schwachhausen,0,0,0,0,0,0,0,0,0,0,0,0,0,0,0
2026-04-14,Seehausen,0,0,0,0,0,0,0,0,0,0,0,0,0,0,0
2026-04-14,Strom,0,0,0,0,0,0,0,0,0,0,0,0,0,0,0
2026-04-14,Vahr,0,0,0,0,0,0,0,0,0,0,0,0,0,0,0
2026-04-14,Vegesack,0,0,0,0,0,0,0,0,0,0,0,0,0,0,0
2026-04-14,Walle,0,0,0,0,0,0,0,0,0,0,0,0,0,0,0
2026-04-14,Woltmershausen,0,0,0,0,0,0,0,0,0,0,0,0,0,0,0
2026-04-14,Östliche Vorstadt,0,0,0,0,0,0,0,0,0,0,0,0,0,0,0
2026-04-15,Blockland,0,0,0,0,0,0,0,0,0,0,0,0,0,0,0
2026-04-15,Blumenthal,0,0,0,0,0,0,0,0,0,0,0,0,0,0,0
2026-04-15,Borgfeld,0,0,0,0,0,0,0,0,0,0,0,0,0,0,0
2026-04-15,Burglesum,0,0,0,0,0,0,0,0,0,0,0,0,0,0,0
2026-04-15,Findorff,0,0,0,0,0,0,0,0,0,0,0,0,0,0,0
2026-04-15,Gröpelingen,0,0,0,0,0,0,0,0,0,0,0,0,0,0,0
2026-04-15,Hemelingen,0,0,0,0,0,0,0,0,0,0,0,0,0,0,0
2026-04-15,Horn-Lehe,0,0,0,0,0,0,0,0,0,0,0,0,0,0,0
2026-04-15,Huchting,0,0,0,0,0,0,0,0,0,0,0,0,0,0,0
2026-04-15,Häfen,0,0,0,0,0,0,0,0,0,0,0,0,0,0,0
2026-04-15,Mitte,0,0,0,0,0,0,0,0,0,0,0,0,0,0,0
2026-04-15,Neustadt,0,0,0,0,0,0,0,0,0,0,0,0,0,0,0
2026-04-15,Oberneuland,0,0,0,0,0,0,0,0,0,0,0,0,0,0,0
2026-04-15,Obervieland,0,0,0,0,0,0,0,0,0,0,0,0,0,0,0
2026-04-15,Osterholz,0,0,0,0,0,0,0,0,0,0,0,0,0,0,0
2026-04-15,Schwachhausen,0,0,0,0,0,0,0,0,0,0,0,0,0,0,0
2026-04-15,Seehausen,0,0,0,0,0,0,0,0,0,0,0,0,0,0,0
2026-04-15,Strom,0,0,0,0,0,0,0,0,0,0,0,0,0,0,0
2026-04-15,Vahr,0,0,0,0,0,0,0,0,0,0,0,0,0,0,0
2026-04-15,Vegesack,0,0,0,0,0,0,0,0,0,0,0,0,0,0,0
2026-04-15,Walle,0,0,0,0,0,0,0,0,0,0,0,0,0,0,0
2026-04-15,Woltmershausen,0,0,0,0,0,0,0,0,0,0,0,0,0,0,0
2026-04-15,Östliche Vorstadt,0,0,0,0,0,0,0,0,0,0,0,0,0,0,0
2026-04-16,Blockland,0,0,0,0,0,0,0,0,0,0,0,0,0,0,0
2026-04-16,Blumenthal,0,0,0,0,0,0,0,0,0,0,0,0,0,0,0
2026-04-16,Borgfeld,0,0,0,0,0,0,0,0,0,0,0,0,0,0,0
2026-04-16,Burglesum,0,0,0,0,0,0,0,0,0,0,0,0,0,0,0
2026-04-16,Findorff,0,0,0,0,0,0,0,0,0,0,0,0,0,0,0
2026-04-16,Gröpelingen,0,0,0,0,0,0,0,0,0,0,0,0,0,0,0
2026-04-16,Hemelingen,0,0,0,0,0,0,0,0,0,0,0,0,0,0,0
2026-04-16,Horn-Lehe,0,0,0,0,0,0,0,0,0,0,0,0,0,0,0
2026-04-16,Huchting,0,0,0,0,0,0,0,0,0,0,0,0,0,0,0
2026-04-16,Häfen,0,0,0,0,0,0,0,0,0,0,0,0,0,0,0
2026-04-16,Mitte,0,0,0,0,0,0,0,0,0,0,0,0,0,0,0
2026-04-16,Neustadt,0,0,0,0,0,0,0,0,0,0,0,0,0,0,0
2026-04-16,Oberneuland,0,0,0,0,0,0,0,0,0,0,0,0,0,0,0
2026-04-16,Obervieland,0,0,0,0,0,0,0,0,0,0,0,0,0,0,0
2026-04-16,Osterholz,0,0,0,0,0,0,0,0,0,0,0,0,0,0,0
2026-04-16,Schwachhausen,0,0,0,0,0,0,0,0,0,0,0,0,0,0,0
2026-04-16,Seehausen,0,0,0,0,0,0,0,0,0,0,0,0,0,0,0
2026-04-16,Strom,0,0,0,0,0,0,0,0,0,0,0,0,0,0,0
2026-04-16,Vahr,0,0,0,0,0,0,0,0,0,0,0,0,0,0,0
2026-04-16,Vegesack,0,0,0,0,0,0,0,0,0,0,0,0,0,0,0
2026-04-16,Walle,0,0,0,0,0,0,0,0,0,0,0,0,0,0,0
2026-04-16,Woltmershausen,0,0,0,0,0,0,0,0,0,0,0,0,0,0,0
2026-04-16,Östliche Vorstadt,0,0,0,0,0,0,0,0,0,0,0,0,0,0,0
2026-04-17,Blockland,0,0,0,0,0,0,0,0,0,0,0,0,0,0,0
2026-04-17,Blumenthal,0,0,0,0,0,0,0,0,0,0,0,0,0,0,0
2026-04-17,Borgfeld,0,0,0,0,0,0,0,0,0,0,0,0,0,0,0
2026-04-17,Burglesum,0,0,0,0,0,0,0,0,0,0,0,0,0,0,0
2026-04-17,Findorff,0,0,0,0,0,0,0,0,0,0,0,0,0,0,0
2026-04-17,Gröpelingen,0,0,0,0,0,0,0,0,0,0,0,0,0,0,0
2026-04-17,Hemelingen,0,0,0,0,0,0,0,0,0,0,0,0,0,0,0
2026-04-17,Horn-Lehe,0,0,0,0,0,0,0,0,0,0,0,0,0,0,0
2026-04-17,Huchting,0,0,0,0,0,0,0,0,0,0,0,0,0,0,0
2026-04-17,Häfen,0,0,0,0,0,0,0,0,0,0,0,0,0,0,0
2026-04-17,Mitte,0,0,0,0,0,0,0,0,0,0,0,0,0,0,0
2026-04-17,Neustadt,0,0,0,0,0,0,0,0,0,0,0,0,0,0,0
2026-04-17,Oberneuland,0,0,0,0,0,0,0,0,0,0,0,0,0,0,0
2026-04-17,Obervieland,0,0,0,0,0,0,0,0,0,0,0,0,0,0,0
2026-04-17,Osterholz,0,0,0,0,0,0,0,0,0,0,0,0,0,0,0
2026-04-17,Schwachhausen,0,0,0,0,0,0,0,0,0,0,0,0,0,0,0
2026-04-17,Seehausen,0,0,0,0,0,0,0,0,0,0,0,0,0,0,0
2026-04-17,Strom,0,0,0,0,0,0,0,0,0,0,0,0,0,0,0
2026-04-17,Vahr,0,0,0,0,0,0,0,0,0,0,0,0,0,0,0
2026-04-17,Vegesack,0,0,0,0,0,0,0,0,0,0,0,0,0,0,0
2026-04-17,Walle,0,0,0,0,0,0,0,0,0,0,0,0,0,0,0
2026-04-17,Woltmershausen,0,0,0,0,0,0,0,0,0,0,0,0,0,0,0
2026-04-17,Östliche Vorstadt,0,0,0,0,0,0,0,0,0,0,0,0,0,0,0
2026-04-18,Blockland,0,0,0,0,0,0,0,0,0,0,0,0,0,0,0
2026-04-18,Blumenthal,0,0,0,0,0,0,0,0,0,0,0,0,0,0,0
2026-04-18,Borgfeld,0,0,0,0,0,0,0,0,0,0,0,0,0,0,0
2026-04-18,Burglesum,0,0,0,0,0,0,0,0,0,0,0,0,0,0,0
2026-04-18,Findorff,0,0,0,0,0,0,0,0,0,0,0,0,0,0,0
2026-04-18,Gröpelingen,0,0,0,0,0,0,0,0,0,0,0,0,0,0,0
2026-04-18,Hemelingen,0,0,0,0,0,0,0,0,0,0,0,0,0,0,0
2026-04-18,Horn-Lehe,0,0,0,0,0,0,0,0,0,0,0,0,0,0,0
2026-04-18,Huchting,0,0,0,0,0,0,0,0,0,0,0,0,0,0,0
2026-04-18,Häfen,0,0,0,0,0,0,0,0,0,0,0,0,0,0,0
2026-04-18,Mitte,0,0,0,0,0,0,0,0,0,0,0,0,0,0,0
2026-04-18,Neustadt,0,0,0,0,0,0,0,0,0,0,0,0,0,0,0
2026-04-18,Oberneuland,0,0,0,0,0,0,0,0,0,0,0,0,0,0,0
2026-04-18,Obervieland,0,0,0,0,0,0,0,0,0,0,0,0,0,0,0
2026-04-18,Osterholz,0,0,0,0,0,0,0,0,0,0,0,0,0,0,0
2026-04-18,Schwachhausen,0,0,0,0,0,0,0,0,0,0,0,0,0,0,0
2026-04-18,Seehausen,0,0,0,0,0,0,0,0,0,0,0,0,0,0,0
2026-04-18,Strom,0,0,0,0,0,0,0,0,0,0,0,0,0,0,0
2026-04-18,Vahr,0,0,0,0,0,0,0,0,0,0,0,0,0,0,0
2026-04-18,Vegesack,0,0,0,0,0,0,0,0,0,0,0,0,0,0,0
2026-04-18,Walle,0,0,0,0,0,0,0,0,0,0,0,0,0,0,0
2026-04-18,Woltmershausen,0,0,0,0,0,0,0,0,0,0,0,0,0,0,0
2026-04-18,Östliche Vorstadt,0,0,0,0,0,0,0,0,0,0,0,0,0,0,0
2026-04-19,Blockland,0,0,0,0,0,0,0,0,0,0,0,0,0,0,0
2026-04-19,Blumenthal,0,0,0,0,0,0,0,0,0,0,0,0,0,0,0
2026-04-19,Borgfeld,0,0,0,0,0,0,0,0,0,0,0,0,0,0,0
2026-04-19,Burglesum,0,0,0,0,0,0,0,0,0,0,0,0,0,0,0
2026-04-19,Findorff,0,0,0,0,0,0,0,0,0,0,0,0,0,0,0
2026-04-19,Gröpelingen,0,0,0,0,0,0,0,0,0,0,0,0,0,0,0
2026-04-19,Hemelingen,0,0,0,0,0,0,0,0,0,0,0,0,0,0,0
2026-04-19,Horn-Lehe,0,0,0,0,0,0,0,0,0,0,0,0,0,0,0
2026-04-19,Huchting,0,0,0,0,0,0,0,0,0,0,0,0,0,0,0
2026-04-19,Häfen,0,0,0,0,0,0,0,0,0,0,0,0,0,0,0
2026-04-19,Mitte,0,0,0,0,0,0,0,0,0,0,0,0,0,0,0
2026-04-19,Neustadt,0,0,0,0,0,0,0,0,0,0,0,0,0,0,0
2026-04-19,Oberneuland,0,0,0,0,0,0,0,0,0,0,0,0,0,0,0
2026-04-19,Obervieland,0,0,0,0,0,0,0,0,0,0,0,0,0,0,0
2026-04-19,Osterholz,0,0,0,0,0,0,0,0,0,0,0,0,0,0,0
2026-04-19,Schwachhausen,0,0,0,0,0,0,0,0,0,0,0,0,0,0,0
2026-04-19,Seehausen,0,0,0,0,0,0,0,0,0,0,0,0,0,0,0
2026-04-19,Strom,0,0,0,0,0,0,0,0,0,0,0,0,0,0,0
2026-04-19,Vahr,0,0,0,0,0,0,0,0,0,0,0,0,0,0,0
2026-04-19,Vegesack,0,0,0,0,0,0,0,0,0,0,0,0,0,0,0
2026-04-19,Walle,0,0,0,0,0,0,0,0,0,0,0,0,0,0,0
2026-04-19,Woltmershausen,0,0,0,0,0,0,0,0,0,0,0,0,0,0,0
2026-04-19,Östliche Vorstadt,0,0,0,0,0,0,0,0,0,0,0,0,0,0,0
2026-04-20,Blockland,0,0,0,0,0,0,0,0,0,0,0,0,0,0,0
2026-04-20,Blumenthal,0,0,0,0,0,0,0,0,0,0,0,0,0,0,0
2026-04-20,Borgfeld,0,0,0,0,0,0,0,0,0,0,0,0,0,0,0
2026-04-20,Burglesum,0,0,0,0,0,0,0,0,0,0,0,0,0,0,0
2026-04-20,Findorff,0,0,0,0,0,0,0,0,0,0,0,0,0,0,0
2026-04-20,Gröpelingen,0,0,0,0,0,0,0,0,0,0,0,0,0,0,0
2026-04-20,Hemelingen,0,0,0,0,0,0,0,0,0,0,0,0,0,0,0
2026-04-20,Horn-Lehe,0,0,0,0,0,0,0,0,0,0,0,0,0,0,0
2026-04-20,Huchting,0,0,0,0,0,0,0,0,0,0,0,0,0,0,0
2026-04-20,Häfen,0,0,0,0,0,0,0,0,0,0,0,0,0,0,0
2026-04-20,Mitte,0,0,0,0,0,0,0,0,0,0,0,0,0,0,0
2026-04-20,Neustadt,0,0,0,0,0,0,0,0,0,0,0,0,0,0,0
2026-04-20,Oberneuland,0,0,0,0,0,0,0,0,0,0,0,0,0,0,0
2026-04-20,Obervieland,0,0,0,0,0,0,0,0,0,0,0,0,0,0,0
2026-04-20,Osterholz,0,0,0,0,0,0,0,0,0,0,0,0,0,0,0
2026-04-20,Schwachhausen,0,0,0,0,0,0,0,0,0,0,0,0,0,0,0
2026-04-20,Seehausen,0,0,0,0,0,0,0,0,0,0,0,0,0,0,0
2026-04-20,Strom,0,0,0,0,0,0,0,0,0,0,0,0,0,0,0
2026-04-20,Vahr,0,0,0,0,0,0,0,0,0,0,0,0,0,0,0
2026-04-20,Vegesack,0,0,0,0,0,0,0,0,0,0,0,0,0,0,0
2026-04-20,Walle,0,0,0,0,0,0,0,0,0,0,0,0,0,0,0
2026-04-20,Woltmershausen,0,0,0,0,0,0,0,0,0,0,0,0,0,0,0
2026-04-20,Östliche Vorstadt,0,0,0,0,0,0,0,0,0,0,0,0,0,0,0
2026-04-21,Blockland,0,0,0,0,0,0,0,0,0,0,0,0,0,0,0
2026-04-21,Blumenthal,0,0,0,0,0,0,0,0,0,0,0,0,0,0,0
2026-04-21,Borgfeld,0,0,0,0,0,0,0,0,0,0,0,0,0,0,0
2026-04-21,Burglesum,0,0,0,0,0,0,0,0,0,0,0,0,0,0,0
2026-04-21,Findorff,0,0,0,0,0,0,0,0,0,0,0,0,0,0,0
2026-04-21,Gröpelingen,0,0,0,0,0,0,0,0,0,0,0,0,0,0,0
2026-04-21,Hemelingen,0,0,0,0,0,0,0,0,0,0,0,0,0,0,0
2026-04-21,Horn-Lehe,0,0,0,0,0,0,0,0,0,0,0,0,0,0,0
2026-04-21,Huchting,0,0,0,0,0,0,0,0,0,0,0,0,0,0,0
2026-04-21,Häfen,0,0,0,0,0,0,0,0,0,0,0,0,0,0,0
2026-04-21,Mitte,0,0,0,0,0,0,0,0,0,0,0,0,0,0,0
2026-04-21,Neustadt,0,0,0,0,0,0,0,0,0,0,0,0,0,0,0
2026-04-21,Oberneuland,0,0,0,0,0,0,0,0,0,0,0,0,0,0,0
2026-04-21,Obervieland,0,0,0,0,0,0,0,0,0,0,0,0,0,0,0
2026-04-21,Osterholz,0,0,0,0,0,0,0,0,0,0,0,0,0,0,0
2026-04-21,Schwachhausen,1,0,0,0,0,0,0,0,0,0,0,0,1,0,0
2026-04-21,Seehausen,0,0,0,0,0,0,0,0,0,0,0,0,0,0,0
2026-04-21,Strom,0,0,0,0,0,0,0,0,0,0,0,0,0,0,0
2026-04-21,Vahr,0,0,0,0,0,0,0,0,0,0,0,0,0,0,0
2026-04-21,Vegesack,0,0,0,0,0,0,0,0,0,0,0,0,0,0,0
2026-04-21,Walle,0,0,0,0,0,0,0,0,0,0,0,0,0,0,0
2026-04-21,Woltmershausen,0,0,0,0,0,0,0,0,0,0,0,0,0,0,0
2026-04-21,Östliche Vorstadt,0,0,0,0,0,0,0,0,0,0,0,0,0,0,0
2026-04-22,Blockland,0,0,0,0,0,0,0,0,0,0,0,0,0,0,0
2026-04-22,Blumenthal,0,0,0,0,0,0,0,0,0,0,0,0,0,0,0
2026-04-22,Borgfeld,0,0,0,0,0,0,0,0,0,0,0,0,0,0,0
2026-04-22,Burglesum,0,0,0,0,0,0,0,0,0,0,0,0,0,0,0
2026-04-22,Findorff,0,0,0,0,0,0,0,0,0,0,0,0,0,0,0
2026-04-22,Gröpelingen,0,0,0,0,0,0,0,0,0,0,0,0,0,0,0
2026-04-22,Hemelingen,0,0,0,0,0,0,0,0,0,0,0,0,0,0,0
2026-04-22,Horn-Lehe,0,0,0,0,0,0,0,0,0,0,0,0,0,0,0
2026-04-22,Huchting,0,0,0,0,0,0,0,0,0,0,0,0,0,0,0
2026-04-22,Häfen,0,0,0,0,0,0,0,0,0,0,0,0,0,0,0
2026-04-22,Mitte,0,0,0,0,0,0,0,0,0,0,0,0,0,0,0
2026-04-22,Neustadt,0,0,0,0,0,0,0,0,0,0,0,0,0,0,0
2026-04-22,Oberneuland,0,0,0,0,0,0,0,0,0,0,0,0,0,0,0
2026-04-22,Obervieland,0,0,0,0,0,0,0,0,0,0,0,0,0,0,0
2026-04-22,Osterholz,0,0,0,0,0,0,0,0,0,0,0,0,0,0,0
2026-04-22,Schwachhausen,0,0,0,0,0,0,0,0,0,0,0,0,0,0,0
2026-04-22,Seehausen,0,0,0,0,0,0,0,0,0,0,0,0,0,0,0
2026-04-22,Strom,0,0,0,0,0,0,0,0,0,0,0,0,0,0,0
2026-04-22,Vahr,0,0,0,0,0,0,0,0,0,0,0,0,0,0,0
2026-04-22,Vegesack,1,0,0,0,0,0,0,0,0,0,0,0,0,0,1
2026-04-22,Walle,0,0,0,0,0,0,0,0,0,0,0,0,0,0,0
2026-04-22,Woltmershausen,0,0,0,0,0,0,0,0,0,0,0,0,0,0,0
2026-04-22,Östliche Vorstadt,0,0,0,0,0,0,0,0,0,0,0,0,0,0,0
2026-04-23,Blockland,0,0,0,0,0,0,0,0,0,0,0,0,0,0,0
2026-04-23,Blumenthal,0,0,0,0,0,0,0,0,0,0,0,0,0,0,0
2026-04-23,Borgfeld,0,0,0,0,0,0,0,0,0,0,0,0,0,0,0
2026-04-23,Burglesum,0,0,0,0,0,0,0,0,0,0,0,0,0,0,0
2026-04-23,Findorff,0,0,0,0,0,0,0,0,0,0,0,0,0,0,0
2026-04-23,Gröpelingen,0,0,0,0,0,0,0,0,0,0,0,0,0,0,0
2026-04-23,Hemelingen,0,0,0,0,0,0,0,0,0,0,0,0,0,0,0
2026-04-23,Horn-Lehe,0,0,0,0,0,0,0,0,0,0,0,0,0,0,0
2026-04-23,Huchting,0,0,0,0,0,0,0,0,0,0,0,0,0,0,0
2026-04-23,Häfen,0,0,0,0,0,0,0,0,0,0,0,0,0,0,0
2026-04-23,Mitte,0,0,0,0,0,0,0,0,0,0,0,0,0,0,0
2026-04-23,Neustadt,0,0,0,0,0,0,0,0,0,0,0,0,0,0,0
2026-04-23,Oberneuland,0,0,0,0,0,0,0,0,0,0,0,0,0,0,0
2026-04-23,Obervieland,0,0,0,0,0,0,0,0,0,0,0,0,0,0,0
2026-04-23,Osterholz,0,0,0,0,0,0,0,0,0,0,0,0,0,0,0
2026-04-23,Schwachhausen,0,0,0,0,0,0,0,0,0,0,0,0,0,0,0
2026-04-23,Seehausen,0,0,0,0,0,0,0,0,0,0,0,0,0,0,0
2026-04-23,Strom,0,0,0,0,0,0,0,0,0,0,0,0,0,0,0
2026-04-23,Vahr,0,0,0,0,0,0,0,0,0,0,0,0,0,0,0
2026-04-23,Vegesack,0,0,0,0,0,0,0,0,0,0,0,0,0,0,0
2026-04-23,Walle,0,0,0,0,0,0,0,0,0,0,0,0,0,0,0
2026-04-23,Woltmershausen,0,0,0,0,0,0,0,0,0,0,0,0,0,0,0
2026-04-23,Östliche Vorstadt,0,0,0,0,0,0,0,0,0,0,0,0,0,0,0
2026-04-24,Blockland,0,0,0,0,0,0,0,0,0,0,0,0,0,0,0
2026-04-24,Blumenthal,0,0,0,0,0,0,0,0,0,0,0,0,0,0,0
2026-04-24,Borgfeld,0,0,0,0,0,0,0,0,0,0,0,0,0,0,0
2026-04-24,Burglesum,0,0,0,0,0,0,0,0,0,0,0,0,0,0,0
2026-04-24,Findorff,0,0,0,0,0,0,0,0,0,0,0,0,0,0,0
2026-04-24,Gröpelingen,0,0,0,0,0,0,0,0,0,0,0,0,0,0,0
2026-04-24,Hemelingen,0,0,0,0,0,0,0,0,0,0,0,0,0,0,0
2026-04-24,Horn-Lehe,0,0,0,0,0,0,0,0,0,0,0,0,0,0,0
2026-04-24,Huchting,0,0,0,0,0,0,0,0,0,0,0,0,0,0,0
2026-04-24,Häfen,0,0,0,0,0,0,0,0,0,0,0,0,0,0,0
2026-04-24,Mitte,0,0,0,0,0,0,0,0,0,0,0,0,0,0,0
2026-04-24,Neustadt,0,0,0,0,0,0,0,0,0,0,0,0,0,0,0
2026-04-24,Oberneuland,0,0,0,0,0,0,0,0,0,0,0,0,0,0,0
2026-04-24,Obervieland,0,0,0,0,0,0,0,0,0,0,0,0,0,0,0
2026-04-24,Osterholz,0,0,0,0,0,0,0,0,0,0,0,0,0,0,0
2026-04-24,Schwachhausen,0,0,0,0,0,0,0,0,0,0,0,0,0,0,0
2026-04-24,Seehausen,0,0,0,0,0,0,0,0,0,0,0,0,0,0,0
2026-04-24,Strom,0,0,0,0,0,0,0,0,0,0,0,0,0,0,0
2026-04-24,Vahr,0,0,0,0,0,0,0,0,0,0,0,0,0,0,0
2026-04-24,Vegesack,0,0,0,0,0,0,0,0,0,0,0,0,0,0,0
2026-04-24,Walle,0,0,0,0,0,0,0,0,0,0,0,0,0,0,0
2026-04-24,Woltmershausen,0,0,0,0,0,0,0,0,0,0,0,0,0,0,0
2026-04-24,Östliche Vorstadt,0,0,0,0,0,0,0,0,0,0,0,0,0,0,0
2026-04-25,Blockland,0,0,0,0,0,0,0,0,0,0,0,0,0,0,0
2026-04-25,Blumenthal,0,0,0,0,0,0,0,0,0,0,0,0,0,0,0
2026-04-25,Borgfeld,0,0,0,0,0,0,0,0,0,0,0,0,0,0,0
2026-04-25,Burglesum,0,0,0,0,0,0,0,0,0,0,0,0,0,0,0
2026-04-25,Findorff,0,0,0,0,0,0,0,0,0,0,0,0,0,0,0
2026-04-25,Gröpelingen,0,0,0,0,0,0,0,0,0,0,0,0,0,0,0
2026-04-25,Hemelingen,0,0,0,0,0,0,0,0,0,0,0,0,0,0,0
2026-04-25,Horn-Lehe,0,0,0,0,0,0,0,0,0,0,0,0,0,0,0
2026-04-25,Huchting,0,0,0,0,0,0,0,0,0,0,0,0,0,0,0
2026-04-25,Häfen,0,0,0,0,0,0,0,0,0,0,0,0,0,0,0
2026-04-25,Mitte,0,0,0,0,0,0,0,0,0,0,0,0,0,0,0
2026-04-25,Neustadt,0,0,0,0,0,0,0,0,0,0,0,0,0,0,0
2026-04-25,Oberneuland,0,0,0,0,0,0,0,0,0,0,0,0,0,0,0
2026-04-25,Obervieland,0,0,0,0,0,0,0,0,0,0,0,0,0,0,0
2026-04-25,Osterholz,0,0,0,0,0,0,0,0,0,0,0,0,0,0,0
2026-04-25,Schwachhausen,0,0,0,0,0,0,0,0,0,0,0,0,0,0,0
2026-04-25,Seehausen,0,0,0,0,0,0,0,0,0,0,0,0,0,0,0
2026-04-25,Strom,0,0,0,0,0,0,0,0,0,0,0,0,0,0,0
2026-04-25,Vahr,0,0,0,0,0,0,0,0,0,0,0,0,0,0,0
2026-04-25,Vegesack,0,0,0,0,0,0,0,0,0,0,0,0,0,0,0
2026-04-25,Walle,0,0,0,0,0,0,0,0,0,0,0,0,0,0,0
2026-04-25,Woltmershausen,0,0,0,0,0,0,0,0,0,0,0,0,0,0,0
2026-04-25,Östliche Vorstadt,0,0,0,0,0,0,0,0,0,0,0,0,0,0,0
2026-04-26,Blockland,0,0,0,0,0,0,0,0,0,0,0,0,0,0,0
2026-04-26,Blumenthal,0,0,0,0,0,0,0,0,0,0,0,0,0,0,0
2026-04-26,Borgfeld,0,0,0,0,0,0,0,0,0,0,0,0,0,0,0
2026-04-26,Burglesum,0,0,0,0,0,0,0,0,0,0,0,0,0,0,0
2026-04-26,Findorff,0,0,0,0,0,0,0,0,0,0,0,0,0,0,0
2026-04-26,Gröpelingen,0,0,0,0,0,0,0,0,0,0,0,0,0,0,0
2026-04-26,Hemelingen,0,0,0,0,0,0,0,0,0,0,0,0,0,0,0
2026-04-26,Horn-Lehe,0,0,0,0,0,0,0,0,0,0,0,0,0,0,0
2026-04-26,Huchting,0,0,0,0,0,0,0,0,0,0,0,0,0,0,0
2026-04-26,Häfen,0,0,0,0,0,0,0,0,0,0,0,0,0,0,0
2026-04-26,Mitte,0,0,0,0,0,0,0,0,0,0,0,0,0,0,0
2026-04-26,Neustadt,0,0,0,0,0,0,0,0,0,0,0,0,0,0,0
2026-04-26,Oberneuland,0,0,0,0,0,0,0,0,0,0,0,0,0,0,0
2026-04-26,Obervieland,0,0,0,0,0,0,0,0,0,0,0,0,0,0,0
2026-04-26,Osterholz,0,0,0,0,0,0,0,0,0,0,0,0,0,0,0
2026-04-26,Schwachhausen,0,0,0,0,0,0,0,0,0,0,0,0,0,0,0
2026-04-26,Seehausen,0,0,0,0,0,0,0,0,0,0,0,0,0,0,0
2026-04-26,Strom,0,0,0,0,0,0,0,0,0,0,0,0,0,0,0
2026-04-26,Vahr,0,0,0,0,0,0,0,0,0,0,0,0,0,0,0
2026-04-26,Vegesack,0,0,0,0,0,0,0,0,0,0,0,0,0,0,0
2026-04-26,Walle,1,0,0,0,0,0,0,0,0,0,0,1,0,0,0
2026-04-26,Woltmershausen,0,0,0,0,0,0,0,0,0,0,0,0,0,0,0
2026-04-26,Östliche Vorstadt,0,0,0,0,0,0,0,0,0,0,0,0,0,0,0
2026-04-27,Blockland,0,0,0,0,0,0,0,0,0,0,0,0,0,0,0
2026-04-27,Blumenthal,0,0,0,0,0,0,0,0,0,0,0,0,0,0,0
2026-04-27,Borgfeld,0,0,0,0,0,0,0,0,0,0,0,0,0,0,0
2026-04-27,Burglesum,0,0,0,0,0,0,0,0,0,0,0,0,0,0,0
2026-04-27,Findorff,0,0,0,0,0,0,0,0,0,0,0,0,0,0,0
2026-04-27,Gröpelingen,0,0,0,0,0,0,0,0,0,0,0,0,0,0,0
2026-04-27,Hemelingen,0,0,0,0,0,0,0,0,0,0,0,0,0,0,0
2026-04-27,Horn-Lehe,0,0,0,0,0,0,0,0,0,0,0,0,0,0,0
2026-04-27,Huchting,0,0,0,0,0,0,0,0,0,0,0,0,0,0,0
2026-04-27,Häfen,0,0,0,0,0,0,0,0,0,0,0,0,0,0,0
2026-04-27,Mitte,0,0,0,0,0,0,0,0,0,0,0,0,0,0,0
2026-04-27,Neustadt,0,0,0,0,0,0,0,0,0,0,0,0,0,0,0
2026-04-27,Oberneuland,0,0,0,0,0,0,0,0,0,0,0,0,0,0,0
2026-04-27,Obervieland,0,0,0,0,0,0,0,0,0,0,0,0,0,0,0
2026-04-27,Osterholz,1,0,0,0,0,0,0,0,0,0,0,0,0,1,0
2026-04-27,Schwachhausen,0,0,0,0,0,0,0,0,0,0,0,0,0,0,0
2026-04-27,Seehausen,0,0,0,0,0,0,0,0,0,0,0,0,0,0,0
2026-04-27,Strom,0,0,0,0,0,0,0,0,0,0,0,0,0,0,0
2026-04-27,Vahr,0,0,0,0,0,0,0,0,0,0,0,0,0,0,0
2026-04-27,Vegesack,0,0,0,0,0,0,0,0,0,0,0,0,0,0,0
2026-04-27,Walle,1,0,0,0,0,0,0,0,0,0,0,1,0,0,0
2026-04-27,Woltmershausen,0,0,0,0,0,0,0,0,0,0,0,0,0,0,0
2026-04-27,Östliche Vorstadt,0,0,0,0,0,0,0,0,0,0,0,0,0,0,0
2026-04-28,Blockland,0,0,0,0,0,0,0,0,0,0,0,0,0,0,0
2026-04-28,Blumenthal,0,0,0,0,0,0,0,0,0,0,0,0,0,0,0
2026-04-28,Borgfeld,0,0,0,0,0,0,0,0,0,0,0,0,0,0,0
2026-04-28,Burglesum,0,0,0,0,0,0,0,0,0,0,0,0,0,0,0
2026-04-28,Findorff,0,0,0,0,0,0,0,0,0,0,0,0,0,0,0
2026-04-28,Gröpelingen,0,0,0,0,0,0,0,0,0,0,0,0,0,0,0
2026-04-28,Hemelingen,0,0,0,0,0,0,0,0,0,0,0,0,0,0,0
2026-04-28,Horn-Lehe,0,0,0,0,0,0,0,0,0,0,0,0,0,0,0
2026-04-28,Huchting,0,0,0,0,0,0,0,0,0,0,0,0,0,0,0
2026-04-28,Häfen,0,0,0,0,0,0,0,0,0,0,0,0,0,0,0
2026-04-28,Mitte,0,0,0,0,0,0,0,0,0,0,0,0,0,0,0
2026-04-28,Neustadt,0,0,0,0,0,0,0,0,0,0,0,0,0,0,0
2026-04-28,Oberneuland,0,0,0,0,0,0,0,0,0,0,0,0,0,0,0
2026-04-28,Obervieland,0,0,0,0,0,0,0,0,0,0,0,0,0,0,0
2026-04-28,Osterholz,0,0,0,0,0,0,0,0,0,0,0,0,0,0,0
2026-04-28,Schwachhausen,0,0,0,0,0,0,0,0,0,0,0,0,0,0,0
2026-04-28,Seehausen,0,0,0,0,0,0,0,0,0,0,0,0,0,0,0
2026-04-28,Strom,0,0,0,0,0,0,0,0,0,0,0,0,0,0,0
2026-04-28,Vahr,0,0,0,0,0,0,0,0,0,0,0,0,0,0,0
2026-04-28,Vegesack,0,0,0,0,0,0,0,0,0,0,0,0,0,0,0
2026-04-28,Walle,0,0,0,0,0,0,0,0,0,0,0,0,0,0,0
2026-04-28,Woltmershausen,0,0,0,0,0,0,0,0,0,0,0,0,0,0,0
2026-04-28,Östliche Vorstadt,0,0,0,0,0,0,0,0,0,0,0,0,0,0,0
2026-04-29,Blockland,0,0,0,0,0,0,0,0,0,0,0,0,0,0,0
2026-04-29,Blumenthal,0,0,0,0,0,0,0,0,0,0,0,0,0,0,0
2026-04-29,Borgfeld,0,0,0,0,0,0,0,0,0,0,0,0,0,0,0
2026-04-29,Burglesum,0,0,0,0,0,0,0,0,0,0,0,0,0,0,0
2026-04-29,Findorff,0,0,0,0,0,0,0,0,0,0,0,0,0,0,0
2026-04-29,Gröpelingen,0,0,0,0,0,0,0,0,0,0,0,0,0,0,0
2026-04-29,Hemelingen,0,0,0,0,0,0,0,0,0,0,0,0,0,0,0
2026-04-29,Horn-Lehe,0,0,0,0,0,0,0,0,0,0,0,0,0,0,0
2026-04-29,Huchting,0,0,0,0,0,0,0,0,0,0,0,0,0,0,0
2026-04-29,Häfen,0,0,0,0,0,0,0,0,0,0,0,0,0,0,0
2026-04-29,Mitte,1,0,0,0,0,0,0,0,1,0,0,0,0,0,0
2026-04-29,Neustadt,0,0,0,0,0,0,0,0,0,0,0,0,0,0,0
2026-04-29,Oberneuland,0,0,0,0,0,0,0,0,0,0,0,0,0,0,0
2026-04-29,Obervieland,0,0,0,0,0,0,0,0,0,0,0,0,0,0,0
2026-04-29,Osterholz,0,0,0,0,0,0,0,0,0,0,0,0,0,0,0
2026-04-29,Schwachhausen,0,0,0,0,0,0,0,0,0,0,0,0,0,0,0
2026-04-29,Seehausen,0,0,0,0,0,0,0,0,0,0,0,0,0,0,0
2026-04-29,Strom,0,0,0,0,0,0,0,0,0,0,0,0,0,0,0
2026-04-29,Vahr,0,0,0,0,0,0,0,0,0,0,0,0,0,0,0
2026-04-29,Vegesack,0,0,0,0,0,0,0,0,0,0,0,0,0,0,0
2026-04-29,Walle,1,0,0,0,0,0,0,0,1,0,0,0,0,0,0
2026-04-29,Woltmershausen,0,0,0,0,0,0,0,0,0,0,0,0,0,0,0
2026-04-29,Östliche Vorstadt,0,0,0,0,0,0,0,0,0,0,0,0,0,0,0
2026-04-30,Blockland,0,0,0,0,0,0,0,0,0,0,0,0,0,0,0
2026-04-30,Blumenthal,0,0,0,0,0,0,0,0,0,0,0,0,0,0,0
2026-04-30,Borgfeld,0,0,0,0,0,0,0,0,0,0,0,0,0,0,0
2026-04-30,Burglesum,0,0,0,0,0,0,0,0,0,0,0,0,0,0,0
2026-04-30,Findorff,0,0,0,0,0,0,0,0,0,0,0,0,0,0,0
2026-04-30,Gröpelingen,0,0,0,0,0,0,0,0,0,0,0,0,0,0,0
2026-04-30,Hemelingen,0,0,0,0,0,0,0,0,0,0,0,0,0,0,0
2026-04-30,Horn-Lehe,0,0,0,0,0,0,0,0,0,0,0,0,0,0,0
2026-04-30,Huchting,0,0,0,0,0,0,0,0,0,0,0,0,0,0,0
2026-04-30,Häfen,0,0,0,0,0,0,0,0,0,0,0,0,0,0,0
2026-04-30,Mitte,0,0,0,0,0,0,0,0,0,0,0,0,0,0,0
2026-04-30,Neustadt,0,0,0,0,0,0,0,0,0,0,0,0,0,0,0
2026-04-30,Oberneuland,0,0,0,0,0,0,0,0,0,0,0,0,0,0,0
2026-04-30,Obervieland,0,0,0,0,0,0,0,0,0,0,0,0,0,0,0
2026-04-30,Osterholz,0,0,0,0,0,0,0,0,0,0,0,0,0,0,0
2026-04-30,Schwachhausen,0,0,0,0,0,0,0,0,0,0,0,0,0,0,0
2026-04-30,Seehausen,0,0,0,0,0,0,0,0,0,0,0,0,0,0,0
2026-04-30,Strom,0,0,0,0,0,0,0,0,0,0,0,0,0,0,0
2026-04-30,Vahr,0,0,0,0,0,0,0,0,0,0,0,0,0,0,0
2026-04-30,Vegesack,0,0,0,0,0,0,0,0,0,0,0,0,0,0,0
2026-04-30,Walle,0,0,0,0,0,0,0,0,0,0,0,0,0,0,0
2026-04-30,Woltmershausen,0,0,0,0,0,0,0,0,0,0,0,0,0,0,0
2026-04-30,Östliche Vorstadt,0,0,0,0,0,0,0,0,0,0,0,0,0,0,0
2026-05-01,Blockland,0,0,0,0,0,0,0,0,0,0,0,0,0,0,0
2026-05-01,Blumenthal,0,0,0,0,0,0,0,0,0,0,0,0,0,0,0
2026-05-01,Borgfeld,0,0,0,0,0,0,0,0,0,0,0,0,0,0,0
2026-05-01,Burglesum,0,0,0,0,0,0,0,0,0,0,0,0,0,0,0
2026-05-01,Findorff,0,0,0,0,0,0,0,0,0,0,0,0,0,0,0
2026-05-01,Gröpelingen,0,0,0,0,0,0,0,0,0,0,0,0,0,0,0
2026-05-01,Hemelingen,1,0,0,0,0,0,0,0,0,0,0,1,0,0,0
2026-05-01,Horn-Lehe,0,0,0,0,0,0,0,0,0,0,0,0,0,0,0
2026-05-01,Huchting,0,0,0,0,0,0,0,0,0,0,0,0,0,0,0
2026-05-01,Häfen,1,0,0,0,0,0,0,0,0,0,0,0,0,0,1
2026-05-01,Mitte,1,0,0,0,0,0,0,1,0,0,0,0,0,0,0
2026-05-01,Neustadt,0,0,0,0,0,0,0,0,0,0,0,0,0,0,0
2026-05-01,Oberneuland,0,0,0,0,0,0,0,0,0,0,0,0,0,0,0
2026-05-01,Obervieland,0,0,0,0,0,0,0,0,0,0,0,0,0,0,0
2026-05-01,Osterholz,0,0,0,0,0,0,0,0,0,0,0,0,0,0,0
2026-05-01,Schwachhausen,0,0,0,0,0,0,0,0,0,0,0,0,0,0,0
2026-05-01,Seehausen,0,0,0,0,0,0,0,0,0,0,0,0,0,0,0
2026-05-01,Strom,0,0,0,0,0,0,0,0,0,0,0,0,0,0,0
2026-05-01,Vahr,0,0,0,0,0,0,0,0,0,0,0,0,0,0,0
2026-05-01,Vegesack,0,0,0,0,0,0,0,0,0,0,0,0,0,0,0
2026-05-01,Walle,0,0,0,0,0,0,0,0,0,0,0,0,0,0,0
2026-05-01,Woltmershausen,0,0,0,0,0,0,0,0,0,0,0,0,0,0,0
2026-05-01,Östliche Vorstadt,0,0,0,0,0,0,0,0,0,0,0,0,0,0,0
2026-05-02,Blockland,0,0,0,0,0,0,0,0,0,0,0,0,0,0,0
2026-05-02,Blumenthal,0,0,0,0,0,0,0,0,0,0,0,0,0,0,0
2026-05-02,Borgfeld,0,0,0,0,0,0,0,0,0,0,0,0,0,0,0
2026-05-02,Burglesum,0,0,0,0,0,0,0,0,0,0,0,0,0,0,0
2026-05-02,Findorff,0,0,0,0,0,0,0,0,0,0,0,0,0,0,0
2026-05-02,Gröpelingen,0,0,0,0,0,0,0,0,0,0,0,0,0,0,0
2026-05-02,Hemelingen,0,0,0,0,0,0,0,0,0,0,0,0,0,0,0
2026-05-02,Horn-Lehe,0,0,0,0,0,0,0,0,0,0,0,0,0,0,0
2026-05-02,Huchting,0,0,0,0,0,0,0,0,0,0,0,0,0,0,0
2026-05-02,Häfen,0,0,0,0,0,0,0,0,0,0,0,0,0,0,0
2026-05-02,Mitte,0,0,0,0,0,0,0,0,0,0,0,0,0,0,0
2026-05-02,Neustadt,0,0,0,0,0,0,0,0,0,0,0,0,0,0,0
2026-05-02,Oberneuland,0,0,0,0,0,0,0,0,0,0,0,0,0,0,0
2026-05-02,Obervieland,0,0,0,0,0,0,0,0,0,0,0,0,0,0,0
2026-05-02,Osterholz,0,0,0,0,0,0,0,0,0,0,0,0,0,0,0
2026-05-02,Schwachhausen,0,0,0,0,0,0,0,0,0,0,0,0,0,0,0
2026-05-02,Seehausen,0,0,0,0,0,0,0,0,0,0,0,0,0,0,0
2026-05-02,Strom,0,0,0,0,0,0,0,0,0,0,0,0,0,0,0
2026-05-02,Vahr,0,0,0,0,0,0,0,0,0,0,0,0,0,0,0
2026-05-02,Vegesack,1,0,1,0,0,0,0,0,0,0,0,0,0,0,0
2026-05-02,Walle,0,0,0,0,0,0,0,0,0,0,0,0,0,0,0
2026-05-02,Woltmershausen,0,0,0,0,0,0,0,0,0,0,0,0,0,0,0
2026-05-02,Östliche Vorstadt,1,0,0,0,0,0,0,0,0,0,0,0,1,0,0
2026-05-03,Blockland,0,0,0,0,0,0,0,0,0,0,0,0,0,0,0
2026-05-03,Blumenthal,0,0,0,0,0,0,0,0,0,0,0,0,0,0,0
2026-05-03,Borgfeld,0,0,0,0,0,0,0,0,0,0,0,0,0,0,0
2026-05-03,Burglesum,0,0,0,0,0,0,0,0,0,0,0,0,0,0,0
2026-05-03,Findorff,0,0,0,0,0,0,0,0,0,0,0,0,0,0,0
2026-05-03,Gröpelingen,0,0,0,0,0,0,0,0,0,0,0,0,0,0,0
2026-05-03,Hemelingen,0,0,0,0,0,0,0,0,0,0,0,0,0,0,0
2026-05-03,Horn-Lehe,0,0,0,0,0,0,0,0,0,0,0,0,0,0,0
2026-05-03,Huchting,0,0,0,0,0,0,0,0,0,0,0,0,0,0,0
2026-05-03,Häfen,0,0,0,0,0,0,0,0,0,0,0,0,0,0,0
2026-05-03,Mitte,1,0,0,0,0,0,1,0,0,0,0,0,0,0,0
2026-05-03,Neustadt,1,0,0,0,0,0,0,0,0,0,0,1,0,0,0
2026-05-03,Oberneuland,0,0,0,0,0,0,0,0,0,0,0,0,0,0,0
2026-05-03,Obervieland,0,0,0,0,0,0,0,0,0,0,0,0,0,0,0
2026-05-03,Osterholz,0,0,0,0,0,0,0,0,0,0,0,0,0,0,0
2026-05-03,Schwachhausen,0,0,0,0,0,0,0,0,0,0,0,0,0,0,0
2026-05-03,Seehausen,0,0,0,0,0,0,0,0,0,0,0,0,0,0,0
2026-05-03,Strom,0,0,0,0,0,0,0,0,0,0,0,0,0,0,0
2026-05-03,Vahr,0,0,0,0,0,0,0,0,0,0,0,0,0,0,0
2026-05-03,Vegesack,0,0,0,0,0,0,0,0,0,0,0,0,0,0,0
2026-05-03,Walle,0,0,0,0,0,0,0,0,0,0,0,0,0,0,0
2026-05-03,Woltmershausen,0,0,0,0,0,0,0,0,0,0,0,0,0,0,0
2026-05-03,Östliche Vorstadt,0,0,0,0,0,0,0,0,0,0,0,0,0,0,0
2026-05-04,Blockland,0,0,0,0,0,0,0,0,0,0,0,0,0,0,0
2026-05-04,Blumenthal,0,0,0,0,0,0,0,0,0,0,0,0,0,0,0
2026-05-04,Borgfeld,0,0,0,0,0,0,0,0,0,0,0,0,0,0,0
2026-05-04,Burglesum,0,0,0,0,0,0,0,0,0,0,0,0,0,0,0
2026-05-04,Findorff,0,0,0,0,0,0,0,0,0,0,0,0,0,0,0
2026-05-04,Gröpelingen,0,0,0,0,0,0,0,0,0,0,0,0,0,0,0
2026-05-04,Hemelingen,0,0,0,0,0,0,0,0,0,0,0,0,0,0,0
2026-05-04,Horn-Lehe,0,0,0,0,0,0,0,0,0,0,0,0,0,0,0
2026-05-04,Huchting,0,0,0,0,0,0,0,0,0,0,0,0,0,0,0
2026-05-04,Häfen,0,0,0,0,0,0,0,0,0,0,0,0,0,0,0
2026-05-04,Mitte,1,0,0,0,0,0,0,0,1,0,0,0,0,0,0
2026-05-04,Neustadt,0,0,0,0,0,0,0,0,0,0,0,0,0,0,0
2026-05-04,Oberneuland,0,0,0,0,0,0,0,0,0,0,0,0,0,0,0
2026-05-04,Obervieland,0,0,0,0,0,0,0,0,0,0,0,0,0,0,0
2026-05-04,Osterholz,0,0,0,0,0,0,0,0,0,0,0,0,0,0,0
2026-05-04,Schwachhausen,0,0,0,0,0,0,0,0,0,0,0,0,0,0,0
2026-05-04,Seehausen,0,0,0,0,0,0,0,0,0,0,0,0,0,0,0
2026-05-04,Strom,0,0,0,0,0,0,0,0,0,0,0,0,0,0,0
2026-05-04,Vahr,0,0,0,0,0,0,0,0,0,0,0,0,0,0,0
2026-05-04,Vegesack,0,0,0,0,0,0,0,0,0,0,0,0,0,0,0
2026-05-04,Walle,0,0,0,0,0,0,0,0,0,0,0,0,0,0,0
2026-05-04,Woltmershausen,0,0,0,0,0,0,0,0,0,0,0,0,0,0,0
2026-05-04,Östliche Vorstadt,0,0,0,0,0,0,0,0,0,0,0,0,0,0,0
2026-05-05,Blockland,0,0,0,0,0,0,0,0,0,0,0,0,0,0,0
2026-05-05,Blumenthal,0,0,0,0,0,0,0,0,0,0,0,0,0,0,0
2026-05-05,Borgfeld,0,0,0,0,0,0,0,0,0,0,0,0,0,0,0
2026-05-05,Burglesum,0,0,0,0,0,0,0,0,0,0,0,0,0,0,0
2026-05-05,Findorff,0,0,0,0,0,0,0,0,0,0,0,0,0,0,0
2026-05-05,Gröpelingen,0,0,0,0,0,0,0,0,0,0,0,0,0,0,0
2026-05-05,Hemelingen,1,0,0,1,0,0,0,0,0,0,0,0,0,0,0
2026-05-05,Horn-Lehe,0,0,0,0,0,0,0,0,0,0,0,0,0,0,0
2026-05-05,Huchting,0,0,0,0,0,0,0,0,0,0,0,0,0,0,0
2026-05-05,Häfen,0,0,0,0,0,0,0,0,0,0,0,0,0,0,0
2026-05-05,Mitte,0,0,0,0,0,0,0,0,0,0,0,0,0,0,0
2026-05-05,Neustadt,0,0,0,0,0,0,0,0,0,0,0,0,0,0,0
2026-05-05,Oberneuland,0,0,0,0,0,0,0,0,0,0,0,0,0,0,0
2026-05-05,Obervieland,0,0,0,0,0,0,0,0,0,0,0,0,0,0,0
2026-05-05,Osterholz,0,0,0,0,0,0,0,0,0,0,0,0,0,0,0
2026-05-05,Schwachhausen,0,0,0,0,0,0,0,0,0,0,0,0,0,0,0
2026-05-05,Seehausen,0,0,0,0,0,0,0,0,0,0,0,0,0,0,0
2026-05-05,Strom,0,0,0,0,0,0,0,0,0,0,0,0,0,0,0
2026-05-05,Vahr,0,0,0,0,0,0,0,0,0,0,0,0,0,0,0
2026-05-05,Vegesack,0,0,0,0,0,0,0,0,0,0,0,0,0,0,0
2026-05-05,Walle,0,0,0,0,0,0,0,0,0,0,0,0,0,0,0
2026-05-05,Woltmershausen,0,0,0,0,0,0,0,0,0,0,0,0,0,0,0
2026-05-05,Östliche Vorstadt,0,0,0,0,0,0,0,0,0,0,0,0,0,0,0
2026-05-06,Blockland,0,0,0,0,0,0,0,0,0,0,0,0,0,0,0
2026-05-06,Blumenthal,0,0,0,0,0,0,0,0,0,0,0,0,0,0,0
2026-05-06,Borgfeld,0,0,0,0,0,0,0,0,0,0,0,0,0,0,0
2026-05-06,Burglesum,0,0,0,0,0,0,0,0,0,0,0,0,0,0,0
2026-05-06,Findorff,2,0,1,0,1,0,0,0,0,0,0,0,0,0,0
2026-05-06,Gröpelingen,2,0,0,0,2,0,0,0,0,0,0,0,0,0,0
2026-05-06,Hemelingen,0,0,0,0,0,0,0,0,0,0,0,0,0,0,0
2026-05-06,Horn-Lehe,0,0,0,0,0,0,0,0,0,0,0,0,0,0,0
2026-05-06,Huchting,0,0,0,0,0,0,0,0,0,0,0,0,0,0,0
2026-05-06,Häfen,0,0,0,0,0,0,0,0,0,0,0,0,0,0,0
2026-05-06,Mitte,1,0,0,0,1,0,0,0,0,0,0,0,0,0,0
2026-05-06,Neustadt,0,0,0,0,0,0,0,0,0,0,0,0,0,0,0
2026-05-06,Oberneuland,0,0,0,0,0,0,0,0,0,0,0,0,0,0,0
2026-05-06,Obervieland,0,0,0,0,0,0,0,0,0,0,0,0,0,0,0
2026-05-06,Osterholz,0,0,0,0,0,0,0,0,0,0,0,0,0,0,0
2026-05-06,Schwachhausen,0,0,0,0,0,0,0,0,0,0,0,0,0,0,0
2026-05-06,Seehausen,0,0,0,0,0,0,0,0,0,0,0,0,0,0,0
2026-05-06,Strom,0,0,0,0,0,0,0,0,0,0,0,0,0,0,0
2026-05-06,Vahr,0,0,0,0,0,0,0,0,0,0,0,0,0,0,0
2026-05-06,Vegesack,0,0,0,0,0,0,0,0,0,0,0,0,0,0,0
2026-05-06,Walle,1,0,0,0,1,0,0,0,0,0,0,0,0,0,0
2026-05-06,Woltmershausen,0,0,0,0,0,0,0,0,0,0,0,0,0,0,0
2026-05-06,Östliche Vorstadt,1,0,0,0,0,0,0,0,0,1,0,0,0,0,0
2026-05-07,Blockland,0,0,0,0,0,0,0,0,0,0,0,0,0,0,0
2026-05-07,Blumenthal,0,0,0,0,0,0,0,0,0,0,0,0,0,0,0
2026-05-07,Borgfeld,0,0,0,0,0,0,0,0,0,0,0,0,0,0,0
2026-05-07,Burglesum,0,0,0,0,0,0,0,0,0,0,0,0,0,0,0
2026-05-07,Findorff,0,0,0,0,0,0,0,0,0,0,0,0,0,0,0
2026-05-07,Gröpelingen,0,0,0,0,0,0,0,0,0,0,0,0,0,0,0
2026-05-07,Hemelingen,0,0,0,0,0,0,0,0,0,0,0,0,0,0,0
2026-05-07,Horn-Lehe,0,0,0,0,0,0,0,0,0,0,0,0,0,0,0
2026-05-07,Huchting,0,0,0,0,0,0,0,0,0,0,0,0,0,0,0
2026-05-07,Häfen,0,0,0,0,0,0,0,0,0,0,0,0,0,0,0
2026-05-07,Mitte,0,0,0,0,0,0,0,0,0,0,0,0,0,0,0
2026-05-07,Neustadt,0,0,0,0,0,0,0,0,0,0,0,0,0,0,0
2026-05-07,Oberneuland,0,0,0,0,0,0,0,0,0,0,0,0,0,0,0
2026-05-07,Obervieland,0,0,0,0,0,0,0,0,0,0,0,0,0,0,0
2026-05-07,Osterholz,0,0,0,0,0,0,0,0,0,0,0,0,0,0,0
2026-05-07,Schwachhausen,0,0,0,0,0,0,0,0,0,0,0,0,0,0,0
2026-05-07,Seehausen,0,0,0,0,0,0,0,0,0,0,0,0,0,0,0
2026-05-07,Strom,0,0,0,0,0,0,0,0,0,0,0,0,0,0,0
2026-05-07,Vahr,0,0,0,0,0,0,0,0,0,0,0,0,0,0,0
2026-05-07,Vegesack,0,0,0,0,0,0,0,0,0,0,0,0,0,0,0
2026-05-07,Walle,0,0,0,0,0,0,0,0,0,0,0,0,0,0,0
2026-05-07,Woltmershausen,0,0,0,0,0,0,0,0,0,0,0,0,0,0,0
2026-05-07,Östliche Vorstadt,0,0,0,0,0,0,0,0,0,0,0,0,0,0,0
2026-05-08,Blockland,0,0,0,0,0,0,0,0,0,0,0,0,0,0,0
2026-05-08,Blumenthal,0,0,0,0,0,0,0,0,0,0,0,0,0,0,0
2026-05-08,Borgfeld,0,0,0,0,0,0,0,0,0,0,0,0,0,0,0
2026-05-08,Burglesum,0,0,0,0,0,0,0,0,0,0,0,0,0,0,0
2026-05-08,Findorff,0,0,0,0,0,0,0,0,0,0,0,0,0,0,0
2026-05-08,Gröpelingen,0,0,0,0,0,0,0,0,0,0,0,0,0,0,0
2026-05-08,Hemelingen,0,0,0,0,0,0,0,0,0,0,0,0,0,0,0
2026-05-08,Horn-Lehe,0,0,0,0,0,0,0,0,0,0,0,0,0,0,0
2026-05-08,Huchting,0,0,0,0,0,0,0,0,0,0,0,0,0,0,0
2026-05-08,Häfen,0,0,0,0,0,0,0,0,0,0,0,0,0,0,0
2026-05-08,Mitte,0,0,0,0,0,0,0,0,0,0,0,0,0,0,0
2026-05-08,Neustadt,0,0,0,0,0,0,0,0,0,0,0,0,0,0,0
2026-05-08,Oberneuland,0,0,0,0,0,0,0,0,0,0,0,0,0,0,0
2026-05-08,Obervieland,0,0,0,0,0,0,0,0,0,0,0,0,0,0,0
2026-05-08,Osterholz,0,0,0,0,0,0,0,0,0,0,0,0,0,0,0
2026-05-08,Schwachhausen,0,0,0,0,0,0,0,0,0,0,0,0,0,0,0
2026-05-08,Seehausen,0,0,0,0,0,0,0,0,0,0,0,0,0,0,0
2026-05-08,Strom,0,0,0,0,0,0,0,0,0,0,0,0,0,0,0
2026-05-08,Vahr,0,0,0,0,0,0,0,0,0,0,0,0,0,0,0
2026-05-08,Vegesack,0,0,0,0,0,0,0,0,0,0,0,0,0,0,0
2026-05-08,Walle,0,0,0,0,0,0,0,0,0,0,0,0,0,0,0
2026-05-08,Woltmershausen,0,0,0,0,0,0,0,0,0,0,0,0,0,0,0
2026-05-08,Östliche Vorstadt,0,0,0,0,0,0,0,0,0,0,0,0,0,0,0
2026-05-09,Blockland,0,0,0,0,0,0,0,0,0,0,0,0,0,0,0
2026-05-09,Blumenthal,0,0,0,0,0,0,0,0,0,0,0,0,0,0,0
2026-05-09,Borgfeld,0,0,0,0,0,0,0,0,0,0,0,0,0,0,0
2026-05-09,Burglesum,0,0,0,0,0,0,0,0,0,0,0,0,0,0,0
2026-05-09,Findorff,0,0,0,0,0,0,0,0,0,0,0,0,0,0,0
2026-05-09,Gröpelingen,0,0,0,0,0,0,0,0,0,0,0,0,0,0,0
2026-05-09,Hemelingen,0,0,0,0,0,0,0,0,0,0,0,0,0,0,0
2026-05-09,Horn-Lehe,0,0,0,0,0,0,0,0,0,0,0,0,0,0,0
2026-05-09,Huchting,0,0,0,0,0,0,0,0,0,0,0,0,0,0,0
2026-05-09,Häfen,0,0,0,0,0,0,0,0,0,0,0,0,0,0,0
2026-05-09,Mitte,0,0,0,0,0,0,0,0,0,0,0,0,0,0,0
2026-05-09,Neustadt,0,0,0,0,0,0,0,0,0,0,0,0,0,0,0
2026-05-09,Oberneuland,0,0,0,0,0,0,0,0,0,0,0,0,0,0,0
2026-05-09,Obervieland,0,0,0,0,0,0,0,0,0,0,0,0,0,0,0
2026-05-09,Osterholz,0,0,0,0,0,0,0,0,0,0,0,0,0,0,0
2026-05-09,Schwachhausen,0,0,0,0,0,0,0,0,0,0,0,0,0,0,0
2026-05-09,Seehausen,0,0,0,0,0,0,0,0,0,0,0,0,0,0,0
2026-05-09,Strom,0,0,0,0,0,0,0,0,0,0,0,0,0,0,0
2026-05-09,Vahr,1,0,0,0,0,0,0,0,0,0,0,0,0,1,0
2026-05-09,Vegesack,0,0,0,0,0,0,0,0,0,0,0,0,0,0,0
2026-05-09,Walle,0,0,0,0,0,0,0,0,0,0,0,0,0,0,0
2026-05-09,Woltmershausen,0,0,0,0,0,0,0,0,0,0,0,0,0,0,0
2026-05-09,Östliche Vorstadt,0,0,0,0,0,0,0,0,0,0,0,0,0,0,0
2026-05-10,Blockland,0,0,0,0,0,0,0,0,0,0,0,0,0,0,0
2026-05-10,Blumenthal,0,0,0,0,0,0,0,0,0,0,0,0,0,0,0
2026-05-10,Borgfeld,0,0,0,0,0,0,0,0,0,0,0,0,0,0,0
2026-05-10,Burglesum,0,0,0,0,0,0,0,0,0,0,0,0,0,0,0
2026-05-10,Findorff,0,0,0,0,0,0,0,0,0,0,0,0,0,0,0
2026-05-10,Gröpelingen,0,0,0,0,0,0,0,0,0,0,0,0,0,0,0
2026-05-10,Hemelingen,0,0,0,0,0,0,0,0,0,0,0,0,0,0,0
2026-05-10,Horn-Lehe,0,0,0,0,0,0,0,0,0,0,0,0,0,0,0
2026-05-10,Huchting,0,0,0,0,0,0,0,0,0,0,0,0,0,0,0
2026-05-10,Häfen,0,0,0,0,0,0,0,0,0,0,0,0,0,0,0
2026-05-10,Mitte,0,0,0,0,0,0,0,0,0,0,0,0,0,0,0
2026-05-10,Neustadt,0,0,0,0,0,0,0,0,0,0,0,0,0,0,0
2026-05-10,Oberneuland,0,0,0,0,0,0,0,0,0,0,0,0,0,0,0
2026-05-10,Obervieland,0,0,0,0,0,0,0,0,0,0,0,0,0,0,0
2026-05-10,Osterholz,0,0,0,0,0,0,0,0,0,0,0,0,0,0,0
2026-05-10,Schwachhausen,0,0,0,0,0,0,0,0,0,0,0,0,0,0,0
2026-05-10,Seehausen,0,0,0,0,0,0,0,0,0,0,0,0,0,0,0
2026-05-10,Strom,0,0,0,0,0,0,0,0,0,0,0,0,0,0,0
2026-05-10,Vahr,0,0,0,0,0,0,0,0,0,0,0,0,0,0,0
2026-05-10,Vegesack,0,0,0,0,0,0,0,0,0,0,0,0,0,0,0
2026-05-10,Walle,0,0,0,0,0,0,0,0,0,0,0,0,0,0,0
2026-05-10,Woltmershausen,0,0,0,0,0,0,0,0,0,0,0,0,0,0,0
2026-05-10,Östliche Vorstadt,0,0,0,0,0,0,0,0,0,0,0,0,0,0,0
2026-05-11,Blockland,0,0,0,0,0,0,0,0,0,0,0,0,0,0,0
2026-05-11,Blumenthal,0,0,0,0,0,0,0,0,0,0,0,0,0,0,0
2026-05-11,Borgfeld,0,0,0,0,0,0,0,0,0,0,0,0,0,0,0
2026-05-11,Burglesum,0,0,0,0,0,0,0,0,0,0,0,0,0,0,0
2026-05-11,Findorff,1,0,0,0,0,0,0,0,0,0,0,1,0,0,0
2026-05-11,Gröpelingen,0,0,0,0,0,0,0,0,0,0,0,0,0,0,0
2026-05-11,Hemelingen,0,0,0,0,0,0,0,0,0,0,0,0,0,0,0
2026-05-11,Horn-Lehe,0,0,0,0,0,0,0,0,0,0,0,0,0,0,0
2026-05-11,Huchting,0,0,0,0,0,0,0,0,0,0,0,0,0,0,0
2026-05-11,Häfen,0,0,0,0,0,0,0,0,0,0,0,0,0,0,0
2026-05-11,Mitte,0,0,0,0,0,0,0,0,0,0,0,0,0,0,0
2026-05-11,Neustadt,1,0,0,0,0,0,0,0,0,0,0,1,0,0,0
2026-05-11,Oberneuland,0,0,0,0,0,0,0,0,0,0,0,0,0,0,0
2026-05-11,Obervieland,0,0,0,0,0,0,0,0,0,0,0,0,0,0,0
2026-05-11,Osterholz,0,0,0,0,0,0,0,0,0,0,0,0,0,0,0
2026-05-11,Schwachhausen,0,0,0,0,0,0,0,0,0,0,0,0,0,0,0
2026-05-11,Seehausen,0,0,0,0,0,0,0,0,0,0,0,0,0,0,0
2026-05-11,Strom,0,0,0,0,0,0,0,0,0,0,0,0,0,0,0
2026-05-11,Vahr,0,0,0,0,0,0,0,0,0,0,0,0,0,0,0
2026-05-11,Vegesack,0,0,0,0,0,0,0,0,0,0,0,0,0,0,0
2026-05-11,Walle,1,0,0,0,0,0,0,0,0,0,0,1,0,0,0
2026-05-11,Woltmershausen,0,0,0,0,0,0,0,0,0,0,0,0,0,0,0
2026-05-11,Östliche Vorstadt,0,0,0,0,0,0,0,0,0,0,0,0,0,0,0
2026-05-12,Blockland,0,0,0,0,0,0,0,0,0,0,0,0,0,0,0
2026-05-12,Blumenthal,0,0,0,0,0,0,0,0,0,0,0,0,0,0,0
2026-05-12,Borgfeld,0,0,0,0,0,0,0,0,0,0,0,0,0,0,0
2026-05-12,Burglesum,0,0,0,0,0,0,0,0,0,0,0,0,0,0,0
2026-05-12,Findorff,0,0,0,0,0,0,0,0,0,0,0,0,0,0,0
2026-05-12,Gröpelingen,0,0,0,0,0,0,0,0,0,0,0,0,0,0,0
2026-05-12,Hemelingen,1,0,0,0,0,0,0,0,1,0,0,0,0,0,0
2026-05-12,Horn-Lehe,0,0,0,0,0,0,0,0,0,0,0,0,0,0,0
2026-05-12,Huchting,0,0,0,0,0,0,0,0,0,0,0,0,0,0,0
2026-05-12,Häfen,0,0,0,0,0,0,0,0,0,0,0,0,0,0,0
2026-05-12,Mitte,0,0,0,0,0,0,0,0,0,0,0,0,0,0,0
2026-05-12,Neustadt,0,0,0,0,0,0,0,0,0,0,0,0,0,0,0
2026-05-12,Oberneuland,0,0,0,0,0,0,0,0,0,0,0,0,0,0,0
2026-05-12,Obervieland,0,0,0,0,0,0,0,0,0,0,0,0,0,0,0
2026-05-12,Osterholz,0,0,0,0,0,0,0,0,0,0,0,0,0,0,0
2026-05-12,Schwachhausen,0,0,0,0,0,0,0,0,0,0,0,0,0,0,0
2026-05-12,Seehausen,0,0,0,0,0,0,0,0,0,0,0,0,0,0,0
2026-05-12,Strom,0,0,0,0,0,0,0,0,0,0,0,0,0,0,0
2026-05-12,Vahr,0,0,0,0,0,0,0,0,0,0,0,0,0,0,0
2026-05-12,Vegesack,0,0,0,0,0,0,0,0,0,0,0,0,0,0,0
2026-05-12,Walle,0,0,0,0,0,0,0,0,0,0,0,0,0,0,0
2026-05-12,Woltmershausen,0,0,0,0,0,0,0,0,0,0,0,0,0,0,0
2026-05-12,Östliche Vorstadt,0,0,0,0,0,0,0,0,0,0,0,0,0,0,0
2026-05-13,Blockland,0,0,0,0,0,0,0,0,0,0,0,0,0,0,0
2026-05-13,Blumenthal,0,0,0,0,0,0,0,0,0,0,0,0,0,0,0
2026-05-13,Borgfeld,0,0,0,0,0,0,0,0,0,0,0,0,0,0,0
2026-05-13,Burglesum,0,0,0,0,0,0,0,0,0,0,0,0,0,0,0
2026-05-13,Findorff,0,0,0,0,0,0,0,0,0,0,0,0,0,0,0
2026-05-13,Gröpelingen,0,0,0,0,0,0,0,0,0,0,0,0,0,0,0
2026-05-13,Hemelingen,0,0,0,0,0,0,0,0,0,0,0,0,0,0,0
2026-05-13,Horn-Lehe,0,0,0,0,0,0,0,0,0,0,0,0,0,0,0
2026-05-13,Huchting,0,0,0,0,0,0,0,0,0,0,0,0,0,0,0
2026-05-13,Häfen,0,0,0,0,0,0,0,0,0,0,0,0,0,0,0
2026-05-13,Mitte,0,0,0,0,0,0,0,0,0,0,0,0,0,0,0
2026-05-13,Neustadt,0,0,0,0,0,0,0,0,0,0,0,0,0,0,0
2026-05-13,Oberneuland,0,0,0,0,0,0,0,0,0,0,0,0,0,0,0
2026-05-13,Obervieland,0,0,0,0,0,0,0,0,0,0,0,0,0,0,0
2026-05-13,Osterholz,0,0,0,0,0,0,0,0,0,0,0,0,0,0,0
2026-05-13,Schwachhausen,0,0,0,0,0,0,0,0,0,0,0,0,0,0,0
2026-05-13,Seehausen,0,0,0,0,0,0,0,0,0,0,0,0,0,0,0
2026-05-13,Strom,0,0,0,0,0,0,0,0,0,0,0,0,0,0,0
2026-05-13,Vahr,0,0,0,0,0,0,0,0,0,0,0,0,0,0,0
2026-05-13,Vegesack,0,0,0,0,0,0,0,0,0,0,0,0,0,0,0
2026-05-13,Walle,0,0,0,0,0,0,0,0,0,0,0,0,0,0,0
2026-05-13,Woltmershausen,0,0,0,0,0,0,0,0,0,0,0,0,0,0,0
2026-05-13,Östliche Vorstadt,0,0,0,0,0,0,0,0,0,0,0,0,0,0,0
2026-05-14,Blockland,0,0,0,0,0,0,0,0,0,0,0,0,0,0,0
2026-05-14,Blumenthal,0,0,0,0,0,0,0,0,0,0,0,0,0,0,0
2026-05-14,Borgfeld,0,0,0,0,0,0,0,0,0,0,0,0,0,0,0
2026-05-14,Burglesum,0,0,0,0,0,0,0,0,0,0,0,0,0,0,0
2026-05-14,Findorff,0,0,0,0,0,0,0,0,0,0,0,0,0,0,0
2026-05-14,Gröpelingen,0,0,0,0,0,0,0,0,0,0,0,0,0,0,0
2026-05-14,Hemelingen,0,0,0,0,0,0,0,0,0,0,0,0,0,0,0
2026-05-14,Horn-Lehe,0,0,0,0,0,0,0,0,0,0,0,0,0,0,0
2026-05-14,Huchting,0,0,0,0,0,0,0,0,0,0,0,0,0,0,0
2026-05-14,Häfen,0,0,0,0,0,0,0,0,0,0,0,0,0,0,0
2026-05-14,Mitte,0,0,0,0,0,0,0,0,0,0,0,0,0,0,0
2026-05-14,Neustadt,0,0,0,0,0,0,0,0,0,0,0,0,0,0,0
2026-05-14,Oberneuland,0,0,0,0,0,0,0,0,0,0,0,0,0,0,0
2026-05-14,Obervieland,0,0,0,0,0,0,0,0,0,0,0,0,0,0,0
2026-05-14,Osterholz,0,0,0,0,0,0,0,0,0,0,0,0,0,0,0
2026-05-14,Schwachhausen,0,0,0,0,0,0,0,0,0,0,0,0,0,0,0
2026-05-14,Seehausen,0,0,0,0,0,0,0,0,0,0,0,0,0,0,0
2026-05-14,Strom,0,0,0,0,0,0,0,0,0,0,0,0,0,0,0
2026-05-14,Vahr,0,0,0,0,0,0,0,0,0,0,0,0,0,0,0
2026-05-14,Vegesack,0,0,0,0,0,0,0,0,0,0,0,0,0,0,0
2026-05-14,Walle,0,0,0,0,0,0,0,0,0,0,0,0,0,0,0
2026-05-14,Woltmershausen,0,0,0,0,0,0,0,0,0,0,0,0,0,0,0
2026-05-14,Östliche Vorstadt,0,0,0,0,0,0,0,0,0,0,0,0,0,0,0
2026-05-15,Blockland,0,0,0,0,0,0,0,0,0,0,0,0,0,0,0
2026-05-15,Blumenthal,0,0,0,0,0,0,0,0,0,0,0,0,0,0,0
2026-05-15,Borgfeld,0,0,0,0,0,0,0,0,0,0,0,0,0,0,0
2026-05-15,Burglesum,0,0,0,0,0,0,0,0,0,0,0,0,0,0,0
2026-05-15,Findorff,0,0,0,0,0,0,0,0,0,0,0,0,0,0,0
2026-05-15,Gröpelingen,0,0,0,0,0,0,0,0,0,0,0,0,0,0,0
2026-05-15,Hemelingen,0,0,0,0,0,0,0,0,0,0,0,0,0,0,0
2026-05-15,Horn-Lehe,0,0,0,0,0,0,0,0,0,0,0,0,0,0,0
2026-05-15,Huchting,0,0,0,0,0,0,0,0,0,0,0,0,0,0,0
2026-05-15,Häfen,0,0,0,0,0,0,0,0,0,0,0,0,0,0,0
2026-05-15,Mitte,0,0,0,0,0,0,0,0,0,0,0,0,0,0,0
2026-05-15,Neustadt,0,0,0,0,0,0,0,0,0,0,0,0,0,0,0
2026-05-15,Oberneuland,0,0,0,0,0,0,0,0,0,0,0,0,0,0,0
2026-05-15,Obervieland,1,0,0,0,0,0,0,0,0,0,0,0,1,0,0
2026-05-15,Osterholz,0,0,0,0,0,0,0,0,0,0,0,0,0,0,0
2026-05-15,Schwachhausen,0,0,0,0,0,0,0,0,0,0,0,0,0,0,0
2026-05-15,Seehausen,0,0,0,0,0,0,0,0,0,0,0,0,0,0,0
2026-05-15,Strom,0,0,0,0,0,0,0,0,0,0,0,0,0,0,0
2026-05-15,Vahr,0,0,0,0,0,0,0,0,0,0,0,0,0,0,0
2026-05-15,Vegesack,0,0,0,0,0,0,0,0,0,0,0,0,0,0,0
2026-05-15,Walle,0,0,0,0,0,0,0,0,0,0,0,0,0,0,0
2026-05-15,Woltmershausen,0,0,0,0,0,0,0,0,0,0,0,0,0,0,0
2026-05-15,Östliche Vorstadt,0,0,0,0,0,0,0,0,0,0,0,0,0,0,0
2026-05-16,Blockland,0,0,0,0,0,0,0,0,0,0,0,0,0,0,0
2026-05-16,Blumenthal,0,0,0,0,0,0,0,0,0,0,0,0,0,0,0
2026-05-16,Borgfeld,0,0,0,0,0,0,0,0,0,0,0,0,0,0,0
2026-05-16,Burglesum,0,0,0,0,0,0,0,0,0,0,0,0,0,0,0
2026-05-16,Findorff,0,0,0,0,0,0,0,0,0,0,0,0,0,0,0
2026-05-16,Gröpelingen,0,0,0,0,0,0,0,0,0,0,0,0,0,0,0
2026-05-16,Hemelingen,0,0,0,0,0,0,0,0,0,0,0,0,0,0,0
2026-05-16,Horn-Lehe,0,0,0,0,0,0,0,0,0,0,0,0,0,0,0
2026-05-16,Huchting,0,0,0,0,0,0,0,0,0,0,0,0,0,0,0
2026-05-16,Häfen,1,0,0,0,0,0,0,0,0,0,0,0,0,1,0
2026-05-16,Mitte,0,0,0,0,0,0,0,0,0,0,0,0,0,0,0
2026-05-16,Neustadt,0,0,0,0,0,0,0,0,0,0,0,0,0,0,0
2026-05-16,Oberneuland,0,0,0,0,0,0,0,0,0,0,0,0,0,0,0
2026-05-16,Obervieland,0,0,0,0,0,0,0,0,0,0,0,0,0,0,0
2026-05-16,Osterholz,0,0,0,0,0,0,0,0,0,0,0,0,0,0,0
2026-05-16,Schwachhausen,0,0,0,0,0,0,0,0,0,0,0,0,0,0,0
2026-05-16,Seehausen,0,0,0,0,0,0,0,0,0,0,0,0,0,0,0
2026-05-16,Strom,0,0,0,0,0,0,0,0,0,0,0,0,0,0,0
2026-05-16,Vahr,0,0,0,0,0,0,0,0,0,0,0,0,0,0,0
2026-05-16,Vegesack,0,0,0,0,0,0,0,0,0,0,0,0,0,0,0
2026-05-16,Walle,1,0,0,0,1,0,0,0,0,0,0,0,0,0,0
2026-05-16,Woltmershausen,0,0,0,0,0,0,0,0,0,0,0,0,0,0,0
2026-05-16,Östliche Vorstadt,0,0,0,0,0,0,0,0,0,0,0,0,0,0,0
2026-05-17,Blockland,0,0,0,0,0,0,0,0,0,0,0,0,0,0,0
2026-05-17,Blumenthal,0,0,0,0,0,0,0,0,0,0,0,0,0,0,0
2026-05-17,Borgfeld,0,0,0,0,0,0,0,0,0,0,0,0,0,0,0
2026-05-17,Burglesum,0,0,0,0,0,0,0,0,0,0,0,0,0,0,0
2026-05-17,Findorff,0,0,0,0,0,0,0,0,0,0,0,0,0,0,0
2026-05-17,Gröpelingen,0,0,0,0,0,0,0,0,0,0,0,0,0,0,0
2026-05-17,Hemelingen,0,0,0,0,0,0,0,0,0,0,0,0,0,0,0
2026-05-17,Horn-Lehe,0,0,0,0,0,0,0,0,0,0,0,0,0,0,0
2026-05-17,Huchting,0,0,0,0,0,0,0,0,0,0,0,0,0,0,0
2026-05-17,Häfen,0,0,0,0,0,0,0,0,0,0,0,0,0,0,0
2026-05-17,Mitte,0,0,0,0,0,0,0,0,0,0,0,0,0,0,0
2026-05-17,Neustadt,0,0,0,0,0,0,0,0,0,0,0,0,0,0,0
2026-05-17,Oberneuland,0,0,0,0,0,0,0,0,0,0,0,0,0,0,0
2026-05-17,Obervieland,0,0,0,0,0,0,0,0,0,0,0,0,0,0,0
2026-05-17,Osterholz,1,0,0,0,0,0,0,1,0,0,0,0,0,0,0
2026-05-17,Schwachhausen,0,0,0,0,0,0,0,0,0,0,0,0,0,0,0
2026-05-17,Seehausen,0,0,0,0,0,0,0,0,0,0,0,0,0,0,0
2026-05-17,Strom,0,0,0,0,0,0,0,0,0,0,0,0,0,0,0
2026-05-17,Vahr,0,0,0,0,0,0,0,0,0,0,0,0,0,0,0
2026-05-17,Vegesack,0,0,0,0,0,0,0,0,0,0,0,0,0,0,0
2026-05-17,Walle,0,0,0,0,0,0,0,0,0,0,0,0,0,0,0
2026-05-17,Woltmershausen,0,0,0,0,0,0,0,0,0,0,0,0,0,0,0
2026-05-17,Östliche Vorstadt,0,0,0,0,0,0,0,0,0,0,0,0,0,0,0
2026-05-18,Blockland,0,0,0,0,0,0,0,0,0,0,0,0,0,0,0
2026-05-18,Blumenthal,0,0,0,0,0,0,0,0,0,0,0,0,0,0,0
2026-05-18,Borgfeld,0,0,0,0,0,0,0,0,0,0,0,0,0,0,0
2026-05-18,Burglesum,0,0,0,0,0,0,0,0,0,0,0,0,0,0,0
2026-05-18,Findorff,0,0,0,0,0,0,0,0,0,0,0,0,0,0,0
2026-05-18,Gröpelingen,0,0,0,0,0,0,0,0,0,0,0,0,0,0,0
2026-05-18,Hemelingen,0,0,0,0,0,0,0,0,0,0,0,0,0,0,0
2026-05-18,Horn-Lehe,0,0,0,0,0,0,0,0,0,0,0,0,0,0,0
2026-05-18,Huchting,0,0,0,0,0,0,0,0,0,0,0,0,0,0,0
2026-05-18,Häfen,0,0,0,0,0,0,0,0,0,0,0,0,0,0,0
2026-05-18,Mitte,0,0,0,0,0,0,0,0,0,0,0,0,0,0,0
2026-05-18,Neustadt,0,0,0,0,0,0,0,0,0,0,0,0,0,0,0
2026-05-18,Oberneuland,0,0,0,0,0,0,0,0,0,0,0,0,0,0,0
2026-05-18,Obervieland,0,0,0,0,0,0,0,0,0,0,0,0,0,0,0
2026-05-18,Osterholz,0,0,0,0,0,0,0,0,0,0,0,0,0,0,0
2026-05-18,Schwachhausen,0,0,0,0,0,0,0,0,0,0,0,0,0,0,0
2026-05-18,Seehausen,0,0,0,0,0,0,0,0,0,0,0,0,0,0,0
2026-05-18,Strom,0,0,0,0,0,0,0,0,0,0,0,0,0,0,0
2026-05-18,Vahr,0,0,0,0,0,0,0,0,0,0,0,0,0,0,0
2026-05-18,Vegesack,0,0,0,0,0,0,0,0,0,0,0,0,0,0,0
2026-05-18,Walle,0,0,0,0,0,0,0,0,0,0,0,0,0,0,0
2026-05-18,Woltmershausen,0,0,0,0,0,0,0,0,0,0,0,0,0,0,0
2026-05-18,Östliche Vorstadt,0,0,0,0,0,0,0,0,0,0,0,0,0,0,0
2026-05-19,Blockland,0,0,0,0,0,0,0,0,0,0,0,0,0,0,0
2026-05-19,Blumenthal,0,0,0,0,0,0,0,0,0,0,0,0,0,0,0
2026-05-19,Borgfeld,0,0,0,0,0,0,0,0,0,0,0,0,0,0,0
2026-05-19,Burglesum,1,0,0,0,0,0,0,0,0,0,0,1,0,0,0
2026-05-19,Findorff,0,0,0,0,0,0,0,0,0,0,0,0,0,0,0
2026-05-19,Gröpelingen,0,0,0,0,0,0,0,0,0,0,0,0,0,0,0
2026-05-19,Hemelingen,0,0,0,0,0,0,0,0,0,0,0,0,0,0,0
2026-05-19,Horn-Lehe,0,0,0,0,0,0,0,0,0,0,0,0,0,0,0
2026-05-19,Huchting,0,0,0,0,0,0,0,0,0,0,0,0,0,0,0
2026-05-19,Häfen,0,0,0,0,0,0,0,0,0,0,0,0,0,0,0
2026-05-19,Mitte,1,0,0,0,1,0,0,0,0,0,0,0,0,0,0
2026-05-19,Neustadt,0,0,0,0,0,0,0,0,0,0,0,0,0,0,0
2026-05-19,Oberneuland,0,0,0,0,0,0,0,0,0,0,0,0,0,0,0
2026-05-19,Obervieland,0,0,0,0,0,0,0,0,0,0,0,0,0,0,0
2026-05-19,Osterholz,0,0,0,0,0,0,0,0,0,0,0,0,0,0,0
2026-05-19,Schwachhausen,1,0,0,0,0,0,0,0,1,0,0,0,0,0,0
2026-05-19,Seehausen,0,0,0,0,0,0,0,0,0,0,0,0,0,0,0
2026-05-19,Strom,0,0,0,0,0,0,0,0,0,0,0,0,0,0,0
2026-05-19,Vahr,0,0,0,0,0,0,0,0,0,0,0,0,0,0,0
2026-05-19,Vegesack,0,0,0,0,0,0,0,0,0,0,0,0,0,0,0
2026-05-19,Walle,0,0,0,0,0,0,0,0,0,0,0,0,0,0,0
2026-05-19,Woltmershausen,0,0,0,0,0,0,0,0,0,0,0,0,0,0,0
2026-05-19,Östliche Vorstadt,0,0,0,0,0,0,0,0,0,0,0,0,0,0,0
2026-05-20,Blockland,0,0,0,0,0,0,0,0,0,0,0,0,0,0,0
2026-05-20,Blumenthal,0,0,0,0,0,0,0,0,0,0,0,0,0,0,0
2026-05-20,Borgfeld,0,0,0,0,0,0,0,0,0,0,0,0,0,0,0
2026-05-20,Burglesum,0,0,0,0,0,0,0,0,0,0,0,0,0,0,0
2026-05-20,Findorff,0,0,0,0,0,0,0,0,0,0,0,0,0,0,0
2026-05-20,Gröpelingen,0,0,0,0,0,0,0,0,0,0,0,0,0,0,0
2026-05-20,Hemelingen,0,0,0,0,0,0,0,0,0,0,0,0,0,0,0
2026-05-20,Horn-Lehe,0,0,0,0,0,0,0,0,0,0,0,0,0,0,0
2026-05-20,Huchting,0,0,0,0,0,0,0,0,0,0,0,0,0,0,0
2026-05-20,Häfen,0,0,0,0,0,0,0,0,0,0,0,0,0,0,0
2026-05-20,Mitte,0,0,0,0,0,0,0,0,0,0,0,0,0,0,0
2026-05-20,Neustadt,1,0,0,0,0,0,0,0,0,1,0,0,0,0,0
2026-05-20,Oberneuland,0,0,0,0,0,0,0,0,0,0,0,0,0,0,0
2026-05-20,Obervieland,0,0,0,0,0,0,0,0,0,0,0,0,0,0,0
2026-05-20,Osterholz,0,0,0,0,0,0,0,0,0,0,0,0,0,0,0
2026-05-20,Schwachhausen,0,0,0,0,0,0,0,0,0,0,0,0,0,0,0
2026-05-20,Seehausen,0,0,0,0,0,0,0,0,0,0,0,0,0,0,0
2026-05-20,Strom,0,0,0,0,0,0,0,0,0,0,0,0,0,0,0
2026-05-20,Vahr,0,0,0,0,0,0,0,0,0,0,0,0,0,0,0
2026-05-20,Vegesack,0,0,0,0,0,0,0,0,0,0,0,0,0,0,0
2026-05-20,Walle,0,0,0,0,0,0,0,0,0,0,0,0,0,0,0
2026-05-20,Woltmershausen,0,0,0,0,0,0,0,0,0,0,0,0,0,0,0
2026-05-20,Östliche Vorstadt,0,0,0,0,0,0,0,0,0,0,0,0,0,0,0
2026-05-21,Blockland,0,0,0,0,0,0,0,0,0,0,0,0,0,0,0
2026-05-21,Blumenthal,0,0,0,0,0,0,0,0,0,0,0,0,0,0,0
2026-05-21,Borgfeld,0,0,0,0,0,0,0,0,0,0,0,0,0,0,0
2026-05-21,Burglesum,0,0,0,0,0,0,0,0,0,0,0,0,0,0,0
2026-05-21,Findorff,0,0,0,0,0,0,0,0,0,0,0,0,0,0,0
2026-05-21,Gröpelingen,0,0,0,0,0,0,0,0,0,0,0,0,0,0,0
2026-05-21,Hemelingen,0,0,0,0,0,0,0,0,0,0,0,0,0,0,0
2026-05-21,Horn-Lehe,0,0,0,0,0,0,0,0,0,0,0,0,0,0,0
2026-05-21,Huchting,0,0,0,0,0,0,0,0,0,0,0,0,0,0,0
2026-05-21,Häfen,0,0,0,0,0,0,0,0,0,0,0,0,0,0,0
2026-05-21,Mitte,1,0,0,1,0,0,0,0,0,0,0,0,0,0,0
2026-05-21,Neustadt,0,0,0,0,0,0,0,0,0,0,0,0,0,0,0
2026-05-21,Oberneuland,0,0,0,0,0,0,0,0,0,0,0,0,0,0,0
2026-05-21,Obervieland,0,0,0,0,0,0,0,0,0,0,0,0,0,0,0
2026-05-21,Osterholz,0,0,0,0,0,0,0,0,0,0,0,0,0,0,0
2026-05-21,Schwachhausen,0,0,0,0,0,0,0,0,0,0,0,0,0,0,0
2026-05-21,Seehausen,0,0,0,0,0,0,0,0,0,0,0,0,0,0,0
2026-05-21,Strom,0,0,0,0,0,0,0,0,0,0,0,0,0,0,0
2026-05-21,Vahr,0,0,0,0,0,0,0,0,0,0,0,0,0,0,0
2026-05-21,Vegesack,0,0,0,0,0,0,0,0,0,0,0,0,0,0,0
2026-05-21,Walle,0,0,0,0,0,0,0,0,0,0,0,0,0,0,0
2026-05-21,Woltmershausen,0,0,0,0,0,0,0,0,0,0,0,0,0,0,0
2026-05-21,Östliche Vorstadt,1,0,0,1,0,0,0,0,0,0,0,0,0,0,0
2026-05-22,Blockland,0,0,0,0,0,0,0,0,0,0,0,0,0,0,0
2026-05-22,Blumenthal,0,0,0,0,0,0,0,0,0,0,0,0,0,0,0
2026-05-22,Borgfeld,0,0,0,0,0,0,0,0,0,0,0,0,0,0,0
2026-05-22,Burglesum,0,0,0,0,0,0,0,0,0,0,0,0,0,0,0
2026-05-22,Findorff,0,0,0,0,0,0,0,0,0,0,0,0,0,0,0
2026-05-22,Gröpelingen,0,0,0,0,0,0,0,0,0,0,0,0,0,0,0
2026-05-22,Hemelingen,0,0,0,0,0,0,0,0,0,0,0,0,0,0,0
2026-05-22,Horn-Lehe,0,0,0,0,0,0,0,0,0,0,0,0,0,0,0
2026-05-22,Huchting,0,0,0,0,0,0,0,0,0,0,0,0,0,0,0
2026-05-22,Häfen,0,0,0,0,0,0,0,0,0,0,0,0,0,0,0
2026-05-22,Mitte,1,0,0,0,0,0,0,0,1,0,0,0,0,0,0
2026-05-22,Neustadt,0,0,0,0,0,0,0,0,0,0,0,0,0,0,0
2026-05-22,Oberneuland,0,0,0,0,0,0,0,0,0,0,0,0,0,0,0
2026-05-22,Obervieland,0,0,0,0,0,0,0,0,0,0,0,0,0,0,0
2026-05-22,Osterholz,0,0,0,0,0,0,0,0,0,0,0,0,0,0,0
2026-05-22,Schwachhausen,0,0,0,0,0,0,0,0,0,0,0,0,0,0,0
2026-05-22,Seehausen,0,0,0,0,0,0,0,0,0,0,0,0,0,0,0
2026-05-22,Strom,0,0,0,0,0,0,0,0,0,0,0,0,0,0,0
2026-05-22,Vahr,0,0,0,0,0,0,0,0,0,0,0,0,0,0,0
2026-05-22,Vegesack,0,0,0,0,0,0,0,0,0,0,0,0,0,0,0
2026-05-22,Walle,1,0,0,0,0,0,0,0,1,0,0,0,0,0,0
2026-05-22,Woltmershausen,0,0,0,0,0,0,0,0,0,0,0,0,0,0,0
2026-05-22,Östliche Vorstadt,0,0,0,0,0,0,0,0,0,0,0,0,0,0,0
2026-05-23,Blockland,0,0,0,0,0,0,0,0,0,0,0,0,0,0,0
2026-05-23,Blumenthal,0,0,0,0,0,0,0,0,0,0,0,0,0,0,0
2026-05-23,Borgfeld,0,0,0,0,0,0,0,0,0,0,0,0,0,0,0
2026-05-23,Burglesum,0,0,0,0,0,0,0,0,0,0,0,0,0,0,0
2026-05-23,Findorff,0,0,0,0,0,0,0,0,0,0,0,0,0,0,0
2026-05-23,Gröpelingen,0,0,0,0,0,0,0,0,0,0,0,0,0,0,0
2026-05-23,Hemelingen,0,0,0,0,0,0,0,0,0,0,0,0,0,0,0
2026-05-23,Horn-Lehe,0,0,0,0,0,0,0,0,0,0,0,0,0,0,0
2026-05-23,Huchting,0,0,0,0,0,0,0,0,0,0,0,0,0,0,0
2026-05-23,Häfen,0,0,0,0,0,0,0,0,0,0,0,0,0,0,0
2026-05-23,Mitte,0,0,0,0,0,0,0,0,0,0,0,0,0,0,0
2026-05-23,Neustadt,0,0,0,0,0,0,0,0,0,0,0,0,0,0,0
2026-05-23,Oberneuland,0,0,0,0,0,0,0,0,0,0,0,0,0,0,0
2026-05-23,Obervieland,0,0,0,0,0,0,0,0,0,0,0,0,0,0,0
2026-05-23,Osterholz,0,0,0,0,0,0,0,0,0,0,0,0,0,0,0
2026-05-23,Schwachhausen,0,0,0,0,0,0,0,0,0,0,0,0,0,0,0
2026-05-23,Seehausen,0,0,0,0,0,0,0,0,0,0,0,0,0,0,0
2026-05-23,Strom,0,0,0,0,0,0,0,0,0,0,0,0,0,0,0
2026-05-23,Vahr,0,0,0,0,0,0,0,0,0,0,0,0,0,0,0
2026-05-23,Vegesack,0,0,0,0,0,0,0,0,0,0,0,0,0,0,0
2026-05-23,Walle,1,0,0,0,0,0,0,0,0,0,0,1,0,0,0
2026-05-23,Woltmershausen,0,0,0,0,0,0,0,0,0,0,0,0,0,0,0
2026-05-23,Östliche Vorstadt,0,0,0,0,0,0,0,0,0,0,0,0,0,0,0
2026-05-24,Blockland,0,0,0,0,0,0,0,0,0,0,0,0,0,0,0
2026-05-24,Blumenthal,0,0,0,0,0,0,0,0,0,0,0,0,0,0,0
2026-05-24,Borgfeld,0,0,0,0,0,0,0,0,0,0,0,0,0,0,0
2026-05-24,Burglesum,0,0,0,0,0,0,0,0,0,0,0,0,0,0,0
2026-05-24,Findorff,0,0,0,0,0,0,0,0,0,0,0,0,0,0,0
2026-05-24,Gröpelingen,0,0,0,0,0,0,0,0,0,0,0,0,0,0,0
2026-05-24,Hemelingen,0,0,0,0,0,0,0,0,0,0,0,0,0,0,0
2026-05-24,Horn-Lehe,0,0,0,0,0,0,0,0,0,0,0,0,0,0,0
2026-05-24,Huchting,0,0,0,0,0,0,0,0,0,0,0,0,0,0,0
2026-05-24,Häfen,0,0,0,0,0,0,0,0,0,0,0,0,0,0,0
2026-05-24,Mitte,0,0,0,0,0,0,0,0,0,0,0,0,0,0,0
2026-05-24,Neustadt,0,0,0,0,0,0,0,0,0,0,0,0,0,0,0
2026-05-24,Oberneuland,0,0,0,0,0,0,0,0,0,0,0,0,0,0,0
2026-05-24,Obervieland,0,0,0,0,0,0,0,0,0,0,0,0,0,0,0
2026-05-24,Osterholz,0,0,0,0,0,0,0,0,0,0,0,0,0,0,0
2026-05-24,Schwachhausen,0,0,0,0,0,0,0,0,0,0,0,0,0,0,0
2026-05-24,Seehausen,0,0,0,0,0,0,0,0,0,0,0,0,0,0,0
2026-05-24,Strom,0,0,0,0,0,0,0,0,0,0,0,0,0,0,0
2026-05-24,Vahr,0,0,0,0,0,0,0,0,0,0,0,0,0,0,0
2026-05-24,Vegesack,0,0,0,0,0,0,0,0,0,0,0,0,0,0,0
2026-05-24,Walle,0,0,0,0,0,0,0,0,0,0,0,0,0,0,0
2026-05-24,Woltmershausen,0,0,0,0,0,0,0,0,0,0,0,0,0,0,0
2026-05-24,Östliche Vorstadt,0,0,0,0,0,0,0,0,0,0,0,0,0,0,0
2026-05-25,Blockland,0,0,0,0,0,0,0,0,0,0,0,0,0,0,0
2026-05-25,Blumenthal,0,0,0,0,0,0,0,0,0,0,0,0,0,0,0
2026-05-25,Borgfeld,0,0,0,0,0,0,0,0,0,0,0,0,0,0,0
2026-05-25,Burglesum,0,0,0,0,0,0,0,0,0,0,0,0,0,0,0
2026-05-25,Findorff,0,0,0,0,0,0,0,0,0,0,0,0,0,0,0
2026-05-25,Gröpelingen,0,0,0,0,0,0,0,0,0,0,0,0,0,0,0
2026-05-25,Hemelingen,0,0,0,0,0,0,0,0,0,0,0,0,0,0,0
2026-05-25,Horn-Lehe,0,0,0,0,0,0,0,0,0,0,0,0,0,0,0
2026-05-25,Huchting,0,0,0,0,0,0,0,0,0,0,0,0,0,0,0
2026-05-25,Häfen,0,0,0,0,0,0,0,0,0,0,0,0,0,0,0
2026-05-25,Mitte,0,0,0,0,0,0,0,0,0,0,0,0,0,0,0
2026-05-25,Neustadt,0,0,0,0,0,0,0,0,0,0,0,0,0,0,0
2026-05-25,Oberneuland,0,0,0,0,0,0,0,0,0,0,0,0,0,0,0
2026-05-25,Obervieland,0,0,0,0,0,0,0,0,0,0,0,0,0,0,0
2026-05-25,Osterholz,0,0,0,0,0,0,0,0,0,0,0,0,0,0,0
2026-05-25,Schwachhausen,0,0,0,0,0,0,0,0,0,0,0,0,0,0,0
2026-05-25,Seehausen,0,0,0,0,0,0,0,0,0,0,0,0,0,0,0
2026-05-25,Strom,0,0,0,0,0,0,0,0,0,0,0,0,0,0,0
2026-05-25,Vahr,0,0,0,0,0,0,0,0,0,0,0,0,0,0,0
2026-05-25,Vegesack,0,0,0,0,0,0,0,0,0,0,0,0,0,0,0
2026-05-25,Walle,0,0,0,0,0,0,0,0,0,0,0,0,0,0,0
2026-05-25,Woltmershausen,0,0,0,0,0,0,0,0,0,0,0,0,0,0,0
2026-05-25,Östliche Vorstadt,0,0,0,0,0,0,0,0,0,0,0,0,0,0,0
2026-05-26,Blockland,0,0,0,0,0,0,0,0,0,0,0,0,0,0,0
2026-05-26,Blumenthal,0,0,0,0,0,0,0,0,0,0,0,0,0,0,0
2026-05-26,Borgfeld,0,0,0,0,0,0,0,0,0,0,0,0,0,0,0
2026-05-26,Burglesum,0,0,0,0,0,0,0,0,0,0,0,0,0,0,0
2026-05-26,Findorff,0,0,0,0,0,0,0,0,0,0,0,0,0,0,0
2026-05-26,Gröpelingen,0,0,0,0,0,0,0,0,0,0,0,0,0,0,0
2026-05-26,Hemelingen,0,0,0,0,0,0,0,0,0,0,0,0,0,0,0
2026-05-26,Horn-Lehe,0,0,0,0,0,0,0,0,0,0,0,0,0,0,0
2026-05-26,Huchting,0,0,0,0,0,0,0,0,0,0,0,0,0,0,0
2026-05-26,Häfen,0,0,0,0,0,0,0,0,0,0,0,0,0,0,0
2026-05-26,Mitte,2,0,0,0,0,0,1,0,0,0,0,0,1,0,0
2026-05-26,Neustadt,0,0,0,0,0,0,0,0,0,0,0,0,0,0,0
2026-05-26,Oberneuland,0,0,0,0,0,0,0,0,0,0,0,0,0,0,0
2026-05-26,Obervieland,0,0,0,0,0,0,0,0,0,0,0,0,0,0,0
2026-05-26,Osterholz,1,0,0,1,0,0,0,0,0,0,0,0,0,0,0
2026-05-26,Schwachhausen,0,0,0,0,0,0,0,0,0,0,0,0,0,0,0
2026-05-26,Seehausen,0,0,0,0,0,0,0,0,0,0,0,0,0,0,0
2026-05-26,Strom,0,0,0,0,0,0,0,0,0,0,0,0,0,0,0
2026-05-26,Vahr,0,0,0,0,0,0,0,0,0,0,0,0,0,0,0
2026-05-26,Vegesack,0,0,0,0,0,0,0,0,0,0,0,0,0,0,0
2026-05-26,Walle,0,0,0,0,0,0,0,0,0,0,0,0,0,0,0
2026-05-26,Woltmershausen,0,0,0,0,0,0,0,0,0,0,0,0,0,0,0
2026-05-26,Östliche Vorstadt,0,0,0,0,0,0,0,0,0,0,0,0,0,0,0
2026-05-27,Blockland,0,0,0,0,0,0,0,0,0,0,0,0,0,0,0
2026-05-27,Blumenthal,0,0,0,0,0,0,0,0,0,0,0,0,0,0,0
2026-05-27,Borgfeld,0,0,0,0,0,0,0,0,0,0,0,0,0,0,0
2026-05-27,Burglesum,0,0,0,0,0,0,0,0,0,0,0,0,0,0,0
2026-05-27,Findorff,0,0,0,0,0,0,0,0,0,0,0,0,0,0,0
2026-05-27,Gröpelingen,0,0,0,0,0,0,0,0,0,0,0,0,0,0,0
2026-05-27,Hemelingen,0,0,0,0,0,0,0,0,0,0,0,0,0,0,0
2026-05-27,Horn-Lehe,0,0,0,0,0,0,0,0,0,0,0,0,0,0,0
2026-05-27,Huchting,0,0,0,0,0,0,0,0,0,0,0,0,0,0,0
2026-05-27,Häfen,0,0,0,0,0,0,0,0,0,0,0,0,0,0,0
2026-05-27,Mitte,0,0,0,0,0,0,0,0,0,0,0,0,0,0,0
2026-05-27,Neustadt,2,0,0,0,0,0,0,0,0,0,0,2,0,0,0
2026-05-27,Oberneuland,0,0,0,0,0,0,0,0,0,0,0,0,0,0,0
2026-05-27,Obervieland,0,0,0,0,0,0,0,0,0,0,0,0,0,0,0
2026-05-27,Osterholz,0,0,0,0,0,0,0,0,0,0,0,0,0,0,0
2026-05-27,Schwachhausen,0,0,0,0,0,0,0,0,0,0,0,0,0,0,0
2026-05-27,Seehausen,0,0,0,0,0,0,0,0,0,0,0,0,0,0,0
2026-05-27,Strom,0,0,0,0,0,0,0,0,0,0,0,0,0,0,0
2026-05-27,Vahr,0,0,0,0,0,0,0,0,0,0,0,0,0,0,0
2026-05-27,Vegesack,0,0,0,0,0,0,0,0,0,0,0,0,0,0,0
2026-05-27,Walle,0,0,0,0,0,0,0,0,0,0,0,0,0,0,0
2026-05-27,Woltmershausen,0,0,0,0,0,0,0,0,0,0,0,0,0,0,0
2026-05-27,Östliche Vorstadt,0,0,0,0,0,0,0,0,0,0,0,0,0,0,0
2026-05-28,Blockland,0,0,0,0,0,0,0,0,0,0,0,0,0,0,0
2026-05-28,Blumenthal,0,0,0,0,0,0,0,0,0,0,0,0,0,0,0
2026-05-28,Borgfeld,0,0,0,0,0,0,0,0,0,0,0,0,0,0,0
2026-05-28,Burglesum,0,0,0,0,0,0,0,0,0,0,0,0,0,0,0
2026-05-28,Findorff,0,0,0,0,0,0,0,0,0,0,0,0,0,0,0
2026-05-28,Gröpelingen,0,0,0,0,0,0,0,0,0,0,0,0,0,0,0
2026-05-28,Hemelingen,0,0,0,0,0,0,0,0,0,0,0,0,0,0,0
2026-05-28,Horn-Lehe,0,0,0,0,0,0,0,0,0,0,0,0,0,0,0
2026-05-28,Huchting,0,0,0,0,0,0,0,0,0,0,0,0,0,0,0
2026-05-28,Häfen,0,0,0,0,0,0,0,0,0,0,0,0,0,0,0
2026-05-28,Mitte,0,0,0,0,0,0,0,0,0,0,0,0,0,0,0
2026-05-28,Neustadt,0,0,0,0,0,0,0,0,0,0,0,0,0,0,0
2026-05-28,Oberneuland,0,0,0,0,0,0,0,0,0,0,0,0,0,0,0
2026-05-28,Obervieland,0,0,0,0,0,0,0,0,0,0,0,0,0,0,0
2026-05-28,Osterholz,0,0,0,0,0,0,0,0,0,0,0,0,0,0,0
2026-05-28,Schwachhausen,0,0,0,0,0,0,0,0,0,0,0,0,0,0,0
2026-05-28,Seehausen,0,0,0,0,0,0,0,0,0,0,0,0,0,0,0
2026-05-28,Strom,0,0,0,0,0,0,0,0,0,0,0,0,0,0,0
2026-05-28,Vahr,0,0,0,0,0,0,0,0,0,0,0,0,0,0,0
2026-05-28,Vegesack,0,0,0,0,0,0,0,0,0,0,0,0,0,0,0
2026-05-28,Walle,0,0,0,0,0,0,0,0,0,0,0,0,0,0,0
2026-05-28,Woltmershausen,0,0,0,0,0,0,0,0,0,0,0,0,0,0,0
2026-05-28,Östliche Vorstadt,0,0,0,0,0,0,0,0,0,0,0,0,0,0,0
2026-05-29,Blockland,0,0,0,0,0,0,0,0,0,0,0,0,0,0,0
2026-05-29,Blumenthal,0,0,0,0,0,0,0,0,0,0,0,0,0,0,0
2026-05-29,Borgfeld,0,0,0,0,0,0,0,0,0,0,0,0,0,0,0
2026-05-29,Burglesum,0,0,0,0,0,0,0,0,0,0,0,0,0,0,0
2026-05-29,Findorff,0,0,0,0,0,0,0,0,0,0,0,0,0,0,0
2026-05-29,Gröpelingen,0,0,0,0,0,0,0,0,0,0,0,0,0,0,0
2026-05-29,Hemelingen,0,0,0,0,0,0,0,0,0,0,0,0,0,0,0
2026-05-29,Horn-Lehe,0,0,0,0,0,0,0,0,0,0,0,0,0,0,0
2026-05-29,Huchting,0,0,0,0,0,0,0,0,0,0,0,0,0,0,0
2026-05-29,Häfen,0,0,0,0,0,0,0,0,0,0,0,0,0,0,0
2026-05-29,Mitte,0,0,0,0,0,0,0,0,0,0,0,0,0,0,0
2026-05-29,Neustadt,0,0,0,0,0,0,0,0,0,0,0,0,0,0,0
2026-05-29,Oberneuland,0,0,0,0,0,0,0,0,0,0,0,0,0,0,0
2026-05-29,Obervieland,0,0,0,0,0,0,0,0,0,0,0,0,0,0,0
2026-05-29,Osterholz,0,0,0,0,0,0,0,0,0,0,0,0,0,0,0
2026-05-29,Schwachhausen,1,0,0,0,0,0,0,0,0,0,0,1,0,0,0
2026-05-29,Seehausen,0,0,0,0,0,0,0,0,0,0,0,0,0,0,0
2026-05-29,Strom,0,0,0,0,0,0,0,0,0,0,0,0,0,0,0
2026-05-29,Vahr,0,0,0,0,0,0,0,0,0,0,0,0,0,0,0
2026-05-29,Vegesack,0,0,0,0,0,0,0,0,0,0,0,0,0,0,0
2026-05-29,Walle,1,0,0,0,0,0,0,0,0,0,0,1,0,0,0
2026-05-29,Woltmershausen,0,0,0,0,0,0,0,0,0,0,0,0,0,0,0
2026-05-29,Östliche Vorstadt,0,0,0,0,0,0,0,0,0,0,0,0,0,0,0
2026-05-30,Blockland,0,0,0,0,0,0,0,0,0,0,0,0,0,0,0
2026-05-30,Blumenthal,0,0,0,0,0,0,0,0,0,0,0,0,0,0,0
2026-05-30,Borgfeld,0,0,0,0,0,0,0,0,0,0,0,0,0,0,0
2026-05-30,Burglesum,1,0,0,0,0,0,0,0,1,0,0,0,0,0,0
2026-05-30,Findorff,0,0,0,0,0,0,0,0,0,0,0,0,0,0,0
2026-05-30,Gröpelingen,0,0,0,0,0,0,0,0,0,0,0,0,0,0,0
2026-05-30,Hemelingen,0,0,0,0,0,0,0,0,0,0,0,0,0,0,0
2026-05-30,Horn-Lehe,0,0,0,0,0,0,0,0,0,0,0,0,0,0,0
2026-05-30,Huchting,0,0,0,0,0,0,0,0,0,0,0,0,0,0,0
2026-05-30,Häfen,0,0,0,0,0,0,0,0,0,0,0,0,0,0,0
2026-05-30,Mitte,0,0,0,0,0,0,0,0,0,0,0,0,0,0,0
2026-05-30,Neustadt,0,0,0,0,0,0,0,0,0,0,0,0,0,0,0
2026-05-30,Oberneuland,0,0,0,0,0,0,0,0,0,0,0,0,0,0,0
2026-05-30,Obervieland,0,0,0,0,0,0,0,0,0,0,0,0,0,0,0
2026-05-30,Osterholz,0,0,0,0,0,0,0,0,0,0,0,0,0,0,0
2026-05-30,Schwachhausen,1,0,0,0,0,0,0,0,0,0,0,1,0,0,0
2026-05-30,Seehausen,0,0,0,0,0,0,0,0,0,0,0,0,0,0,0
2026-05-30,Strom,0,0,0,0,0,0,0,0,0,0,0,0,0,0,0
2026-05-30,Vahr,0,0,0,0,0,0,0,0,0,0,0,0,0,0,0
2026-05-30,Vegesack,0,0,0,0,0,0,0,0,0,0,0,0,0,0,0
2026-05-30,Walle,0,0,0,0,0,0,0,0,0,0,0,0,0,0,0
2026-05-30,Woltmershausen,0,0,0,0,0,0,0,0,0,0,0,0,0,0,0
2026-05-30,Östliche Vorstadt,0,0,0,0,0,0,0,0,0,0,0,0,0,0,0
2026-05-31,Blockland,0,0,0,0,0,0,0,0,0,0,0,0,0,0,0
2026-05-31,Blumenthal,0,0,0,0,0,0,0,0,0,0,0,0,0,0,0
2026-05-31,Borgfeld,0,0,0,0,0,0,0,0,0,0,0,0,0,0,0
2026-05-31,Burglesum,0,0,0,0,0,0,0,0,0,0,0,0,0,0,0
2026-05-31,Findorff,0,0,0,0,0,0,0,0,0,0,0,0,0,0,0
2026-05-31,Gröpelingen,0,0,0,0,0,0,0,0,0,0,0,0,0,0,0
2026-05-31,Hemelingen,0,0,0,0,0,0,0,0,0,0,0,0,0,0,0
2026-05-31,Horn-Lehe,0,0,0,0,0,0,0,0,0,0,0,0,0,0,0
2026-05-31,Huchting,0,0,0,0,0,0,0,0,0,0,0,0,0,0,0
2026-05-31,Häfen,0,0,0,0,0,0,0,0,0,0,0,0,0,0,0
2026-05-31,Mitte,1,0,0,0,0,0,0,1,0,0,0,0,0,0,0
2026-05-31,Neustadt,0,0,0,0,0,0,0,0,0,0,0,0,0,0,0
2026-05-31,Oberneuland,0,0,0,0,0,0,0,0,0,0,0,0,0,0,0
2026-05-31,Obervieland,0,0,0,0,0,0,0,0,0,0,0,0,0,0,0
2026-05-31,Osterholz,0,0,0,0,0,0,0,0,0,0,0,0,0,0,0
2026-05-31,Schwachhausen,1,0,0,0,0,0,0,1,0,0,0,0,0,0,0
2026-05-31,Seehausen,0,0,0,0,0,0,0,0,0,0,0,0,0,0,0
2026-05-31,Strom,0,0,0,0,0,0,0,0,0,0,0,0,0,0,0
2026-05-31,Vahr,0,0,0,0,0,0,0,0,0,0,0,0,0,0,0
2026-05-31,Vegesack,0,0,0,0,0,0,0,0,0,0,0,0,0,0,0
2026-05-31,Walle,0,0,0,0,0,0,0,0,0,0,0,0,0,0,0
2026-05-31,Woltmershausen,0,0,0,0,0,0,0,0,0,0,0,0,0,0,0
2026-05-31,Östliche Vorstadt,0,0,0,0,0,0,0,0,0,0,0,0,0,0,0
2026-06-01,Blockland,0,0,0,0,0,0,0,0,0,0,0,0,0,0,0
2026-06-01,Blumenthal,0,0,0,0,0,0,0,0,0,0,0,0,0,0,0
2026-06-01,Borgfeld,0,0,0,0,0,0,0,0,0,0,0,0,0,0,0
2026-06-01,Burglesum,0,0,0,0,0,0,0,0,0,0,0,0,0,0,0
2026-06-01,Findorff,0,0,0,0,0,0,0,0,0,0,0,0,0,0,0
2026-06-01,Gröpelingen,1,0,0,0,0,0,0,0,1,0,0,0,0,0,0
2026-06-01,Hemelingen,0,0,0,0,0,0,0,0,0,0,0,0,0,0,0
2026-06-01,Horn-Lehe,0,0,0,0,0,0,0,0,0,0,0,0,0,0,0
2026-06-01,Huchting,0,0,0,0,0,0,0,0,0,0,0,0,0,0,0
2026-06-01,Häfen,0,0,0,0,0,0,0,0,0,0,0,0,0,0,0
2026-06-01,Mitte,0,0,0,0,0,0,0,0,0,0,0,0,0,0,0
2026-06-01,Neustadt,0,0,0,0,0,0,0,0,0,0,0,0,0,0,0
2026-06-01,Oberneuland,0,0,0,0,0,0,0,0,0,0,0,0,0,0,0
2026-06-01,Obervieland,1,0,0,0,0,0,0,0,0,0,0,1,0,0,0
2026-06-01,Osterholz,1,0,0,1,0,0,0,0,0,0,0,0,0,0,0
2026-06-01,Schwachhausen,0,0,0,0,0,0,0,0,0,0,0,0,0,0,0
2026-06-01,Seehausen,0,0,0,0,0,0,0,0,0,0,0,0,0,0,0
2026-06-01,Strom,0,0,0,0,0,0,0,0,0,0,0,0,0,0,0
2026-06-01,Vahr,1,1,0,0,0,0,0,0,0,0,0,0,0,0,0
2026-06-01,Vegesack,0,0,0,0,0,0,0,0,0,0,0,0,0,0,0
2026-06-01,Walle,1,0,0,1,0,0,0,0,0,0,0,0,0,0,0
2026-06-01,Woltmershausen,0,0,0,0,0,0,0,0,0,0,0,0,0,0,0
2026-06-01,Östliche Vorstadt,0,0,0,0,0,0,0,0,0,0,0,0,0,0,0
2026-06-02,Blockland,0,0,0,0,0,0,0,0,0,0,0,0,0,0,0
2026-06-02,Blumenthal,0,0,0,0,0,0,0,0,0,0,0,0,0,0,0
2026-06-02,Borgfeld,0,0,0,0,0,0,0,0,0,0,0,0,0,0,0
2026-06-02,Burglesum,0,0,0,0,0,0,0,0,0,0,0,0,0,0,0
2026-06-02,Findorff,0,0,0,0,0,0,0,0,0,0,0,0,0,0,0
2026-06-02,Gröpelingen,0,0,0,0,0,0,0,0,0,0,0,0,0,0,0
2026-06-02,Hemelingen,1,0,0,0,1,0,0,0,0,0,0,0,0,0,0
2026-06-02,Horn-Lehe,0,0,0,0,0,0,0,0,0,0,0,0,0,0,0
2026-06-02,Huchting,0,0,0,0,0,0,0,0,0,0,0,0,0,0,0
2026-06-02,Häfen,0,0,0,0,0,0,0,0,0,0,0,0,0,0,0
2026-06-02,Mitte,0,0,0,0,0,0,0,0,0,0,0,0,0,0,0
2026-06-02,Neustadt,0,0,0,0,0,0,0,0,0,0,0,0,0,0,0
2026-06-02,Oberneuland,0,0,0,0,0,0,0,0,0,0,0,0,0,0,0
2026-06-02,Obervieland,0,0,0,0,0,0,0,0,0,0,0,0,0,0,0
2026-06-02,Osterholz,0,0,0,0,0,0,0,0,0,0,0,0,0,0,0
2026-06-02,Schwachhausen,0,0,0,0,0,0,0,0,0,0,0,0,0,0,0
2026-06-02,Seehausen,0,0,0,0,0,0,0,0,0,0,0,0,0,0,0
2026-06-02,Strom,0,0,0,0,0,0,0,0,0,0,0,0,0,0,0
2026-06-02,Vahr,2,0,0,0,0,0,0,0,0,0,0,2,0,0,0
2026-06-02,Vegesack,1,0,0,0,1,0,0,0,0,0,0,0,0,0,0
2026-06-02,Walle,0,0,0,0,0,0,0,0,0,0,0,0,0,0,0
2026-06-02,Woltmershausen,1,0,0,0,1,0,0,0,0,0,0,0,0,0,0
2026-06-02,Östliche Vorstadt,0,0,0,0,0,0,0,0,0,0,0,0,0,0,0
2026-06-03,Blockland,0,0,0,0,0,0,0,0,0,0,0,0,0,0,0
2026-06-03,Blumenthal,0,0,0,0,0,0,0,0,0,0,0,0,0,0,0
2026-06-03,Borgfeld,0,0,0,0,0,0,0,0,0,0,0,0,0,0,0
2026-06-03,Burglesum,0,0,0,0,0,0,0,0,0,0,0,0,0,0,0
2026-06-03,Findorff,0,0,0,0,0,0,0,0,0,0,0,0,0,0,0
2026-06-03,Gröpelingen,0,0,0,0,0,0,0,0,0,0,0,0,0,0,0
2026-06-03,Hemelingen,0,0,0,0,0,0,0,0,0,0,0,0,0,0,0
2026-06-03,Horn-Lehe,0,0,0,0,0,0,0,0,0,0,0,0,0,0,0
2026-06-03,Huchting,0,0,0,0,0,0,0,0,0,0,0,0,0,0,0
2026-06-03,Häfen,0,0,0,0,0,0,0,0,0,0,0,0,0,0,0
2026-06-03,Mitte,0,0,0,0,0,0,0,0,0,0,0,0,0,0,0
2026-06-03,Neustadt,0,0,0,0,0,0,0,0,0,0,0,0,0,0,0
2026-06-03,Oberneuland,0,0,0,0,0,0,0,0,0,0,0,0,0,0,0
2026-06-03,Obervieland,0,0,0,0,0,0,0,0,0,0,0,0,0,0,0
2026-06-03,Osterholz,0,0,0,0,0,0,0,0,0,0,0,0,0,0,0
2026-06-03,Schwachhausen,1,0,1,0,0,0,0,0,0,0,0,0,0,0,0
2026-06-03,Seehausen,0,0,0,0,0,0,0,0,0,0,0,0,0,0,0
2026-06-03,Strom,0,0,0,0,0,0,0,0,0,0,0,0,0,0,0
2026-06-03,Vahr,0,0,0,0,0,0,0,0,0,0,0,0,0,0,0
2026-06-03,Vegesack,0,0,0,0,0,0,0,0,0,0,0,0,0,0,0
2026-06-03,Walle,0,0,0,0,0,0,0,0,0,0,0,0,0,0,0
2026-06-03,Woltmershausen,0,0,0,0,0,0,0,0,0,0,0,0,0,0,0
2026-06-03,Östliche Vorstadt,0,0,0,0,0,0,0,0,0,0,0,0,0,0,0
2026-06-04,Blockland,0,0,0,0,0,0,0,0,0,0,0,0,0,0,0
2026-06-04,Blumenthal,0,0,0,0,0,0,0,0,0,0,0,0,0,0,0
2026-06-04,Borgfeld,0,0,0,0,0,0,0,0,0,0,0,0,0,0,0
2026-06-04,Burglesum,0,0,0,0,0,0,0,0,0,0,0,0,0,0,0
2026-06-04,Findorff,0,0,0,0,0,0,0,0,0,0,0,0,0,0,0
2026-06-04,Gröpelingen,0,0,0,0,0,0,0,0,0,0,0,0,0,0,0
2026-06-04,Hemelingen,0,0,0,0,0,0,0,0,0,0,0,0,0,0,0
2026-06-04,Horn-Lehe,0,0,0,0,0,0,0,0,0,0,0,0,0,0,0
2026-06-04,Huchting,0,0,0,0,0,0,0,0,0,0,0,0,0,0,0
2026-06-04,Häfen,0,0,0,0,0,0,0,0,0,0,0,0,0,0,0
2026-06-04,Mitte,0,0,0,0,0,0,0,0,0,0,0,0,0,0,0
2026-06-04,Neustadt,0,0,0,0,0,0,0,0,0,0,0,0,0,0,0
2026-06-04,Oberneuland,0,0,0,0,0,0,0,0,0,0,0,0,0,0,0
2026-06-04,Obervieland,0,0,0,0,0,0,0,0,0,0,0,0,0,0,0
2026-06-04,Osterholz,0,0,0,0,0,0,0,0,0,0,0,0,0,0,0
2026-06-04,Schwachhausen,0,0,0,0,0,0,0,0,0,0,0,0,0,0,0
2026-06-04,Seehausen,0,0,0,0,0,0,0,0,0,0,0,0,0,0,0
2026-06-04,Strom,0,0,0,0,0,0,0,0,0,0,0,0,0,0,0
2026-06-04,Vahr,0,0,0,0,0,0,0,0,0,0,0,0,0,0,0
2026-06-04,Vegesack,0,0,0,0,0,0,0,0,0,0,0,0,0,0,0
2026-06-04,Walle,0,0,0,0,0,0,0,0,0,0,0,0,0,0,0
2026-06-04,Woltmershausen,0,0,0,0,0,0,0,0,0,0,0,0,0,0,0
2026-06-04,Östliche Vorstadt,0,0,0,0,0,0,0,0,0,0,0,0,0,0,0
2026-06-05,Blockland,0,0,0,0,0,0,0,0,0,0,0,0,0,0,0
2026-06-05,Blumenthal,0,0,0,0,0,0,0,0,0,0,0,0,0,0,0
2026-06-05,Borgfeld,0,0,0,0,0,0,0,0,0,0,0,0,0,0,0
2026-06-05,Burglesum,0,0,0,0,0,0,0,0,0,0,0,0,0,0,0
2026-06-05,Findorff,0,0,0,0,0,0,0,0,0,0,0,0,0,0,0
2026-06-05,Gröpelingen,0,0,0,0,0,0,0,0,0,0,0,0,0,0,0
2026-06-05,Hemelingen,0,0,0,0,0,0,0,0,0,0,0,0,0,0,0
2026-06-05,Horn-Lehe,0,0,0,0,0,0,0,0,0,0,0,0,0,0,0
2026-06-05,Huchting,0,0,0,0,0,0,0,0,0,0,0,0,0,0,0
2026-06-05,Häfen,0,0,0,0,0,0,0,0,0,0,0,0,0,0,0
2026-06-05,Mitte,0,0,0,0,0,0,0,0,0,0,0,0,0,0,0
2026-06-05,Neustadt,0,0,0,0,0,0,0,0,0,0,0,0,0,0,0
2026-06-05,Oberneuland,0,0,0,0,0,0,0,0,0,0,0,0,0,0,0
2026-06-05,Obervieland,0,0,0,0,0,0,0,0,0,0,0,0,0,0,0
2026-06-05,Osterholz,0,0,0,0,0,0,0,0,0,0,0,0,0,0,0
2026-06-05,Schwachhausen,0,0,0,0,0,0,0,0,0,0,0,0,0,0,0
2026-06-05,Seehausen,0,0,0,0,0,0,0,0,0,0,0,0,0,0,0
2026-06-05,Strom,0,0,0,0,0,0,0,0,0,0,0,0,0,0,0
2026-06-05,Vahr,0,0,0,0,0,0,0,0,0,0,0,0,0,0,0
2026-06-05,Vegesack,0,0,0,0,0,0,0,0,0,0,0,0,0,0,0
2026-06-05,Walle,0,0,0,0,0,0,0,0,0,0,0,0,0,0,0
2026-06-05,Woltmershausen,0,0,0,0,0,0,0,0,0,0,0,0,0,0,0
2026-06-05,Östliche Vorstadt,0,0,0,0,0,0,0,0,0,0,0,0,0,0,0
2026-06-06,Blockland,0,0,0,0,0,0,0,0,0,0,0,0,0,0,0
2026-06-06,Blumenthal,0,0,0,0,0,0,0,0,0,0,0,0,0,0,0
2026-06-06,Borgfeld,0,0,0,0,0,0,0,0,0,0,0,0,0,0,0
2026-06-06,Burglesum,0,0,0,0,0,0,0,0,0,0,0,0,0,0,0
2026-06-06,Findorff,0,0,0,0,0,0,0,0,0,0,0,0,0,0,0
2026-06-06,Gröpelingen,0,0,0,0,0,0,0,0,0,0,0,0,0,0,0
2026-06-06,Hemelingen,0,0,0,0,0,0,0,0,0,0,0,0,0,0,0
2026-06-06,Horn-Lehe,0,0,0,0,0,0,0,0,0,0,0,0,0,0,0
2026-06-06,Huchting,0,0,0,0,0,0,0,0,0,0,0,0,0,0,0
2026-06-06,Häfen,0,0,0,0,0,0,0,0,0,0,0,0,0,0,0
2026-06-06,Mitte,0,0,0,0,0,0,0,0,0,0,0,0,0,0,0
2026-06-06,Neustadt,0,0,0,0,0,0,0,0,0,0,0,0,0,0,0
2026-06-06,Oberneuland,0,0,0,0,0,0,0,0,0,0,0,0,0,0,0
2026-06-06,Obervieland,0,0,0,0,0,0,0,0,0,0,0,0,0,0,0
2026-06-06,Osterholz,0,0,0,0,0,0,0,0,0,0,0,0,0,0,0
2026-06-06,Schwachhausen,0,0,0,0,0,0,0,0,0,0,0,0,0,0,0
2026-06-06,Seehausen,0,0,0,0,0,0,0,0,0,0,0,0,0,0,0
2026-06-06,Strom,0,0,0,0,0,0,0,0,0,0,0,0,0,0,0
2026-06-06,Vahr,0,0,0,0,0,0,0,0,0,0,0,0,0,0,0
2026-06-06,Vegesack,0,0,0,0,0,0,0,0,0,0,0,0,0,0,0
2026-06-06,Walle,0,0,0,0,0,0,0,0,0,0,0,0,0,0,0
2026-06-06,Woltmershausen,0,0,0,0,0,0,0,0,0,0,0,0,0,0,0
2026-06-06,Östliche Vorstadt,0,0,0,0,0,0,0,0,0,0,0,0,0,0,0
2026-06-07,Blockland,0,0,0,0,0,0,0,0,0,0,0,0,0,0,0
2026-06-07,Blumenthal,0,0,0,0,0,0,0,0,0,0,0,0,0,0,0
2026-06-07,Borgfeld,0,0,0,0,0,0,0,0,0,0,0,0,0,0,0
2026-06-07,Burglesum,0,0,0,0,0,0,0,0,0,0,0,0,0,0,0
2026-06-07,Findorff,0,0,0,0,0,0,0,0,0,0,0,0,0,0,0
2026-06-07,Gröpelingen,0,0,0,0,0,0,0,0,0,0,0,0,0,0,0
2026-06-07,Hemelingen,0,0,0,0,0,0,0,0,0,0,0,0,0,0,0
2026-06-07,Horn-Lehe,0,0,0,0,0,0,0,0,0,0,0,0,0,0,0
2026-06-07,Huchting,0,0,0,0,0,0,0,0,0,0,0,0,0,0,0
2026-06-07,Häfen,0,0,0,0,0,0,0,0,0,0,0,0,0,0,0
2026-06-07,Mitte,0,0,0,0,0,0,0,0,0,0,0,0,0,0,0
2026-06-07,Neustadt,0,0,0,0,0,0,0,0,0,0,0,0,0,0,0
2026-06-07,Oberneuland,0,0,0,0,0,0,0,0,0,0,0,0,0,0,0
2026-06-07,Obervieland,0,0,0,0,0,0,0,0,0,0,0,0,0,0,0
2026-06-07,Osterholz,0,0,0,0,0,0,0,0,0,0,0,0,0,0,0
2026-06-07,Schwachhausen,0,0,0,0,0,0,0,0,0,0,0,0,0,0,0
2026-06-07,Seehausen,0,0,0,0,0,0,0,0,0,0,0,0,0,0,0
2026-06-07,Strom,0,0,0,0,0,0,0,0,0,0,0,0,0,0,0
2026-06-07,Vahr,0,0,0,0,0,0,0,0,0,0,0,0,0,0,0
2026-06-07,Vegesack,0,0,0,0,0,0,0,0,0,0,0,0,0,0,0
2026-06-07,Walle,0,0,0,0,0,0,0,0,0,0,0,0,0,0,0
2026-06-07,Woltmershausen,0,0,0,0,0,0,0,0,0,0,0,0,0,0,0
2026-06-07,Östliche Vorstadt,0,0,0,0,0,0,0,0,0,0,0,0,0,0,0
2026-06-08,Blockland,0,0,0,0,0,0,0,0,0,0,0,0,0,0,0
2026-06-08,Blumenthal,0,0,0,0,0,0,0,0,0,0,0,0,0,0,0
2026-06-08,Borgfeld,0,0,0,0,0,0,0,0,0,0,0,0,0,0,0
2026-06-08,Burglesum,0,0,0,0,0,0,0,0,0,0,0,0,0,0,0
2026-06-08,Findorff,0,0,0,0,0,0,0,0,0,0,0,0,0,0,0
2026-06-08,Gröpelingen,0,0,0,0,0,0,0,0,0,0,0,0,0,0,0
2026-06-08,Hemelingen,0,0,0,0,0,0,0,0,0,0,0,0,0,0,0
2026-06-08,Horn-Lehe,0,0,0,0,0,0,0,0,0,0,0,0,0,0,0
2026-06-08,Huchting,0,0,0,0,0,0,0,0,0,0,0,0,0,0,0
2026-06-08,Häfen,0,0,0,0,0,0,0,0,0,0,0,0,0,0,0
2026-06-08,Mitte,0,0,0,0,0,0,0,0,0,0,0,0,0,0,0
2026-06-08,Neustadt,1,0,0,0,1,0,0,0,0,0,0,0,0,0,0
2026-06-08,Oberneuland,0,0,0,0,0,0,0,0,0,0,0,0,0,0,0
2026-06-08,Obervieland,0,0,0,0,0,0,0,0,0,0,0,0,0,0,0
2026-06-08,Osterholz,0,0,0,0,0,0,0,0,0,0,0,0,0,0,0
2026-06-08,Schwachhausen,0,0,0,0,0,0,0,0,0,0,0,0,0,0,0
2026-06-08,Seehausen,0,0,0,0,0,0,0,0,0,0,0,0,0,0,0
2026-06-08,Strom,0,0,0,0,0,0,0,0,0,0,0,0,0,0,0
2026-06-08,Vahr,0,0,0,0,0,0,0,0,0,0,0,0,0,0,0
2026-06-08,Vegesack,0,0,0,0,0,0,0,0,0,0,0,0,0,0,0
2026-06-08,Walle,0,0,0,0,0,0,0,0,0,0,0,0,0,0,0
2026-06-08,Woltmershausen,0,0,0,0,0,0,0,0,0,0,0,0,0,0,0
2026-06-08,Östliche Vorstadt,0,0,0,0,0,0,0,0,0,0,0,0,0,0,0
2026-06-09,Blockland,0,0,0,0,0,0,0,0,0,0,0,0,0,0,0
2026-06-09,Blumenthal,0,0,0,0,0,0,0,0,0,0,0,0,0,0,0
2026-06-09,Borgfeld,0,0,0,0,0,0,0,0,0,0,0,0,0,0,0
2026-06-09,Burglesum,0,0,0,0,0,0,0,0,0,0,0,0,0,0,0
2026-06-09,Findorff,0,0,0,0,0,0,0,0,0,0,0,0,0,0,0
2026-06-09,Gröpelingen,0,0,0,0,0,0,0,0,0,0,0,0,0,0,0
2026-06-09,Hemelingen,0,0,0,0,0,0,0,0,0,0,0,0,0,0,0
2026-06-09,Horn-Lehe,0,0,0,0,0,0,0,0,0,0,0,0,0,0,0
2026-06-09,Huchting,0,0,0,0,0,0,0,0,0,0,0,0,0,0,0
2026-06-09,Häfen,0,0,0,0,0,0,0,0,0,0,0,0,0,0,0
2026-06-09,Mitte,0,0,0,0,0,0,0,0,0,0,0,0,0,0,0
2026-06-09,Neustadt,0,0,0,0,0,0,0,0,0,0,0,0,0,0,0
2026-06-09,Oberneuland,0,0,0,0,0,0,0,0,0,0,0,0,0,0,0
2026-06-09,Obervieland,0,0,0,0,0,0,0,0,0,0,0,0,0,0,0
2026-06-09,Osterholz,0,0,0,0,0,0,0,0,0,0,0,0,0,0,0
2026-06-09,Schwachhausen,0,0,0,0,0,0,0,0,0,0,0,0,0,0,0
2026-06-09,Seehausen,0,0,0,0,0,0,0,0,0,0,0,0,0,0,0
2026-06-09,Strom,0,0,0,0,0,0,0,0,0,0,0,0,0,0,0
2026-06-09,Vahr,0,0,0,0,0,0,0,0,0,0,0,0,0,0,0
2026-06-09,Vegesack,0,0,0,0,0,0,0,0,0,0,0,0,0,0,0
2026-06-09,Walle,0,0,0,0,0,0,0,0,0,0,0,0,0,0,0
2026-06-09,Woltmershausen,0,0,0,0,0,0,0,0,0,0,0,0,0,0,0
2026-06-09,Östliche Vorstadt,0,0,0,0,0,0,0,0,0,0,0,0,0,0,0
2026-06-10,Blockland,0,0,0,0,0,0,0,0,0,0,0,0,0,0,0
2026-06-10,Blumenthal,0,0,0,0,0,0,0,0,0,0,0,0,0,0,0
2026-06-10,Borgfeld,0,0,0,0,0,0,0,0,0,0,0,0,0,0,0
2026-06-10,Burglesum,0,0,0,0,0,0,0,0,0,0,0,0,0,0,0
2026-06-10,Findorff,0,0,0,0,0,0,0,0,0,0,0,0,0,0,0
2026-06-10,Gröpelingen,0,0,0,0,0,0,0,0,0,0,0,0,0,0,0
2026-06-10,Hemelingen,0,0,0,0,0,0,0,0,0,0,0,0,0,0,0
2026-06-10,Horn-Lehe,0,0,0,0,0,0,0,0,0,0,0,0,0,0,0
2026-06-10,Huchting,0,0,0,0,0,0,0,0,0,0,0,0,0,0,0
2026-06-10,Häfen,0,0,0,0,0,0,0,0,0,0,0,0,0,0,0
2026-06-10,Mitte,0,0,0,0,0,0,0,0,0,0,0,0,0,0,0
2026-06-10,Neustadt,0,0,0,0,0,0,0,0,0,0,0,0,0,0,0
2026-06-10,Oberneuland,0,0,0,0,0,0,0,0,0,0,0,0,0,0,0
2026-06-10,Obervieland,0,0,0,0,0,0,0,0,0,0,0,0,0,0,0
2026-06-10,Osterholz,0,0,0,0,0,0,0,0,0,0,0,0,0,0,0
2026-06-10,Schwachhausen,0,0,0,0,0,0,0,0,0,0,0,0,0,0,0
2026-06-10,Seehausen,0,0,0,0,0,0,0,0,0,0,0,0,0,0,0
2026-06-10,Strom,0,0,0,0,0,0,0,0,0,0,0,0,0,0,0
2026-06-10,Vahr,0,0,0,0,0,0,0,0,0,0,0,0,0,0,0
2026-06-10,Vegesack,0,0,0,0,0,0,0,0,0,0,0,0,0,0,0
2026-06-10,Walle,0,0,0,0,0,0,0,0,0,0,0,0,0,0,0
2026-06-10,Woltmershausen,0,0,0,0,0,0,0,0,0,0,0,0,0,0,0
2026-06-10,Östliche Vorstadt,0,0,0,0,0,0,0,0,0,0,0,0,0,0,0
2026-06-11,Blockland,0,0,0,0,0,0,0,0,0,0,0,0,0,0,0
2026-06-11,Blumenthal,0,0,0,0,0,0,0,0,0,0,0,0,0,0,0
2026-06-11,Borgfeld,0,0,0,0,0,0,0,0,0,0,0,0,0,0,0
2026-06-11,Burglesum,0,0,0,0,0,0,0,0,0,0,0,0,0,0,0
2026-06-11,Findorff,0,0,0,0,0,0,0,0,0,0,0,0,0,0,0
2026-06-11,Gröpelingen,0,0,0,0,0,0,0,0,0,0,0,0,0,0,0
2026-06-11,Hemelingen,0,0,0,0,0,0,0,0,0,0,0,0,0,0,0
2026-06-11,Horn-Lehe,0,0,0,0,0,0,0,0,0,0,0,0,0,0,0
2026-06-11,Huchting,0,0,0,0,0,0,0,0,0,0,0,0,0,0,0
2026-06-11,Häfen,0,0,0,0,0,0,0,0,0,0,0,0,0,0,0
2026-06-11,Mitte,0,0,0,0,0,0,0,0,0,0,0,0,0,0,0
2026-06-11,Neustadt,0,0,0,0,0,0,0,0,0,0,0,0,0,0,0
2026-06-11,Oberneuland,0,0,0,0,0,0,0,0,0,0,0,0,0,0,0
2026-06-11,Obervieland,0,0,0,0,0,0,0,0,0,0,0,0,0,0,0
2026-06-11,Osterholz,0,0,0,0,0,0,0,0,0,0,0,0,0,0,0
2026-06-11,Schwachhausen,0,0,0,0,0,0,0,0,0,0,0,0,0,0,0
2026-06-11,Seehausen,0,0,0,0,0,0,0,0,0,0,0,0,0,0,0
2026-06-11,Strom,0,0,0,0,0,0,0,0,0,0,0,0,0,0,0
2026-06-11,Vahr,0,0,0,0,0,0,0,0,0,0,0,0,0,0,0
2026-06-11,Vegesack,0,0,0,0,0,0,0,0,0,0,0,0,0,0,0
2026-06-11,Walle,0,0,0,0,0,0,0,0,0,0,0,0,0,0,0
2026-06-11,Woltmershausen,0,0,0,0,0,0,0,0,0,0,0,0,0,0,0
2026-06-11,Östliche Vorstadt,0,0,0,0,0,0,0,0,0,0,0,0,0,0,0
2026-06-12,Blockland,0,0,0,0,0,0,0,0,0,0,0,0,0,0,0
2026-06-12,Blumenthal,0,0,0,0,0,0,0,0,0,0,0,0,0,0,0
2026-06-12,Borgfeld,0,0,0,0,0,0,0,0,0,0,0,0,0,0,0
2026-06-12,Burglesum,0,0,0,0,0,0,0,0,0,0,0,0,0,0,0
2026-06-12,Findorff,0,0,0,0,0,0,0,0,0,0,0,0,0,0,0
2026-06-12,Gröpelingen,0,0,0,0,0,0,0,0,0,0,0,0,0,0,0
2026-06-12,Hemelingen,0,0,0,0,0,0,0,0,0,0,0,0,0,0,0
2026-06-12,Horn-Lehe,0,0,0,0,0,0,0,0,0,0,0,0,0,0,0
2026-06-12,Huchting,0,0,0,0,0,0,0,0,0,0,0,0,0,0,0
2026-06-12,Häfen,0,0,0,0,0,0,0,0,0,0,0,0,0,0,0
2026-06-12,Mitte,0,0,0,0,0,0,0,0,0,0,0,0,0,0,0
2026-06-12,Neustadt,0,0,0,0,0,0,0,0,0,0,0,0,0,0,0
2026-06-12,Oberneuland,0,0,0,0,0,0,0,0,0,0,0,0,0,0,0
2026-06-12,Obervieland,0,0,0,0,0,0,0,0,0,0,0,0,0,0,0
2026-06-12,Osterholz,0,0,0,0,0,0,0,0,0,0,0,0,0,0,0
2026-06-12,Schwachhausen,0,0,0,0,0,0,0,0,0,0,0,0,0,0,0
2026-06-12,Seehausen,0,0,0,0,0,0,0,0,0,0,0,0,0,0,0
2026-06-12,Strom,0,0,0,0,0,0,0,0,0,0,0,0,0,0,0
2026-06-12,Vahr,0,0,0,0,0,0,0,0,0,0,0,0,0,0,0
2026-06-12,Vegesack,0,0,0,0,0,0,0,0,0,0,0,0,0,0,0
2026-06-12,Walle,0,0,0,0,0,0,0,0,0,0,0,0,0,0,0
2026-06-12,Woltmershausen,0,0,0,0,0,0,0,0,0,0,0,0,0,0,0
2026-06-12,Östliche Vorstadt,0,0,0,0,0,0,0,0,0,0,0,0,0,0,0
2026-06-13,Blockland,0,0,0,0,0,0,0,0,0,0,0,0,0,0,0
2026-06-13,Blumenthal,0,0,0,0,0,0,0,0,0,0,0,0,0,0,0
2026-06-13,Borgfeld,0,0,0,0,0,0,0,0,0,0,0,0,0,0,0
2026-06-13,Burglesum,0,0,0,0,0,0,0,0,0,0,0,0,0,0,0
2026-06-13,Findorff,0,0,0,0,0,0,0,0,0,0,0,0,0,0,0
2026-06-13,Gröpelingen,0,0,0,0,0,0,0,0,0,0,0,0,0,0,0
2026-06-13,Hemelingen,0,0,0,0,0,0,0,0,0,0,0,0,0,0,0
2026-06-13,Horn-Lehe,0,0,0,0,0,0,0,0,0,0,0,0,0,0,0
2026-06-13,Huchting,0,0,0,0,0,0,0,0,0,0,0,0,0,0,0
2026-06-13,Häfen,0,0,0,0,0,0,0,0,0,0,0,0,0,0,0
2026-06-13,Mitte,0,0,0,0,0,0,0,0,0,0,0,0,0,0,0
2026-06-13,Neustadt,0,0,0,0,0,0,0,0,0,0,0,0,0,0,0
2026-06-13,Oberneuland,0,0,0,0,0,0,0,0,0,0,0,0,0,0,0
2026-06-13,Obervieland,0,0,0,0,0,0,0,0,0,0,0,0,0,0,0
2026-06-13,Osterholz,0,0,0,0,0,0,0,0,0,0,0,0,0,0,0
2026-06-13,Schwachhausen,0,0,0,0,0,0,0,0,0,0,0,0,0,0,0
2026-06-13,Seehausen,0,0,0,0,0,0,0,0,0,0,0,0,0,0,0
2026-06-13,Strom,0,0,0,0,0,0,0,0,0,0,0,0,0,0,0
2026-06-13,Vahr,0,0,0,0,0,0,0,0,0,0,0,0,0,0,0
2026-06-13,Vegesack,0,0,0,0,0,0,0,0,0,0,0,0,0,0,0
2026-06-13,Walle,0,0,0,0,0,0,0,0,0,0,0,0,0,0,0
2026-06-13,Woltmershausen,0,0,0,0,0,0,0,0,0,0,0,0,0,0,0
2026-06-13,Östliche Vorstadt,0,0,0,0,0,0,0,0,0,0,0,0,0,0,0
2026-06-14,Blockland,0,0,0,0,0,0,0,0,0,0,0,0,0,0,0
2026-06-14,Blumenthal,0,0,0,0,0,0,0,0,0,0,0,0,0,0,0
2026-06-14,Borgfeld,0,0,0,0,0,0,0,0,0,0,0,0,0,0,0
2026-06-14,Burglesum,0,0,0,0,0,0,0,0,0,0,0,0,0,0,0
2026-06-14,Findorff,0,0,0,0,0,0,0,0,0,0,0,0,0,0,0
2026-06-14,Gröpelingen,0,0,0,0,0,0,0,0,0,0,0,0,0,0,0
2026-06-14,Hemelingen,0,0,0,0,0,0,0,0,0,0,0,0,0,0,0
2026-06-14,Horn-Lehe,0,0,0,0,0,0,0,0,0,0,0,0,0,0,0
2026-06-14,Huchting,0,0,0,0,0,0,0,0,0,0,0,0,0,0,0
2026-06-14,Häfen,0,0,0,0,0,0,0,0,0,0,0,0,0,0,0
2026-06-14,Mitte,0,0,0,0,0,0,0,0,0,0,0,0,0,0,0
2026-06-14,Neustadt,0,0,0,0,0,0,0,0,0,0,0,0,0,0,0
2026-06-14,Oberneuland,0,0,0,0,0,0,0,0,0,0,0,0,0,0,0
2026-06-14,Obervieland,0,0,0,0,0,0,0,0,0,0,0,0,0,0,0
2026-06-14,Osterholz,0,0,0,0,0,0,0,0,0,0,0,0,0,0,0
2026-06-14,Schwachhausen,0,0,0,0,0,0,0,0,0,0,0,0,0,0,0
2026-06-14,Seehausen,0,0,0,0,0,0,0,0,0,0,0,0,0,0,0
2026-06-14,Strom,0,0,0,0,0,0,0,0,0,0,0,0,0,0,0
2026-06-14,Vahr,0,0,0,0,0,0,0,0,0,0,0,0,0,0,0
2026-06-14,Vegesack,0,0,0,0,0,0,0,0,0,0,0,0,0,0,0
2026-06-14,Walle,0,0,0,0,0,0,0,0,0,0,0,0,0,0,0
2026-06-14,Woltmershausen,0,0,0,0,0,0,0,0,0,0,0,0,0,0,0
2026-06-14,Östliche Vorstadt,0,0,0,0,0,0,0,0,0,0,0,0,0,0,0
2026-06-15,Blockland,0,0,0,0,0,0,0,0,0,0,0,0,0,0,0
2026-06-15,Blumenthal,0,0,0,0,0,0,0,0,0,0,0,0,0,0,0
2026-06-15,Borgfeld,0,0,0,0,0,0,0,0,0,0,0,0,0,0,0
2026-06-15,Burglesum,0,0,0,0,0,0,0,0,0,0,0,0,0,0,0
2026-06-15,Findorff,0,0,0,0,0,0,0,0,0,0,0,0,0,0,0
2026-06-15,Gröpelingen,0,0,0,0,0,0,0,0,0,0,0,0,0,0,0
2026-06-15,Hemelingen,0,0,0,0,0,0,0,0,0,0,0,0,0,0,0
2026-06-15,Horn-Lehe,0,0,0,0,0,0,0,0,0,0,0,0,0,0,0
2026-06-15,Huchting,0,0,0,0,0,0,0,0,0,0,0,0,0,0,0
2026-06-15,Häfen,0,0,0,0,0,0,0,0,0,0,0,0,0,0,0
2026-06-15,Mitte,1,0,0,0,0,0,0,0,0,0,0,1,0,0,0
2026-06-15,Neustadt,0,0,0,0,0,0,0,0,0,0,0,0,0,0,0
2026-06-15,Oberneuland,0,0,0,0,0,0,0,0,0,0,0,0,0,0,0
2026-06-15,Obervieland,0,0,0,0,0,0,0,0,0,0,0,0,0,0,0
2026-06-15,Osterholz,0,0,0,0,0,0,0,0,0,0,0,0,0,0,0
2026-06-15,Schwachhausen,0,0,0,0,0,0,0,0,0,0,0,0,0,0,0
2026-06-15,Seehausen,0,0,0,0,0,0,0,0,0,0,0,0,0,0,0
2026-06-15,Strom,0,0,0,0,0,0,0,0,0,0,0,0,0,0,0
2026-06-15,Vahr,0,0,0,0,0,0,0,0,0,0,0,0,0,0,0
2026-06-15,Vegesack,0,0,0,0,0,0,0,0,0,0,0,0,0,0,0
2026-06-15,Walle,0,0,0,0,0,0,0,0,0,0,0,0,0,0,0
2026-06-15,Woltmershausen,0,0,0,0,0,0,0,0,0,0,0,0,0,0,0
2026-06-15,Östliche Vorstadt,0,0,0,0,0,0,0,0,0,0,0,0,0,0,0
2026-06-16,Blockland,0,0,0,0,0,0,0,0,0,0,0,0,0,0,0
2026-06-16,Blumenthal,0,0,0,0,0,0,0,0,0,0,0,0,0,0,0
2026-06-16,Borgfeld,0,0,0,0,0,0,0,0,0,0,0,0,0,0,0
2026-06-16,Burglesum,0,0,0,0,0,0,0,0,0,0,0,0,0,0,0
2026-06-16,Findorff,0,0,0,0,0,0,0,0,0,0,0,0,0,0,0
2026-06-16,Gröpelingen,0,0,0,0,0,0,0,0,0,0,0,0,0,0,0
2026-06-16,Hemelingen,0,0,0,0,0,0,0,0,0,0,0,0,0,0,0
2026-06-16,Horn-Lehe,0,0,0,0,0,0,0,0,0,0,0,0,0,0,0
2026-06-16,Huchting,0,0,0,0,0,0,0,0,0,0,0,0,0,0,0
2026-06-16,Häfen,0,0,0,0,0,0,0,0,0,0,0,0,0,0,0
2026-06-16,Mitte,0,0,0,0,0,0,0,0,0,0,0,0,0,0,0
2026-06-16,Neustadt,0,0,0,0,0,0,0,0,0,0,0,0,0,0,0
2026-06-16,Oberneuland,0,0,0,0,0,0,0,0,0,0,0,0,0,0,0
2026-06-16,Obervieland,0,0,0,0,0,0,0,0,0,0,0,0,0,0,0
2026-06-16,Osterholz,0,0,0,0,0,0,0,0,0,0,0,0,0,0,0
2026-06-16,Schwachhausen,0,0,0,0,0,0,0,0,0,0,0,0,0,0,0
2026-06-16,Seehausen,0,0,0,0,0,0,0,0,0,0,0,0,0,0,0
2026-06-16,Strom,0,0,0,0,0,0,0,0,0,0,0,0,0,0,0
2026-06-16,Vahr,0,0,0,0,0,0,0,0,0,0,0,0,0,0,0
2026-06-16,Vegesack,0,0,0,0,0,0,0,0,0,0,0,0,0,0,0
2026-06-16,Walle,0,0,0,0,0,0,0,0,0,0,0,0,0,0,0
2026-06-16,Woltmershausen,0,0,0,0,0,0,0,0,0,0,0,0,0,0,0
2026-06-16,Östliche Vorstadt,0,0,0,0,0,0,0,0,0,0,0,0,0,0,0
2026-06-17,Blockland,0,0,0,0,0,0,0,0,0,0,0,0,0,0,0
2026-06-17,Blumenthal,0,0,0,0,0,0,0,0,0,0,0,0,0,0,0
2026-06-17,Borgfeld,0,0,0,0,0,0,0,0,0,0,0,0,0,0,0
2026-06-17,Burglesum,0,0,0,0,0,0,0,0,0,0,0,0,0,0,0
2026-06-17,Findorff,0,0,0,0,0,0,0,0,0,0,0,0,0,0,0
2026-06-17,Gröpelingen,0,0,0,0,0,0,0,0,0,0,0,0,0,0,0
2026-06-17,Hemelingen,0,0,0,0,0,0,0,0,0,0,0,0,0,0,0
2026-06-17,Horn-Lehe,0,0,0,0,0,0,0,0,0,0,0,0,0,0,0
2026-06-17,Huchting,0,0,0,0,0,0,0,0,0,0,0,0,0,0,0
2026-06-17,Häfen,0,0,0,0,0,0,0,0,0,0,0,0,0,0,0
2026-06-17,Mitte,0,0,0,0,0,0,0,0,0,0,0,0,0,0,0
2026-06-17,Neustadt,0,0,0,0,0,0,0,0,0,0,0,0,0,0,0
2026-06-17,Oberneuland,0,0,0,0,0,0,0,0,0,0,0,0,0,0,0
2026-06-17,Obervieland,0,0,0,0,0,0,0,0,0,0,0,0,0,0,0
2026-06-17,Osterholz,0,0,0,0,0,0,0,0,0,0,0,0,0,0,0
2026-06-17,Schwachhausen,0,0,0,0,0,0,0,0,0,0,0,0,0,0,0
2026-06-17,Seehausen,0,0,0,0,0,0,0,0,0,0,0,0,0,0,0
2026-06-17,Strom,0,0,0,0,0,0,0,0,0,0,0,0,0,0,0
2026-06-17,Vahr,0,0,0,0,0,0,0,0,0,0,0,0,0,0,0
2026-06-17,Vegesack,0,0,0,0,0,0,0,0,0,0,0,0,0,0,0
2026-06-17,Walle,0,0,0,0,0,0,0,0,0,0,0,0,0,0,0
2026-06-17,Woltmershausen,0,0,0,0,0,0,0,0,0,0,0,0,0,0,0
2026-06-17,Östliche Vorstadt,0,0,0,0,0,0,0,0,0,0,0,0,0,0,0
2026-06-18,Blockland,0,0,0,0,0,0,0,0,0,0,0,0,0,0,0
2026-06-18,Blumenthal,0,0,0,0,0,0,0,0,0,0,0,0,0,0,0
2026-06-18,Borgfeld,0,0,0,0,0,0,0,0,0,0,0,0,0,0,0
2026-06-18,Burglesum,0,0,0,0,0,0,0,0,0,0,0,0,0,0,0
2026-06-18,Findorff,0,0,0,0,0,0,0,0,0,0,0,0,0,0,0
2026-06-18,Gröpelingen,0,0,0,0,0,0,0,0,0,0,0,0,0,0,0
2026-06-18,Hemelingen,0,0,0,0,0,0,0,0,0,0,0,0,0,0,0
2026-06-18,Horn-Lehe,0,0,0,0,0,0,0,0,0,0,0,0,0,0,0
2026-06-18,Huchting,0,0,0,0,0,0,0,0,0,0,0,0,0,0,0
2026-06-18,Häfen,0,0,0,0,0,0,0,0,0,0,0,0,0,0,0
2026-06-18,Mitte,0,0,0,0,0,0,0,0,0,0,0,0,0,0,0
2026-06-18,Neustadt,0,0,0,0,0,0,0,0,0,0,0,0,0,0,0
2026-06-18,Oberneuland,0,0,0,0,0,0,0,0,0,0,0,0,0,0,0
2026-06-18,Obervieland,0,0,0,0,0,0,0,0,0,0,0,0,0,0,0
2026-06-18,Osterholz,0,0,0,0,0,0,0,0,0,0,0,0,0,0,0
2026-06-18,Schwachhausen,0,0,0,0,0,0,0,0,0,0,0,0,0,0,0
2026-06-18,Seehausen,0,0,0,0,0,0,0,0,0,0,0,0,0,0,0
2026-06-18,Strom,0,0,0,0,0,0,0,0,0,0,0,0,0,0,0
2026-06-18,Vahr,0,0,0,0,0,0,0,0,0,0,0,0,0,0,0
2026-06-18,Vegesack,0,0,0,0,0,0,0,0,0,0,0,0,0,0,0
2026-06-18,Walle,0,0,0,0,0,0,0,0,0,0,0,0,0,0,0
2026-06-18,Woltmershausen,0,0,0,0,0,0,0,0,0,0,0,0,0,0,0
2026-06-18,Östliche Vorstadt,0,0,0,0,0,0,0,0,0,0,0,0,0,0,0
2026-06-19,Blockland,0,0,0,0,0,0,0,0,0,0,0,0,0,0,0
2026-06-19,Blumenthal,0,0,0,0,0,0,0,0,0,0,0,0,0,0,0
2026-06-19,Borgfeld,0,0,0,0,0,0,0,0,0,0,0,0,0,0,0
2026-06-19,Burglesum,0,0,0,0,0,0,0,0,0,0,0,0,0,0,0
2026-06-19,Findorff,0,0,0,0,0,0,0,0,0,0,0,0,0,0,0
2026-06-19,Gröpelingen,0,0,0,0,0,0,0,0,0,0,0,0,0,0,0
2026-06-19,Hemelingen,0,0,0,0,0,0,0,0,0,0,0,0,0,0,0
2026-06-19,Horn-Lehe,0,0,0,0,0,0,0,0,0,0,0,0,0,0,0
2026-06-19,Huchting,0,0,0,0,0,0,0,0,0,0,0,0,0,0,0
2026-06-19,Häfen,0,0,0,0,0,0,0,0,0,0,0,0,0,0,0
2026-06-19,Mitte,0,0,0,0,0,0,0,0,0,0,0,0,0,0,0
2026-06-19,Neustadt,0,0,0,0,0,0,0,0,0,0,0,0,0,0,0
2026-06-19,Oberneuland,0,0,0,0,0,0,0,0,0,0,0,0,0,0,0
2026-06-19,Obervieland,0,0,0,0,0,0,0,0,0,0,0,0,0,0,0
2026-06-19,Osterholz,0,0,0,0,0,0,0,0,0,0,0,0,0,0,0
2026-06-19,Schwachhausen,0,0,0,0,0,0,0,0,0,0,0,0,0,0,0
2026-06-19,Seehausen,0,0,0,0,0,0,0,0,0,0,0,0,0,0,0
2026-06-19,Strom,0,0,0,0,0,0,0,0,0,0,0,0,0,0,0
2026-06-19,Vahr,0,0,0,0,0,0,0,0,0,0,0,0,0,0,0
2026-06-19,Vegesack,0,0,0,0,0,0,0,0,0,0,0,0,0,0,0
2026-06-19,Walle,0,0,0,0,0,0,0,0,0,0,0,0,0,0,0
2026-06-19,Woltmershausen,0,0,0,0,0,0,0,0,0,0,0,0,0,0,0
2026-06-19,Östliche Vorstadt,0,0,0,0,0,0,0,0,0,0,0,0,0,0,0
2026-06-20,Blockland,0,0,0,0,0,0,0,0,0,0,0,0,0,0,0
2026-06-20,Blumenthal,0,0,0,0,0,0,0,0,0,0,0,0,0,0,0
2026-06-20,Borgfeld,0,0,0,0,0,0,0,0,0,0,0,0,0,0,0
2026-06-20,Burglesum,0,0,0,0,0,0,0,0,0,0,0,0,0,0,0
2026-06-20,Findorff,0,0,0,0,0,0,0,0,0,0,0,0,0,0,0
2026-06-20,Gröpelingen,0,0,0,0,0,0,0,0,0,0,0,0,0,0,0
2026-06-20,Hemelingen,0,0,0,0,0,0,0,0,0,0,0,0,0,0,0
2026-06-20,Horn-Lehe,0,0,0,0,0,0,0,0,0,0,0,0,0,0,0
2026-06-20,Huchting,0,0,0,0,0,0,0,0,0,0,0,0,0,0,0
2026-06-20,Häfen,0,0,0,0,0,0,0,0,0,0,0,0,0,0,0
2026-06-20,Mitte,0,0,0,0,0,0,0,0,0,0,0,0,0,0,0
2026-06-20,Neustadt,0,0,0,0,0,0,0,0,0,0,0,0,0,0,0
2026-06-20,Oberneuland,0,0,0,0,0,0,0,0,0,0,0,0,0,0,0
2026-06-20,Obervieland,0,0,0,0,0,0,0,0,0,0,0,0,0,0,0
2026-06-20,Osterholz,0,0,0,0,0,0,0,0,0,0,0,0,0,0,0
2026-06-20,Schwachhausen,0,0,0,0,0,0,0,0,0,0,0,0,0,0,0
2026-06-20,Seehausen,0,0,0,0,0,0,0,0,0,0,0,0,0,0,0
2026-06-20,Strom,0,0,0,0,0,0,0,0,0,0,0,0,0,0,0
2026-06-20,Vahr,0,0,0,0,0,0,0,0,0,0,0,0,0,0,0
2026-06-20,Vegesack,0,0,0,0,0,0,0,0,0,0,0,0,0,0,0
2026-06-20,Walle,0,0,0,0,0,0,0,0,0,0,0,0,0,0,0
2026-06-20,Woltmershausen,0,0,0,0,0,0,0,0,0,0,0,0,0,0,0
2026-06-20,Östliche Vorstadt,0,0,0,0,0,0,0,0,0,0,0,0,0,0,0
2026-06-21,Blockland,0,0,0,0,0,0,0,0,0,0,0,0,0,0,0
2026-06-21,Blumenthal,0,0,0,0,0,0,0,0,0,0,0,0,0,0,0
2026-06-21,Borgfeld,0,0,0,0,0,0,0,0,0,0,0,0,0,0,0
2026-06-21,Burglesum,0,0,0,0,0,0,0,0,0,0,0,0,0,0,0
2026-06-21,Findorff,0,0,0,0,0,0,0,0,0,0,0,0,0,0,0
2026-06-21,Gröpelingen,0,0,0,0,0,0,0,0,0,0,0,0,0,0,0
2026-06-21,Hemelingen,0,0,0,0,0,0,0,0,0,0,0,0,0,0,0
2026-06-21,Horn-Lehe,0,0,0,0,0,0,0,0,0,0,0,0,0,0,0
2026-06-21,Huchting,0,0,0,0,0,0,0,0,0,0,0,0,0,0,0
2026-06-21,Häfen,0,0,0,0,0,0,0,0,0,0,0,0,0,0,0
2026-06-21,Mitte,0,0,0,0,0,0,0,0,0,0,0,0,0,0,0
2026-06-21,Neustadt,0,0,0,0,0,0,0,0,0,0,0,0,0,0,0
2026-06-21,Oberneuland,0,0,0,0,0,0,0,0,0,0,0,0,0,0,0
2026-06-21,Obervieland,0,0,0,0,0,0,0,0,0,0,0,0,0,0,0
2026-06-21,Osterholz,0,0,0,0,0,0,0,0,0,0,0,0,0,0,0
2026-06-21,Schwachhausen,0,0,0,0,0,0,0,0,0,0,0,0,0,0,0
2026-06-21,Seehausen,0,0,0,0,0,0,0,0,0,0,0,0,0,0,0
2026-06-21,Strom,0,0,0,0,0,0,0,0,0,0,0,0,0,0,0
2026-06-21,Vahr,0,0,0,0,0,0,0,0,0,0,0,0,0,0,0
2026-06-21,Vegesack,0,0,0,0,0,0,0,0,0,0,0,0,0,0,0
2026-06-21,Walle,0,0,0,0,0,0,0,0,0,0,0,0,0,0,0
2026-06-21,Woltmershausen,0,0,0,0,0,0,0,0,0,0,0,0,0,0,0
2026-06-21,Östliche Vorstadt,0,0,0,0,0,0,0,0,0,0,0,0,0,0,0
2026-06-22,Blockland,0,0,0,0,0,0,0,0,0,0,0,0,0,0,0
2026-06-22,Blumenthal,0,0,0,0,0,0,0,0,0,0,0,0,0,0,0
2026-06-22,Borgfeld,0,0,0,0,0,0,0,0,0,0,0,0,0,0,0
2026-06-22,Burglesum,0,0,0,0,0,0,0,0,0,0,0,0,0,0,0
2026-06-22,Findorff,0,0,0,0,0,0,0,0,0,0,0,0,0,0,0
2026-06-22,Gröpelingen,0,0,0,0,0,0,0,0,0,0,0,0,0,0,0
2026-06-22,Hemelingen,0,0,0,0,0,0,0,0,0,0,0,0,0,0,0
2026-06-22,Horn-Lehe,0,0,0,0,0,0,0,0,0,0,0,0,0,0,0
2026-06-22,Huchting,0,0,0,0,0,0,0,0,0,0,0,0,0,0,0
2026-06-22,Häfen,0,0,0,0,0,0,0,0,0,0,0,0,0,0,0
2026-06-22,Mitte,0,0,0,0,0,0,0,0,0,0,0,0,0,0,0
2026-06-22,Neustadt,0,0,0,0,0,0,0,0,0,0,0,0,0,0,0
2026-06-22,Oberneuland,0,0,0,0,0,0,0,0,0,0,0,0,0,0,0
2026-06-22,Obervieland,0,0,0,0,0,0,0,0,0,0,0,0,0,0,0
2026-06-22,Osterholz,0,0,0,0,0,0,0,0,0,0,0,0,0,0,0
2026-06-22,Schwachhausen,0,0,0,0,0,0,0,0,0,0,0,0,0,0,0
2026-06-22,Seehausen,0,0,0,0,0,0,0,0,0,0,0,0,0,0,0
2026-06-22,Strom,0,0,0,0,0,0,0,0,0,0,0,0,0,0,0
2026-06-22,Vahr,0,0,0,0,0,0,0,0,0,0,0,0,0,0,0
2026-06-22,Vegesack,0,0,0,0,0,0,0,0,0,0,0,0,0,0,0
2026-06-22,Walle,0,0,0,0,0,0,0,0,0,0,0,0,0,0,0
2026-06-22,Woltmershausen,0,0,0,0,0,0,0,0,0,0,0,0,0,0,0
2026-06-22,Östliche Vorstadt,0,0,0,0,0,0,0,0,0,0,0,0,0,0,0
2026-06-23,Blockland,0,0,0,0,0,0,0,0,0,0,0,0,0,0,0
2026-06-23,Blumenthal,0,0,0,0,0,0,0,0,0,0,0,0,0,0,0
2026-06-23,Borgfeld,0,0,0,0,0,0,0,0,0,0,0,0,0,0,0
2026-06-23,Burglesum,0,0,0,0,0,0,0,0,0,0,0,0,0,0,0
2026-06-23,Findorff,0,0,0,0,0,0,0,0,0,0,0,0,0,0,0
2026-06-23,Gröpelingen,0,0,0,0,0,0,0,0,0,0,0,0,0,0,0
2026-06-23,Hemelingen,0,0,0,0,0,0,0,0,0,0,0,0,0,0,0
2026-06-23,Horn-Lehe,0,0,0,0,0,0,0,0,0,0,0,0,0,0,0
2026-06-23,Huchting,0,0,0,0,0,0,0,0,0,0,0,0,0,0,0
2026-06-23,Häfen,0,0,0,0,0,0,0,0,0,0,0,0,0,0,0
2026-06-23,Mitte,0,0,0,0,0,0,0,0,0,0,0,0,0,0,0
2026-06-23,Neustadt,0,0,0,0,0,0,0,0,0,0,0,0,0,0,0
2026-06-23,Oberneuland,0,0,0,0,0,0,0,0,0,0,0,0,0,0,0
2026-06-23,Obervieland,0,0,0,0,0,0,0,0,0,0,0,0,0,0,0
2026-06-23,Osterholz,0,0,0,0,0,0,0,0,0,0,0,0,0,0,0
2026-06-23,Schwachhausen,0,0,0,0,0,0,0,0,0,0,0,0,0,0,0
2026-06-23,Seehausen,0,0,0,0,0,0,0,0,0,0,0,0,0,0,0
2026-06-23,Strom,0,0,0,0,0,0,0,0,0,0,0,0,0,0,0
2026-06-23,Vahr,0,0,0,0,0,0,0,0,0,0,0,0,0,0,0
2026-06-23,Vegesack,0,0,0,0,0,0,0,0,0,0,0,0,0,0,0
2026-06-23,Walle,0,0,0,0,0,0,0,0,0,0,0,0,0,0,0
2026-06-23,Woltmershausen,0,0,0,0,0,0,0,0,0,0,0,0,0,0,0
2026-06-23,Östliche Vorstadt,0,0,0,0,0,0,0,0,0,0,0,0,0,0,0
2026-06-24,Blockland,0,0,0,0,0,0,0,0,0,0,0,0,0,0,0
2026-06-24,Blumenthal,0,0,0,0,0,0,0,0,0,0,0,0,0,0,0
2026-06-24,Borgfeld,0,0,0,0,0,0,0,0,0,0,0,0,0,0,0
2026-06-24,Burglesum,0,0,0,0,0,0,0,0,0,0,0,0,0,0,0
2026-06-24,Findorff,0,0,0,0,0,0,0,0,0,0,0,0,0,0,0
2026-06-24,Gröpelingen,0,0,0,0,0,0,0,0,0,0,0,0,0,0,0
2026-06-24,Hemelingen,0,0,0,0,0,0,0,0,0,0,0,0,0,0,0
2026-06-24,Horn-Lehe,0,0,0,0,0,0,0,0,0,0,0,0,0,0,0
2026-06-24,Huchting,0,0,0,0,0,0,0,0,0,0,0,0,0,0,0
2026-06-24,Häfen,0,0,0,0,0,0,0,0,0,0,0,0,0,0,0
2026-06-24,Mitte,0,0,0,0,0,0,0,0,0,0,0,0,0,0,0
2026-06-24,Neustadt,0,0,0,0,0,0,0,0,0,0,0,0,0,0,0
2026-06-24,Oberneuland,0,0,0,0,0,0,0,0,0,0,0,0,0,0,0
2026-06-24,Obervieland,0,0,0,0,0,0,0,0,0,0,0,0,0,0,0
2026-06-24,Osterholz,0,0,0,0,0,0,0,0,0,0,0,0,0,0,0
2026-06-24,Schwachhausen,0,0,0,0,0,0,0,0,0,0,0,0,0,0,0
2026-06-24,Seehausen,0,0,0,0,0,0,0,0,0,0,0,0,0,0,0
2026-06-24,Strom,0,0,0,0,0,0,0,0,0,0,0,0,0,0,0
2026-06-24,Vahr,0,0,0,0,0,0,0,0,0,0,0,0,0,0,0
2026-06-24,Vegesack,0,0,0,0,0,0,0,0,0,0,0,0,0,0,0
2026-06-24,Walle,0,0,0,0,0,0,0,0,0,0,0,0,0,0,0
2026-06-24,Woltmershausen,0,0,0,0,0,0,0,0,0,0,0,0,0,0,0
2026-06-24,Östliche Vorstadt,0,0,0,0,0,0,0,0,0,0,0,0,0,0,0
2026-06-25,Blockland,0,0,0,0,0,0,0,0,0,0,0,0,0,0,0
2026-06-25,Blumenthal,0,0,0,0,0,0,0,0,0,0,0,0,0,0,0
2026-06-25,Borgfeld,0,0,0,0,0,0,0,0,0,0,0,0,0,0,0
2026-06-25,Burglesum,0,0,0,0,0,0,0,0,0,0,0,0,0,0,0
2026-06-25,Findorff,0,0,0,0,0,0,0,0,0,0,0,0,0,0,0
2026-06-25,Gröpelingen,0,0,0,0,0,0,0,0,0,0,0,0,0,0,0
2026-06-25,Hemelingen,0,0,0,0,0,0,0,0,0,0,0,0,0,0,0
2026-06-25,Horn-Lehe,0,0,0,0,0,0,0,0,0,0,0,0,0,0,0
2026-06-25,Huchting,0,0,0,0,0,0,0,0,0,0,0,0,0,0,0
2026-06-25,Häfen,0,0,0,0,0,0,0,0,0,0,0,0,0,0,0
2026-06-25,Mitte,0,0,0,0,0,0,0,0,0,0,0,0,0,0,0
2026-06-25,Neustadt,0,0,0,0,0,0,0,0,0,0,0,0,0,0,0
2026-06-25,Oberneuland,0,0,0,0,0,0,0,0,0,0,0,0,0,0,0
2026-06-25,Obervieland,0,0,0,0,0,0,0,0,0,0,0,0,0,0,0
2026-06-25,Osterholz,0,0,0,0,0,0,0,0,0,0,0,0,0,0,0
2026-06-25,Schwachhausen,0,0,0,0,0,0,0,0,0,0,0,0,0,0,0
2026-06-25,Seehausen,0,0,0,0,0,0,0,0,0,0,0,0,0,0,0
2026-06-25,Strom,0,0,0,0,0,0,0,0,0,0,0,0,0,0,0
2026-06-25,Vahr,0,0,0,0,0,0,0,0,0,0,0,0,0,0,0
2026-06-25,Vegesack,0,0,0,0,0,0,0,0,0,0,0,0,0,0,0
2026-06-25,Walle,0,0,0,0,0,0,0,0,0,0,0,0,0,0,0
2026-06-25,Woltmershausen,0,0,0,0,0,0,0,0,0,0,0,0,0,0,0
2026-06-25,Östliche Vorstadt,0,0,0,0,0,0,0,0,0,0,0,0,0,0,0
2026-06-26,Blockland,0,0,0,0,0,0,0,0,0,0,0,0,0,0,0
2026-06-26,Blumenthal,0,0,0,0,0,0,0,0,0,0,0,0,0,0,0
2026-06-26,Borgfeld,0,0,0,0,0,0,0,0,0,0,0,0,0,0,0
2026-06-26,Burglesum,0,0,0,0,0,0,0,0,0,0,0,0,0,0,0
2026-06-26,Findorff,0,0,0,0,0,0,0,0,0,0,0,0,0,0,0
2026-06-26,Gröpelingen,0,0,0,0,0,0,0,0,0,0,0,0,0,0,0
2026-06-26,Hemelingen,0,0,0,0,0,0,0,0,0,0,0,0,0,0,0
2026-06-26,Horn-Lehe,0,0,0,0,0,0,0,0,0,0,0,0,0,0,0
2026-06-26,Huchting,0,0,0,0,0,0,0,0,0,0,0,0,0,0,0
2026-06-26,Häfen,0,0,0,0,0,0,0,0,0,0,0,0,0,0,0
2026-06-26,Mitte,0,0,0,0,0,0,0,0,0,0,0,0,0,0,0
2026-06-26,Neustadt,0,0,0,0,0,0,0,0,0,0,0,0,0,0,0
2026-06-26,Oberneuland,0,0,0,0,0,0,0,0,0,0,0,0,0,0,0
2026-06-26,Obervieland,0,0,0,0,0,0,0,0,0,0,0,0,0,0,0
2026-06-26,Osterholz,0,0,0,0,0,0,0,0,0,0,0,0,0,0,0
2026-06-26,Schwachhausen,0,0,0,0,0,0,0,0,0,0,0,0,0,0,0
2026-06-26,Seehausen,0,0,0,0,0,0,0,0,0,0,0,0,0,0,0
2026-06-26,Strom,0,0,0,0,0,0,0,0,0,0,0,0,0,0,0
2026-06-26,Vahr,0,0,0,0,0,0,0,0,0,0,0,0,0,0,0
2026-06-26,Vegesack,0,0,0,0,0,0,0,0,0,0,0,0,0,0,0
2026-06-26,Walle,0,0,0,0,0,0,0,0,0,0,0,0,0,0,0
2026-06-26,Woltmershausen,0,0,0,0,0,0,0,0,0,0,0,0,0,0,0
2026-06-26,Östliche Vorstadt,0,0,0,0,0,0,0,0,0,0,0,0,0,0,0
2026-06-27,Blockland,0,0,0,0,0,0,0,0,0,0,0,0,0,0,0
2026-06-27,Blumenthal,0,0,0,0,0,0,0,0,0,0,0,0,0,0,0
2026-06-27,Borgfeld,0,0,0,0,0,0,0,0,0,0,0,0,0,0,0
2026-06-27,Burglesum,0,0,0,0,0,0,0,0,0,0,0,0,0,0,0
2026-06-27,Findorff,0,0,0,0,0,0,0,0,0,0,0,0,0,0,0
2026-06-27,Gröpelingen,0,0,0,0,0,0,0,0,0,0,0,0,0,0,0
2026-06-27,Hemelingen,0,0,0,0,0,0,0,0,0,0,0,0,0,0,0
2026-06-27,Horn-Lehe,0,0,0,0,0,0,0,0,0,0,0,0,0,0,0
2026-06-27,Huchting,0,0,0,0,0,0,0,0,0,0,0,0,0,0,0
2026-06-27,Häfen,0,0,0,0,0,0,0,0,0,0,0,0,0,0,0
2026-06-27,Mitte,0,0,0,0,0,0,0,0,0,0,0,0,0,0,0
2026-06-27,Neustadt,0,0,0,0,0,0,0,0,0,0,0,0,0,0,0
2026-06-27,Oberneuland,0,0,0,0,0,0,0,0,0,0,0,0,0,0,0
2026-06-27,Obervieland,0,0,0,0,0,0,0,0,0,0,0,0,0,0,0
2026-06-27,Osterholz,0,0,0,0,0,0,0,0,0,0,0,0,0,0,0
2026-06-27,Schwachhausen,0,0,0,0,0,0,0,0,0,0,0,0,0,0,0
2026-06-27,Seehausen,0,0,0,0,0,0,0,0,0,0,0,0,0,0,0
2026-06-27,Strom,0,0,0,0,0,0,0,0,0,0,0,0,0,0,0
2026-06-27,Vahr,0,0,0,0,0,0,0,0,0,0,0,0,0,0,0
2026-06-27,Vegesack,0,0,0,0,0,0,0,0,0,0,0,0,0,0,0
2026-06-27,Walle,0,0,0,0,0,0,0,0,0,0,0,0,0,0,0
2026-06-27,Woltmershausen,0,0,0,0,0,0,0,0,0,0,0,0,0,0,0
2026-06-27,Östliche Vorstadt,0,0,0,0,0,0,0,0,0,0,0,0,0,0,0
2026-06-28,Blockland,0,0,0,0,0,0,0,0,0,0,0,0,0,0,0
2026-06-28,Blumenthal,0,0,0,0,0,0,0,0,0,0,0,0,0,0,0
2026-06-28,Borgfeld,0,0,0,0,0,0,0,0,0,0,0,0,0,0,0
2026-06-28,Burglesum,0,0,0,0,0,0,0,0,0,0,0,0,0,0,0
2026-06-28,Findorff,0,0,0,0,0,0,0,0,0,0,0,0,0,0,0
2026-06-28,Gröpelingen,0,0,0,0,0,0,0,0,0,0,0,0,0,0,0
2026-06-28,Hemelingen,0,0,0,0,0,0,0,0,0,0,0,0,0,0,0
2026-06-28,Horn-Lehe,0,0,0,0,0,0,0,0,0,0,0,0,0,0,0
2026-06-28,Huchting,0,0,0,0,0,0,0,0,0,0,0,0,0,0,0
2026-06-28,Häfen,0,0,0,0,0,0,0,0,0,0,0,0,0,0,0
2026-06-28,Mitte,0,0,0,0,0,0,0,0,0,0,0,0,0,0,0
2026-06-28,Neustadt,0,0,0,0,0,0,0,0,0,0,0,0,0,0,0
2026-06-28,Oberneuland,0,0,0,0,0,0,0,0,0,0,0,0,0,0,0
2026-06-28,Obervieland,0,0,0,0,0,0,0,0,0,0,0,0,0,0,0
2026-06-28,Osterholz,0,0,0,0,0,0,0,0,0,0,0,0,0,0,0
2026-06-28,Schwachhausen,0,0,0,0,0,0,0,0,0,0,0,0,0,0,0
2026-06-28,Seehausen,0,0,0,0,0,0,0,0,0,0,0,0,0,0,0
2026-06-28,Strom,0,0,0,0,0,0,0,0,0,0,0,0,0,0,0
2026-06-28,Vahr,0,0,0,0,0,0,0,0,0,0,0,0,0,0,0
2026-06-28,Vegesack,0,0,0,0,0,0,0,0,0,0,0,0,0,0,0
2026-06-28,Walle,0,0,0,0,0,0,0,0,0,0,0,0,0,0,0
2026-06-28,Woltmershausen,0,0,0,0,0,0,0,0,0,0,0,0,0,0,0
2026-06-28,Östliche Vorstadt,0,0,0,0,0,0,0,0,0,0,0,0,0,0,0
2026-06-29,Blockland,0,0,0,0,0,0,0,0,0,0,0,0,0,0,0
2026-06-29,Blumenthal,0,0,0,0,0,0,0,0,0,0,0,0,0,0,0
2026-06-29,Borgfeld,0,0,0,0,0,0,0,0,0,0,0,0,0,0,0
2026-06-29,Burglesum,0,0,0,0,0,0,0,0,0,0,0,0,0,0,0
2026-06-29,Findorff,0,0,0,0,0,0,0,0,0,0,0,0,0,0,0
2026-06-29,Gröpelingen,0,0,0,0,0,0,0,0,0,0,0,0,0,0,0
2026-06-29,Hemelingen,0,0,0,0,0,0,0,0,0,0,0,0,0,0,0
2026-06-29,Horn-Lehe,0,0,0,0,0,0,0,0,0,0,0,0,0,0,0
2026-06-29,Huchting,0,0,0,0,0,0,0,0,0,0,0,0,0,0,0
2026-06-29,Häfen,0,0,0,0,0,0,0,0,0,0,0,0,0,0,0
2026-06-29,Mitte,0,0,0,0,0,0,0,0,0,0,0,0,0,0,0
2026-06-29,Neustadt,0,0,0,0,0,0,0,0,0,0,0,0,0,0,0
2026-06-29,Oberneuland,0,0,0,0,0,0,0,0,0,0,0,0,0,0,0
2026-06-29,Obervieland,0,0,0,0,0,0,0,0,0,0,0,0,0,0,0
2026-06-29,Osterholz,0,0,0,0,0,0,0,0,0,0,0,0,0,0,0
2026-06-29,Schwachhausen,0,0,0,0,0,0,0,0,0,0,0,0,0,0,0
2026-06-29,Seehausen,0,0,0,0,0,0,0,0,0,0,0,0,0,0,0
2026-06-29,Strom,0,0,0,0,0,0,0,0,0,0,0,0,0,0,0
2026-06-29,Vahr,0,0,0,0,0,0,0,0,0,0,0,0,0,0,0
2026-06-29,Vegesack,0,0,0,0,0,0,0,0,0,0,0,0,0,0,0
2026-06-29,Walle,0,0,0,0,0,0,0,0,0,0,0,0,0,0,0
2026-06-29,Woltmershausen,0,0,0,0,0,0,0,0,0,0,0,0,0,0,0
2026-06-29,Östliche Vorstadt,0,0,0,0,0,0,0,0,0,0,0,0,0,0,0
2026-06-30,Blockland,0,0,0,0,0,0,0,0,0,0,0,0,0,0,0
2026-06-30,Blumenthal,0,0,0,0,0,0,0,0,0,0,0,0,0,0,0
2026-06-30,Borgfeld,0,0,0,0,0,0,0,0,0,0,0,0,0,0,0
2026-06-30,Burglesum,0,0,0,0,0,0,0,0,0,0,0,0,0,0,0
2026-06-30,Findorff,0,0,0,0,0,0,0,0,0,0,0,0,0,0,0
2026-06-30,Gröpelingen,0,0,0,0,0,0,0,0,0,0,0,0,0,0,0
2026-06-30,Hemelingen,0,0,0,0,0,0,0,0,0,0,0,0,0,0,0
2026-06-30,Horn-Lehe,0,0,0,0,0,0,0,0,0,0,0,0,0,0,0
2026-06-30,Huchting,0,0,0,0,0,0,0,0,0,0,0,0,0,0,0
2026-06-30,Häfen,0,0,0,0,0,0,0,0,0,0,0,0,0,0,0
2026-06-30,Mitte,0,0,0,0,0,0,0,0,0,0,0,0,0,0,0
2026-06-30,Neustadt,0,0,0,0,0,0,0,0,0,0,0,0,0,0,0
2026-06-30,Oberneuland,0,0,0,0,0,0,0,0,0,0,0,0,0,0,0
2026-06-30,Obervieland,0,0,0,0,0,0,0,0,0,0,0,0,0,0,0
2026-06-30,Osterholz,0,0,0,0,0,0,0,0,0,0,0,0,0,0,0
2026-06-30,Schwachhausen,0,0,0,0,0,0,0,0,0,0,0,0,0,0,0
2026-06-30,Seehausen,0,0,0,0,0,0,0,0,0,0,0,0,0,0,0
2026-06-30,Strom,0,0,0,0,0,0,0,0,0,0,0,0,0,0,0
2026-06-30,Vahr,0,0,0,0,0,0,0,0,0,0,0,0,0,0,0
2026-06-30,Vegesack,0,0,0,0,0,0,0,0,0,0,0,0,0,0,0
2026-06-30,Walle,0,0,0,0,0,0,0,0,0,0,0,0,0,0,0
2026-06-30,Woltmershausen,0,0,0,0,0,0,0,0,0,0,0,0,0,0,0
2026-06-30,Östliche Vorstadt,0,0,0,0,0,0,0,0,0,0,0,0,0,0,0
2026-07-01,Blockland,0,0,0,0,0,0,0,0,0,0,0,0,0,0,0
2026-07-01,Blumenthal,0,0,0,0,0,0,0,0,0,0,0,0,0,0,0
2026-07-01,Borgfeld,0,0,0,0,0,0,0,0,0,0,0,0,0,0,0
2026-07-01,Burglesum,0,0,0,0,0,0,0,0,0,0,0,0,0,0,0
2026-07-01,Findorff,0,0,0,0,0,0,0,0,0,0,0,0,0,0,0
2026-07-01,Gröpelingen,0,0,0,0,0,0,0,0,0,0,0,0,0,0,0
2026-07-01,Hemelingen,0,0,0,0,0,0,0,0,0,0,0,0,0,0,0
2026-07-01,Horn-Lehe,0,0,0,0,0,0,0,0,0,0,0,0,0,0,0
2026-07-01,Huchting,0,0,0,0,0,0,0,0,0,0,0,0,0,0,0
2026-07-01,Häfen,0,0,0,0,0,0,0,0,0,0,0,0,0,0,0
2026-07-01,Mitte,0,0,0,0,0,0,0,0,0,0,0,0,0,0,0
2026-07-01,Neustadt,0,0,0,0,0,0,0,0,0,0,0,0,0,0,0
2026-07-01,Oberneuland,0,0,0,0,0,0,0,0,0,0,0,0,0,0,0
2026-07-01,Obervieland,0,0,0,0,0,0,0,0,0,0,0,0,0,0,0
2026-07-01,Osterholz,0,0,0,0,0,0,0,0,0,0,0,0,0,0,0
2026-07-01,Schwachhausen,0,0,0,0,0,0,0,0,0,0,0,0,0,0,0
2026-07-01,Seehausen,0,0,0,0,0,0,0,0,0,0,0,0,0,0,0
2026-07-01,Strom,0,0,0,0,0,0,0,0,0,0,0,0,0,0,0
2026-07-01,Vahr,0,0,0,0,0,0,0,0,0,0,0,0,0,0,0
2026-07-01,Vegesack,0,0,0,0,0,0,0,0,0,0,0,0,0,0,0
2026-07-01,Walle,0,0,0,0,0,0,0,0,0,0,0,0,0,0,0
2026-07-01,Woltmershausen,0,0,0,0,0,0,0,0,0,0,0,0,0,0,0
2026-07-01,Östliche Vorstadt,0,0,0,0,0,0,0,0,0,0,0,0,0,0,0
2026-07-02,Blockland,0,0,0,0,0,0,0,0,0,0,0,0,0,0,0
2026-07-02,Blumenthal,0,0,0,0,0,0,0,0,0,0,0,0,0,0,0
2026-07-02,Borgfeld,0,0,0,0,0,0,0,0,0,0,0,0,0,0,0
2026-07-02,Burglesum,0,0,0,0,0,0,0,0,0,0,0,0,0,0,0
2026-07-02,Findorff,0,0,0,0,0,0,0,0,0,0,0,0,0,0,0
2026-07-02,Gröpelingen,0,0,0,0,0,0,0,0,0,0,0,0,0,0,0
2026-07-02,Hemelingen,0,0,0,0,0,0,0,0,0,0,0,0,0,0,0
2026-07-02,Horn-Lehe,0,0,0,0,0,0,0,0,0,0,0,0,0,0,0
2026-07-02,Huchting,0,0,0,0,0,0,0,0,0,0,0,0,0,0,0
2026-07-02,Häfen,0,0,0,0,0,0,0,0,0,0,0,0,0,0,0
2026-07-02,Mitte,1,0,0,0,0,0,0,0,0,0,0,0,0,0,1
2026-07-02,Neustadt,0,0,0,0,0,0,0,0,0,0,0,0,0,0,0
2026-07-02,Oberneuland,0,0,0,0,0,0,0,0,0,0,0,0,0,0,0
2026-07-02,Obervieland,0,0,0,0,0,0,0,0,0,0,0,0,0,0,0
2026-07-02,Osterholz,0,0,0,0,0,0,0,0,0,0,0,0,0,0,0
2026-07-02,Schwachhausen,0,0,0,0,0,0,0,0,0,0,0,0,0,0,0
2026-07-02,Seehausen,0,0,0,0,0,0,0,0,0,0,0,0,0,0,0
2026-07-02,Strom,0,0,0,0,0,0,0,0,0,0,0,0,0,0,0
2026-07-02,Vahr,0,0,0,0,0,0,0,0,0,0,0,0,0,0,0
2026-07-02,Vegesack,0,0,0,0,0,0,0,0,0,0,0,0,0,0,0
2026-07-02,Walle,0,0,0,0,0,0,0,0,0,0,0,0,0,0,0
2026-07-02,Woltmershausen,0,0,0,0,0,0,0,0,0,0,0,0,0,0,0
2026-07-02,Östliche Vorstadt,1,0,0,1,0,0,0,0,0,0,0,0,0,0,0
2026-07-03,Blockland,0,0,0,0,0,0,0,0,0,0,0,0,0,0,0
2026-07-03,Blumenthal,0,0,0,0,0,0,0,0,0,0,0,0,0,0,0
2026-07-03,Borgfeld,0,0,0,0,0,0,0,0,0,0,0,0,0,0,0
2026-07-03,Burglesum,0,0,0,0,0,0,0,0,0,0,0,0,0,0,0
2026-07-03,Findorff,0,0,0,0,0,0,0,0,0,0,0,0,0,0,0
2026-07-03,Gröpelingen,0,0,0,0,0,0,0,0,0,0,0,0,0,0,0
2026-07-03,Hemelingen,0,0,0,0,0,0,0,0,0,0,0,0,0,0,0
2026-07-03,Horn-Lehe,1,0,0,0,0,0,0,0,0,0,0,1,0,0,0
2026-07-03,Huchting,0,0,0,0,0,0,0,0,0,0,0,0,0,0,0
2026-07-03,Häfen,0,0,0,0,0,0,0,0,0,0,0,0,0,0,0
2026-07-03,Mitte,0,0,0,0,0,0,0,0,0,0,0,0,0,0,0
2026-07-03,Neustadt,0,0,0,0,0,0,0,0,0,0,0,0,0,0,0
2026-07-03,Oberneuland,0,0,0,0,0,0,0,0,0,0,0,0,0,0,0
2026-07-03,Obervieland,0,0,0,0,0,0,0,0,0,0,0,0,0,0,0
2026-07-03,Osterholz,0,0,0,0,0,0,0,0,0,0,0,0,0,0,0
2026-07-03,Schwachhausen,0,0,0,0,0,0,0,0,0,0,0,0,0,0,0
2026-07-03,Seehausen,0,0,0,0,0,0,0,0,0,0,0,0,0,0,0
2026-07-03,Strom,0,0,0,0,0,0,0,0,0,0,0,0,0,0,0
2026-07-03,Vahr,0,0,0,0,0,0,0,0,0,0,0,0,0,0,0
2026-07-03,Vegesack,0,0,0,0,0,0,0,0,0,0,0,0,0,0,0
2026-07-03,Walle,0,0,0,0,0,0,0,0,0,0,0,0,0,0,0
2026-07-03,Woltmershausen,0,0,0,0,0,0,0,0,0,0,0,0,0,0,0
2026-07-03,Östliche Vorstadt,1,0,0,0,1,0,0,0,0,0,0,0,0,0,0
2026-07-04,Blockland,0,0,0,0,0,0,0,0,0,0,0,0,0,0,0
2026-07-04,Blumenthal,0,0,0,0,0,0,0,0,0,0,0,0,0,0,0
2026-07-04,Borgfeld,0,0,0,0,0,0,0,0,0,0,0,0,0,0,0
2026-07-04,Burglesum,1,0,0,0,0,0,0,0,1,0,0,0,0,0,0
2026-07-04,Findorff,0,0,0,0,0,0,0,0,0,0,0,0,0,0,0
2026-07-04,Gröpelingen,0,0,0,0,0,0,0,0,0,0,0,0,0,0,0
2026-07-04,Hemelingen,0,0,0,0,0,0,0,0,0,0,0,0,0,0,0
2026-07-04,Horn-Lehe,0,0,0,0,0,0,0,0,0,0,0,0,0,0,0
2026-07-04,Huchting,0,0,0,0,0,0,0,0,0,0,0,0,0,0,0
2026-07-04,Häfen,0,0,0,0,0,0,0,0,0,0,0,0,0,0,0
2026-07-04,Mitte,1,0,0,0,0,0,0,0,0,0,0,1,0,0,0
2026-07-04,Neustadt,1,0,0,0,0,0,0,0,0,1,0,0,0,0,0
2026-07-04,Oberneuland,0,0,0,0,0,0,0,0,0,0,0,0,0,0,0
2026-07-04,Obervieland,0,0,0,0,0,0,0,0,0,0,0,0,0,0,0
2026-07-04,Osterholz,0,0,0,0,0,0,0,0,0,0,0,0,0,0,0
2026-07-04,Schwachhausen,0,0,0,0,0,0,0,0,0,0,0,0,0,0,0
2026-07-04,Seehausen,0,0,0,0,0,0,0,0,0,0,0,0,0,0,0
2026-07-04,Strom,0,0,0,0,0,0,0,0,0,0,0,0,0,0,0
2026-07-04,Vahr,0,0,0,0,0,0,0,0,0,0,0,0,0,0,0
2026-07-04,Vegesack,0,0,0,0,0,0,0,0,0,0,0,0,0,0,0
2026-07-04,Walle,0,0,0,0,0,0,0,0,0,0,0,0,0,0,0
2026-07-04,Woltmershausen,0,0,0,0,0,0,0,0,0,0,0,0,0,0,0
2026-07-04,Östliche Vorstadt,0,0,0,0,0,0,0,0,0,0,0,0,0,0,0
2026-07-05,Blockland,0,0,0,0,0,0,0,0,0,0,0,0,0,0,0
2026-07-05,Blumenthal,0,0,0,0,0,0,0,0,0,0,0,0,0,0,0
2026-07-05,Borgfeld,0,0,0,0,0,0,0,0,0,0,0,0,0,0,0
2026-07-05,Burglesum,0,0,0,0,0,0,0,0,0,0,0,0,0,0,0
2026-07-05,Findorff,0,0,0,0,0,0,0,0,0,0,0,0,0,0,0
2026-07-05,Gröpelingen,0,0,0,0,0,0,0,0,0,0,0,0,0,0,0
2026-07-05,Hemelingen,0,0,0,0,0,0,0,0,0,0,0,0,0,0,0
2026-07-05,Horn-Lehe,0,0,0,0,0,0,0,0,0,0,0,0,0,0,0
2026-07-05,Huchting,0,0,0,0,0,0,0,0,0,0,0,0,0,0,0
2026-07-05,Häfen,0,0,0,0,0,0,0,0,0,0,0,0,0,0,0
2026-07-05,Mitte,3,0,0,0,0,0,0,0,2,0,0,1,0,0,0
2026-07-05,Neustadt,0,0,0,0,0,0,0,0,0,0,0,0,0,0,0
2026-07-05,Oberneuland,0,0,0,0,0,0,0,0,0,0,0,0,0,0,0
2026-07-05,Obervieland,0,0,0,0,0,0,0,0,0,0,0,0,0,0,0
2026-07-05,Osterholz,0,0,0,0,0,0,0,0,0,0,0,0,0,0,0
2026-07-05,Schwachhausen,0,0,0,0,0,0,0,0,0,0,0,0,0,0,0
2026-07-05,Seehausen,0,0,0,0,0,0,0,0,0,0,0,0,0,0,0
2026-07-05,Strom,0,0,0,0,0,0,0,0,0,0,0,0,0,0,0
2026-07-05,Vahr,0,0,0,0,0,0,0,0,0,0,0,0,0,0,0
2026-07-05,Vegesack,0,0,0,0,0,0,0,0,0,0,0,0,0,0,0
2026-07-05,Walle,0,0,0,0,0,0,0,0,0,0,0,0,0,0,0
2026-07-05,Woltmershausen,0,0,0,0,0,0,0,0,0,0,0,0,0,0,0
2026-07-05,Östliche Vorstadt,0,0,0,0,0,0,0,0,0,0,0,0,0,0,0
2026-07-06,Blockland,0,0,0,0,0,0,0,0,0,0,0,0,0,0,0
2026-07-06,Blumenthal,0,0,0,0,0,0,0,0,0,0,0,0,0,0,0
2026-07-06,Borgfeld,0,0,0,0,0,0,0,0,0,0,0,0,0,0,0
2026-07-06,Burglesum,0,0,0,0,0,0,0,0,0,0,0,0,0,0,0
2026-07-06,Findorff,0,0,0,0,0,0,0,0,0,0,0,0,0,0,0
2026-07-06,Gröpelingen,0,0,0,0,0,0,0,0,0,0,0,0,0,0,0
2026-07-06,Hemelingen,0,0,0,0,0,0,0,0,0,0,0,0,0,0,0
2026-07-06,Horn-Lehe,0,0,0,0,0,0,0,0,0,0,0,0,0,0,0
2026-07-06,Huchting,0,0,0,0,0,0,0,0,0,0,0,0,0,0,0
2026-07-06,Häfen,0,0,0,0,0,0,0,0,0,0,0,0,0,0,0
2026-07-06,Mitte,0,0,0,0,0,0,0,0,0,0,0,0,0,0,0
2026-07-06,Neustadt,0,0,0,0,0,0,0,0,0,0,0,0,0,0,0
2026-07-06,Oberneuland,0,0,0,0,0,0,0,0,0,0,0,0,0,0,0
2026-07-06,Obervieland,0,0,0,0,0,0,0,0,0,0,0,0,0,0,0
2026-07-06,Osterholz,0,0,0,0,0,0,0,0,0,0,0,0,0,0,0
2026-07-06,Schwachhausen,0,0,0,0,0,0,0,0,0,0,0,0,0,0,0
2026-07-06,Seehausen,0,0,0,0,0,0,0,0,0,0,0,0,0,0,0
2026-07-06,Strom,0,0,0,0,0,0,0,0,0,0,0,0,0,0,0
2026-07-06,Vahr,0,0,0,0,0,0,0,0,0,0,0,0,0,0,0
2026-07-06,Vegesack,0,0,0,0,0,0,0,0,0,0,0,0,0,0,0
2026-07-06,Walle,0,0,0,0,0,0,0,0,0,0,0,0,0,0,0
2026-07-06,Woltmershausen,0,0,0,0,0,0,0,0,0,0,0,0,0,0,0
2026-07-06,Östliche Vorstadt,1,0,0,0,0,0,0,1,0,0,0,0,0,0,0
2026-07-07,Blockland,0,0,0,0,0,0,0,0,0,0,0,0,0,0,0
2026-07-07,Blumenthal,0,0,0,0,0,0,0,0,0,0,0,0,0,0,0
2026-07-07,Borgfeld,0,0,0,0,0,0,0,0,0,0,0,0,0,0,0
2026-07-07,Burglesum,0,0,0,0,0,0,0,0,0,0,0,0,0,0,0
2026-07-07,Findorff,0,0,0,0,0,0,0,0,0,0,0,0,0,0,0
2026-07-07,Gröpelingen,0,0,0,0,0,0,0,0,0,0,0,0,0,0,0
2026-07-07,Hemelingen,0,0,0,0,0,0,0,0,0,0,0,0,0,0,0
2026-07-07,Horn-Lehe,0,0,0,0,0,0,0,0,0,0,0,0,0,0,0
2026-07-07,Huchting,0,0,0,0,0,0,0,0,0,0,0,0,0,0,0
2026-07-07,Häfen,0,0,0,0,0,0,0,0,0,0,0,0,0,0,0
2026-07-07,Mitte,0,0,0,0,0,0,0,0,0,0,0,0,0,0,0
2026-07-07,Neustadt,0,0,0,0,0,0,0,0,0,0,0,0,0,0,0
2026-07-07,Oberneuland,0,0,0,0,0,0,0,0,0,0,0,0,0,0,0
2026-07-07,Obervieland,0,0,0,0,0,0,0,0,0,0,0,0,0,0,0
2026-07-07,Osterholz,0,0,0,0,0,0,0,0,0,0,0,0,0,0,0
2026-07-07,Schwachhausen,0,0,0,0,0,0,0,0,0,0,0,0,0,0,0
2026-07-07,Seehausen,0,0,0,0,0,0,0,0,0,0,0,0,0,0,0
2026-07-07,Strom,0,0,0,0,0,0,0,0,0,0,0,0,0,0,0
2026-07-07,Vahr,1,0,0,0,0,0,0,0,0,0,0,1,0,0,0
2026-07-07,Vegesack,0,0,0,0,0,0,0,0,0,0,0,0,0,0,0
2026-07-07,Walle,0,0,0,0,0,0,0,0,0,0,0,0,0,0,0
2026-07-07,Woltmershausen,0,0,0,0,0,0,0,0,0,0,0,0,0,0,0
2026-07-07,Östliche Vorstadt,0,0,0,0,0,0,0,0,0,0,0,0,0,0,0
2026-07-08,Blockland,0,0,0,0,0,0,0,0,0,0,0,0,0,0,0
2026-07-08,Blumenthal,0,0,0,0,0,0,0,0,0,0,0,0,0,0,0
2026-07-08,Borgfeld,0,0,0,0,0,0,0,0,0,0,0,0,0,0,0
2026-07-08,Burglesum,0,0,0,0,0,0,0,0,0,0,0,0,0,0,0
2026-07-08,Findorff,0,0,0,0,0,0,0,0,0,0,0,0,0,0,0
2026-07-08,Gröpelingen,0,0,0,0,0,0,0,0,0,0,0,0,0,0,0
2026-07-08,Hemelingen,0,0,0,0,0,0,0,0,0,0,0,0,0,0,0
2026-07-08,Horn-Lehe,0,0,0,0,0,0,0,0,0,0,0,0,0,0,0
2026-07-08,Huchting,0,0,0,0,0,0,0,0,0,0,0,0,0,0,0
2026-07-08,Häfen,0,0,0,0,0,0,0,0,0,0,0,0,0,0,0
2026-07-08,Mitte,0,0,0,0,0,0,0,0,0,0,0,0,0,0,0
2026-07-08,Neustadt,2,0,1,0,1,0,0,0,0,0,0,0,0,0,0
2026-07-08,Oberneuland,0,0,0,0,0,0,0,0,0,0,0,0,0,0,0
2026-07-08,Obervieland,0,0,0,0,0,0,0,0,0,0,0,0,0,0,0
2026-07-08,Osterholz,0,0,0,0,0,0,0,0,0,0,0,0,0,0,0
2026-07-08,Schwachhausen,0,0,0,0,0,0,0,0,0,0,0,0,0,0,0
2026-07-08,Seehausen,0,0,0,0,0,0,0,0,0,0,0,0,0,0,0
2026-07-08,Strom,0,0,0,0,0,0,0,0,0,0,0,0,0,0,0
2026-07-08,Vahr,0,0,0,0,0,0,0,0,0,0,0,0,0,0,0
2026-07-08,Vegesack,0,0,0,0,0,0,0,0,0,0,0,0,0,0,0
2026-07-08,Walle,0,0,0,0,0,0,0,0,0,0,0,0,0,0,0
2026-07-08,Woltmershausen,0,0,0,0,0,0,0,0,0,0,0,0,0,0,0
2026-07-08,Östliche Vorstadt,0,0,0,0,0,0,0,0,0,0,0,0,0,0,0
2026-07-09,Blockland,0,0,0,0,0,0,0,0,0,0,0,0,0,0,0
2026-07-09,Blumenthal,0,0,0,0,0,0,0,0,0,0,0,0,0,0,0
2026-07-09,Borgfeld,0,0,0,0,0,0,0,0,0,0,0,0,0,0,0
2026-07-09,Burglesum,0,0,0,0,0,0,0,0,0,0,0,0,0,0,0
2026-07-09,Findorff,0,0,0,0,0,0,0,0,0,0,0,0,0,0,0
2026-07-09,Gröpelingen,0,0,0,0,0,0,0,0,0,0,0,0,0,0,0
2026-07-09,Hemelingen,0,0,0,0,0,0,0,0,0,0,0,0,0,0,0
2026-07-09,Horn-Lehe,0,0,0,0,0,0,0,0,0,0,0,0,0,0,0
2026-07-09,Huchting,0,0,0,0,0,0,0,0,0,0,0,0,0,0,0
2026-07-09,Häfen,0,0,0,0,0,0,0,0,0,0,0,0,0,0,0
2026-07-09,Mitte,0,0,0,0,0,0,0,0,0,0,0,0,0,0,0
2026-07-09,Neustadt,0,0,0,0,0,0,0,0,0,0,0,0,0,0,0
2026-07-09,Oberneuland,0,0,0,0,0,0,0,0,0,0,0,0,0,0,0
2026-07-09,Obervieland,0,0,0,0,0,0,0,0,0,0,0,0,0,0,0
2026-07-09,Osterholz,0,0,0,0,0,0,0,0,0,0,0,0,0,0,0
2026-07-09,Schwachhausen,0,0,0,0,0,0,0,0,0,0,0,0,0,0,0
2026-07-09,Seehausen,0,0,0,0,0,0,0,0,0,0,0,0,0,0,0
2026-07-09,Strom,0,0,0,0,0,0,0,0,0,0,0,0,0,0,0
2026-07-09,Vahr,0,0,0,0,0,0,0,0,0,0,0,0,0,0,0
2026-07-09,Vegesack,0,0,0,0,0,0,0,0,0,0,0,0,0,0,0
2026-07-09,Walle,0,0,0,0,0,0,0,0,0,0,0,0,0,0,0
2026-07-09,Woltmershausen,1,0,0,0,0,0,0,0,0,0,0,0,1,0,0
2026-07-09,Östliche Vorstadt,0,0,0,0,0,0,0,0,0,0,0,0,0,0,0
2026-07-10,Blockland,0,0,0,0,0,0,0,0,0,0,0,0,0,0,0
2026-07-10,Blumenthal,0,0,0,0,0,0,0,0,0,0,0,0,0,0,0
2026-07-10,Borgfeld,0,0,0,0,0,0,0,0,0,0,0,0,0,0,0
2026-07-10,Burglesum,0,0,0,0,0,0,0,0,0,0,0,0,0,0,0
2026-07-10,Findorff,0,0,0,0,0,0,0,0,0,0,0,0,0,0,0
2026-07-10,Gröpelingen,0,0,0,0,0,0,0,0,0,0,0,0,0,0,0
2026-07-10,Hemelingen,0,0,0,0,0,0,0,0,0,0,0,0,0,0,0
2026-07-10,Horn-Lehe,0,0,0,0,0,0,0,0,0,0,0,0,0,0,0
2026-07-10,Huchting,0,0,0,0,0,0,0,0,0,0,0,0,0,0,0
2026-07-10,Häfen,0,0,0,0,0,0,0,0,0,0,0,0,0,0,0
2026-07-10,Mitte,0,0,0,0,0,0,0,0,0,0,0,0,0,0,0
2026-07-10,Neustadt,0,0,0,0,0,0,0,0,0,0,0,0,0,0,0
2026-07-10,Oberneuland,0,0,0,0,0,0,0,0,0,0,0,0,0,0,0
2026-07-10,Obervieland,1,0,1,0,0,0,0,0,0,0,0,0,0,0,0
2026-07-10,Osterholz,0,0,0,0,0,0,0,0,0,0,0,0,0,0,0
2026-07-10,Schwachhausen,0,0,0,0,0,0,0,0,0,0,0,0,0,0,0
2026-07-10,Seehausen,0,0,0,0,0,0,0,0,0,0,0,0,0,0,0
2026-07-10,Strom,0,0,0,0,0,0,0,0,0,0,0,0,0,0,0
2026-07-10,Vahr,0,0,0,0,0,0,0,0,0,0,0,0,0,0,0
2026-07-10,Vegesack,0,0,0,0,0,0,0,0,0,0,0,0,0,0,0
2026-07-10,Walle,2,0,1,0,0,0,0,0,1,0,0,0,0,0,0
2026-07-10,Woltmershausen,0,0,0,0,0,0,0,0,0,0,0,0,0,0,0
2026-07-10,Östliche Vorstadt,0,0,0,0,0,0,0,0,0,0,0,0,0,0,0
2026-07-11,Blockland,0,0,0,0,0,0,0,0,0,0,0,0,0,0,0
2026-07-11,Blumenthal,0,0,0,0,0,0,0,0,0,0,0,0,0,0,0
2026-07-11,Borgfeld,0,0,0,0,0,0,0,0,0,0,0,0,0,0,0
2026-07-11,Burglesum,0,0,0,0,0,0,0,0,0,0,0,0,0,0,0
2026-07-11,Findorff,0,0,0,0,0,0,0,0,0,0,0,0,0,0,0
2026-07-11,Gröpelingen,0,0,0,0,0,0,0,0,0,0,0,0,0,0,0
2026-07-11,Hemelingen,0,0,0,0,0,0,0,0,0,0,0,0,0,0,0
2026-07-11,Horn-Lehe,0,0,0,0,0,0,0,0,0,0,0,0,0,0,0
2026-07-11,Huchting,0,0,0,0,0,0,0,0,0,0,0,0,0,0,0
2026-07-11,Häfen,0,0,0,0,0,0,0,0,0,0,0,0,0,0,0
2026-07-11,Mitte,1,0,0,0,0,0,0,0,0,0,0,1,0,0,0
2026-07-11,Neustadt,0,0,0,0,0,0,0,0,0,0,0,0,0,0,0
2026-07-11,Oberneuland,0,0,0,0,0,0,0,0,0,0,0,0,0,0,0
2026-07-11,Obervieland,0,0,0,0,0,0,0,0,0,0,0,0,0,0,0
2026-07-11,Osterholz,0,0,0,0,0,0,0,0,0,0,0,0,0,0,0
2026-07-11,Schwachhausen,0,0,0,0,0,0,0,0,0,0,0,0,0,0,0
2026-07-11,Seehausen,0,0,0,0,0,0,0,0,0,0,0,0,0,0,0
2026-07-11,Strom,0,0,0,0,0,0,0,0,0,0,0,0,0,0,0
2026-07-11,Vahr,0,0,0,0,0,0,0,0,0,0,0,0,0,0,0
2026-07-11,Vegesack,0,0,0,0,0,0,0,0,0,0,0,0,0,0,0
2026-07-11,Walle,0,0,0,0,0,0,0,0,0,0,0,0,0,0,0
2026-07-11,Woltmershausen,0,0,0,0,0,0,0,0,0,0,0,0,0,0,0
2026-07-11,Östliche Vorstadt,0,0,0,0,0,0,0,0,0,0,0,0,0,0,0
2026-07-12,Blockland,0,0,0,0,0,0,0,0,0,0,0,0,0,0,0
2026-07-12,Blumenthal,0,0,0,0,0,0,0,0,0,0,0,0,0,0,0
2026-07-12,Borgfeld,0,0,0,0,0,0,0,0,0,0,0,0,0,0,0
2026-07-12,Burglesum,0,0,0,0,0,0,0,0,0,0,0,0,0,0,0
2026-07-12,Findorff,0,0,0,0,0,0,0,0,0,0,0,0,0,0,0
2026-07-12,Gröpelingen,0,0,0,0,0,0,0,0,0,0,0,0,0,0,0
2026-07-12,Hemelingen,0,0,0,0,0,0,0,0,0,0,0,0,0,0,0
2026-07-12,Horn-Lehe,0,0,0,0,0,0,0,0,0,0,0,0,0,0,0
2026-07-12,Huchting,1,0,0,0,0,0,0,1,0,0,0,0,0,0,0
2026-07-12,Häfen,0,0,0,0,0,0,0,0,0,0,0,0,0,0,0
2026-07-12,Mitte,0,0,0,0,0,0,0,0,0,0,0,0,0,0,0
2026-07-12,Neustadt,0,0,0,0,0,0,0,0,0,0,0,0,0,0,0
2026-07-12,Oberneuland,0,0,0,0,0,0,0,0,0,0,0,0,0,0,0
2026-07-12,Obervieland,0,0,0,0,0,0,0,0,0,0,0,0,0,0,0
2026-07-12,Osterholz,0,0,0,0,0,0,0,0,0,0,0,0,0,0,0
2026-07-12,Schwachhausen,0,0,0,0,0,0,0,0,0,0,0,0,0,0,0
2026-07-12,Seehausen,0,0,0,0,0,0,0,0,0,0,0,0,0,0,0
2026-07-12,Strom,0,0,0,0,0,0,0,0,0,0,0,0,0,0,0
2026-07-12,Vahr,0,0,0,0,0,0,0,0,0,0,0,0,0,0,0
2026-07-12,Vegesack,0,0,0,0,0,0,0,0,0,0,0,0,0,0,0
2026-07-12,Walle,0,0,0,0,0,0,0,0,0,0,0,0,0,0,0
2026-07-12,Woltmershausen,0,0,0,0,0,0,0,0,0,0,0,0,0,0,0
2026-07-12,Östliche Vorstadt,0,0,0,0,0,0,0,0,0,0,0,0,0,0,0
2026-07-13,Blockland,0,0,0,0,0,0,0,0,0,0,0,0,0,0,0
2026-07-13,Blumenthal,0,0,0,0,0,0,0,0,0,0,0,0,0,0,0
2026-07-13,Borgfeld,0,0,0,0,0,0,0,0,0,0,0,0,0,0,0
2026-07-13,Burglesum,0,0,0,0,0,0,0,0,0,0,0,0,0,0,0
2026-07-13,Findorff,0,0,0,0,0,0,0,0,0,0,0,0,0,0,0
2026-07-13,Gröpelingen,0,0,0,0,0,0,0,0,0,0,0,0,0,0,0
2026-07-13,Hemelingen,0,0,0,0,0,0,0,0,0,0,0,0,0,0,0
2026-07-13,Horn-Lehe,0,0,0,0,0,0,0,0,0,0,0,0,0,0,0
2026-07-13,Huchting,0,0,0,0,0,0,0,0,0,0,0,0,0,0,0
2026-07-13,Häfen,0,0,0,0,0,0,0,0,0,0,0,0,0,0,0
2026-07-13,Mitte,0,0,0,0,0,0,0,0,0,0,0,0,0,0,0
2026-07-13,Neustadt,0,0,0,0,0,0,0,0,0,0,0,0,0,0,0
2026-07-13,Oberneuland,0,0,0,0,0,0,0,0,0,0,0,0,0,0,0
2026-07-13,Obervieland,0,0,0,0,0,0,0,0,0,0,0,0,0,0,0
2026-07-13,Osterholz,0,0,0,0,0,0,0,0,0,0,0,0,0,0,0
2026-07-13,Schwachhausen,0,0,0,0,0,0,0,0,0,0,0,0,0,0,0
2026-07-13,Seehausen,0,0,0,0,0,0,0,0,0,0,0,0,0,0,0
2026-07-13,Strom,0,0,0,0,0,0,0,0,0,0,0,0,0,0,0
2026-07-13,Vahr,0,0,0,0,0,0,0,0,0,0,0,0,0,0,0
2026-07-13,Vegesack,0,0,0,0,0,0,0,0,0,0,0,0,0,0,0
2026-07-13,Walle,0,0,0,0,0,0,0,0,0,0,0,0,0,0,0
2026-07-13,Woltmershausen,0,0,0,0,0,0,0,0,0,0,0,0,0,0,0
2026-07-13,Östliche Vorstadt,0,0,0,0,0,0,0,0,0,0,0,0,0,0,0
2026-07-14,Blockland,0,0,0,0,0,0,0,0,0,0,0,0,0,0,0
2026-07-14,Blumenthal,0,0,0,0,0,0,0,0,0,0,0,0,0,0,0
2026-07-14,Borgfeld,0,0,0,0,0,0,0,0,0,0,0,0,0,0,0
2026-07-14,Burglesum,0,0,0,0,0,0,0,0,0,0,0,0,0,0,0
2026-07-14,Findorff,0,0,0,0,0,0,0,0,0,0,0,0,0,0,0
2026-07-14,Gröpelingen,0,0,0,0,0,0,0,0,0,0,0,0,0,0,0
2026-07-14,Hemelingen,0,0,0,0,0,0,0,0,0,0,0,0,0,0,0
2026-07-14,Horn-Lehe,0,0,0,0,0,0,0,0,0,0,0,0,0,0,0
2026-07-14,Huchting,0,0,0,0,0,0,0,0,0,0,0,0,0,0,0
2026-07-14,Häfen,0,0,0,0,0,0,0,0,0,0,0,0,0,0,0
2026-07-14,Mitte,1,0,0,0,0,0,0,0,0,0,0,0,1,0,0
2026-07-14,Neustadt,0,0,0,0,0,0,0,0,0,0,0,0,0,0,0
2026-07-14,Oberneuland,0,0,0,0,0,0,0,0,0,0,0,0,0,0,0
2026-07-14,Obervieland,0,0,0,0,0,0,0,0,0,0,0,0,0,0,0
2026-07-14,Osterholz,0,0,0,0,0,0,0,0,0,0,0,0,0,0,0
2026-07-14,Schwachhausen,0,0,0,0,0,0,0,0,0,0,0,0,0,0,0
2026-07-14,Seehausen,0,0,0,0,0,0,0,0,0,0,0,0,0,0,0
2026-07-14,Strom,0,0,0,0,0,0,0,0,0,0,0,0,0,0,0
2026-07-14,Vahr,0,0,0,0,0,0,0,0,0,0,0,0,0,0,0
2026-07-14,Vegesack,1,0,0,0,1,0,0,0,0,0,0,0,0,0,0
2026-07-14,Walle,0,0,0,0,0,0,0,0,0,0,0,0,0,0,0
2026-07-14,Woltmershausen,0,0,0,0,0,0,0,0,0,0,0,0,0,0,0
2026-07-14,Östliche Vorstadt,0,0,0,0,0,0,0,0,0,0,0,0,0,0,0
2026-07-15,Blockland,0,0,0,0,0,0,0,0,0,0,0,0,0,0,0
2026-07-15,Blumenthal,0,0,0,0,0,0,0,0,0,0,0,0,0,0,0
2026-07-15,Borgfeld,0,0,0,0,0,0,0,0,0,0,0,0,0,0,0
2026-07-15,Burglesum,0,0,0,0,0,0,0,0,0,0,0,0,0,0,0
2026-07-15,Findorff,0,0,0,0,0,0,0,0,0,0,0,0,0,0,0
2026-07-15,Gröpelingen,1,0,0,0,0,0,0,0,1,0,0,0,0,0,0
2026-07-15,Hemelingen,0,0,0,0,0,0,0,0,0,0,0,0,0,0,0
2026-07-15,Horn-Lehe,0,0,0,0,0,0,0,0,0,0,0,0,0,0,0
2026-07-15,Huchting,0,0,0,0,0,0,0,0,0,0,0,0,0,0,0
2026-07-15,Häfen,0,0,0,0,0,0,0,0,0,0,0,0,0,0,0
2026-07-15,Mitte,1,0,0,0,0,0,0,0,1,0,0,0,0,0,0
2026-07-15,Neustadt,1,0,0,0,0,0,0,0,1,0,0,0,0,0,0
2026-07-15,Oberneuland,0,0,0,0,0,0,0,0,0,0,0,0,0,0,0
2026-07-15,Obervieland,0,0,0,0,0,0,0,0,0,0,0,0,0,0,0
2026-07-15,Osterholz,0,0,0,0,0,0,0,0,0,0,0,0,0,0,0
2026-07-15,Schwachhausen,0,0,0,0,0,0,0,0,0,0,0,0,0,0,0
2026-07-15,Seehausen,0,0,0,0,0,0,0,0,0,0,0,0,0,0,0
2026-07-15,Strom,0,0,0,0,0,0,0,0,0,0,0,0,0,0,0
2026-07-15,Vahr,0,0,0,0,0,0,0,0,0,0,0,0,0,0,0
2026-07-15,Vegesack,1,0,0,0,0,0,0,0,0,0,0,0,0,0,1
2026-07-15,Walle,0,0,0,0,0,0,0,0,0,0,0,0,0,0,0
2026-07-15,Woltmershausen,0,0,0,0,0,0,0,0,0,0,0,0,0,0,0
2026-07-15,Östliche Vorstadt,0,0,0,0,0,0,0,0,0,0,0,0,0,0,0
2026-07-16,Blockland,0,0,0,0,0,0,0,0,0,0,0,0,0,0,0
2026-07-16,Blumenthal,0,0,0,0,0,0,0,0,0,0,0,0,0,0,0
2026-07-16,Borgfeld,0,0,0,0,0,0,0,0,0,0,0,0,0,0,0
2026-07-16,Burglesum,0,0,0,0,0,0,0,0,0,0,0,0,0,0,0
2026-07-16,Findorff,0,0,0,0,0,0,0,0,0,0,0,0,0,0,0
2026-07-16,Gröpelingen,0,0,0,0,0,0,0,0,0,0,0,0,0,0,0
2026-07-16,Hemelingen,0,0,0,0,0,0,0,0,0,0,0,0,0,0,0
2026-07-16,Horn-Lehe,1,0,0,0,0,0,0,0,1,0,0,0,0,0,0
2026-07-16,Huchting,0,0,0,0,0,0,0,0,0,0,0,0,0,0,0
2026-07-16,Häfen,0,0,0,0,0,0,0,0,0,0,0,0,0,0,0
2026-07-16,Mitte,0,0,0,0,0,0,0,0,0,0,0,0,0,0,0
2026-07-16,Neustadt,0,0,0,0,0,0,0,0,0,0,0,0,0,0,0
2026-07-16,Oberneuland,0,0,0,0,0,0,0,0,0,0,0,0,0,0,0
2026-07-16,Obervieland,0,0,0,0,0,0,0,0,0,0,0,0,0,0,0
2026-07-16,Osterholz,0,0,0,0,0,0,0,0,0,0,0,0,0,0,0
2026-07-16,Schwachhausen,0,0,0,0,0,0,0,0,0,0,0,0,0,0,0
2026-07-16,Seehausen,0,0,0,0,0,0,0,0,0,0,0,0,0,0,0
2026-07-16,Strom,0,0,0,0,0,0,0,0,0,0,0,0,0,0,0
2026-07-16,Vahr,0,0,0,0,0,0,0,0,0,0,0,0,0,0,0
2026-07-16,Vegesack,0,0,0,0,0,0,0,0,0,0,0,0,0,0,0
2026-07-16,Walle,0,0,0,0,0,0,0,0,0,0,0,0,0,0,0
2026-07-16,Woltmershausen,0,0,0,0,0,0,0,0,0,0,0,0,0,0,0
2026-07-16,Östliche Vorstadt,0,0,0,0,0,0,0,0,0,0,0,0,0,0,0
2026-07-17,Blockland,0,0,0,0,0,0,0,0,0,0,0,0,0,0,0
2026-07-17,Blumenthal,0,0,0,0,0,0,0,0,0,0,0,0,0,0,0
2026-07-17,Borgfeld,0,0,0,0,0,0,0,0,0,0,0,0,0,0,0
2026-07-17,Burglesum,0,0,0,0,0,0,0,0,0,0,0,0,0,0,0
2026-07-17,Findorff,1,0,0,0,0,0,0,0,0,0,0,1,0,0,0
2026-07-17,Gröpelingen,0,0,0,0,0,0,0,0,0,0,0,0,0,0,0
2026-07-17,Hemelingen,0,0,0,0,0,0,0,0,0,0,0,0,0,0,0
2026-07-17,Horn-Lehe,0,0,0,0,0,0,0,0,0,0,0,0,0,0,0
2026-07-17,Huchting,0,0,0,0,0,0,0,0,0,0,0,0,0,0,0
2026-07-17,Häfen,0,0,0,0,0,0,0,0,0,0,0,0,0,0,0
2026-07-17,Mitte,0,0,0,0,0,0,0,0,0,0,0,0,0,0,0
2026-07-17,Neustadt,1,0,0,0,0,0,0,0,0,1,0,0,0,0,0
2026-07-17,Oberneuland,0,0,0,0,0,0,0,0,0,0,0,0,0,0,0
2026-07-17,Obervieland,1,0,0,0,0,0,0,0,0,0,0,1,0,0,0
2026-07-17,Osterholz,0,0,0,0,0,0,0,0,0,0,0,0,0,0,0
2026-07-17,Schwachhausen,0,0,0,0,0,0,0,0,0,0,0,0,0,0,0
2026-07-17,Seehausen,0,0,0,0,0,0,0,0,0,0,0,0,0,0,0
2026-07-17,Strom,0,0,0,0,0,0,0,0,0,0,0,0,0,0,0
2026-07-17,Vahr,0,0,0,0,0,0,0,0,0,0,0,0,0,0,0
2026-07-17,Vegesack,0,0,0,0,0,0,0,0,0,0,0,0,0,0,0
2026-07-17,Walle,0,0,0,0,0,0,0,0,0,0,0,0,0,0,0
2026-07-17,Woltmershausen,0,0,0,0,0,0,0,0,0,0,0,0,0,0,0
2026-07-17,Östliche Vorstadt,0,0,0,0,0,0,0,0,0,0,0,0,0,0,0
2026-07-18,Blockland,0,0,0,0,0,0,0,0,0,0,0,0,0,0,0
2026-07-18,Blumenthal,0,0,0,0,0,0,0,0,0,0,0,0,0,0,0
2026-07-18,Borgfeld,0,0,0,0,0,0,0,0,0,0,0,0,0,0,0
2026-07-18,Burglesum,1,0,0,0,0,0,1,0,0,0,0,0,0,0,0
2026-07-18,Findorff,0,0,0,0,0,0,0,0,0,0,0,0,0,0,0
2026-07-18,Gröpelingen,0,0,0,0,0,0,0,0,0,0,0,0,0,0,0
2026-07-18,Hemelingen,0,0,0,0,0,0,0,0,0,0,0,0,0,0,0
2026-07-18,Horn-Lehe,0,0,0,0,0,0,0,0,0,0,0,0,0,0,0
2026-07-18,Huchting,0,0,0,0,0,0,0,0,0,0,0,0,0,0,0
2026-07-18,Häfen,0,0,0,0,0,0,0,0,0,0,0,0,0,0,0
2026-07-18,Mitte,0,0,0,0,0,0,0,0,0,0,0,0,0,0,0
2026-07-18,Neustadt,0,0,0,0,0,0,0,0,0,0,0,0,0,0,0
2026-07-18,Oberneuland,0,0,0,0,0,0,0,0,0,0,0,0,0,0,0
2026-07-18,Obervieland,0,0,0,0,0,0,0,0,0,0,0,0,0,0,0
2026-07-18,Osterholz,0,0,0,0,0,0,0,0,0,0,0,0,0,0,0
2026-07-18,Schwachhausen,0,0,0,0,0,0,0,0,0,0,0,0,0,0,0
2026-07-18,Seehausen,0,0,0,0,0,0,0,0,0,0,0,0,0,0,0
2026-07-18,Strom,0,0,0,0,0,0,0,0,0,0,0,0,0,0,0
2026-07-18,Vahr,1,0,0,0,0,0,0,0,0,0,1,0,0,0,0
2026-07-18,Vegesack,0,0,0,0,0,0,0,0,0,0,0,0,0,0,0
2026-07-18,Walle,0,0,0,0,0,0,0,0,0,0,0,0,0,0,0
2026-07-18,Woltmershausen,0,0,0,0,0,0,0,0,0,0,0,0,0,0,0
2026-07-18,Östliche Vorstadt,0,0,0,0,0,0,0,0,0,0,0,0,0,0,0
2026-07-19,Blockland,0,0,0,0,0,0,0,0,0,0,0,0,0,0,0
2026-07-19,Blumenthal,0,0,0,0,0,0,0,0,0,0,0,0,0,0,0
2026-07-19,Borgfeld,0,0,0,0,0,0,0,0,0,0,0,0,0,0,0
2026-07-19,Burglesum,0,0,0,0,0,0,0,0,0,0,0,0,0,0,0
2026-07-19,Findorff,1,0,0,0,0,0,0,0,1,0,0,0,0,0,0
2026-07-19,Gröpelingen,0,0,0,0,0,0,0,0,0,0,0,0,0,0,0
2026-07-19,Hemelingen,0,0,0,0,0,0,0,0,0,0,0,0,0,0,0
2026-07-19,Horn-Lehe,0,0,0,0,0,0,0,0,0,0,0,0,0,0,0
2026-07-19,Huchting,0,0,0,0,0,0,0,0,0,0,0,0,0,0,0
2026-07-19,Häfen,0,0,0,0,0,0,0,0,0,0,0,0,0,0,0
2026-07-19,Mitte,0,0,0,0,0,0,0,0,0,0,0,0,0,0,0
2026-07-19,Neustadt,0,0,0,0,0,0,0,0,0,0,0,0,0,0,0
2026-07-19,Oberneuland,0,0,0,0,0,0,0,0,0,0,0,0,0,0,0
2026-07-19,Obervieland,0,0,0,0,0,0,0,0,0,0,0,0,0,0,0
2026-07-19,Osterholz,0,0,0,0,0,0,0,0,0,0,0,0,0,0,0
2026-07-19,Schwachhausen,0,0,0,0,0,0,0,0,0,0,0,0,0,0,0
2026-07-19,Seehausen,0,0,0,0,0,0,0,0,0,0,0,0,0,0,0
2026-07-19,Strom,0,0,0,0,0,0,0,0,0,0,0,0,0,0,0
2026-07-19,Vahr,0,0,0,0,0,0,0,0,0,0,0,0,0,0,0
2026-07-19,Vegesack,0,0,0,0,0,0,0,0,0,0,0,0,0,0,0
2026-07-19,Walle,0,0,0,0,0,0,0,0,0,0,0,0,0,0,0
2026-07-19,Woltmershausen,0,0,0,0,0,0,0,0,0,0,0,0,0,0,0
2026-07-19,Östliche Vorstadt,0,0,0,0,0,0,0,0,0,0,0,0,0,0,0
2026-07-20,Blockland,0,0,0,0,0,0,0,0,0,0,0,0,0,0,0
2026-07-20,Blumenthal,0,0,0,0,0,0,0,0,0,0,0,0,0,0,0
2026-07-20,Borgfeld,0,0,0,0,0,0,0,0,0,0,0,0,0,0,0
2026-07-20,Burglesum,0,0,0,0,0,0,0,0,0,0,0,0,0,0,0
2026-07-20,Findorff,0,0,0,0,0,0,0,0,0,0,0,0,0,0,0
2026-07-20,Gröpelingen,0,0,0,0,0,0,0,0,0,0,0,0,0,0,0
2026-07-20,Hemelingen,0,0,0,0,0,0,0,0,0,0,0,0,0,0,0
2026-07-20,Horn-Lehe,0,0,0,0,0,0,0,0,0,0,0,0,0,0,0
2026-07-20,Huchting,0,0,0,0,0,0,0,0,0,0,0,0,0,0,0
2026-07-20,Häfen,0,0,0,0,0,0,0,0,0,0,0,0,0,0,0
2026-07-20,Mitte,0,0,0,0,0,0,0,0,0,0,0,0,0,0,0
2026-07-20,Neustadt,1,0,0,0,1,0,0,0,0,0,0,0,0,0,0
2026-07-20,Oberneuland,0,0,0,0,0,0,0,0,0,0,0,0,0,0,0
2026-07-20,Obervieland,0,0,0,0,0,0,0,0,0,0,0,0,0,0,0
2026-07-20,Osterholz,0,0,0,0,0,0,0,0,0,0,0,0,0,0,0
2026-07-20,Schwachhausen,0,0,0,0,0,0,0,0,0,0,0,0,0,0,0
2026-07-20,Seehausen,0,0,0,0,0,0,0,0,0,0,0,0,0,0,0
2026-07-20,Strom,0,0,0,0,0,0,0,0,0,0,0,0,0,0,0
2026-07-20,Vahr,0,0,0,0,0,0,0,0,0,0,0,0,0,0,0
2026-07-20,Vegesack,0,0,0,0,0,0,0,0,0,0,0,0,0,0,0
2026-07-20,Walle,0,0,0,0,0,0,0,0,0,0,0,0,0,0,0
2026-07-20,Woltmershausen,0,0,0,0,0,0,0,0,0,0,0,0,0,0,0
2026-07-20,Östliche Vorstadt,0,0,0,0,0,0,0,0,0,0,0,0,0,0,0
2026-07-21,Blockland,0,0,0,0,0,0,0,0,0,0,0,0,0,0,0
2026-07-21,Blumenthal,0,0,0,0,0,0,0,0,0,0,0,0,0,0,0
2026-07-21,Borgfeld,0,0,0,0,0,0,0,0,0,0,0,0,0,0,0
2026-07-21,Burglesum,0,0,0,0,0,0,0,0,0,0,0,0,0,0,0
2026-07-21,Findorff,0,0,0,0,0,0,0,0,0,0,0,0,0,0,0
2026-07-21,Gröpelingen,0,0,0,0,0,0,0,0,0,0,0,0,0,0,0
2026-07-21,Hemelingen,0,0,0,0,0,0,0,0,0,0,0,0,0,0,0
2026-07-21,Horn-Lehe,0,0,0,0,0,0,0,0,0,0,0,0,0,0,0
2026-07-21,Huchting,0,0,0,0,0,0,0,0,0,0,0,0,0,0,0
2026-07-21,Häfen,0,0,0,0,0,0,0,0,0,0,0,0,0,0,0
2026-07-21,Mitte,0,0,0,0,0,0,0,0,0,0,0,0,0,0,0
2026-07-21,Neustadt,0,0,0,0,0,0,0,0,0,0,0,0,0,0,0
2026-07-21,Oberneuland,0,0,0,0,0,0,0,0,0,0,0,0,0,0,0
2026-07-21,Obervieland,0,0,0,0,0,0,0,0,0,0,0,0,0,0,0
2026-07-21,Osterholz,0,0,0,0,0,0,0,0,0,0,0,0,0,0,0
2026-07-21,Schwachhausen,0,0,0,0,0,0,0,0,0,0,0,0,0,0,0
2026-07-21,Seehausen,0,0,0,0,0,0,0,0,0,0,0,0,0,0,0
2026-07-21,Strom,0,0,0,0,0,0,0,0,0,0,0,0,0,0,0
2026-07-21,Vahr,0,0,0,0,0,0,0,0,0,0,0,0,0,0,0
2026-07-21,Vegesack,0,0,0,0,0,0,0,0,0,0,0,0,0,0,0
2026-07-21,Walle,1,0,0,0,0,0,0,0,1,0,0,0,0,0,0
2026-07-21,Woltmershausen,0,0,0,0,0,0,0,0,0,0,0,0,0,0,0
2026-07-21,Östliche Vorstadt,0,0,0,0,0,0,0,0,0,0,0,0,0,0,0
2026-07-22,Blockland,0,0,0,0,0,0,0,0,0,0,0,0,0,0,0
2026-07-22,Blumenthal,0,0,0,0,0,0,0,0,0,0,0,0,0,0,0
2026-07-22,Borgfeld,0,0,0,0,0,0,0,0,0,0,0,0,0,0,0
2026-07-22,Burglesum,0,0,0,0,0,0,0,0,0,0,0,0,0,0,0
2026-07-22,Findorff,0,0,0,0,0,0,0,0,0,0,0,0,0,0,0
2026-07-22,Gröpelingen,0,0,0,0,0,0,0,0,0,0,0,0,0,0,0
2026-07-22,Hemelingen,0,0,0,0,0,0,0,0,0,0,0,0,0,0,0
2026-07-22,Horn-Lehe,0,0,0,0,0,0,0,0,0,0,0,0,0,0,0
2026-07-22,Huchting,0,0,0,0,0,0,0,0,0,0,0,0,0,0,0
2026-07-22,Häfen,0,0,0,0,0,0,0,0,0,0,0,0,0,0,0
2026-07-22,Mitte,0,0,0,0,0,0,0,0,0,0,0,0,0,0,0
2026-07-22,Neustadt,1,1,0,0,0,0,0,0,0,0,0,0,0,0,0
2026-07-22,Oberneuland,0,0,0,0,0,0,0,0,0,0,0,0,0,0,0
2026-07-22,Obervieland,1,0,0,0,0,0,0,0,0,1,0,0,0,0,0
2026-07-22,Osterholz,0,0,0,0,0,0,0,0,0,0,0,0,0,0,0
2026-07-22,Schwachhausen,0,0,0,0,0,0,0,0,0,0,0,0,0,0,0
2026-07-22,Seehausen,0,0,0,0,0,0,0,0,0,0,0,0,0,0,0
2026-07-22,Strom,0,0,0,0,0,0,0,0,0,0,0,0,0,0,0
2026-07-22,Vahr,0,0,0,0,0,0,0,0,0,0,0,0,0,0,0
2026-07-22,Vegesack,0,0,0,0,0,0,0,0,0,0,0,0,0,0,0
2026-07-22,Walle,1,0,1,0,0,0,0,0,0,0,0,0,0,0,0
2026-07-22,Woltmershausen,0,0,0,0,0,0,0,0,0,0,0,0,0,0,0
2026-07-22,Östliche Vorstadt,0,0,0,0,0,0,0,0,0,0,0,0,0,0,0
2026-07-23,Blockland,0,0,0,0,0,0,0,0,0,0,0,0,0,0,0
2026-07-23,Blumenthal,0,0,0,0,0,0,0,0,0,0,0,0,0,0,0
2026-07-23,Borgfeld,0,0,0,0,0,0,0,0,0,0,0,0,0,0,0
2026-07-23,Burglesum,0,0,0,0,0,0,0,0,0,0,0,0,0,0,0
2026-07-23,Findorff,0,0,0,0,0,0,0,0,0,0,0,0,0,0,0
2026-07-23,Gröpelingen,1,0,0,0,0,0,0,0,1,0,0,0,0,0,0
2026-07-23,Hemelingen,1,1,0,0,0,0,0,0,0,0,0,0,0,0,0
2026-07-23,Horn-Lehe,0,0,0,0,0,0,0,0,0,0,0,0,0,0,0
2026-07-23,Huchting,1,0,0,0,0,0,0,1,0,0,0,0,0,0,0
2026-07-23,Häfen,0,0,0,0,0,0,0,0,0,0,0,0,0,0,0
2026-07-23,Mitte,0,0,0,0,0,0,0,0,0,0,0,0,0,0,0
2026-07-23,Neustadt,1,0,0,1,0,0,0,0,0,0,0,0,0,0,0
2026-07-23,Oberneuland,0,0,0,0,0,0,0,0,0,0,0,0,0,0,0
2026-07-23,Obervieland,0,0,0,0,0,0,0,0,0,0,0,0,0,0,0
2026-07-23,Osterholz,0,0,0,0,0,0,0,0,0,0,0,0,0,0,0
2026-07-23,Schwachhausen,0,0,0,0,0,0,0,0,0,0,0,0,0,0,0
2026-07-23,Seehausen,0,0,0,0,0,0,0,0,0,0,0,0,0,0,0
2026-07-23,Strom,0,0,0,0,0,0,0,0,0,0,0,0,0,0,0
2026-07-23,Vahr,0,0,0,0,0,0,0,0,0,0,0,0,0,0,0
2026-07-23,Vegesack,0,0,0,0,0,0,0,0,0,0,0,0,0,0,0
2026-07-23,Walle,0,0,0,0,0,0,0,0,0,0,0,0,0,0,0
2026-07-23,Woltmershausen,0,0,0,0,0,0,0,0,0,0,0,0,0,0,0
2026-07-23,Östliche Vorstadt,0,0,0,0,0,0,0,0,0,0,0,0,0,0,0
2026-07-24,Blockland,0,0,0,0,0,0,0,0,0,0,0,0,0,0,0
2026-07-24,Blumenthal,0,0,0,0,0,0,0,0,0,0,0,0,0,0,0
2026-07-24,Borgfeld,0,0,0,0,0,0,0,0,0,0,0,0,0,0,0
2026-07-24,Burglesum,0,0,0,0,0,0,0,0,0,0,0,0,0,0,0
2026-07-24,Findorff,0,0,0,0,0,0,0,0,0,0,0,0,0,0,0
2026-07-24,Gröpelingen,0,0,0,0,0,0,0,0,0,0,0,0,0,0,0
2026-07-24,Hemelingen,0,0,0,0,0,0,0,0,0,0,0,0,0,0,0
2026-07-24,Horn-Lehe,0,0,0,0,0,0,0,0,0,0,0,0,0,0,0
2026-07-24,Huchting,0,0,0,0,0,0,0,0,0,0,0,0,0,0,0
2026-07-24,Häfen,0,0,0,0,0,0,0,0,0,0,0,0,0,0,0
2026-07-24,Mitte,0,0,0,0,0,0,0,0,0,0,0,0,0,0,0
2026-07-24,Neustadt,0,0,0,0,0,0,0,0,0,0,0,0,0,0,0
2026-07-24,Oberneuland,0,0,0,0,0,0,0,0,0,0,0,0,0,0,0
2026-07-24,Obervieland,0,0,0,0,0,0,0,0,0,0,0,0,0,0,0
2026-07-24,Osterholz,0,0,0,0,0,0,0,0,0,0,0,0,0,0,0
2026-07-24,Schwachhausen,0,0,0,0,0,0,0,0,0,0,0,0,0,0,0
2026-07-24,Seehausen,0,0,0,0,0,0,0,0,0,0,0,0,0,0,0
2026-07-24,Strom,0,0,0,0,0,0,0,0,0,0,0,0,0,0,0
2026-07-24,Vahr,0,0,0,0,0,0,0,0,0,0,0,0,0,0,0
2026-07-24,Vegesack,0,0,0,0,0,0,0,0,0,0,0,0,0,0,0
2026-07-24,Walle,0,0,0,0,0,0,0,0,0,0,0,0,0,0,0
2026-07-24,Woltmershausen,0,0,0,0,0,0,0,0,0,0,0,0,0,0,0
2026-07-24,Östliche Vorstadt,0,0,0,0,0,0,0,0,0,0,0,0,0,0,0
2026-07-25,Blockland,0,0,0,0,0,0,0,0,0,0,0,0,0,0,0
2026-07-25,Blumenthal,0,0,0,0,0,0,0,0,0,0,0,0,0,0,0
2026-07-25,Borgfeld,0,0,0,0,0,0,0,0,0,0,0,0,0,0,0
2026-07-25,Burglesum,0,0,0,0,0,0,0,0,0,0,0,0,0,0,0
2026-07-25,Findorff,0,0,0,0,0,0,0,0,0,0,0,0,0,0,0
2026-07-25,Gröpelingen,0,0,0,0,0,0,0,0,0,0,0,0,0,0,0
2026-07-25,Hemelingen,0,0,0,0,0,0,0,0,0,0,0,0,0,0,0
2026-07-25,Horn-Lehe,0,0,0,0,0,0,0,0,0,0,0,0,0,0,0
2026-07-25,Huchting,0,0,0,0,0,0,0,0,0,0,0,0,0,0,0
2026-07-25,Häfen,0,0,0,0,0,0,0,0,0,0,0,0,0,0,0
2026-07-25,Mitte,0,0,0,0,0,0,0,0,0,0,0,0,0,0,0
2026-07-25,Neustadt,0,0,0,0,0,0,0,0,0,0,0,0,0,0,0
2026-07-25,Oberneuland,0,0,0,0,0,0,0,0,0,0,0,0,0,0,0
2026-07-25,Obervieland,0,0,0,0,0,0,0,0,0,0,0,0,0,0,0
2026-07-25,Osterholz,0,0,0,0,0,0,0,0,0,0,0,0,0,0,0
2026-07-25,Schwachhausen,0,0,0,0,0,0,0,0,0,0,0,0,0,0,0
2026-07-25,Seehausen,0,0,0,0,0,0,0,0,0,0,0,0,0,0,0
2026-07-25,Strom,0,0,0,0,0,0,0,0,0,0,0,0,0,0,0
2026-07-25,Vahr,0,0,0,0,0,0,0,0,0,0,0,0,0,0,0
2026-07-25,Vegesack,0,0,0,0,0,0,0,0,0,0,0,0,0,0,0
2026-07-25,Walle,0,0,0,0,0,0,0,0,0,0,0,0,0,0,0
2026-07-25,Woltmershausen,0,0,0,0,0,0,0,0,0,0,0,0,0,0,0
2026-07-25,Östliche Vorstadt,0,0,0,0,0,0,0,0,0,0,0,0,0,0,0
2026-07-26,Blockland,0,0,0,0,0,0,0,0,0,0,0,0,0,0,0
2026-07-26,Blumenthal,0,0,0,0,0,0,0,0,0,0,0,0,0,0,0
2026-07-26,Borgfeld,0,0,0,0,0,0,0,0,0,0,0,0,0,0,0
2026-07-26,Burglesum,0,0,0,0,0,0,0,0,0,0,0,0,0,0,0
2026-07-26,Findorff,0,0,0,0,0,0,0,0,0,0,0,0,0,0,0
2026-07-26,Gröpelingen,0,0,0,0,0,0,0,0,0,0,0,0,0,0,0
2026-07-26,Hemelingen,0,0,0,0,0,0,0,0,0,0,0,0,0,0,0
2026-07-26,Horn-Lehe,0,0,0,0,0,0,0,0,0,0,0,0,0,0,0
2026-07-26,Huchting,0,0,0,0,0,0,0,0,0,0,0,0,0,0,0
2026-07-26,Häfen,0,0,0,0,0,0,0,0,0,0,0,0,0,0,0
2026-07-26,Mitte,0,0,0,0,0,0,0,0,0,0,0,0,0,0,0
2026-07-26,Neustadt,0,0,0,0,0,0,0,0,0,0,0,0,0,0,0
2026-07-26,Oberneuland,0,0,0,0,0,0,0,0,0,0,0,0,0,0,0
2026-07-26,Obervieland,0,0,0,0,0,0,0,0,0,0,0,0,0,0,0
2026-07-26,Osterholz,0,0,0,0,0,0,0,0,0,0,0,0,0,0,0
2026-07-26,Schwachhausen,0,0,0,0,0,0,0,0,0,0,0,0,0,0,0
2026-07-26,Seehausen,0,0,0,0,0,0,0,0,0,0,0,0,0,0,0
2026-07-26,Strom,0,0,0,0,0,0,0,0,0,0,0,0,0,0,0
2026-07-26,Vahr,0,0,0,0,0,0,0,0,0,0,0,0,0,0,0
2026-07-26,Vegesack,0,0,0,0,0,0,0,0,0,0,0,0,0,0,0
2026-07-26,Walle,0,0,0,0,0,0,0,0,0,0,0,0,0,0,0
2026-07-26,Woltmershausen,0,0,0,0,0,0,0,0,0,0,0,0,0,0,0
2026-07-26,Östliche Vorstadt,1,0,0,0,0,0,0,0,1,0,0,0,0,0,0
2026-07-27,Blockland,0,0,0,0,0,0,0,0,0,0,0,0,0,0,0
2026-07-27,Blumenthal,0,0,0,0,0,0,0,0,0,0,0,0,0,0,0
2026-07-27,Borgfeld,0,0,0,0,0,0,0,0,0,0,0,0,0,0,0
2026-07-27,Burglesum,0,0,0,0,0,0,0,0,0,0,0,0,0,0,0
2026-07-27,Findorff,0,0,0,0,0,0,0,0,0,0,0,0,0,0,0
2026-07-27,Gröpelingen,0,0,0,0,0,0,0,0,0,0,0,0,0,0,0
2026-07-27,Hemelingen,0,0,0,0,0,0,0,0,0,0,0,0,0,0,0
2026-07-27,Horn-Lehe,0,0,0,0,0,0,0,0,0,0,0,0,0,0,0
2026-07-27,Huchting,0,0,0,0,0,0,0,0,0,0,0,0,0,0,0
2026-07-27,Häfen,0,0,0,0,0,0,0,0,0,0,0,0,0,0,0
2026-07-27,Mitte,0,0,0,0,0,0,0,0,0,0,0,0,0,0,0
2026-07-27,Neustadt,0,0,0,0,0,0,0,0,0,0,0,0,0,0,0
2026-07-27,Oberneuland,0,0,0,0,0,0,0,0,0,0,0,0,0,0,0
2026-07-27,Obervieland,0,0,0,0,0,0,0,0,0,0,0,0,0,0,0
2026-07-27,Osterholz,0,0,0,0,0,0,0,0,0,0,0,0,0,0,0
2026-07-27,Schwachhausen,0,0,0,0,0,0,0,0,0,0,0,0,0,0,0
2026-07-27,Seehausen,0,0,0,0,0,0,0,0,0,0,0,0,0,0,0
2026-07-27,Strom,0,0,0,0,0,0,0,0,0,0,0,0,0,0,0
2026-07-27,Vahr,0,0,0,0,0,0,0,0,0,0,0,0,0,0,0
2026-07-27,Vegesack,0,0,0,0,0,0,0,0,0,0,0,0,0,0,0
2026-07-27,Walle,0,0,0,0,0,0,0,0,0,0,0,0,0,0,0
2026-07-27,Woltmershausen,0,0,0,0,0,0,0,0,0,0,0,0,0,0,0
2026-07-27,Östliche Vorstadt,0,0,0,0,0,0,0,0,0,0,0,0,0,0,0
2026-07-28,Blockland,0,0,0,0,0,0,0,0,0,0,0,0,0,0,0
2026-07-28,Blumenthal,0,0,0,0,0,0,0,0,0,0,0,0,0,0,0
2026-07-28,Borgfeld,0,0,0,0,0,0,0,0,0,0,0,0,0,0,0
2026-07-28,Burglesum,0,0,0,0,0,0,0,0,0,0,0,0,0,0,0
2026-07-28,Findorff,0,0,0,0,0,0,0,0,0,0,0,0,0,0,0
2026-07-28,Gröpelingen,0,0,0,0,0,0,0,0,0,0,0,0,0,0,0
2026-07-28,Hemelingen,0,0,0,0,0,0,0,0,0,0,0,0,0,0,0
2026-07-28,Horn-Lehe,0,0,0,0,0,0,0,0,0,0,0,0,0,0,0
2026-07-28,Huchting,0,0,0,0,0,0,0,0,0,0,0,0,0,0,0
2026-07-28,Häfen,0,0,0,0,0,0,0,0,0,0,0,0,0,0,0
2026-07-28,Mitte,0,0,0,0,0,0,0,0,0,0,0,0,0,0,0
2026-07-28,Neustadt,2,1,0,0,0,0,0,1,0,0,0,0,0,0,0
2026-07-28,Oberneuland,0,0,0,0,0,0,0,0,0,0,0,0,0,0,0
2026-07-28,Obervieland,0,0,0,0,0,0,0,0,0,0,0,0,0,0,0
2026-07-28,Osterholz,0,0,0,0,0,0,0,0,0,0,0,0,0,0,0
2026-07-28,Schwachhausen,0,0,0,0,0,0,0,0,0,0,0,0,0,0,0
2026-07-28,Seehausen,0,0,0,0,0,0,0,0,0,0,0,0,0,0,0
2026-07-28,Strom,0,0,0,0,0,0,0,0,0,0,0,0,0,0,0
2026-07-28,Vahr,0,0,0,0,0,0,0,0,0,0,0,0,0,0,0
2026-07-28,Vegesack,0,0,0,0,0,0,0,0,0,0,0,0,0,0,0
2026-07-28,Walle,0,0,0,0,0,0,0,0,0,0,0,0,0,0,0
2026-07-28,Woltmershausen,0,0,0,0,0,0,0,0,0,0,0,0,0,0,0
2026-07-28,Östliche Vorstadt,0,0,0,0,0,0,0,0,0,0,0,0,0,0,0
2026-07-29,Blockland,0,0,0,0,0,0,0,0,0,0,0,0,0,0,0
2026-07-29,Blumenthal,0,0,0,0,0,0,0,0,0,0,0,0,0,0,0
2026-07-29,Borgfeld,0,0,0,0,0,0,0,0,0,0,0,0,0,0,0
2026-07-29,Burglesum,0,0,0,0,0,0,0,0,0,0,0,0,0,0,0
2026-07-29,Findorff,0,0,0,0,0,0,0,0,0,0,0,0,0,0,0
2026-07-29,Gröpelingen,0,0,0,0,0,0,0,0,0,0,0,0,0,0,0
2026-07-29,Hemelingen,0,0,0,0,0,0,0,0,0,0,0,0,0,0,0
2026-07-29,Horn-Lehe,0,0,0,0,0,0,0,0,0,0,0,0,0,0,0
2026-07-29,Huchting,0,0,0,0,0,0,0,0,0,0,0,0,0,0,0
2026-07-29,Häfen,0,0,0,0,0,0,0,0,0,0,0,0,0,0,0
2026-07-29,Mitte,0,0,0,0,0,0,0,0,0,0,0,0,0,0,0
2026-07-29,Neustadt,0,0,0,0,0,0,0,0,0,0,0,0,0,0,0
2026-07-29,Oberneuland,0,0,0,0,0,0,0,0,0,0,0,0,0,0,0
2026-07-29,Obervieland,0,0,0,0,0,0,0,0,0,0,0,0,0,0,0
2026-07-29,Osterholz,0,0,0,0,0,0,0,0,0,0,0,0,0,0,0
2026-07-29,Schwachhausen,0,0,0,0,0,0,0,0,0,0,0,0,0,0,0
2026-07-29,Seehausen,0,0,0,0,0,0,0,0,0,0,0,0,0,0,0
2026-07-29,Strom,0,0,0,0,0,0,0,0,0,0,0,0,0,0,0
2026-07-29,Vahr,0,0,0,0,0,0,0,0,0,0,0,0,0,0,0
2026-07-29,Vegesack,1,0,0,0,0,0,0,0,0,0,0,0,0,0,1
2026-07-29,Walle,0,0,0,0,0,0,0,0,0,0,0,0,0,0,0
2026-07-29,Woltmershausen,0,0,0,0,0,0,0,0,0,0,0,0,0,0,0
2026-07-29,Östliche Vorstadt,0,0,0,0,0,0,0,0,0,0,0,0,0,0,0
2026-07-30,Blockland,0,0,0,0,0,0,0,0,0,0,0,0,0,0,0
2026-07-30,Blumenthal,0,0,0,0,0,0,0,0,0,0,0,0,0,0,0
2026-07-30,Borgfeld,0,0,0,0,0,0,0,0,0,0,0,0,0,0,0
2026-07-30,Burglesum,0,0,0,0,0,0,0,0,0,0,0,0,0,0,0
2026-07-30,Findorff,0,0,0,0,0,0,0,0,0,0,0,0,0,0,0
2026-07-30,Gröpelingen,0,0,0,0,0,0,0,0,0,0,0,0,0,0,0
2026-07-30,Hemelingen,0,0,0,0,0,0,0,0,0,0,0,0,0,0,0
2026-07-30,Horn-Lehe,0,0,0,0,0,0,0,0,0,0,0,0,0,0,0
2026-07-30,Huchting,0,0,0,0,0,0,0,0,0,0,0,0,0,0,0
2026-07-30,Häfen,0,0,0,0,0,0,0,0,0,0,0,0,0,0,0
2026-07-30,Mitte,0,0,0,0,0,0,0,0,0,0,0,0,0,0,0
2026-07-30,Neustadt,0,0,0,0,0,0,0,0,0,0,0,0,0,0,0
2026-07-30,Oberneuland,0,0,0,0,0,0,0,0,0,0,0,0,0,0,0
2026-07-30,Obervieland,0,0,0,0,0,0,0,0,0,0,0,0,0,0,0
2026-07-30,Osterholz,0,0,0,0,0,0,0,0,0,0,0,0,0,0,0
2026-07-30,Schwachhausen,0,0,0,0,0,0,0,0,0,0,0,0,0,0,0
2026-07-30,Seehausen,0,0,0,0,0,0,0,0,0,0,0,0,0,0,0
2026-07-30,Strom,0,0,0,0,0,0,0,0,0,0,0,0,0,0,0
2026-07-30,Vahr,0,0,0,0,0,0,0,0,0,0,0,0,0,0,0
2026-07-30,Vegesack,0,0,0,0,0,0,0,0,0,0,0,0,0,0,0
2026-07-30,Walle,0,0,0,0,0,0,0,0,0,0,0,0,0,0,0
2026-07-30,Woltmershausen,0,0,0,0,0,0,0,0,0,0,0,0,0,0,0
2026-07-30,Östliche Vorstadt,0,0,0,0,0,0,0,0,0,0,0,0,0,0,0
2026-07-31,Blockland,0,0,0,0,0,0,0,0,0,0,0,0,0,0,0
2026-07-31,Blumenthal,0,0,0,0,0,0,0,0,0,0,0,0,0,0,0
2026-07-31,Borgfeld,0,0,0,0,0,0,0,0,0,0,0,0,0,0,0
2026-07-31,Burglesum,0,0,0,0,0,0,0,0,0,0,0,0,0,0,0
2026-07-31,Findorff,0,0,0,0,0,0,0,0,0,0,0,0,0,0,0
2026-07-31,Gröpelingen,0,0,0,0,0,0,0,0,0,0,0,0,0,0,0
2026-07-31,Hemelingen,0,0,0,0,0,0,0,0,0,0,0,0,0,0,0
2026-07-31,Horn-Lehe,1,0,0,0,0,0,0,0,0,0,0,1,0,0,0
2026-07-31,Huchting,0,0,0,0,0,0,0,0,0,0,0,0,0,0,0
2026-07-31,Häfen,0,0,0,0,0,0,0,0,0,0,0,0,0,0,0
2026-07-31,Mitte,0,0,0,0,0,0,0,0,0,0,0,0,0,0,0
2026-07-31,Neustadt,0,0,0,0,0,0,0,0,0,0,0,0,0,0,0
2026-07-31,Oberneuland,0,0,0,0,0,0,0,0,0,0,0,0,0,0,0
2026-07-31,Obervieland,0,0,0,0,0,0,0,0,0,0,0,0,0,0,0
2026-07-31,Osterholz,0,0,0,0,0,0,0,0,0,0,0,0,0,0,0
2026-07-31,Schwachhausen,0,0,0,0,0,0,0,0,0,0,0,0,0,0,0
2026-07-31,Seehausen,0,0,0,0,0,0,0,0,0,0,0,0,0,0,0
2026-07-31,Strom,0,0,0,0,0,0,0,0,0,0,0,0,0,0,0
2026-07-31,Vahr,0,0,0,0,0,0,0,0,0,0,0,0,0,0,0
2026-07-31,Vegesack,1,0,0,0,0,0,0,0,1,0,0,0,0,0,0
2026-07-31,Walle,0,0,0,0,0,0,0,0,0,0,0,0,0,0,0
2026-07-31,Woltmershausen,0,0,0,0,0,0,0,0,0,0,0,0,0,0,0
2026-07-31,Östliche Vorstadt,0,0,0,0,0,0,0,0,0,0,0,0,0,0,0
2026-08-01,Blockland,0,0,0,0,0,0,0,0,0,0,0,0,0,0,0
2026-08-01,Blumenthal,0,0,0,0,0,0,0,0,0,0,0,0,0,0,0
2026-08-01,Borgfeld,0,0,0,0,0,0,0,0,0,0,0,0,0,0,0
2026-08-01,Burglesum,0,0,0,0,0,0,0,0,0,0,0,0,0,0,0
2026-08-01,Findorff,0,0,0,0,0,0,0,0,0,0,0,0,0,0,0
2026-08-01,Gröpelingen,0,0,0,0,0,0,0,0,0,0,0,0,0,0,0
2026-08-01,Hemelingen,0,0,0,0,0,0,0,0,0,0,0,0,0,0,0
2026-08-01,Horn-Lehe,0,0,0,0,0,0,0,0,0,0,0,0,0,0,0
2026-08-01,Huchting,0,0,0,0,0,0,0,0,0,0,0,0,0,0,0
2026-08-01,Häfen,0,0,0,0,0,0,0,0,0,0,0,0,0,0,0
2026-08-01,Mitte,0,0,0,0,0,0,0,0,0,0,0,0,0,0,0
2026-08-01,Neustadt,0,0,0,0,0,0,0,0,0,0,0,0,0,0,0
2026-08-01,Oberneuland,0,0,0,0,0,0,0,0,0,0,0,0,0,0,0
2026-08-01,Obervieland,0,0,0,0,0,0,0,0,0,0,0,0,0,0,0
2026-08-01,Osterholz,0,0,0,0,0,0,0,0,0,0,0,0,0,0,0
2026-08-01,Schwachhausen,0,0,0,0,0,0,0,0,0,0,0,0,0,0,0
2026-08-01,Seehausen,0,0,0,0,0,0,0,0,0,0,0,0,0,0,0
2026-08-01,Strom,0,0,0,0,0,0,0,0,0,0,0,0,0,0,0
2026-08-01,Vahr,0,0,0,0,0,0,0,0,0,0,0,0,0,0,0
2026-08-01,Vegesack,0,0,0,0,0,0,0,0,0,0,0,0,0,0,0
2026-08-01,Walle,0,0,0,0,0,0,0,0,0,0,0,0,0,0,0
2026-08-01,Woltmershausen,0,0,0,0,0,0,0,0,0,0,0,0,0,0,0
2026-08-01,Östliche Vorstadt,0,0,0,0,0,0,0,0,0,0,0,0,0,0,0
2026-08-02,Blockland,0,0,0,0,0,0,0,0,0,0,0,0,0,0,0
2026-08-02,Blumenthal,0,0,0,0,0,0,0,0,0,0,0,0,0,0,0
2026-08-02,Borgfeld,0,0,0,0,0,0,0,0,0,0,0,0,0,0,0
2026-08-02,Burglesum,0,0,0,0,0,0,0,0,0,0,0,0,0,0,0
2026-08-02,Findorff,0,0,0,0,0,0,0,0,0,0,0,0,0,0,0
2026-08-02,Gröpelingen,0,0,0,0,0,0,0,0,0,0,0,0,0,0,0
2026-08-02,Hemelingen,0,0,0,0,0,0,0,0,0,0,0,0,0,0,0
2026-08-02,Horn-Lehe,0,0,0,0,0,0,0,0,0,0,0,0,0,0,0
2026-08-02,Huchting,0,0,0,0,0,0,0,0,0,0,0,0,0,0,0
2026-08-02,Häfen,0,0,0,0,0,0,0,0,0,0,0,0,0,0,0
2026-08-02,Mitte,0,0,0,0,0,0,0,0,0,0,0,0,0,0,0
2026-08-02,Neustadt,0,0,0,0,0,0,0,0,0,0,0,0,0,0,0
2026-08-02,Oberneuland,0,0,0,0,0,0,0,0,0,0,0,0,0,0,0
2026-08-02,Obervieland,0,0,0,0,0,0,0,0,0,0,0,0,0,0,0
2026-08-02,Osterholz,0,0,0,0,0,0,0,0,0,0,0,0,0,0,0
2026-08-02,Schwachhausen,0,0,0,0,0,0,0,0,0,0,0,0,0,0,0
2026-08-02,Seehausen,0,0,0,0,0,0,0,0,0,0,0,0,0,0,0
2026-08-02,Strom,0,0,0,0,0,0,0,0,0,0,0,0,0,0,0
2026-08-02,Vahr,0,0,0,0,0,0,0,0,0,0,0,0,0,0,0
2026-08-02,Vegesack,0,0,0,0,0,0,0,0,0,0,0,0,0,0,0
2026-08-02,Walle,0,0,0,0,0,0,0,0,0,0,0,0,0,0,0
2026-08-02,Woltmershausen,0,0,0,0,0,0,0,0,0,0,0,0,0,0,0
2026-08-02,Östliche Vorstadt,0,0,0,0,0,0,0,0,0,0,0,0,0,0,0
2026-08-03,Blockland,0,0,0,0,0,0,0,0,0,0,0,0,0,0,0
2026-08-03,Blumenthal,0,0,0,0,0,0,0,0,0,0,0,0,0,0,0
2026-08-03,Borgfeld,0,0,0,0,0,0,0,0,0,0,0,0,0,0,0
2026-08-03,Burglesum,0,0,0,0,0,0,0,0,0,0,0,0,0,0,0
2026-08-03,Findorff,0,0,0,0,0,0,0,0,0,0,0,0,0,0,0
2026-08-03,Gröpelingen,0,0,0,0,0,0,0,0,0,0,0,0,0,0,0
2026-08-03,Hemelingen,0,0,0,0,0,0,0,0,0,0,0,0,0,0,0
2026-08-03,Horn-Lehe,0,0,0,0,0,0,0,0,0,0,0,0,0,0,0
2026-08-03,Huchting,0,0,0,0,0,0,0,0,0,0,0,0,0,0,0
2026-08-03,Häfen,0,0,0,0,0,0,0,0,0,0,0,0,0,0,0
2026-08-03,Mitte,0,0,0,0,0,0,0,0,0,0,0,0,0,0,0
2026-08-03,Neustadt,0,0,0,0,0,0,0,0,0,0,0,0,0,0,0
2026-08-03,Oberneuland,0,0,0,0,0,0,0,0,0,0,0,0,0,0,0
2026-08-03,Obervieland,0,0,0,0,0,0,0,0,0,0,0,0,0,0,0
2026-08-03,Osterholz,0,0,0,0,0,0,0,0,0,0,0,0,0,0,0
2026-08-03,Schwachhausen,0,0,0,0,0,0,0,0,0,0,0,0,0,0,0
2026-08-03,Seehausen,0,0,0,0,0,0,0,0,0,0,0,0,0,0,0
2026-08-03,Strom,0,0,0,0,0,0,0,0,0,0,0,0,0,0,0
2026-08-03,Vahr,0,0,0,0,0,0,0,0,0,0,0,0,0,0,0
2026-08-03,Vegesack,0,0,0,0,0,0,0,0,0,0,0,0,0,0,0
2026-08-03,Walle,0,0,0,0,0,0,0,0,0,0,0,0,0,0,0
2026-08-03,Woltmershausen,0,0,0,0,0,0,0,0,0,0,0,0,0,0,0
2026-08-03,Östliche Vorstadt,0,0,0,0,0,0,0,0,0,0,0,0,0,0,0
2026-08-04,Blockland,0,0,0,0,0,0,0,0,0,0,0,0,0,0,0
2026-08-04,Blumenthal,0,0,0,0,0,0,0,0,0,0,0,0,0,0,0
2026-08-04,Borgfeld,0,0,0,0,0,0,0,0,0,0,0,0,0,0,0
2026-08-04,Burglesum,0,0,0,0,0,0,0,0,0,0,0,0,0,0,0
2026-08-04,Findorff,0,0,0,0,0,0,0,0,0,0,0,0,0,0,0
2026-08-04,Gröpelingen,0,0,0,0,0,0,0,0,0,0,0,0,0,0,0
2026-08-04,Hemelingen,0,0,0,0,0,0,0,0,0,0,0,0,0,0,0
2026-08-04,Horn-Lehe,0,0,0,0,0,0,0,0,0,0,0,0,0,0,0
2026-08-04,Huchting,0,0,0,0,0,0,0,0,0,0,0,0,0,0,0
2026-08-04,Häfen,0,0,0,0,0,0,0,0,0,0,0,0,0,0,0
2026-08-04,Mitte,0,0,0,0,0,0,0,0,0,0,0,0,0,0,0
2026-08-04,Neustadt,0,0,0,0,0,0,0,0,0,0,0,0,0,0,0
2026-08-04,Oberneuland,0,0,0,0,0,0,0,0,0,0,0,0,0,0,0
2026-08-04,Obervieland,0,0,0,0,0,0,0,0,0,0,0,0,0,0,0
2026-08-04,Osterholz,0,0,0,0,0,0,0,0,0,0,0,0,0,0,0
2026-08-04,Schwachhausen,0,0,0,0,0,0,0,0,0,0,0,0,0,0,0
2026-08-04,Seehausen,0,0,0,0,0,0,0,0,0,0,0,0,0,0,0
2026-08-04,Strom,0,0,0,0,0,0,0,0,0,0,0,0,0,0,0
2026-08-04,Vahr,0,0,0,0,0,0,0,0,0,0,0,0,0,0,0
2026-08-04,Vegesack,0,0,0,0,0,0,0,0,0,0,0,0,0,0,0
2026-08-04,Walle,0,0,0,0,0,0,0,0,0,0,0,0,0,0,0
2026-08-04,Woltmershausen,0,0,0,0,0,0,0,0,0,0,0,0,0,0,0
2026-08-04,Östliche Vorstadt,0,0,0,0,0,0,0,0,0,0,0,0,0,0,0
2026-08-05,Blockland,0,0,0,0,0,0,0,0,0,0,0,0,0,0,0
2026-08-05,Blumenthal,0,0,0,0,0,0,0,0,0,0,0,0,0,0,0
2026-08-05,Borgfeld,0,0,0,0,0,0,0,0,0,0,0,0,0,0,0
2026-08-05,Burglesum,0,0,0,0,0,0,0,0,0,0,0,0,0,0,0
2026-08-05,Findorff,0,0,0,0,0,0,0,0,0,0,0,0,0,0,0
2026-08-05,Gröpelingen,0,0,0,0,0,0,0,0,0,0,0,0,0,0,0
2026-08-05,Hemelingen,0,0,0,0,0,0,0,0,0,0,0,0,0,0,0
2026-08-05,Horn-Lehe,0,0,0,0,0,0,0,0,0,0,0,0,0,0,0
2026-08-05,Huchting,0,0,0,0,0,0,0,0,0,0,0,0,0,0,0
2026-08-05,Häfen,0,0,0,0,0,0,0,0,0,0,0,0,0,0,0
2026-08-05,Mitte,0,0,0,0,0,0,0,0,0,0,0,0,0,0,0
2026-08-05,Neustadt,1,0,0,0,0,0,0,0,1,0,0,0,0,0,0
2026-08-05,Oberneuland,0,0,0,0,0,0,0,0,0,0,0,0,0,0,0
2026-08-05,Obervieland,0,0,0,0,0,0,0,0,0,0,0,0,0,0,0
2026-08-05,Osterholz,0,0,0,0,0,0,0,0,0,0,0,0,0,0,0
2026-08-05,Schwachhausen,0,0,0,0,0,0,0,0,0,0,0,0,0,0,0
2026-08-05,Seehausen,0,0,0,0,0,0,0,0,0,0,0,0,0,0,0
2026-08-05,Strom,0,0,0,0,0,0,0,0,0,0,0,0,0,0,0
2026-08-05,Vahr,0,0,0,0,0,0,0,0,0,0,0,0,0,0,0
2026-08-05,Vegesack,0,0,0,0,0,0,0,0,0,0,0,0,0,0,0
2026-08-05,Walle,0,0,0,0,0,0,0,0,0,0,0,0,0,0,0
2026-08-05,Woltmershausen,0,0,0,0,0,0,0,0,0,0,0,0,0,0,0
2026-08-05,Östliche Vorstadt,0,0,0,0,0,0,0,0,0,0,0,0,0,0,0
2026-08-06,Blockland,0,0,0,0,0,0,0,0,0,0,0,0,0,0,0
2026-08-06,Blumenthal,0,0,0,0,0,0,0,0,0,0,0,0,0,0,0
2026-08-06,Borgfeld,0,0,0,0,0,0,0,0,0,0,0,0,0,0,0
2026-08-06,Burglesum,0,0,0,0,0,0,0,0,0,0,0,0,0,0,0
2026-08-06,Findorff,0,0,0,0,0,0,0,0,0,0,0,0,0,0,0
2026-08-06,Gröpelingen,0,0,0,0,0,0,0,0,0,0,0,0,0,0,0
2026-08-06,Hemelingen,0,0,0,0,0,0,0,0,0,0,0,0,0,0,0
2026-08-06,Horn-Lehe,0,0,0,0,0,0,0,0,0,0,0,0,0,0,0
2026-08-06,Huchting,0,0,0,0,0,0,0,0,0,0,0,0,0,0,0
2026-08-06,Häfen,0,0,0,0,0,0,0,0,0,0,0,0,0,0,0
2026-08-06,Mitte,1,0,0,0,0,0,0,0,0,0,0,0,0,1,0
2026-08-06,Neustadt,3,1,0,0,0,0,0,0,2,0,0,0,0,0,0
2026-08-06,Oberneuland,0,0,0,0,0,0,0,0,0,0,0,0,0,0,0
2026-08-06,Obervieland,0,0,0,0,0,0,0,0,0,0,0,0,0,0,0
2026-08-06,Osterholz,0,0,0,0,0,0,0,0,0,0,0,0,0,0,0
2026-08-06,Schwachhausen,0,0,0,0,0,0,0,0,0,0,0,0,0,0,0
2026-08-06,Seehausen,0,0,0,0,0,0,0,0,0,0,0,0,0,0,0
2026-08-06,Strom,0,0,0,0,0,0,0,0,0,0,0,0,0,0,0
2026-08-06,Vahr,0,0,0,0,0,0,0,0,0,0,0,0,0,0,0
2026-08-06,Vegesack,0,0,0,0,0,0,0,0,0,0,0,0,0,0,0
2026-08-06,Walle,0,0,0,0,0,0,0,0,0,0,0,0,0,0,0
2026-08-06,Woltmershausen,0,0,0,0,0,0,0,0,0,0,0,0,0,0,0
2026-08-06,Östliche Vorstadt,0,0,0,0,0,0,0,0,0,0,0,0,0,0,0
2026-08-07,Blockland,0,0,0,0,0,0,0,0,0,0,0,0,0,0,0
2026-08-07,Blumenthal,0,0,0,0,0,0,0,0,0,0,0,0,0,0,0
2026-08-07,Borgfeld,0,0,0,0,0,0,0,0,0,0,0,0,0,0,0
2026-08-07,Burglesum,0,0,0,0,0,0,0,0,0,0,0,0,0,0,0
2026-08-07,Findorff,0,0,0,0,0,0,0,0,0,0,0,0,0,0,0
2026-08-07,Gröpelingen,0,0,0,0,0,0,0,0,0,0,0,0,0,0,0
2026-08-07,Hemelingen,0,0,0,0,0,0,0,0,0,0,0,0,0,0,0
2026-08-07,Horn-Lehe,0,0,0,0,0,0,0,0,0,0,0,0,0,0,0
2026-08-07,Huchting,0,0,0,0,0,0,0,0,0,0,0,0,0,0,0
2026-08-07,Häfen,0,0,0,0,0,0,0,0,0,0,0,0,0,0,0
2026-08-07,Mitte,1,0,0,1,0,0,0,0,0,0,0,0,0,0,0
2026-08-07,Neustadt,1,0,0,0,0,0,0,0,0,1,0,0,0,0,0
2026-08-07,Oberneuland,0,0,0,0,0,0,0,0,0,0,0,0,0,0,0
2026-08-07,Obervieland,0,0,0,0,0,0,0,0,0,0,0,0,0,0,0
2026-08-07,Osterholz,0,0,0,0,0,0,0,0,0,0,0,0,0,0,0
2026-08-07,Schwachhausen,0,0,0,0,0,0,0,0,0,0,0,0,0,0,0
2026-08-07,Seehausen,0,0,0,0,0,0,0,0,0,0,0,0,0,0,0
2026-08-07,Strom,0,0,0,0,0,0,0,0,0,0,0,0,0,0,0
2026-08-07,Vahr,0,0,0,0,0,0,0,0,0,0,0,0,0,0,0
2026-08-07,Vegesack,0,0,0,0,0,0,0,0,0,0,0,0,0,0,0
2026-08-07,Walle,0,0,0,0,0,0,0,0,0,0,0,0,0,0,0
2026-08-07,Woltmershausen,0,0,0,0,0,0,0,0,0,0,0,0,0,0,0
2026-08-07,Östliche Vorstadt,0,0,0,0,0,0,0,0,0,0,0,0,0,0,0
2026-08-08,Blockland,0,0,0,0,0,0,0,0,0,0,0,0,0,0,0
2026-08-08,Blumenthal,0,0,0,0,0,0,0,0,0,0,0,0,0,0,0
2026-08-08,Borgfeld,0,0,0,0,0,0,0,0,0,0,0,0,0,0,0
2026-08-08,Burglesum,0,0,0,0,0,0,0,0,0,0,0,0,0,0,0
2026-08-08,Findorff,0,0,0,0,0,0,0,0,0,0,0,0,0,0,0
2026-08-08,Gröpelingen,0,0,0,0,0,0,0,0,0,0,0,0,0,0,0
2026-08-08,Hemelingen,0,0,0,0,0,0,0,0,0,0,0,0,0,0,0
2026-08-08,Horn-Lehe,0,0,0,0,0,0,0,0,0,0,0,0,0,0,0
2026-08-08,Huchting,0,0,0,0,0,0,0,0,0,0,0,0,0,0,0
2026-08-08,Häfen,0,0,0,0,0,0,0,0,0,0,0,0,0,0,0
2026-08-08,Mitte,0,0,0,0,0,0,0,0,0,0,0,0,0,0,0
2026-08-08,Neustadt,4,0,0,0,0,0,0,0,0,0,0,0,3,1,0
2026-08-08,Oberneuland,0,0,0,0,0,0,0,0,0,0,0,0,0,0,0
2026-08-08,Obervieland,0,0,0,0,0,0,0,0,0,0,0,0,0,0,0
2026-08-08,Osterholz,0,0,0,0,0,0,0,0,0,0,0,0,0,0,0
2026-08-08,Schwachhausen,0,0,0,0,0,0,0,0,0,0,0,0,0,0,0
2026-08-08,Seehausen,0,0,0,0,0,0,0,0,0,0,0,0,0,0,0
2026-08-08,Strom,0,0,0,0,0,0,0,0,0,0,0,0,0,0,0
2026-08-08,Vahr,0,0,0,0,0,0,0,0,0,0,0,0,0,0,0
2026-08-08,Vegesack,0,0,0,0,0,0,0,0,0,0,0,0,0,0,0
2026-08-08,Walle,2,0,0,0,0,0,0,0,0,0,0,1,1,0,0
2026-08-08,Woltmershausen,0,0,0,0,0,0,0,0,0,0,0,0,0,0,0
2026-08-08,Östliche Vorstadt,0,0,0,0,0,0,0,0,0,0,0,0,0,0,0
2026-08-09,Blockland,0,0,0,0,0,0,0,0,0,0,0,0,0,0,0
2026-08-09,Blumenthal,0,0,0,0,0,0,0,0,0,0,0,0,0,0,0
2026-08-09,Borgfeld,0,0,0,0,0,0,0,0,0,0,0,0,0,0,0
2026-08-09,Burglesum,0,0,0,0,0,0,0,0,0,0,0,0,0,0,0
2026-08-09,Findorff,0,0,0,0,0,0,0,0,0,0,0,0,0,0,0
2026-08-09,Gröpelingen,0,0,0,0,0,0,0,0,0,0,0,0,0,0,0
2026-08-09,Hemelingen,0,0,0,0,0,0,0,0,0,0,0,0,0,0,0
2026-08-09,Horn-Lehe,0,0,0,0,0,0,0,0,0,0,0,0,0,0,0
2026-08-09,Huchting,0,0,0,0,0,0,0,0,0,0,0,0,0,0,0
2026-08-09,Häfen,1,0,0,0,0,0,0,0,0,0,0,1,0,0,0
2026-08-09,Mitte,1,0,0,0,0,0,0,0,0,0,0,0,0,0,1
2026-08-09,Neustadt,0,0,0,0,0,0,0,0,0,0,0,0,0,0,0
2026-08-09,Oberneuland,0,0,0,0,0,0,0,0,0,0,0,0,0,0,0
2026-08-09,Obervieland,0,0,0,0,0,0,0,0,0,0,0,0,0,0,0
2026-08-09,Osterholz,0,0,0,0,0,0,0,0,0,0,0,0,0,0,0
2026-08-09,Schwachhausen,0,0,0,0,0,0,0,0,0,0,0,0,0,0,0
2026-08-09,Seehausen,0,0,0,0,0,0,0,0,0,0,0,0,0,0,0
2026-08-09,Strom,0,0,0,0,0,0,0,0,0,0,0,0,0,0,0
2026-08-09,Vahr,0,0,0,0,0,0,0,0,0,0,0,0,0,0,0
2026-08-09,Vegesack,0,0,0,0,0,0,0,0,0,0,0,0,0,0,0
2026-08-09,Walle,0,0,0,0,0,0,0,0,0,0,0,0,0,0,0
2026-08-09,Woltmershausen,1,0,0,0,0,0,0,0,0,0,0,0,0,0,1
2026-08-09,Östliche Vorstadt,0,0,0,0,0,0,0,0,0,0,0,0,0,0,0
2026-08-10,Blockland,0,0,0,0,0,0,0,0,0,0,0,0,0,0,0
2026-08-10,Blumenthal,0,0,0,0,0,0,0,0,0,0,0,0,0,0,0
2026-08-10,Borgfeld,0,0,0,0,0,0,0,0,0,0,0,0,0,0,0
2026-08-10,Burglesum,0,0,0,0,0,0,0,0,0,0,0,0,0,0,0
2026-08-10,Findorff,0,0,0,0,0,0,0,0,0,0,0,0,0,0,0
2026-08-10,Gröpelingen,0,0,0,0,0,0,0,0,0,0,0,0,0,0,0
2026-08-10,Hemelingen,0,0,0,0,0,0,0,0,0,0,0,0,0,0,0
2026-08-10,Horn-Lehe,0,0,0,0,0,0,0,0,0,0,0,0,0,0,0
2026-08-10,Huchting,0,0,0,0,0,0,0,0,0,0,0,0,0,0,0
2026-08-10,Häfen,0,0,0,0,0,0,0,0,0,0,0,0,0,0,0
2026-08-10,Mitte,0,0,0,0,0,0,0,0,0,0,0,0,0,0,0
2026-08-10,Neustadt,0,0,0,0,0,0,0,0,0,0,0,0,0,0,0
2026-08-10,Oberneuland,0,0,0,0,0,0,0,0,0,0,0,0,0,0,0
2026-08-10,Obervieland,0,0,0,0,0,0,0,0,0,0,0,0,0,0,0
2026-08-10,Osterholz,0,0,0,0,0,0,0,0,0,0,0,0,0,0,0
2026-08-10,Schwachhausen,1,0,0,0,0,0,1,0,0,0,0,0,0,0,0
2026-08-10,Seehausen,0,0,0,0,0,0,0,0,0,0,0,0,0,0,0
2026-08-10,Strom,0,0,0,0,0,0,0,0,0,0,0,0,0,0,0
2026-08-10,Vahr,0,0,0,0,0,0,0,0,0,0,0,0,0,0,0
2026-08-10,Vegesack,0,0,0,0,0,0,0,0,0,0,0,0,0,0,0
2026-08-10,Walle,0,0,0,0,0,0,0,0,0,0,0,0,0,0,0
2026-08-10,Woltmershausen,0,0,0,0,0,0,0,0,0,0,0,0,0,0,0
2026-08-10,Östliche Vorstadt,0,0,0,0,0,0,0,0,0,0,0,0,0,0,0
2026-08-11,Blockland,0,0,0,0,0,0,0,0,0,0,0,0,0,0,0
2026-08-11,Blumenthal,0,0,0,0,0,0,0,0,0,0,0,0,0,0,0
2026-08-11,Borgfeld,0,0,0,0,0,0,0,0,0,0,0,0,0,0,0
2026-08-11,Burglesum,0,0,0,0,0,0,0,0,0,0,0,0,0,0,0
2026-08-11,Findorff,0,0,0,0,0,0,0,0,0,0,0,0,0,0,0
2026-08-11,Gröpelingen,1,0,0,0,0,0,0,0,0,0,0,1,0,0,0
2026-08-11,Hemelingen,0,0,0,0,0,0,0,0,0,0,0,0,0,0,0
2026-08-11,Horn-Lehe,0,0,0,0,0,0,0,0,0,0,0,0,0,0,0
2026-08-11,Huchting,0,0,0,0,0,0,0,0,0,0,0,0,0,0,0
2026-08-11,Häfen,0,0,0,0,0,0,0,0,0,0,0,0,0,0,0
2026-08-11,Mitte,0,0,0,0,0,0,0,0,0,0,0,0,0,0,0
2026-08-11,Neustadt,1,1,0,0,0,0,0,0,0,0,0,0,0,0,0
2026-08-11,Oberneuland,0,0,0,0,0,0,0,0,0,0,0,0,0,0,0
2026-08-11,Obervieland,0,0,0,0,0,0,0,0,0,0,0,0,0,0,0
2026-08-11,Osterholz,0,0,0,0,0,0,0,0,0,0,0,0,0,0,0
2026-08-11,Schwachhausen,0,0,0,0,0,0,0,0,0,0,0,0,0,0,0
2026-08-11,Seehausen,0,0,0,0,0,0,0,0,0,0,0,0,0,0,0
2026-08-11,Strom,0,0,0,0,0,0,0,0,0,0,0,0,0,0,0
2026-08-11,Vahr,0,0,0,0,0,0,0,0,0,0,0,0,0,0,0
2026-08-11,Vegesack,0,0,0,0,0,0,0,0,0,0,0,0,0,0,0
2026-08-11,Walle,0,0,0,0,0,0,0,0,0,0,0,0,0,0,0
2026-08-11,Woltmershausen,0,0,0,0,0,0,0,0,0,0,0,0,0,0,0
2026-08-11,Östliche Vorstadt,0,0,0,0,0,0,0,0,0,0,0,0,0,0,0
2026-08-12,Blockland,0,0,0,0,0,0,0,0,0,0,0,0,0,0,0
2026-08-12,Blumenthal,0,0,0,0,0,0,0,0,0,0,0,0,0,0,0
2026-08-12,Borgfeld,0,0,0,0,0,0,0,0,0,0,0,0,0,0,0
2026-08-12,Burglesum,0,0,0,0,0,0,0,0,0,0,0,0,0,0,0
2026-08-12,Findorff,0,0,0,0,0,0,0,0,0,0,0,0,0,0,0
2026-08-12,Gröpelingen,0,0,0,0,0,0,0,0,0,0,0,0,0,0,0
2026-08-12,Hemelingen,0,0,0,0,0,0,0,0,0,0,0,0,0,0,0
2026-08-12,Horn-Lehe,0,0,0,0,0,0,0,0,0,0,0,0,0,0,0
2026-08-12,Huchting,0,0,0,0,0,0,0,0,0,0,0,0,0,0,0
2026-08-12,Häfen,0,0,0,0,0,0,0,0,0,0,0,0,0,0,0
2026-08-12,Mitte,0,0,0,0,0,0,0,0,0,0,0,0,0,0,0
2026-08-12,Neustadt,1,0,0,0,0,0,0,0,1,0,0,0,0,0,0
2026-08-12,Oberneuland,0,0,0,0,0,0,0,0,0,0,0,0,0,0,0
2026-08-12,Obervieland,0,0,0,0,0,0,0,0,0,0,0,0,0,0,0
2026-08-12,Osterholz,0,0,0,0,0,0,0,0,0,0,0,0,0,0,0
2026-08-12,Schwachhausen,0,0,0,0,0,0,0,0,0,0,0,0,0,0,0
2026-08-12,Seehausen,0,0,0,0,0,0,0,0,0,0,0,0,0,0,0
2026-08-12,Strom,0,0,0,0,0,0,0,0,0,0,0,0,0,0,0
2026-08-12,Vahr,0,0,0,0,0,0,0,0,0,0,0,0,0,0,0
2026-08-12,Vegesack,0,0,0,0,0,0,0,0,0,0,0,0,0,0,0
2026-08-12,Walle,1,0,0,0,0,0,0,0,0,0,0,1,0,0,0
2026-08-12,Woltmershausen,1,0,0,0,0,0,0,0,0,1,0,0,0,0,0
2026-08-12,Östliche Vorstadt,0,0,0,0,0,0,0,0,0,0,0,0,0,0,0
2026-08-13,Blockland,0,0,0,0,0,0,0,0,0,0,0,0,0,0,0
2026-08-13,Blumenthal,0,0,0,0,0,0,0,0,0,0,0,0,0,0,0
2026-08-13,Borgfeld,0,0,0,0,0,0,0,0,0,0,0,0,0,0,0
2026-08-13,Burglesum,0,0,0,0,0,0,0,0,0,0,0,0,0,0,0
2026-08-13,Findorff,0,0,0,0,0,0,0,0,0,0,0,0,0,0,0
2026-08-13,Gröpelingen,0,0,0,0,0,0,0,0,0,0,0,0,0,0,0
2026-08-13,Hemelingen,0,0,0,0,0,0,0,0,0,0,0,0,0,0,0
2026-08-13,Horn-Lehe,0,0,0,0,0,0,0,0,0,0,0,0,0,0,0
2026-08-13,Huchting,1,0,0,0,0,0,0,0,0,1,0,0,0,0,0
2026-08-13,Häfen,0,0,0,0,0,0,0,0,0,0,0,0,0,0,0
2026-08-13,Mitte,0,0,0,0,0,0,0,0,0,0,0,0,0,0,0
2026-08-13,Neustadt,0,0,0,0,0,0,0,0,0,0,0,0,0,0,0
2026-08-13,Oberneuland,0,0,0,0,0,0,0,0,0,0,0,0,0,0,0
2026-08-13,Obervieland,0,0,0,0,0,0,0,0,0,0,0,0,0,0,0
2026-08-13,Osterholz,0,0,0,0,0,0,0,0,0,0,0,0,0,0,0
2026-08-13,Schwachhausen,0,0,0,0,0,0,0,0,0,0,0,0,0,0,0
2026-08-13,Seehausen,0,0,0,0,0,0,0,0,0,0,0,0,0,0,0
2026-08-13,Strom,0,0,0,0,0,0,0,0,0,0,0,0,0,0,0
2026-08-13,Vahr,0,0,0,0,0,0,0,0,0,0,0,0,0,0,0
2026-08-13,Vegesack,0,0,0,0,0,0,0,0,0,0,0,0,0,0,0
2026-08-13,Walle,0,0,0,0,0,0,0,0,0,0,0,0,0,0,0
2026-08-13,Woltmershausen,0,0,0,0,0,0,0,0,0,0,0,0,0,0,0
2026-08-13,Östliche Vorstadt,0,0,0,0,0,0,0,0,0,0,0,0,0,0,0
2026-08-14,Blockland,0,0,0,0,0,0,0,0,0,0,0,0,0,0,0
2026-08-14,Blumenthal,0,0,0,0,0,0,0,0,0,0,0,0,0,0,0
2026-08-14,Borgfeld,0,0,0,0,0,0,0,0,0,0,0,0,0,0,0
2026-08-14,Burglesum,1,0,0,0,0,0,0,0,1,0,0,0,0,0,0
2026-08-14,Findorff,0,0,0,0,0,0,0,0,0,0,0,0,0,0,0
2026-08-14,Gröpelingen,0,0,0,0,0,0,0,0,0,0,0,0,0,0,0
2026-08-14,Hemelingen,2,0,0,0,0,0,0,0,0,0,0,2,0,0,0
2026-08-14,Horn-Lehe,0,0,0,0,0,0,0,0,0,0,0,0,0,0,0
2026-08-14,Huchting,0,0,0,0,0,0,0,0,0,0,0,0,0,0,0
2026-08-14,Häfen,0,0,0,0,0,0,0,0,0,0,0,0,0,0,0
2026-08-14,Mitte,0,0,0,0,0,0,0,0,0,0,0,0,0,0,0
2026-08-14,Neustadt,0,0,0,0,0,0,0,0,0,0,0,0,0,0,0
2026-08-14,Oberneuland,0,0,0,0,0,0,0,0,0,0,0,0,0,0,0
2026-08-14,Obervieland,0,0,0,0,0,0,0,0,0,0,0,0,0,0,0
2026-08-14,Osterholz,0,0,0,0,0,0,0,0,0,0,0,0,0,0,0
2026-08-14,Schwachhausen,0,0,0,0,0,0,0,0,0,0,0,0,0,0,0
2026-08-14,Seehausen,0,0,0,0,0,0,0,0,0,0,0,0,0,0,0
2026-08-14,Strom,0,0,0,0,0,0,0,0,0,0,0,0,0,0,0
2026-08-14,Vahr,0,0,0,0,0,0,0,0,0,0,0,0,0,0,0
2026-08-14,Vegesack,0,0,0,0,0,0,0,0,0,0,0,0,0,0,0
2026-08-14,Walle,0,0,0,0,0,0,0,0,0,0,0,0,0,0,0
2026-08-14,Woltmershausen,0,0,0,0,0,0,0,0,0,0,0,0,0,0,0
2026-08-14,Östliche Vorstadt,0,0,0,0,0,0,0,0,0,0,0,0,0,0,0
2026-08-15,Blockland,0,0,0,0,0,0,0,0,0,0,0,0,0,0,0
2026-08-15,Blumenthal,0,0,0,0,0,0,0,0,0,0,0,0,0,0,0
2026-08-15,Borgfeld,0,0,0,0,0,0,0,0,0,0,0,0,0,0,0
2026-08-15,Burglesum,0,0,0,0,0,0,0,0,0,0,0,0,0,0,0
2026-08-15,Findorff,0,0,0,0,0,0,0,0,0,0,0,0,0,0,0
2026-08-15,Gröpelingen,0,0,0,0,0,0,0,0,0,0,0,0,0,0,0
2026-08-15,Hemelingen,0,0,0,0,0,0,0,0,0,0,0,0,0,0,0
2026-08-15,Horn-Lehe,0,0,0,0,0,0,0,0,0,0,0,0,0,0,0
2026-08-15,Huchting,0,0,0,0,0,0,0,0,0,0,0,0,0,0,0
2026-08-15,Häfen,0,0,0,0,0,0,0,0,0,0,0,0,0,0,0
2026-08-15,Mitte,0,0,0,0,0,0,0,0,0,0,0,0,0,0,0
2026-08-15,Neustadt,0,0,0,0,0,0,0,0,0,0,0,0,0,0,0
2026-08-15,Oberneuland,0,0,0,0,0,0,0,0,0,0,0,0,0,0,0
2026-08-15,Obervieland,0,0,0,0,0,0,0,0,0,0,0,0,0,0,0
2026-08-15,Osterholz,0,0,0,0,0,0,0,0,0,0,0,0,0,0,0
2026-08-15,Schwachhausen,0,0,0,0,0,0,0,0,0,0,0,0,0,0,0
2026-08-15,Seehausen,0,0,0,0,0,0,0,0,0,0,0,0,0,0,0
2026-08-15,Strom,0,0,0,0,0,0,0,0,0,0,0,0,0,0,0
2026-08-15,Vahr,0,0,0,0,0,0,0,0,0,0,0,0,0,0,0
2026-08-15,Vegesack,0,0,0,0,0,0,0,0,0,0,0,0,0,0,0
2026-08-15,Walle,0,0,0,0,0,0,0,0,0,0,0,0,0,0,0
2026-08-15,Woltmershausen,0,0,0,0,0,0,0,0,0,0,0,0,0,0,0
2026-08-15,Östliche Vorstadt,0,0,0,0,0,0,0,0,0,0,0,0,0,0,0
2026-08-16,Blockland,0,0,0,0,0,0,0,0,0,0,0,0,0,0,0
2026-08-16,Blumenthal,0,0,0,0,0,0,0,0,0,0,0,0,0,0,0
2026-08-16,Borgfeld,0,0,0,0,0,0,0,0,0,0,0,0,0,0,0
2026-08-16,Burglesum,0,0,0,0,0,0,0,0,0,0,0,0,0,0,0
2026-08-16,Findorff,0,0,0,0,0,0,0,0,0,0,0,0,0,0,0
2026-08-16,Gröpelingen,1,0,0,0,0,0,0,0,1,0,0,0,0,0,0
2026-08-16,Hemelingen,0,0,0,0,0,0,0,0,0,0,0,0,0,0,0
2026-08-16,Horn-Lehe,0,0,0,0,0,0,0,0,0,0,0,0,0,0,0
2026-08-16,Huchting,0,0,0,0,0,0,0,0,0,0,0,0,0,0,0
2026-08-16,Häfen,0,0,0,0,0,0,0,0,0,0,0,0,0,0,0
2026-08-16,Mitte,2,0,0,0,0,0,0,0,0,0,0,1,0,1,0
2026-08-16,Neustadt,0,0,0,0,0,0,0,0,0,0,0,0,0,0,0
2026-08-16,Oberneuland,0,0,0,0,0,0,0,0,0,0,0,0,0,0,0
2026-08-16,Obervieland,0,0,0,0,0,0,0,0,0,0,0,0,0,0,0
2026-08-16,Osterholz,0,0,0,0,0,0,0,0,0,0,0,0,0,0,0
2026-08-16,Schwachhausen,0,0,0,0,0,0,0,0,0,0,0,0,0,0,0
2026-08-16,Seehausen,0,0,0,0,0,0,0,0,0,0,0,0,0,0,0
2026-08-16,Strom,0,0,0,0,0,0,0,0,0,0,0,0,0,0,0
2026-08-16,Vahr,0,0,0,0,0,0,0,0,0,0,0,0,0,0,0
2026-08-16,Vegesack,0,0,0,0,0,0,0,0,0,0,0,0,0,0,0
2026-08-16,Walle,0,0,0,0,0,0,0,0,0,0,0,0,0,0,0
2026-08-16,Woltmershausen,0,0,0,0,0,0,0,0,0,0,0,0,0,0,0
2026-08-16,Östliche Vorstadt,0,0,0,0,0,0,0,0,0,0,0,0,0,0,0
2026-08-17,Blockland,0,0,0,0,0,0,0,0,0,0,0,0,0,0,0
2026-08-17,Blumenthal,0,0,0,0,0,0,0,0,0,0,0,0,0,0,0
2026-08-17,Borgfeld,0,0,0,0,0,0,0,0,0,0,0,0,0,0,0
2026-08-17,Burglesum,0,0,0,0,0,0,0,0,0,0,0,0,0,0,0
2026-08-17,Findorff,0,0,0,0,0,0,0,0,0,0,0,0,0,0,0
2026-08-17,Gröpelingen,0,0,0,0,0,0,0,0,0,0,0,0,0,0,0
2026-08-17,Hemelingen,0,0,0,0,0,0,0,0,0,0,0,0,0,0,0
2026-08-17,Horn-Lehe,0,0,0,0,0,0,0,0,0,0,0,0,0,0,0
2026-08-17,Huchting,0,0,0,0,0,0,0,0,0,0,0,0,0,0,0
2026-08-17,Häfen,0,0,0,0,0,0,0,0,0,0,0,0,0,0,0
2026-08-17,Mitte,2,0,1,0,0,0,0,0,1,0,0,0,0,0,0
2026-08-17,Neustadt,0,0,0,0,0,0,0,0,0,0,0,0,0,0,0
2026-08-17,Oberneuland,0,0,0,0,0,0,0,0,0,0,0,0,0,0,0
2026-08-17,Obervieland,0,0,0,0,0,0,0,0,0,0,0,0,0,0,0
2026-08-17,Osterholz,0,0,0,0,0,0,0,0,0,0,0,0,0,0,0
2026-08-17,Schwachhausen,0,0,0,0,0,0,0,0,0,0,0,0,0,0,0
2026-08-17,Seehausen,0,0,0,0,0,0,0,0,0,0,0,0,0,0,0
2026-08-17,Strom,0,0,0,0,0,0,0,0,0,0,0,0,0,0,0
2026-08-17,Vahr,0,0,0,0,0,0,0,0,0,0,0,0,0,0,0
2026-08-17,Vegesack,0,0,0,0,0,0,0,0,0,0,0,0,0,0,0
2026-08-17,Walle,1,0,0,0,0,0,0,0,0,1,0,0,0,0,0
2026-08-17,Woltmershausen,0,0,0,0,0,0,0,0,0,0,0,0,0,0,0
2026-08-17,Östliche Vorstadt,0,0,0,0,0,0,0,0,0,0,0,0,0,0,0
2026-08-18,Blockland,0,0,0,0,0,0,0,0,0,0,0,0,0,0,0
2026-08-18,Blumenthal,0,0,0,0,0,0,0,0,0,0,0,0,0,0,0
2026-08-18,Borgfeld,0,0,0,0,0,0,0,0,0,0,0,0,0,0,0
2026-08-18,Burglesum,0,0,0,0,0,0,0,0,0,0,0,0,0,0,0
2026-08-18,Findorff,0,0,0,0,0,0,0,0,0,0,0,0,0,0,0
2026-08-18,Gröpelingen,0,0,0,0,0,0,0,0,0,0,0,0,0,0,0
2026-08-18,Hemelingen,0,0,0,0,0,0,0,0,0,0,0,0,0,0,0
2026-08-18,Horn-Lehe,0,0,0,0,0,0,0,0,0,0,0,0,0,0,0
2026-08-18,Huchting,0,0,0,0,0,0,0,0,0,0,0,0,0,0,0
2026-08-18,Häfen,0,0,0,0,0,0,0,0,0,0,0,0,0,0,0
2026-08-18,Mitte,1,0,0,0,1,0,0,0,0,0,0,0,0,0,0
2026-08-18,Neustadt,0,0,0,0,0,0,0,0,0,0,0,0,0,0,0
2026-08-18,Oberneuland,0,0,0,0,0,0,0,0,0,0,0,0,0,0,0
2026-08-18,Obervieland,0,0,0,0,0,0,0,0,0,0,0,0,0,0,0
2026-08-18,Osterholz,1,0,0,1,0,0,0,0,0,0,0,0,0,0,0
2026-08-18,Schwachhausen,0,0,0,0,0,0,0,0,0,0,0,0,0,0,0
2026-08-18,Seehausen,0,0,0,0,0,0,0,0,0,0,0,0,0,0,0
2026-08-18,Strom,0,0,0,0,0,0,0,0,0,0,0,0,0,0,0
2026-08-18,Vahr,0,0,0,0,0,0,0,0,0,0,0,0,0,0,0
2026-08-18,Vegesack,0,0,0,0,0,0,0,0,0,0,0,0,0,0,0
2026-08-18,Walle,0,0,0,0,0,0,0,0,0,0,0,0,0,0,0
2026-08-18,Woltmershausen,0,0,0,0,0,0,0,0,0,0,0,0,0,0,0
2026-08-18,Östliche Vorstadt,0,0,0,0,0,0,0,0,0,0,0,0,0,0,0
2026-08-19,Blockland,0,0,0,0,0,0,0,0,0,0,0,0,0,0,0
2026-08-19,Blumenthal,0,0,0,0,0,0,0,0,0,0,0,0,0,0,0
2026-08-19,Borgfeld,0,0,0,0,0,0,0,0,0,0,0,0,0,0,0
2026-08-19,Burglesum,0,0,0,0,0,0,0,0,0,0,0,0,0,0,0
2026-08-19,Findorff,0,0,0,0,0,0,0,0,0,0,0,0,0,0,0
2026-08-19,Gröpelingen,0,0,0,0,0,0,0,0,0,0,0,0,0,0,0
2026-08-19,Hemelingen,0,0,0,0,0,0,0,0,0,0,0,0,0,0,0
2026-08-19,Horn-Lehe,0,0,0,0,0,0,0,0,0,0,0,0,0,0,0
2026-08-19,Huchting,0,0,0,0,0,0,0,0,0,0,0,0,0,0,0
2026-08-19,Häfen,0,0,0,0,0,0,0,0,0,0,0,0,0,0,0
2026-08-19,Mitte,0,0,0,0,0,0,0,0,0,0,0,0,0,0,0
2026-08-19,Neustadt,0,0,0,0,0,0,0,0,0,0,0,0,0,0,0
2026-08-19,Oberneuland,0,0,0,0,0,0,0,0,0,0,0,0,0,0,0
2026-08-19,Obervieland,0,0,0,0,0,0,0,0,0,0,0,0,0,0,0
2026-08-19,Osterholz,0,0,0,0,0,0,0,0,0,0,0,0,0,0,0
2026-08-19,Schwachhausen,0,0,0,0,0,0,0,0,0,0,0,0,0,0,0
2026-08-19,Seehausen,0,0,0,0,0,0,0,0,0,0,0,0,0,0,0
2026-08-19,Strom,0,0,0,0,0,0,0,0,0,0,0,0,0,0,0
2026-08-19,Vahr,0,0,0,0,0,0,0,0,0,0,0,0,0,0,0
2026-08-19,Vegesack,0,0,0,0,0,0,0,0,0,0,0,0,0,0,0
2026-08-19,Walle,0,0,0,0,0,0,0,0,0,0,0,0,0,0,0
2026-08-19,Woltmershausen,0,0,0,0,0,0,0,0,0,0,0,0,0,0,0
2026-08-19,Östliche Vorstadt,1,0,0,0,1,0,0,0,0,0,0,0,0,0,0
2026-08-20,Blockland,0,0,0,0,0,0,0,0,0,0,0,0,0,0,0
2026-08-20,Blumenthal,0,0,0,0,0,0,0,0,0,0,0,0,0,0,0
2026-08-20,Borgfeld,0,0,0,0,0,0,0,0,0,0,0,0,0,0,0
2026-08-20,Burglesum,0,0,0,0,0,0,0,0,0,0,0,0,0,0,0
2026-08-20,Findorff,0,0,0,0,0,0,0,0,0,0,0,0,0,0,0
2026-08-20,Gröpelingen,0,0,0,0,0,0,0,0,0,0,0,0,0,0,0
2026-08-20,Hemelingen,0,0,0,0,0,0,0,0,0,0,0,0,0,0,0
2026-08-20,Horn-Lehe,0,0,0,0,0,0,0,0,0,0,0,0,0,0,0
2026-08-20,Huchting,0,0,0,0,0,0,0,0,0,0,0,0,0,0,0
2026-08-20,Häfen,0,0,0,0,0,0,0,0,0,0,0,0,0,0,0
2026-08-20,Mitte,1,0,0,0,0,0,0,0,0,1,0,0,0,0,0
2026-08-20,Neustadt,1,0,0,0,0,0,0,0,0,1,0,0,0,0,0
2026-08-20,Oberneuland,0,0,0,0,0,0,0,0,0,0,0,0,0,0,0
2026-08-20,Obervieland,0,0,0,0,0,0,0,0,0,0,0,0,0,0,0
2026-08-20,Osterholz,0,0,0,0,0,0,0,0,0,0,0,0,0,0,0
2026-08-20,Schwachhausen,0,0,0,0,0,0,0,0,0,0,0,0,0,0,0
2026-08-20,Seehausen,0,0,0,0,0,0,0,0,0,0,0,0,0,0,0
2026-08-20,Strom,0,0,0,0,0,0,0,0,0,0,0,0,0,0,0
2026-08-20,Vahr,0,0,0,0,0,0,0,0,0,0,0,0,0,0,0
2026-08-20,Vegesack,0,0,0,0,0,0,0,0,0,0,0,0,0,0,0
2026-08-20,Walle,2,1,0,0,0,0,0,1,0,0,0,0,0,0,0
2026-08-20,Woltmershausen,0,0,0,0,0,0,0,0,0,0,0,0,0,0,0
2026-08-20,Östliche Vorstadt,1,0,0,1,0,0,0,0,0,0,0,0,0,0,0
2026-08-21,Blockland,0,0,0,0,0,0,0,0,0,0,0,0,0,0,0
2026-08-21,Blumenthal,0,0,0,0,0,0,0,0,0,0,0,0,0,0,0
2026-08-21,Borgfeld,0,0,0,0,0,0,0,0,0,0,0,0,0,0,0
2026-08-21,Burglesum,0,0,0,0,0,0,0,0,0,0,0,0,0,0,0
2026-08-21,Findorff,0,0,0,0,0,0,0,0,0,0,0,0,0,0,0
2026-08-21,Gröpelingen,0,0,0,0,0,0,0,0,0,0,0,0,0,0,0
2026-08-21,Hemelingen,0,0,0,0,0,0,0,0,0,0,0,0,0,0,0
2026-08-21,Horn-Lehe,0,0,0,0,0,0,0,0,0,0,0,0,0,0,0
2026-08-21,Huchting,0,0,0,0,0,0,0,0,0,0,0,0,0,0,0
2026-08-21,Häfen,0,0,0,0,0,0,0,0,0,0,0,0,0,0,0
2026-08-21,Mitte,0,0,0,0,0,0,0,0,0,0,0,0,0,0,0
2026-08-21,Neustadt,0,0,0,0,0,0,0,0,0,0,0,0,0,0,0
2026-08-21,Oberneuland,0,0,0,0,0,0,0,0,0,0,0,0,0,0,0
2026-08-21,Obervieland,0,0,0,0,0,0,0,0,0,0,0,0,0,0,0
2026-08-21,Osterholz,0,0,0,0,0,0,0,0,0,0,0,0,0,0,0
2026-08-21,Schwachhausen,0,0,0,0,0,0,0,0,0,0,0,0,0,0,0
2026-08-21,Seehausen,0,0,0,0,0,0,0,0,0,0,0,0,0,0,0
2026-08-21,Strom,0,0,0,0,0,0,0,0,0,0,0,0,0,0,0
2026-08-21,Vahr,0,0,0,0,0,0,0,0,0,0,0,0,0,0,0
2026-08-21,Vegesack,0,0,0,0,0,0,0,0,0,0,0,0,0,0,0
2026-08-21,Walle,0,0,0,0,0,0,0,0,0,0,0,0,0,0,0
2026-08-21,Woltmershausen,2,0,0,0,0,0,0,0,0,0,0,1,0,0,1
2026-08-21,Östliche Vorstadt,0,0,0,0,0,0,0,0,0,0,0,0,0,0,0
2026-08-22,Blockland,0,0,0,0,0,0,0,0,0,0,0,0,0,0,0
2026-08-22,Blumenthal,0,0,0,0,0,0,0,0,0,0,0,0,0,0,0
2026-08-22,Borgfeld,0,0,0,0,0,0,0,0,0,0,0,0,0,0,0
2026-08-22,Burglesum,0,0,0,0,0,0,0,0,0,0,0,0,0,0,0
2026-08-22,Findorff,0,0,0,0,0,0,0,0,0,0,0,0,0,0,0
2026-08-22,Gröpelingen,0,0,0,0,0,0,0,0,0,0,0,0,0,0,0
2026-08-22,Hemelingen,0,0,0,0,0,0,0,0,0,0,0,0,0,0,0
2026-08-22,Horn-Lehe,0,0,0,0,0,0,0,0,0,0,0,0,0,0,0
2026-08-22,Huchting,0,0,0,0,0,0,0,0,0,0,0,0,0,0,0
2026-08-22,Häfen,0,0,0,0,0,0,0,0,0,0,0,0,0,0,0
2026-08-22,Mitte,1,0,0,0,0,0,0,0,0,0,0,1,0,0,0
2026-08-22,Neustadt,0,0,0,0,0,0,0,0,0,0,0,0,0,0,0
2026-08-22,Oberneuland,0,0,0,0,0,0,0,0,0,0,0,0,0,0,0
2026-08-22,Obervieland,0,0,0,0,0,0,0,0,0,0,0,0,0,0,0
2026-08-22,Osterholz,0,0,0,0,0,0,0,0,0,0,0,0,0,0,0
2026-08-22,Schwachhausen,0,0,0,0,0,0,0,0,0,0,0,0,0,0,0
2026-08-22,Seehausen,0,0,0,0,0,0,0,0,0,0,0,0,0,0,0
2026-08-22,Strom,0,0,0,0,0,0,0,0,0,0,0,0,0,0,0
2026-08-22,Vahr,0,0,0,0,0,0,0,0,0,0,0,0,0,0,0
2026-08-22,Vegesack,0,0,0,0,0,0,0,0,0,0,0,0,0,0,0
2026-08-22,Walle,0,0,0,0,0,0,0,0,0,0,0,0,0,0,0
2026-08-22,Woltmershausen,0,0,0,0,0,0,0,0,0,0,0,0,0,0,0
2026-08-22,Östliche Vorstadt,0,0,0,0,0,0,0,0,0,0,0,0,0,0,0
2026-08-23,Blockland,0,0,0,0,0,0,0,0,0,0,0,0,0,0,0
2026-08-23,Blumenthal,0,0,0,0,0,0,0,0,0,0,0,0,0,0,0
2026-08-23,Borgfeld,0,0,0,0,0,0,0,0,0,0,0,0,0,0,0
2026-08-23,Burglesum,0,0,0,0,0,0,0,0,0,0,0,0,0,0,0
2026-08-23,Findorff,0,0,0,0,0,0,0,0,0,0,0,0,0,0,0
2026-08-23,Gröpelingen,0,0,0,0,0,0,0,0,0,0,0,0,0,0,0
2026-08-23,Hemelingen,0,0,0,0,0,0,0,0,0,0,0,0,0,0,0
2026-08-23,Horn-Lehe,0,0,0,0,0,0,0,0,0,0,0,0,0,0,0
2026-08-23,Huchting,0,0,0,0,0,0,0,0,0,0,0,0,0,0,0
2026-08-23,Häfen,0,0,0,0,0,0,0,0,0,0,0,0,0,0,0
2026-08-23,Mitte,0,0,0,0,0,0,0,0,0,0,0,0,0,0,0
2026-08-23,Neustadt,0,0,0,0,0,0,0,0,0,0,0,0,0,0,0
2026-08-23,Oberneuland,0,0,0,0,0,0,0,0,0,0,0,0,0,0,0
2026-08-23,Obervieland,0,0,0,0,0,0,0,0,0,0,0,0,0,0,0
2026-08-23,Osterholz,0,0,0,0,0,0,0,0,0,0,0,0,0,0,0
2026-08-23,Schwachhausen,0,0,0,0,0,0,0,0,0,0,0,0,0,0,0
2026-08-23,Seehausen,0,0,0,0,0,0,0,0,0,0,0,0,0,0,0
2026-08-23,Strom,0,0,0,0,0,0,0,0,0,0,0,0,0,0,0
2026-08-23,Vahr,0,0,0,0,0,0,0,0,0,0,0,0,0,0,0
2026-08-23,Vegesack,0,0,0,0,0,0,0,0,0,0,0,0,0,0,0
2026-08-23,Walle,0,0,0,0,0,0,0,0,0,0,0,0,0,0,0
2026-08-23,Woltmershausen,0,0,0,0,0,0,0,0,0,0,0,0,0,0,0
2026-08-23,Östliche Vorstadt,1,0,0,0,1,0,0,0,0,0,0,0,0,0,0
2026-08-24,Blockland,0,0,0,0,0,0,0,0,0,0,0,0,0,0,0
2026-08-24,Blumenthal,0,0,0,0,0,0,0,0,0,0,0,0,0,0,0
2026-08-24,Borgfeld,0,0,0,0,0,0,0,0,0,0,0,0,0,0,0
2026-08-24,Burglesum,0,0,0,0,0,0,0,0,0,0,0,0,0,0,0
2026-08-24,Findorff,1,1,0,0,0,0,0,0,0,0,0,0,0,0,0
2026-08-24,Gröpelingen,0,0,0,0,0,0,0,0,0,0,0,0,0,0,0
2026-08-24,Hemelingen,0,0,0,0,0,0,0,0,0,0,0,0,0,0,0
2026-08-24,Horn-Lehe,0,0,0,0,0,0,0,0,0,0,0,0,0,0,0
2026-08-24,Huchting,0,0,0,0,0,0,0,0,0,0,0,0,0,0,0
2026-08-24,Häfen,0,0,0,0,0,0,0,0,0,0,0,0,0,0,0
2026-08-24,Mitte,0,0,0,0,0,0,0,0,0,0,0,0,0,0,0
2026-08-24,Neustadt,1,0,0,0,1,0,0,0,0,0,0,0,0,0,0
2026-08-24,Oberneuland,0,0,0,0,0,0,0,0,0,0,0,0,0,0,0
2026-08-24,Obervieland,0,0,0,0,0,0,0,0,0,0,0,0,0,0,0
2026-08-24,Osterholz,0,0,0,0,0,0,0,0,0,0,0,0,0,0,0
2026-08-24,Schwachhausen,0,0,0,0,0,0,0,0,0,0,0,0,0,0,0
2026-08-24,Seehausen,0,0,0,0,0,0,0,0,0,0,0,0,0,0,0
2026-08-24,Strom,0,0,0,0,0,0,0,0,0,0,0,0,0,0,0
2026-08-24,Vahr,1,0,0,0,0,0,0,0,1,0,0,0,0,0,0
2026-08-24,Vegesack,0,0,0,0,0,0,0,0,0,0,0,0,0,0,0
2026-08-24,Walle,1,0,0,0,0,1,0,0,0,0,0,0,0,0,0
2026-08-24,Woltmershausen,0,0,0,0,0,0,0,0,0,0,0,0,0,0,0
2026-08-24,Östliche Vorstadt,0,0,0,0,0,0,0,0,0,0,0,0,0,0,0
2026-08-25,Blockland,0,0,0,0,0,0,0,0,0,0,0,0,0,0,0
2026-08-25,Blumenthal,0,0,0,0,0,0,0,0,0,0,0,0,0,0,0
2026-08-25,Borgfeld,0,0,0,0,0,0,0,0,0,0,0,0,0,0,0
2026-08-25,Burglesum,0,0,0,0,0,0,0,0,0,0,0,0,0,0,0
2026-08-25,Findorff,0,0,0,0,0,0,0,0,0,0,0,0,0,0,0
2026-08-25,Gröpelingen,0,0,0,0,0,0,0,0,0,0,0,0,0,0,0
2026-08-25,Hemelingen,0,0,0,0,0,0,0,0,0,0,0,0,0,0,0
2026-08-25,Horn-Lehe,0,0,0,0,0,0,0,0,0,0,0,0,0,0,0
2026-08-25,Huchting,0,0,0,0,0,0,0,0,0,0,0,0,0,0,0
2026-08-25,Häfen,0,0,0,0,0,0,0,0,0,0,0,0,0,0,0
2026-08-25,Mitte,1,0,0,0,0,0,0,0,1,0,0,0,0,0,0
2026-08-25,Neustadt,0,0,0,0,0,0,0,0,0,0,0,0,0,0,0
2026-08-25,Oberneuland,0,0,0,0,0,0,0,0,0,0,0,0,0,0,0
2026-08-25,Obervieland,0,0,0,0,0,0,0,0,0,0,0,0,0,0,0
2026-08-25,Osterholz,0,0,0,0,0,0,0,0,0,0,0,0,0,0,0
2026-08-25,Schwachhausen,0,0,0,0,0,0,0,0,0,0,0,0,0,0,0
2026-08-25,Seehausen,0,0,0,0,0,0,0,0,0,0,0,0,0,0,0
2026-08-25,Strom,0,0,0,0,0,0,0,0,0,0,0,0,0,0,0
2026-08-25,Vahr,0,0,0,0,0,0,0,0,0,0,0,0,0,0,0
2026-08-25,Vegesack,0,0,0,0,0,0,0,0,0,0,0,0,0,0,0
2026-08-25,Walle,0,0,0,0,0,0,0,0,0,0,0,0,0,0,0
2026-08-25,Woltmershausen,0,0,0,0,0,0,0,0,0,0,0,0,0,0,0
2026-08-25,Östliche Vorstadt,0,0,0,0,0,0,0,0,0,0,0,0,0,0,0
2026-08-26,Blockland,0,0,0,0,0,0,0,0,0,0,0,0,0,0,0
2026-08-26,Blumenthal,0,0,0,0,0,0,0,0,0,0,0,0,0,0,0
2026-08-26,Borgfeld,0,0,0,0,0,0,0,0,0,0,0,0,0,0,0
2026-08-26,Burglesum,0,0,0,0,0,0,0,0,0,0,0,0,0,0,0
2026-08-26,Findorff,0,0,0,0,0,0,0,0,0,0,0,0,0,0,0
2026-08-26,Gröpelingen,1,0,0,0,0,0,0,0,0,0,0,0,0,0,1
2026-08-26,Hemelingen,0,0,0,0,0,0,0,0,0,0,0,0,0,0,0
2026-08-26,Horn-Lehe,0,0,0,0,0,0,0,0,0,0,0,0,0,0,0
2026-08-26,Huchting,1,0,0,0,0,0,0,0,0,1,0,0,0,0,0
2026-08-26,Häfen,0,0,0,0,0,0,0,0,0,0,0,0,0,0,0
2026-08-26,Mitte,1,0,0,1,0,0,0,0,0,0,0,0,0,0,0
2026-08-26,Neustadt,0,0,0,0,0,0,0,0,0,0,0,0,0,0,0
2026-08-26,Oberneuland,0,0,0,0,0,0,0,0,0,0,0,0,0,0,0
2026-08-26,Obervieland,0,0,0,0,0,0,0,0,0,0,0,0,0,0,0
2026-08-26,Osterholz,0,0,0,0,0,0,0,0,0,0,0,0,0,0,0
2026-08-26,Schwachhausen,0,0,0,0,0,0,0,0,0,0,0,0,0,0,0
2026-08-26,Seehausen,0,0,0,0,0,0,0,0,0,0,0,0,0,0,0
2026-08-26,Strom,0,0,0,0,0,0,0,0,0,0,0,0,0,0,0
2026-08-26,Vahr,0,0,0,0,0,0,0,0,0,0,0,0,0,0,0
2026-08-26,Vegesack,0,0,0,0,0,0,0,0,0,0,0,0,0,0,0
2026-08-26,Walle,0,0,0,0,0,0,0,0,0,0,0,0,0,0,0
2026-08-26,Woltmershausen,0,0,0,0,0,0,0,0,0,0,0,0,0,0,0
2026-08-26,Östliche Vorstadt,1,0,0,0,0,0,0,0,0,0,0,0,1,0,0
2026-08-27,Blockland,0,0,0,0,0,0,0,0,0,0,0,0,0,0,0
2026-08-27,Blumenthal,0,0,0,0,0,0,0,0,0,0,0,0,0,0,0
2026-08-27,Borgfeld,0,0,0,0,0,0,0,0,0,0,0,0,0,0,0
2026-08-27,Burglesum,0,0,0,0,0,0,0,0,0,0,0,0,0,0,0
2026-08-27,Findorff,0,0,0,0,0,0,0,0,0,0,0,0,0,0,0
2026-08-27,Gröpelingen,0,0,0,0,0,0,0,0,0,0,0,0,0,0,0
2026-08-27,Hemelingen,0,0,0,0,0,0,0,0,0,0,0,0,0,0,0
2026-08-27,Horn-Lehe,0,0,0,0,0,0,0,0,0,0,0,0,0,0,0
2026-08-27,Huchting,0,0,0,0,0,0,0,0,0,0,0,0,0,0,0
2026-08-27,Häfen,0,0,0,0,0,0,0,0,0,0,0,0,0,0,0
2026-08-27,Mitte,1,0,0,0,0,0,1,0,0,0,0,0,0,0,0
2026-08-27,Neustadt,0,0,0,0,0,0,0,0,0,0,0,0,0,0,0
2026-08-27,Oberneuland,0,0,0,0,0,0,0,0,0,0,0,0,0,0,0
2026-08-27,Obervieland,0,0,0,0,0,0,0,0,0,0,0,0,0,0,0
2026-08-27,Osterholz,0,0,0,0,0,0,0,0,0,0,0,0,0,0,0
2026-08-27,Schwachhausen,0,0,0,0,0,0,0,0,0,0,0,0,0,0,0
2026-08-27,Seehausen,0,0,0,0,0,0,0,0,0,0,0,0,0,0,0
2026-08-27,Strom,0,0,0,0,0,0,0,0,0,0,0,0,0,0,0
2026-08-27,Vahr,0,0,0,0,0,0,0,0,0,0,0,0,0,0,0
2026-08-27,Vegesack,0,0,0,0,0,0,0,0,0,0,0,0,0,0,0
2026-08-27,Walle,1,0,0,0,0,0,0,0,0,1,0,0,0,0,0
2026-08-27,Woltmershausen,0,0,0,0,0,0,0,0,0,0,0,0,0,0,0
2026-08-27,Östliche Vorstadt,0,0,0,0,0,0,0,0,0,0,0,0,0,0,0
2026-08-28,Blockland,0,0,0,0,0,0,0,0,0,0,0,0,0,0,0
2026-08-28,Blumenthal,0,0,0,0,0,0,0,0,0,0,0,0,0,0,0
2026-08-28,Borgfeld,0,0,0,0,0,0,0,0,0,0,0,0,0,0,0
2026-08-28,Burglesum,0,0,0,0,0,0,0,0,0,0,0,0,0,0,0
2026-08-28,Findorff,0,0,0,0,0,0,0,0,0,0,0,0,0,0,0
2026-08-28,Gröpelingen,0,0,0,0,0,0,0,0,0,0,0,0,0,0,0
2026-08-28,Hemelingen,0,0,0,0,0,0,0,0,0,0,0,0,0,0,0
2026-08-28,Horn-Lehe,0,0,0,0,0,0,0,0,0,0,0,0,0,0,0
2026-08-28,Huchting,0,0,0,0,0,0,0,0,0,0,0,0,0,0,0
2026-08-28,Häfen,0,0,0,0,0,0,0,0,0,0,0,0,0,0,0
2026-08-28,Mitte,3,0,0,0,0,0,0,2,0,0,0,0,0,0,1
2026-08-28,Neustadt,0,0,0,0,0,0,0,0,0,0,0,0,0,0,0
2026-08-28,Oberneuland,0,0,0,0,0,0,0,0,0,0,0,0,0,0,0
2026-08-28,Obervieland,0,0,0,0,0,0,0,0,0,0,0,0,0,0,0
2026-08-28,Osterholz,0,0,0,0,0,0,0,0,0,0,0,0,0,0,0
2026-08-28,Schwachhausen,0,0,0,0,0,0,0,0,0,0,0,0,0,0,0
2026-08-28,Seehausen,0,0,0,0,0,0,0,0,0,0,0,0,0,0,0
2026-08-28,Strom,0,0,0,0,0,0,0,0,0,0,0,0,0,0,0
2026-08-28,Vahr,0,0,0,0,0,0,0,0,0,0,0,0,0,0,0
2026-08-28,Vegesack,0,0,0,0,0,0,0,0,0,0,0,0,0,0,0
2026-08-28,Walle,0,0,0,0,0,0,0,0,0,0,0,0,0,0,0
2026-08-28,Woltmershausen,0,0,0,0,0,0,0,0,0,0,0,0,0,0,0
2026-08-28,Östliche Vorstadt,1,0,0,0,0,0,0,1,0,0,0,0,0,0,0
2026-08-29,Blockland,0,0,0,0,0,0,0,0,0,0,0,0,0,0,0
2026-08-29,Blumenthal,0,0,0,0,0,0,0,0,0,0,0,0,0,0,0
2026-08-29,Borgfeld,0,0,0,0,0,0,0,0,0,0,0,0,0,0,0
2026-08-29,Burglesum,0,0,0,0,0,0,0,0,0,0,0,0,0,0,0
2026-08-29,Findorff,0,0,0,0,0,0,0,0,0,0,0,0,0,0,0
2026-08-29,Gröpelingen,0,0,0,0,0,0,0,0,0,0,0,0,0,0,0
2026-08-29,Hemelingen,0,0,0,0,0,0,0,0,0,0,0,0,0,0,0
2026-08-29,Horn-Lehe,0,0,0,0,0,0,0,0,0,0,0,0,0,0,0
2026-08-29,Huchting,0,0,0,0,0,0,0,0,0,0,0,0,0,0,0
2026-08-29,Häfen,0,0,0,0,0,0,0,0,0,0,0,0,0,0,0
2026-08-29,Mitte,0,0,0,0,0,0,0,0,0,0,0,0,0,0,0
2026-08-29,Neustadt,0,0,0,0,0,0,0,0,0,0,0,0,0,0,0
2026-08-29,Oberneuland,0,0,0,0,0,0,0,0,0,0,0,0,0,0,0
2026-08-29,Obervieland,0,0,0,0,0,0,0,0,0,0,0,0,0,0,0
2026-08-29,Osterholz,0,0,0,0,0,0,0,0,0,0,0,0,0,0,0
2026-08-29,Schwachhausen,1,0,0,0,0,0,0,0,0,0,0,0,0,0,1
2026-08-29,Seehausen,0,0,0,0,0,0,0,0,0,0,0,0,0,0,0
2026-08-29,Strom,0,0,0,0,0,0,0,0,0,0,0,0,0,0,0
2026-08-29,Vahr,0,0,0,0,0,0,0,0,0,0,0,0,0,0,0
2026-08-29,Vegesack,0,0,0,0,0,0,0,0,0,0,0,0,0,0,0
2026-08-29,Walle,0,0,0,0,0,0,0,0,0,0,0,0,0,0,0
2026-08-29,Woltmershausen,0,0,0,0,0,0,0,0,0,0,0,0,0,0,0
2026-08-29,Östliche Vorstadt,0,0,0,0,0,0,0,0,0,0,0,0,0,0,0
2026-08-30,Blockland,0,0,0,0,0,0,0,0,0,0,0,0,0,0,0
2026-08-30,Blumenthal,0,0,0,0,0,0,0,0,0,0,0,0,0,0,0
2026-08-30,Borgfeld,0,0,0,0,0,0,0,0,0,0,0,0,0,0,0
2026-08-30,Burglesum,0,0,0,0,0,0,0,0,0,0,0,0,0,0,0
2026-08-30,Findorff,0,0,0,0,0,0,0,0,0,0,0,0,0,0,0
2026-08-30,Gröpelingen,0,0,0,0,0,0,0,0,0,0,0,0,0,0,0
2026-08-30,Hemelingen,0,0,0,0,0,0,0,0,0,0,0,0,0,0,0
2026-08-30,Horn-Lehe,0,0,0,0,0,0,0,0,0,0,0,0,0,0,0
2026-08-30,Huchting,0,0,0,0,0,0,0,0,0,0,0,0,0,0,0
2026-08-30,Häfen,0,0,0,0,0,0,0,0,0,0,0,0,0,0,0
2026-08-30,Mitte,0,0,0,0,0,0,0,0,0,0,0,0,0,0,0
2026-08-30,Neustadt,1,0,0,0,0,0,0,0,0,0,0,0,0,0,1
2026-08-30,Oberneuland,0,0,0,0,0,0,0,0,0,0,0,0,0,0,0
2026-08-30,Obervieland,0,0,0,0,0,0,0,0,0,0,0,0,0,0,0
2026-08-30,Osterholz,0,0,0,0,0,0,0,0,0,0,0,0,0,0,0
2026-08-30,Schwachhausen,0,0,0,0,0,0,0,0,0,0,0,0,0,0,0
2026-08-30,Seehausen,0,0,0,0,0,0,0,0,0,0,0,0,0,0,0
2026-08-30,Strom,0,0,0,0,0,0,0,0,0,0,0,0,0,0,0
2026-08-30,Vahr,0,0,0,0,0,0,0,0,0,0,0,0,0,0,0
2026-08-30,Vegesack,0,0,0,0,0,0,0,0,0,0,0,0,0,0,0
2026-08-30,Walle,0,0,0,0,0,0,0,0,0,0,0,0,0,0,0
2026-08-30,Woltmershausen,0,0,0,0,0,0,0,0,0,0,0,0,0,0,0
2026-08-30,Östliche Vorstadt,0,0,0,0,0,0,0,0,0,0,0,0,0,0,0
2026-08-31,Blockland,0,0,0,0,0,0,0,0,0,0,0,0,0,0,0
2026-08-31,Blumenthal,0,0,0,0,0,0,0,0,0,0,0,0,0,0,0
2026-08-31,Borgfeld,0,0,0,0,0,0,0,0,0,0,0,0,0,0,0
2026-08-31,Burglesum,0,0,0,0,0,0,0,0,0,0,0,0,0,0,0
2026-08-31,Findorff,0,0,0,0,0,0,0,0,0,0,0,0,0,0,0
2026-08-31,Gröpelingen,0,0,0,0,0,0,0,0,0,0,0,0,0,0,0
2026-08-31,Hemelingen,0,0,0,0,0,0,0,0,0,0,0,0,0,0,0
2026-08-31,Horn-Lehe,1,0,0,0,0,0,0,0,0,1,0,0,0,0,0
2026-08-31,Huchting,0,0,0,0,0,0,0,0,0,0,0,0,0,0,0
2026-08-31,Häfen,0,0,0,0,0,0,0,0,0,0,0,0,0,0,0
2026-08-31,Mitte,0,0,0,0,0,0,0,0,0,0,0,0,0,0,0
2026-08-31,Neustadt,0,0,0,0,0,0,0,0,0,0,0,0,0,0,0
2026-08-31,Oberneuland,0,0,0,0,0,0,0,0,0,0,0,0,0,0,0
2026-08-31,Obervieland,0,0,0,0,0,0,0,0,0,0,0,0,0,0,0
2026-08-31,Osterholz,0,0,0,0,0,0,0,0,0,0,0,0,0,0,0
2026-08-31,Schwachhausen,0,0,0,0,0,0,0,0,0,0,0,0,0,0,0
2026-08-31,Seehausen,0,0,0,0,0,0,0,0,0,0,0,0,0,0,0
2026-08-31,Strom,0,0,0,0,0,0,0,0,0,0,0,0,0,0,0
2026-08-31,Vahr,0,0,0,0,0,0,0,0,0,0,0,0,0,0,0
2026-08-31,Vegesack,0,0,0,0,0,0,0,0,0,0,0,0,0,0,0
2026-08-31,Walle,1,0,1,0,0,0,0,0,0,0,0,0,0,0,0
2026-08-31,Woltmershausen,0,0,0,0,0,0,0,0,0,0,0,0,0,0,0
2026-08-31,Östliche Vorstadt,1,0,0,0,1,0,0,0,0,0,0,0,0,0,0
2026-09-01,Blockland,0,0,0,0,0,0,0,0,0,0,0,0,0,0,0
2026-09-01,Blumenthal,0,0,0,0,0,0,0,0,0,0,0,0,0,0,0
2026-09-01,Borgfeld,0,0,0,0,0,0,0,0,0,0,0,0,0,0,0
2026-09-01,Burglesum,0,0,0,0,0,0,0,0,0,0,0,0,0,0,0
2026-09-01,Findorff,0,0,0,0,0,0,0,0,0,0,0,0,0,0,0
2026-09-01,Gröpelingen,0,0,0,0,0,0,0,0,0,0,0,0,0,0,0
2026-09-01,Hemelingen,0,0,0,0,0,0,0,0,0,0,0,0,0,0,0
2026-09-01,Horn-Lehe,1,0,0,0,0,0,0,0,0,1,0,0,0,0,0
2026-09-01,Huchting,0,0,0,0,0,0,0,0,0,0,0,0,0,0,0
2026-09-01,Häfen,0,0,0,0,0,0,0,0,0,0,0,0,0,0,0
2026-09-01,Mitte,0,0,0,0,0,0,0,0,0,0,0,0,0,0,0
2026-09-01,Neustadt,1,1,0,0,0,0,0,0,0,0,0,0,0,0,0
2026-09-01,Oberneuland,0,0,0,0,0,0,0,0,0,0,0,0,0,0,0
2026-09-01,Obervieland,0,0,0,0,0,0,0,0,0,0,0,0,0,0,0
2026-09-01,Osterholz,0,0,0,0,0,0,0,0,0,0,0,0,0,0,0
2026-09-01,Schwachhausen,0,0,0,0,0,0,0,0,0,0,0,0,0,0,0
2026-09-01,Seehausen,0,0,0,0,0,0,0,0,0,0,0,0,0,0,0
2026-09-01,Strom,0,0,0,0,0,0,0,0,0,0,0,0,0,0,0
2026-09-01,Vahr,0,0,0,0,0,0,0,0,0,0,0,0,0,0,0
2026-09-01,Vegesack,0,0,0,0,0,0,0,0,0,0,0,0,0,0,0
2026-09-01,Walle,0,0,0,0,0,0,0,0,0,0,0,0,0,0,0
2026-09-01,Woltmershausen,0,0,0,0,0,0,0,0,0,0,0,0,0,0,0
2026-09-01,Östliche Vorstadt,0,0,0,0,0,0,0,0,0,0,0,0,0,0,0
2026-09-02,Blockland,0,0,0,0,0,0,0,0,0,0,0,0,0,0,0
2026-09-02,Blumenthal,0,0,0,0,0,0,0,0,0,0,0,0,0,0,0
2026-09-02,Borgfeld,0,0,0,0,0,0,0,0,0,0,0,0,0,0,0
2026-09-02,Burglesum,0,0,0,0,0,0,0,0,0,0,0,0,0,0,0
2026-09-02,Findorff,0,0,0,0,0,0,0,0,0,0,0,0,0,0,0
2026-09-02,Gröpelingen,0,0,0,0,0,0,0,0,0,0,0,0,0,0,0
2026-09-02,Hemelingen,0,0,0,0,0,0,0,0,0,0,0,0,0,0,0
2026-09-02,Horn-Lehe,0,0,0,0,0,0,0,0,0,0,0,0,0,0,0
2026-09-02,Huchting,0,0,0,0,0,0,0,0,0,0,0,0,0,0,0
2026-09-02,Häfen,0,0,0,0,0,0,0,0,0,0,0,0,0,0,0
2026-09-02,Mitte,1,0,0,0,1,0,0,0,0,0,0,0,0,0,0
2026-09-02,Neustadt,0,0,0,0,0,0,0,0,0,0,0,0,0,0,0
2026-09-02,Oberneuland,0,0,0,0,0,0,0,0,0,0,0,0,0,0,0
2026-09-02,Obervieland,0,0,0,0,0,0,0,0,0,0,0,0,0,0,0
2026-09-02,Osterholz,0,0,0,0,0,0,0,0,0,0,0,0,0,0,0
2026-09-02,Schwachhausen,0,0,0,0,0,0,0,0,0,0,0,0,0,0,0
2026-09-02,Seehausen,0,0,0,0,0,0,0,0,0,0,0,0,0,0,0
2026-09-02,Strom,0,0,0,0,0,0,0,0,0,0,0,0,0,0,0
2026-09-02,Vahr,0,0,0,0,0,0,0,0,0,0,0,0,0,0,0
2026-09-02,Vegesack,0,0,0,0,0,0,0,0,0,0,0,0,0,0,0
2026-09-02,Walle,0,0,0,0,0,0,0,0,0,0,0,0,0,0,0
2026-09-02,Woltmershausen,0,0,0,0,0,0,0,0,0,0,0,0,0,0,0
2026-09-02,Östliche Vorstadt,0,0,0,0,0,0,0,0,0,0,0,0,0,0,0
2026-09-03,Blockland,0,0,0,0,0,0,0,0,0,0,0,0,0,0,0
2026-09-03,Blumenthal,0,0,0,0,0,0,0,0,0,0,0,0,0,0,0
2026-09-03,Borgfeld,0,0,0,0,0,0,0,0,0,0,0,0,0,0,0
2026-09-03,Burglesum,0,0,0,0,0,0,0,0,0,0,0,0,0,0,0
2026-09-03,Findorff,0,0,0,0,0,0,0,0,0,0,0,0,0,0,0
2026-09-03,Gröpelingen,0,0,0,0,0,0,0,0,0,0,0,0,0,0,0
2026-09-03,Hemelingen,0,0,0,0,0,0,0,0,0,0,0,0,0,0,0
2026-09-03,Horn-Lehe,0,0,0,0,0,0,0,0,0,0,0,0,0,0,0
2026-09-03,Huchting,1,0,0,0,0,0,0,0,0,0,0,0,0,1,0
2026-09-03,Häfen,0,0,0,0,0,0,0,0,0,0,0,0,0,0,0
2026-09-03,Mitte,1,0,0,0,1,0,0,0,0,0,0,0,0,0,0
2026-09-03,Neustadt,1,0,0,1,0,0,0,0,0,0,0,0,0,0,0
2026-09-03,Oberneuland,0,0,0,0,0,0,0,0,0,0,0,0,0,0,0
2026-09-03,Obervieland,0,0,0,0,0,0,0,0,0,0,0,0,0,0,0
2026-09-03,Osterholz,0,0,0,0,0,0,0,0,0,0,0,0,0,0,0
2026-09-03,Schwachhausen,0,0,0,0,0,0,0,0,0,0,0,0,0,0,0
2026-09-03,Seehausen,0,0,0,0,0,0,0,0,0,0,0,0,0,0,0
2026-09-03,Strom,0,0,0,0,0,0,0,0,0,0,0,0,0,0,0
2026-09-03,Vahr,0,0,0,0,0,0,0,0,0,0,0,0,0,0,0
2026-09-03,Vegesack,0,0,0,0,0,0,0,0,0,0,0,0,0,0,0
2026-09-03,Walle,0,0,0,0,0,0,0,0,0,0,0,0,0,0,0
2026-09-03,Woltmershausen,0,0,0,0,0,0,0,0,0,0,0,0,0,0,0
2026-09-03,Östliche Vorstadt,0,0,0,0,0,0,0,0,0,0,0,0,0,0,0
2026-09-04,Blockland,0,0,0,0,0,0,0,0,0,0,0,0,0,0,0
2026-09-04,Blumenthal,0,0,0,0,0,0,0,0,0,0,0,0,0,0,0
2026-09-04,Borgfeld,0,0,0,0,0,0,0,0,0,0,0,0,0,0,0
2026-09-04,Burglesum,1,0,0,0,0,0,0,0,1,0,0,0,0,0,0
2026-09-04,Findorff,0,0,0,0,0,0,0,0,0,0,0,0,0,0,0
2026-09-04,Gröpelingen,0,0,0,0,0,0,0,0,0,0,0,0,0,0,0
2026-09-04,Hemelingen,0,0,0,0,0,0,0,0,0,0,0,0,0,0,0
2026-09-04,Horn-Lehe,0,0,0,0,0,0,0,0,0,0,0,0,0,0,0
2026-09-04,Huchting,0,0,0,0,0,0,0,0,0,0,0,0,0,0,0
2026-09-04,Häfen,0,0,0,0,0,0,0,0,0,0,0,0,0,0,0
2026-09-04,Mitte,1,0,1,0,0,0,0,0,0,0,0,0,0,0,0
2026-09-04,Neustadt,0,0,0,0,0,0,0,0,0,0,0,0,0,0,0
2026-09-04,Oberneuland,0,0,0,0,0,0,0,0,0,0,0,0,0,0,0
2026-09-04,Obervieland,0,0,0,0,0,0,0,0,0,0,0,0,0,0,0
2026-09-04,Osterholz,0,0,0,0,0,0,0,0,0,0,0,0,0,0,0
2026-09-04,Schwachhausen,0,0,0,0,0,0,0,0,0,0,0,0,0,0,0
2026-09-04,Seehausen,0,0,0,0,0,0,0,0,0,0,0,0,0,0,0
2026-09-04,Strom,0,0,0,0,0,0,0,0,0,0,0,0,0,0,0
2026-09-04,Vahr,0,0,0,0,0,0,0,0,0,0,0,0,0,0,0
2026-09-04,Vegesack,0,0,0,0,0,0,0,0,0,0,0,0,0,0,0
2026-09-04,Walle,0,0,0,0,0,0,0,0,0,0,0,0,0,0,0
2026-09-04,Woltmershausen,0,0,0,0,0,0,0,0,0,0,0,0,0,0,0
2026-09-04,Östliche Vorstadt,0,0,0,0,0,0,0,0,0,0,0,0,0,0,0
2026-09-05,Blockland,0,0,0,0,0,0,0,0,0,0,0,0,0,0,0
2026-09-05,Blumenthal,0,0,0,0,0,0,0,0,0,0,0,0,0,0,0
2026-09-05,Borgfeld,0,0,0,0,0,0,0,0,0,0,0,0,0,0,0
2026-09-05,Burglesum,0,0,0,0,0,0,0,0,0,0,0,0,0,0,0
2026-09-05,Findorff,0,0,0,0,0,0,0,0,0,0,0,0,0,0,0
2026-09-05,Gröpelingen,0,0,0,0,0,0,0,0,0,0,0,0,0,0,0
2026-09-05,Hemelingen,0,0,0,0,0,0,0,0,0,0,0,0,0,0,0
2026-09-05,Horn-Lehe,0,0,0,0,0,0,0,0,0,0,0,0,0,0,0
2026-09-05,Huchting,0,0,0,0,0,0,0,0,0,0,0,0,0,0,0
2026-09-05,Häfen,0,0,0,0,0,0,0,0,0,0,0,0,0,0,0
2026-09-05,Mitte,1,0,0,0,0,0,0,0,1,0,0,0,0,0,0
2026-09-05,Neustadt,0,0,0,0,0,0,0,0,0,0,0,0,0,0,0
2026-09-05,Oberneuland,0,0,0,0,0,0,0,0,0,0,0,0,0,0,0
2026-09-05,Obervieland,0,0,0,0,0,0,0,0,0,0,0,0,0,0,0
2026-09-05,Osterholz,0,0,0,0,0,0,0,0,0,0,0,0,0,0,0
2026-09-05,Schwachhausen,0,0,0,0,0,0,0,0,0,0,0,0,0,0,0
2026-09-05,Seehausen,0,0,0,0,0,0,0,0,0,0,0,0,0,0,0
2026-09-05,Strom,0,0,0,0,0,0,0,0,0,0,0,0,0,0,0
2026-09-05,Vahr,0,0,0,0,0,0,0,0,0,0,0,0,0,0,0
2026-09-05,Vegesack,0,0,0,0,0,0,0,0,0,0,0,0,0,0,0
2026-09-05,Walle,0,0,0,0,0,0,0,0,0,0,0,0,0,0,0
2026-09-05,Woltmershausen,0,0,0,0,0,0,0,0,0,0,0,0,0,0,0
2026-09-05,Östliche Vorstadt,1,0,0,0,0,0,0,0,0,1,0,0,0,0,0
2026-09-06,Blockland,0,0,0,0,0,0,0,0,0,0,0,0,0,0,0
2026-09-06,Blumenthal,0,0,0,0,0,0,0,0,0,0,0,0,0,0,0
2026-09-06,Borgfeld,0,0,0,0,0,0,0,0,0,0,0,0,0,0,0
2026-09-06,Burglesum,0,0,0,0,0,0,0,0,0,0,0,0,0,0,0
2026-09-06,Findorff,0,0,0,0,0,0,0,0,0,0,0,0,0,0,0
2026-09-06,Gröpelingen,0,0,0,0,0,0,0,0,0,0,0,0,0,0,0
2026-09-06,Hemelingen,0,0,0,0,0,0,0,0,0,0,0,0,0,0,0
2026-09-06,Horn-Lehe,0,0,0,0,0,0,0,0,0,0,0,0,0,0,0
2026-09-06,Huchting,0,0,0,0,0,0,0,0,0,0,0,0,0,0,0
2026-09-06,Häfen,0,0,0,0,0,0,0,0,0,0,0,0,0,0,0
2026-09-06,Mitte,2,0,0,0,0,0,0,0,1,0,0,0,0,1,0
2026-09-06,Neustadt,0,0,0,0,0,0,0,0,0,0,0,0,0,0,0
2026-09-06,Oberneuland,0,0,0,0,0,0,0,0,0,0,0,0,0,0,0
2026-09-06,Obervieland,0,0,0,0,0,0,0,0,0,0,0,0,0,0,0
2026-09-06,Osterholz,0,0,0,0,0,0,0,0,0,0,0,0,0,0,0
2026-09-06,Schwachhausen,0,0,0,0,0,0,0,0,0,0,0,0,0,0,0
2026-09-06,Seehausen,0,0,0,0,0,0,0,0,0,0,0,0,0,0,0
2026-09-06,Strom,0,0,0,0,0,0,0,0,0,0,0,0,0,0,0
2026-09-06,Vahr,0,0,0,0,0,0,0,0,0,0,0,0,0,0,0
2026-09-06,Vegesack,0,0,0,0,0,0,0,0,0,0,0,0,0,0,0
2026-09-06,Walle,1,0,0,0,0,0,0,1,0,0,0,0,0,0,0
2026-09-06,Woltmershausen,0,0,0,0,0,0,0,0,0,0,0,0,0,0,0
2026-09-06,Östliche Vorstadt,0,0,0,0,0,0,0,0,0,0,0,0,0,0,0
2026-09-07,Blockland,1,0,0,0,0,0,0,0,0,0,0,1,0,0,0
2026-09-07,Blumenthal,0,0,0,0,0,0,0,0,0,0,0,0,0,0,0
2026-09-07,Borgfeld,0,0,0,0,0,0,0,0,0,0,0,0,0,0,0
2026-09-07,Burglesum,0,0,0,0,0,0,0,0,0,0,0,0,0,0,0
2026-09-07,Findorff,0,0,0,0,0,0,0,0,0,0,0,0,0,0,0
2026-09-07,Gröpelingen,0,0,0,0,0,0,0,0,0,0,0,0,0,0,0
2026-09-07,Hemelingen,0,0,0,0,0,0,0,0,0,0,0,0,0,0,0
2026-09-07,Horn-Lehe,0,0,0,0,0,0,0,0,0,0,0,0,0,0,0
2026-09-07,Huchting,0,0,0,0,0,0,0,0,0,0,0,0,0,0,0
2026-09-07,Häfen,0,0,0,0,0,0,0,0,0,0,0,0,0,0,0
2026-09-07,Mitte,1,0,0,0,0,1,0,0,0,0,0,0,0,0,0
2026-09-07,Neustadt,1,0,1,0,0,0,0,0,0,0,0,0,0,0,0
2026-09-07,Oberneuland,0,0,0,0,0,0,0,0,0,0,0,0,0,0,0
2026-09-07,Obervieland,0,0,0,0,0,0,0,0,0,0,0,0,0,0,0
2026-09-07,Osterholz,0,0,0,0,0,0,0,0,0,0,0,0,0,0,0
2026-09-07,Schwachhausen,0,0,0,0,0,0,0,0,0,0,0,0,0,0,0
2026-09-07,Seehausen,0,0,0,0,0,0,0,0,0,0,0,0,0,0,0
2026-09-07,Strom,0,0,0,0,0,0,0,0,0,0,0,0,0,0,0
2026-09-07,Vahr,0,0,0,0,0,0,0,0,0,0,0,0,0,0,0
2026-09-07,Vegesack,0,0,0,0,0,0,0,0,0,0,0,0,0,0,0
2026-09-07,Walle,0,0,0,0,0,0,0,0,0,0,0,0,0,0,0
2026-09-07,Woltmershausen,0,0,0,0,0,0,0,0,0,0,0,0,0,0,0
2026-09-07,Östliche Vorstadt,1,0,0,0,0,0,0,0,1,0,0,0,0,0,0
2026-09-08,Blockland,0,0,0,0,0,0,0,0,0,0,0,0,0,0,0
2026-09-08,Blumenthal,0,0,0,0,0,0,0,0,0,0,0,0,0,0,0
2026-09-08,Borgfeld,0,0,0,0,0,0,0,0,0,0,0,0,0,0,0
2026-09-08,Burglesum,0,0,0,0,0,0,0,0,0,0,0,0,0,0,0
2026-09-08,Findorff,1,0,0,0,0,0,0,0,1,0,0,0,0,0,0
2026-09-08,Gröpelingen,0,0,0,0,0,0,0,0,0,0,0,0,0,0,0
2026-09-08,Hemelingen,0,0,0,0,0,0,0,0,0,0,0,0,0,0,0
2026-09-08,Horn-Lehe,0,0,0,0,0,0,0,0,0,0,0,0,0,0,0
2026-09-08,Huchting,0,0,0,0,0,0,0,0,0,0,0,0,0,0,0
2026-09-08,Häfen,0,0,0,0,0,0,0,0,0,0,0,0,0,0,0
2026-09-08,Mitte,1,0,0,0,0,0,0,0,0,0,0,0,1,0,0
2026-09-08,Neustadt,1,0,0,0,0,0,0,0,0,0,0,1,0,0,0
2026-09-08,Oberneuland,0,0,0,0,0,0,0,0,0,0,0,0,0,0,0
2026-09-08,Obervieland,0,0,0,0,0,0,0,0,0,0,0,0,0,0,0
2026-09-08,Osterholz,0,0,0,0,0,0,0,0,0,0,0,0,0,0,0
2026-09-08,Schwachhausen,0,0,0,0,0,0,0,0,0,0,0,0,0,0,0
2026-09-08,Seehausen,0,0,0,0,0,0,0,0,0,0,0,0,0,0,0
2026-09-08,Strom,0,0,0,0,0,0,0,0,0,0,0,0,0,0,0
2026-09-08,Vahr,0,0,0,0,0,0,0,0,0,0,0,0,0,0,0
2026-09-08,Vegesack,0,0,0,0,0,0,0,0,0,0,0,0,0,0,0
2026-09-08,Walle,1,0,0,0,0,0,0,0,0,0,0,0,0,1,0
2026-09-08,Woltmershausen,0,0,0,0,0,0,0,0,0,0,0,0,0,0,0
2026-09-08,Östliche Vorstadt,0,0,0,0,0,0,0,0,0,0,0,0,0,0,0
2026-09-09,Blockland,0,0,0,0,0,0,0,0,0,0,0,0,0,0,0
2026-09-09,Blumenthal,0,0,0,0,0,0,0,0,0,0,0,0,0,0,0
2026-09-09,Borgfeld,0,0,0,0,0,0,0,0,0,0,0,0,0,0,0
2026-09-09,Burglesum,0,0,0,0,0,0,0,0,0,0,0,0,0,0,0
2026-09-09,Findorff,0,0,0,0,0,0,0,0,0,0,0,0,0,0,0
2026-09-09,Gröpelingen,0,0,0,0,0,0,0,0,0,0,0,0,0,0,0
2026-09-09,Hemelingen,0,0,0,0,0,0,0,0,0,0,0,0,0,0,0
2026-09-09,Horn-Lehe,0,0,0,0,0,0,0,0,0,0,0,0,0,0,0
2026-09-09,Huchting,0,0,0,0,0,0,0,0,0,0,0,0,0,0,0
2026-09-09,Häfen,0,0,0,0,0,0,0,0,0,0,0,0,0,0,0
2026-09-09,Mitte,1,0,0,0,1,0,0,0,0,0,0,0,0,0,0
2026-09-09,Neustadt,0,0,0,0,0,0,0,0,0,0,0,0,0,0,0
2026-09-09,Oberneuland,0,0,0,0,0,0,0,0,0,0,0,0,0,0,0
2026-09-09,Obervieland,1,0,0,0,0,0,0,0,0,0,0,1,0,0,0
2026-09-09,Osterholz,0,0,0,0,0,0,0,0,0,0,0,0,0,0,0
2026-09-09,Schwachhausen,1,0,0,0,0,0,0,0,0,0,0,0,0,0,1
2026-09-09,Seehausen,0,0,0,0,0,0,0,0,0,0,0,0,0,0,0
2026-09-09,Strom,0,0,0,0,0,0,0,0,0,0,0,0,0,0,0
2026-09-09,Vahr,0,0,0,0,0,0,0,0,0,0,0,0,0,0,0
2026-09-09,Vegesack,0,0,0,0,0,0,0,0,0,0,0,0,0,0,0
2026-09-09,Walle,0,0,0,0,0,0,0,0,0,0,0,0,0,0,0
2026-09-09,Woltmershausen,0,0,0,0,0,0,0,0,0,0,0,0,0,0,0
2026-09-09,Östliche Vorstadt,0,0,0,0,0,0,0,0,0,0,0,0,0,0,0
2026-09-10,Blockland,0,0,0,0,0,0,0,0,0,0,0,0,0,0,0
2026-09-10,Blumenthal,0,0,0,0,0,0,0,0,0,0,0,0,0,0,0
2026-09-10,Borgfeld,0,0,0,0,0,0,0,0,0,0,0,0,0,0,0
2026-09-10,Burglesum,0,0,0,0,0,0,0,0,0,0,0,0,0,0,0
2026-09-10,Findorff,0,0,0,0,0,0,0,0,0,0,0,0,0,0,0
2026-09-10,Gröpelingen,0,0,0,0,0,0,0,0,0,0,0,0,0,0,0
2026-09-10,Hemelingen,0,0,0,0,0,0,0,0,0,0,0,0,0,0,0
2026-09-10,Horn-Lehe,0,0,0,0,0,0,0,0,0,0,0,0,0,0,0
2026-09-10,Huchting,0,0,0,0,0,0,0,0,0,0,0,0,0,0,0
2026-09-10,Häfen,0,0,0,0,0,0,0,0,0,0,0,0,0,0,0
2026-09-10,Mitte,1,0,1,0,0,0,0,0,0,0,0,0,0,0,0
2026-09-10,Neustadt,0,0,0,0,0,0,0,0,0,0,0,0,0,0,0
2026-09-10,Oberneuland,0,0,0,0,0,0,0,0,0,0,0,0,0,0,0
2026-09-10,Obervieland,1,0,0,0,0,0,0,0,0,0,0,1,0,0,0
2026-09-10,Osterholz,0,0,0,0,0,0,0,0,0,0,0,0,0,0,0
2026-09-10,Schwachhausen,0,0,0,0,0,0,0,0,0,0,0,0,0,0,0
2026-09-10,Seehausen,0,0,0,0,0,0,0,0,0,0,0,0,0,0,0
2026-09-10,Strom,0,0,0,0,0,0,0,0,0,0,0,0,0,0,0
2026-09-10,Vahr,0,0,0,0,0,0,0,0,0,0,0,0,0,0,0
2026-09-10,Vegesack,0,0,0,0,0,0,0,0,0,0,0,0,0,0,0
2026-09-10,Walle,0,0,0,0,0,0,0,0,0,0,0,0,0,0,0
2026-09-10,Woltmershausen,0,0,0,0,0,0,0,0,0,0,0,0,0,0,0
2026-09-10,Östliche Vorstadt,0,0,0,0,0,0,0,0,0,0,0,0,0,0,0
2026-09-11,Blockland,0,0,0,0,0,0,0,0,0,0,0,0,0,0,0
2026-09-11,Blumenthal,0,0,0,0,0,0,0,0,0,0,0,0,0,0,0
2026-09-11,Borgfeld,0,0,0,0,0,0,0,0,0,0,0,0,0,0,0
2026-09-11,Burglesum,0,0,0,0,0,0,0,0,0,0,0,0,0,0,0
2026-09-11,Findorff,0,0,0,0,0,0,0,0,0,0,0,0,0,0,0
2026-09-11,Gröpelingen,0,0,0,0,0,0,0,0,0,0,0,0,0,0,0
2026-09-11,Hemelingen,0,0,0,0,0,0,0,0,0,0,0,0,0,0,0
2026-09-11,Horn-Lehe,0,0,0,0,0,0,0,0,0,0,0,0,0,0,0
2026-09-11,Huchting,0,0,0,0,0,0,0,0,0,0,0,0,0,0,0
2026-09-11,Häfen,0,0,0,0,0,0,0,0,0,0,0,0,0,0,0
2026-09-11,Mitte,0,0,0,0,0,0,0,0,0,0,0,0,0,0,0
2026-09-11,Neustadt,0,0,0,0,0,0,0,0,0,0,0,0,0,0,0
2026-09-11,Oberneuland,0,0,0,0,0,0,0,0,0,0,0,0,0,0,0
2026-09-11,Obervieland,0,0,0,0,0,0,0,0,0,0,0,0,0,0,0
2026-09-11,Osterholz,0,0,0,0,0,0,0,0,0,0,0,0,0,0,0
2026-09-11,Schwachhausen,0,0,0,0,0,0,0,0,0,0,0,0,0,0,0
2026-09-11,Seehausen,0,0,0,0,0,0,0,0,0,0,0,0,0,0,0
2026-09-11,Strom,0,0,0,0,0,0,0,0,0,0,0,0,0,0,0
2026-09-11,Vahr,0,0,0,0,0,0,0,0,0,0,0,0,0,0,0
2026-09-11,Vegesack,0,0,0,0,0,0,0,0,0,0,0,0,0,0,0
2026-09-11,Walle,0,0,0,0,0,0,0,0,0,0,0,0,0,0,0
2026-09-11,Woltmershausen,0,0,0,0,0,0,0,0,0,0,0,0,0,0,0
2026-09-11,Östliche Vorstadt,0,0,0,0,0,0,0,0,0,0,0,0,0,0,0
2026-09-12,Blockland,0,0,0,0,0,0,0,0,0,0,0,0,0,0,0
2026-09-12,Blumenthal,0,0,0,0,0,0,0,0,0,0,0,0,0,0,0
2026-09-12,Borgfeld,0,0,0,0,0,0,0,0,0,0,0,0,0,0,0
2026-09-12,Burglesum,0,0,0,0,0,0,0,0,0,0,0,0,0,0,0
2026-09-12,Findorff,0,0,0,0,0,0,0,0,0,0,0,0,0,0,0
2026-09-12,Gröpelingen,0,0,0,0,0,0,0,0,0,0,0,0,0,0,0
2026-09-12,Hemelingen,0,0,0,0,0,0,0,0,0,0,0,0,0,0,0
2026-09-12,Horn-Lehe,0,0,0,0,0,0,0,0,0,0,0,0,0,0,0
2026-09-12,Huchting,0,0,0,0,0,0,0,0,0,0,0,0,0,0,0
2026-09-12,Häfen,1,0,0,0,0,0,0,0,0,0,0,1,0,0,0
2026-09-12,Mitte,2,0,0,1,0,0,1,0,0,0,0,0,0,0,0
2026-09-12,Neustadt,0,0,0,0,0,0,0,0,0,0,0,0,0,0,0
2026-09-12,Oberneuland,0,0,0,0,0,0,0,0,0,0,0,0,0,0,0
2026-09-12,Obervieland,0,0,0,0,0,0,0,0,0,0,0,0,0,0,0
2026-09-12,Osterholz,0,0,0,0,0,0,0,0,0,0,0,0,0,0,0
2026-09-12,Schwachhausen,0,0,0,0,0,0,0,0,0,0,0,0,0,0,0
2026-09-12,Seehausen,0,0,0,0,0,0,0,0,0,0,0,0,0,0,0
2026-09-12,Strom,0,0,0,0,0,0,0,0,0,0,0,0,0,0,0
2026-09-12,Vahr,0,0,0,0,0,0,0,0,0,0,0,0,0,0,0
2026-09-12,Vegesack,0,0,0,0,0,0,0,0,0,0,0,0,0,0,0
2026-09-12,Walle,0,0,0,0,0,0,0,0,0,0,0,0,0,0,0
2026-09-12,Woltmershausen,0,0,0,0,0,0,0,0,0,0,0,0,0,0,0
2026-09-12,Östliche Vorstadt,1,0,0,0,0,0,0,0,0,0,0,0,0,0,1
2026-09-13,Blockland,0,0,0,0,0,0,0,0,0,0,0,0,0,0,0
2026-09-13,Blumenthal,0,0,0,0,0,0,0,0,0,0,0,0,0,0,0
2026-09-13,Borgfeld,0,0,0,0,0,0,0,0,0,0,0,0,0,0,0
2026-09-13,Burglesum,0,0,0,0,0,0,0,0,0,0,0,0,0,0,0
2026-09-13,Findorff,0,0,0,0,0,0,0,0,0,0,0,0,0,0,0
2026-09-13,Gröpelingen,0,0,0,0,0,0,0,0,0,0,0,0,0,0,0
2026-09-13,Hemelingen,1,0,0,0,0,0,0,0,0,1,0,0,0,0,0
2026-09-13,Horn-Lehe,0,0,0,0,0,0,0,0,0,0,0,0,0,0,0
2026-09-13,Huchting,0,0,0,0,0,0,0,0,0,0,0,0,0,0,0
2026-09-13,Häfen,0,0,0,0,0,0,0,0,0,0,0,0,0,0,0
2026-09-13,Mitte,0,0,0,0,0,0,0,0,0,0,0,0,0,0,0
2026-09-13,Neustadt,0,0,0,0,0,0,0,0,0,0,0,0,0,0,0
2026-09-13,Oberneuland,0,0,0,0,0,0,0,0,0,0,0,0,0,0,0
2026-09-13,Obervieland,0,0,0,0,0,0,0,0,0,0,0,0,0,0,0
2026-09-13,Osterholz,0,0,0,0,0,0,0,0,0,0,0,0,0,0,0
2026-09-13,Schwachhausen,0,0,0,0,0,0,0,0,0,0,0,0,0,0,0
2026-09-13,Seehausen,0,0,0,0,0,0,0,0,0,0,0,0,0,0,0
2026-09-13,Strom,0,0,0,0,0,0,0,0,0,0,0,0,0,0,0
2026-09-13,Vahr,0,0,0,0,0,0,0,0,0,0,0,0,0,0,0
2026-09-13,Vegesack,0,0,0,0,0,0,0,0,0,0,0,0,0,0,0
2026-09-13,Walle,0,0,0,0,0,0,0,0,0,0,0,0,0,0,0
2026-09-13,Woltmershausen,0,0,0,0,0,0,0,0,0,0,0,0,0,0,0
2026-09-13,Östliche Vorstadt,1,0,0,0,0,1,0,0,0,0,0,0,0,0,0
2026-09-14,Blockland,0,0,0,0,0,0,0,0,0,0,0,0,0,0,0
2026-09-14,Blumenthal,0,0,0,0,0,0,0,0,0,0,0,0,0,0,0
2026-09-14,Borgfeld,0,0,0,0,0,0,0,0,0,0,0,0,0,0,0
2026-09-14,Burglesum,0,0,0,0,0,0,0,0,0,0,0,0,0,0,0
2026-09-14,Findorff,0,0,0,0,0,0,0,0,0,0,0,0,0,0,0
2026-09-14,Gröpelingen,0,0,0,0,0,0,0,0,0,0,0,0,0,0,0
2026-09-14,Hemelingen,0,0,0,0,0,0,0,0,0,0,0,0,0,0,0
2026-09-14,Horn-Lehe,0,0,0,0,0,0,0,0,0,0,0,0,0,0,0
2026-09-14,Huchting,0,0,0,0,0,0,0,0,0,0,0,0,0,0,0
2026-09-14,Häfen,0,0,0,0,0,0,0,0,0,0,0,0,0,0,0
2026-09-14,Mitte,0,0,0,0,0,0,0,0,0,0,0,0,0,0,0
2026-09-14,Neustadt,0,0,0,0,0,0,0,0,0,0,0,0,0,0,0
2026-09-14,Oberneuland,1,0,0,0,0,0,0,1,0,0,0,0,0,0,0
2026-09-14,Obervieland,0,0,0,0,0,0,0,0,0,0,0,0,0,0,0
2026-09-14,Osterholz,0,0,0,0,0,0,0,0,0,0,0,0,0,0,0
2026-09-14,Schwachhausen,0,0,0,0,0,0,0,0,0,0,0,0,0,0,0
2026-09-14,Seehausen,0,0,0,0,0,0,0,0,0,0,0,0,0,0,0
2026-09-14,Strom,0,0,0,0,0,0,0,0,0,0,0,0,0,0,0
2026-09-14,Vahr,0,0,0,0,0,0,0,0,0,0,0,0,0,0,0
2026-09-14,Vegesack,0,0,0,0,0,0,0,0,0,0,0,0,0,0,0
2026-09-14,Walle,0,0,0,0,0,0,0,0,0,0,0,0,0,0,0
2026-09-14,Woltmershausen,0,0,0,0,0,0,0,0,0,0,0,0,0,0,0
2026-09-14,Östliche Vorstadt,0,0,0,0,0,0,0,0,0,0,0,0,0,0,0
2026-09-15,Blockland,0,0,0,0,0,0,0,0,0,0,0,0,0,0,0
2026-09-15,Blumenthal,0,0,0,0,0,0,0,0,0,0,0,0,0,0,0
2026-09-15,Borgfeld,0,0,0,0,0,0,0,0,0,0,0,0,0,0,0
2026-09-15,Burglesum,0,0,0,0,0,0,0,0,0,0,0,0,0,0,0
2026-09-15,Findorff,0,0,0,0,0,0,0,0,0,0,0,0,0,0,0
2026-09-15,Gröpelingen,0,0,0,0,0,0,0,0,0,0,0,0,0,0,0
2026-09-15,Hemelingen,0,0,0,0,0,0,0,0,0,0,0,0,0,0,0
2026-09-15,Horn-Lehe,0,0,0,0,0,0,0,0,0,0,0,0,0,0,0
2026-09-15,Huchting,0,0,0,0,0,0,0,0,0,0,0,0,0,0,0
2026-09-15,Häfen,0,0,0,0,0,0,0,0,0,0,0,0,0,0,0
2026-09-15,Mitte,0,0,0,0,0,0,0,0,0,0,0,0,0,0,0
2026-09-15,Neustadt,0,0,0,0,0,0,0,0,0,0,0,0,0,0,0
2026-09-15,Oberneuland,0,0,0,0,0,0,0,0,0,0,0,0,0,0,0
2026-09-15,Obervieland,0,0,0,0,0,0,0,0,0,0,0,0,0,0,0
2026-09-15,Osterholz,0,0,0,0,0,0,0,0,0,0,0,0,0,0,0
2026-09-15,Schwachhausen,1,0,0,1,0,0,0,0,0,0,0,0,0,0,0
2026-09-15,Seehausen,0,0,0,0,0,0,0,0,0,0,0,0,0,0,0
2026-09-15,Strom,0,0,0,0,0,0,0,0,0,0,0,0,0,0,0
2026-09-15,Vahr,0,0,0,0,0,0,0,0,0,0,0,0,0,0,0
2026-09-15,Vegesack,0,0,0,0,0,0,0,0,0,0,0,0,0,0,0
2026-09-15,Walle,0,0,0,0,0,0,0,0,0,0,0,0,0,0,0
2026-09-15,Woltmershausen,0,0,0,0,0,0,0,0,0,0,0,0,0,0,0
2026-09-15,Östliche Vorstadt,0,0,0,0,0,0,0,0,0,0,0,0,0,0,0
2026-09-16,Blockland,0,0,0,0,0,0,0,0,0,0,0,0,0,0,0
2026-09-16,Blumenthal,0,0,0,0,0,0,0,0,0,0,0,0,0,0,0
2026-09-16,Borgfeld,0,0,0,0,0,0,0,0,0,0,0,0,0,0,0
2026-09-16,Burglesum,0,0,0,0,0,0,0,0,0,0,0,0,0,0,0
2026-09-16,Findorff,0,0,0,0,0,0,0,0,0,0,0,0,0,0,0
2026-09-16,Gröpelingen,0,0,0,0,0,0,0,0,0,0,0,0,0,0,0
2026-09-16,Hemelingen,0,0,0,0,0,0,0,0,0,0,0,0,0,0,0
2026-09-16,Horn-Lehe,0,0,0,0,0,0,0,0,0,0,0,0,0,0,0
2026-09-16,Huchting,0,0,0,0,0,0,0,0,0,0,0,0,0,0,0
2026-09-16,Häfen,0,0,0,0,0,0,0,0,0,0,0,0,0,0,0
2026-09-16,Mitte,0,0,0,0,0,0,0,0,0,0,0,0,0,0,0
2026-09-16,Neustadt,0,0,0,0,0,0,0,0,0,0,0,0,0,0,0
2026-09-16,Oberneuland,0,0,0,0,0,0,0,0,0,0,0,0,0,0,0
2026-09-16,Obervieland,0,0,0,0,0,0,0,0,0,0,0,0,0,0,0
2026-09-16,Osterholz,0,0,0,0,0,0,0,0,0,0,0,0,0,0,0
2026-09-16,Schwachhausen,0,0,0,0,0,0,0,0,0,0,0,0,0,0,0
2026-09-16,Seehausen,0,0,0,0,0,0,0,0,0,0,0,0,0,0,0
2026-09-16,Strom,0,0,0,0,0,0,0,0,0,0,0,0,0,0,0
2026-09-16,Vahr,0,0,0,0,0,0,0,0,0,0,0,0,0,0,0
2026-09-16,Vegesack,0,0,0,0,0,0,0,0,0,0,0,0,0,0,0
2026-09-16,Walle,0,0,0,0,0,0,0,0,0,0,0,0,0,0,0
2026-09-16,Woltmershausen,0,0,0,0,0,0,0,0,0,0,0,0,0,0,0
2026-09-16,Östliche Vorstadt,0,0,0,0,0,0,0,0,0,0,0,0,0,0,0
2026-09-17,Blockland,0,0,0,0,0,0,0,0,0,0,0,0,0,0,0
2026-09-17,Blumenthal,0,0,0,0,0,0,0,0,0,0,0,0,0,0,0
2026-09-17,Borgfeld,0,0,0,0,0,0,0,0,0,0,0,0,0,0,0
2026-09-17,Burglesum,0,0,0,0,0,0,0,0,0,0,0,0,0,0,0
2026-09-17,Findorff,0,0,0,0,0,0,0,0,0,0,0,0,0,0,0
2026-09-17,Gröpelingen,0,0,0,0,0,0,0,0,0,0,0,0,0,0,0
2026-09-17,Hemelingen,0,0,0,0,0,0,0,0,0,0,0,0,0,0,0
2026-09-17,Horn-Lehe,0,0,0,0,0,0,0,0,0,0,0,0,0,0,0
2026-09-17,Huchting,1,0,0,0,0,0,0,0,0,0,0,1,0,0,0
2026-09-17,Häfen,0,0,0,0,0,0,0,0,0,0,0,0,0,0,0
2026-09-17,Mitte,1,0,0,0,0,0,0,0,0,0,0,0,1,0,0
2026-09-17,Neustadt,0,0,0,0,0,0,0,0,0,0,0,0,0,0,0
2026-09-17,Oberneuland,0,0,0,0,0,0,0,0,0,0,0,0,0,0,0
2026-09-17,Obervieland,0,0,0,0,0,0,0,0,0,0,0,0,0,0,0
2026-09-17,Osterholz,0,0,0,0,0,0,0,0,0,0,0,0,0,0,0
2026-09-17,Schwachhausen,0,0,0,0,0,0,0,0,0,0,0,0,0,0,0
2026-09-17,Seehausen,0,0,0,0,0,0,0,0,0,0,0,0,0,0,0
2026-09-17,Strom,0,0,0,0,0,0,0,0,0,0,0,0,0,0,0
2026-09-17,Vahr,0,0,0,0,0,0,0,0,0,0,0,0,0,0,0
2026-09-17,Vegesack,0,0,0,0,0,0,0,0,0,0,0,0,0,0,0
2026-09-17,Walle,0,0,0,0,0,0,0,0,0,0,0,0,0,0,0
2026-09-17,Woltmershausen,0,0,0,0,0,0,0,0,0,0,0,0,0,0,0
2026-09-17,Östliche Vorstadt,0,0,0,0,0,0,0,0,0,0,0,0,0,0,0
2026-09-18,Blockland,0,0,0,0,0,0,0,0,0,0,0,0,0,0,0
2026-09-18,Blumenthal,0,0,0,0,0,0,0,0,0,0,0,0,0,0,0
2026-09-18,Borgfeld,0,0,0,0,0,0,0,0,0,0,0,0,0,0,0
2026-09-18,Burglesum,0,0,0,0,0,0,0,0,0,0,0,0,0,0,0
2026-09-18,Findorff,0,0,0,0,0,0,0,0,0,0,0,0,0,0,0
2026-09-18,Gröpelingen,0,0,0,0,0,0,0,0,0,0,0,0,0,0,0
2026-09-18,Hemelingen,0,0,0,0,0,0,0,0,0,0,0,0,0,0,0
2026-09-18,Horn-Lehe,0,0,0,0,0,0,0,0,0,0,0,0,0,0,0
2026-09-18,Huchting,0,0,0,0,0,0,0,0,0,0,0,0,0,0,0
2026-09-18,Häfen,0,0,0,0,0,0,0,0,0,0,0,0,0,0,0
2026-09-18,Mitte,0,0,0,0,0,0,0,0,0,0,0,0,0,0,0
2026-09-18,Neustadt,1,0,0,0,0,0,0,0,0,0,0,1,0,0,0
2026-09-18,Oberneuland,0,0,0,0,0,0,0,0,0,0,0,0,0,0,0
2026-09-18,Obervieland,0,0,0,0,0,0,0,0,0,0,0,0,0,0,0
2026-09-18,Osterholz,0,0,0,0,0,0,0,0,0,0,0,0,0,0,0
2026-09-18,Schwachhausen,0,0,0,0,0,0,0,0,0,0,0,0,0,0,0
2026-09-18,Seehausen,0,0,0,0,0,0,0,0,0,0,0,0,0,0,0
2026-09-18,Strom,0,0,0,0,0,0,0,0,0,0,0,0,0,0,0
2026-09-18,Vahr,0,0,0,0,0,0,0,0,0,0,0,0,0,0,0
2026-09-18,Vegesack,0,0,0,0,0,0,0,0,0,0,0,0,0,0,0
2026-09-18,Walle,1,0,0,0,0,0,0,1,0,0,0,0,0,0,0
2026-09-18,Woltmershausen,0,0,0,0,0,0,0,0,0,0,0,0,0,0,0
2026-09-18,Östliche Vorstadt,0,0,0,0,0,0,0,0,0,0,0,0,0,0,0
2026-09-19,Blockland,0,0,0,0,0,0,0,0,0,0,0,0,0,0,0
2026-09-19,Blumenthal,0,0,0,0,0,0,0,0,0,0,0,0,0,0,0
2026-09-19,Borgfeld,0,0,0,0,0,0,0,0,0,0,0,0,0,0,0
2026-09-19,Burglesum,0,0,0,0,0,0,0,0,0,0,0,0,0,0,0
2026-09-19,Findorff,0,0,0,0,0,0,0,0,0,0,0,0,0,0,0
2026-09-19,Gröpelingen,0,0,0,0,0,0,0,0,0,0,0,0,0,0,0
2026-09-19,Hemelingen,0,0,0,0,0,0,0,0,0,0,0,0,0,0,0
2026-09-19,Horn-Lehe,0,0,0,0,0,0,0,0,0,0,0,0,0,0,0
2026-09-19,Huchting,0,0,0,0,0,0,0,0,0,0,0,0,0,0,0
2026-09-19,Häfen,0,0,0,0,0,0,0,0,0,0,0,0,0,0,0
2026-09-19,Mitte,0,0,0,0,0,0,0,0,0,0,0,0,0,0,0
2026-09-19,Neustadt,0,0,0,0,0,0,0,0,0,0,0,0,0,0,0
2026-09-19,Oberneuland,0,0,0,0,0,0,0,0,0,0,0,0,0,0,0
2026-09-19,Obervieland,0,0,0,0,0,0,0,0,0,0,0,0,0,0,0
2026-09-19,Osterholz,0,0,0,0,0,0,0,0,0,0,0,0,0,0,0
2026-09-19,Schwachhausen,0,0,0,0,0,0,0,0,0,0,0,0,0,0,0
2026-09-19,Seehausen,0,0,0,0,0,0,0,0,0,0,0,0,0,0,0
2026-09-19,Strom,0,0,0,0,0,0,0,0,0,0,0,0,0,0,0
2026-09-19,Vahr,0,0,0,0,0,0,0,0,0,0,0,0,0,0,0
2026-09-19,Vegesack,0,0,0,0,0,0,0,0,0,0,0,0,0,0,0
2026-09-19,Walle,0,0,0,0,0,0,0,0,0,0,0,0,0,0,0
2026-09-19,Woltmershausen,0,0,0,0,0,0,0,0,0,0,0,0,0,0,0
2026-09-19,Östliche Vorstadt,0,0,0,0,0,0,0,0,0,0,0,0,0,0,0
2026-09-20,Blockland,0,0,0,0,0,0,0,0,0,0,0,0,0,0,0
2026-09-20,Blumenthal,0,0,0,0,0,0,0,0,0,0,0,0,0,0,0
2026-09-20,Borgfeld,0,0,0,0,0,0,0,0,0,0,0,0,0,0,0
2026-09-20,Burglesum,0,0,0,0,0,0,0,0,0,0,0,0,0,0,0
2026-09-20,Findorff,0,0,0,0,0,0,0,0,0,0,0,0,0,0,0
2026-09-20,Gröpelingen,0,0,0,0,0,0,0,0,0,0,0,0,0,0,0
2026-09-20,Hemelingen,0,0,0,0,0,0,0,0,0,0,0,0,0,0,0
2026-09-20,Horn-Lehe,0,0,0,0,0,0,0,0,0,0,0,0,0,0,0
2026-09-20,Huchting,0,0,0,0,0,0,0,0,0,0,0,0,0,0,0
2026-09-20,Häfen,0,0,0,0,0,0,0,0,0,0,0,0,0,0,0
2026-09-20,Mitte,0,0,0,0,0,0,0,0,0,0,0,0,0,0,0
2026-09-20,Neustadt,0,0,0,0,0,0,0,0,0,0,0,0,0,0,0
2026-09-20,Oberneuland,0,0,0,0,0,0,0,0,0,0,0,0,0,0,0
2026-09-20,Obervieland,0,0,0,0,0,0,0,0,0,0,0,0,0,0,0
2026-09-20,Osterholz,0,0,0,0,0,0,0,0,0,0,0,0,0,0,0
2026-09-20,Schwachhausen,0,0,0,0,0,0,0,0,0,0,0,0,0,0,0
2026-09-20,Seehausen,0,0,0,0,0,0,0,0,0,0,0,0,0,0,0
2026-09-20,Strom,0,0,0,0,0,0,0,0,0,0,0,0,0,0,0
2026-09-20,Vahr,0,0,0,0,0,0,0,0,0,0,0,0,0,0,0
2026-09-20,Vegesack,0,0,0,0,0,0,0,0,0,0,0,0,0,0,0
2026-09-20,Walle,0,0,0,0,0,0,0,0,0,0,0,0,0,0,0
2026-09-20,Woltmershausen,0,0,0,0,0,0,0,0,0,0,0,0,0,0,0
2026-09-20,Östliche Vorstadt,0,0,0,0,0,0,0,0,0,0,0,0,0,0,0
2026-09-21,Blockland,0,0,0,0,0,0,0,0,0,0,0,0,0,0,0
2026-09-21,Blumenthal,0,0,0,0,0,0,0,0,0,0,0,0,0,0,0
2026-09-21,Borgfeld,0,0,0,0,0,0,0,0,0,0,0,0,0,0,0
2026-09-21,Burglesum,0,0,0,0,0,0,0,0,0,0,0,0,0,0,0
2026-09-21,Findorff,0,0,0,0,0,0,0,0,0,0,0,0,0,0,0
2026-09-21,Gröpelingen,0,0,0,0,0,0,0,0,0,0,0,0,0,0,0
2026-09-21,Hemelingen,0,0,0,0,0,0,0,0,0,0,0,0,0,0,0
2026-09-21,Horn-Lehe,0,0,0,0,0,0,0,0,0,0,0,0,0,0,0
2026-09-21,Huchting,0,0,0,0,0,0,0,0,0,0,0,0,0,0,0
2026-09-21,Häfen,0,0,0,0,0,0,0,0,0,0,0,0,0,0,0
2026-09-21,Mitte,0,0,0,0,0,0,0,0,0,0,0,0,0,0,0
2026-09-21,Neustadt,0,0,0,0,0,0,0,0,0,0,0,0,0,0,0
2026-09-21,Oberneuland,0,0,0,0,0,0,0,0,0,0,0,0,0,0,0
2026-09-21,Obervieland,0,0,0,0,0,0,0,0,0,0,0,0,0,0,0
2026-09-21,Osterholz,1,0,0,0,0,0,0,0,0,0,0,0,0,1,0
2026-09-21,Schwachhausen,0,0,0,0,0,0,0,0,0,0,0,0,0,0,0
2026-09-21,Seehausen,0,0,0,0,0,0,0,0,0,0,0,0,0,0,0
2026-09-21,Strom,0,0,0,0,0,0,0,0,0,0,0,0,0,0,0
2026-09-21,Vahr,0,0,0,0,0,0,0,0,0,0,0,0,0,0,0
2026-09-21,Vegesack,0,0,0,0,0,0,0,0,0,0,0,0,0,0,0
2026-09-21,Walle,0,0,0,0,0,0,0,0,0,0,0,0,0,0,0
2026-09-21,Woltmershausen,0,0,0,0,0,0,0,0,0,0,0,0,0,0,0
2026-09-21,Östliche Vorstadt,0,0,0,0,0,0,0,0,0,0,0,0,0,0,0
2026-09-22,Blockland,0,0,0,0,0,0,0,0,0,0,0,0,0,0,0
2026-09-22,Blumenthal,0,0,0,0,0,0,0,0,0,0,0,0,0,0,0
2026-09-22,Borgfeld,0,0,0,0,0,0,0,0,0,0,0,0,0,0,0
2026-09-22,Burglesum,0,0,0,0,0,0,0,0,0,0,0,0,0,0,0
2026-09-22,Findorff,0,0,0,0,0,0,0,0,0,0,0,0,0,0,0
2026-09-22,Gröpelingen,0,0,0,0,0,0,0,0,0,0,0,0,0,0,0
2026-09-22,Hemelingen,0,0,0,0,0,0,0,0,0,0,0,0,0,0,0
2026-09-22,Horn-Lehe,0,0,0,0,0,0,0,0,0,0,0,0,0,0,0
2026-09-22,Huchting,1,0,0,0,0,0,0,1,0,0,0,0,0,0,0
2026-09-22,Häfen,0,0,0,0,0,0,0,0,0,0,0,0,0,0,0
2026-09-22,Mitte,1,0,0,0,0,0,0,0,0,1,0,0,0,0,0
2026-09-22,Neustadt,0,0,0,0,0,0,0,0,0,0,0,0,0,0,0
2026-09-22,Oberneuland,0,0,0,0,0,0,0,0,0,0,0,0,0,0,0
2026-09-22,Obervieland,0,0,0,0,0,0,0,0,0,0,0,0,0,0,0
2026-09-22,Osterholz,0,0,0,0,0,0,0,0,0,0,0,0,0,0,0
2026-09-22,Schwachhausen,0,0,0,0,0,0,0,0,0,0,0,0,0,0,0
2026-09-22,Seehausen,0,0,0,0,0,0,0,0,0,0,0,0,0,0,0
2026-09-22,Strom,0,0,0,0,0,0,0,0,0,0,0,0,0,0,0
2026-09-22,Vahr,0,0,0,0,0,0,0,0,0,0,0,0,0,0,0
2026-09-22,Vegesack,0,0,0,0,0,0,0,0,0,0,0,0,0,0,0
2026-09-22,Walle,0,0,0,0,0,0,0,0,0,0,0,0,0,0,0
2026-09-22,Woltmershausen,0,0,0,0,0,0,0,0,0,0,0,0,0,0,0
2026-09-22,Östliche Vorstadt,0,0,0,0,0,0,0,0,0,0,0,0,0,0,0
2026-09-23,Blockland,0,0,0,0,0,0,0,0,0,0,0,0,0,0,0
2026-09-23,Blumenthal,0,0,0,0,0,0,0,0,0,0,0,0,0,0,0
2026-09-23,Borgfeld,0,0,0,0,0,0,0,0,0,0,0,0,0,0,0
2026-09-23,Burglesum,0,0,0,0,0,0,0,0,0,0,0,0,0,0,0
2026-09-23,Findorff,0,0,0,0,0,0,0,0,0,0,0,0,0,0,0
2026-09-23,Gröpelingen,0,0,0,0,0,0,0,0,0,0,0,0,0,0,0
2026-09-23,Hemelingen,0,0,0,0,0,0,0,0,0,0,0,0,0,0,0
2026-09-23,Horn-Lehe,0,0,0,0,0,0,0,0,0,0,0,0,0,0,0
2026-09-23,Huchting,0,0,0,0,0,0,0,0,0,0,0,0,0,0,0
2026-09-23,Häfen,0,0,0,0,0,0,0,0,0,0,0,0,0,0,0
2026-09-23,Mitte,0,0,0,0,0,0,0,0,0,0,0,0,0,0,0
2026-09-23,Neustadt,0,0,0,0,0,0,0,0,0,0,0,0,0,0,0
2026-09-23,Oberneuland,0,0,0,0,0,0,0,0,0,0,0,0,0,0,0
2026-09-23,Obervieland,0,0,0,0,0,0,0,0,0,0,0,0,0,0,0
2026-09-23,Osterholz,0,0,0,0,0,0,0,0,0,0,0,0,0,0,0
2026-09-23,Schwachhausen,0,0,0,0,0,0,0,0,0,0,0,0,0,0,0
2026-09-23,Seehausen,0,0,0,0,0,0,0,0,0,0,0,0,0,0,0
2026-09-23,Strom,0,0,0,0,0,0,0,0,0,0,0,0,0,0,0
2026-09-23,Vahr,0,0,0,0,0,0,0,0,0,0,0,0,0,0,0
2026-09-23,Vegesack,0,0,0,0,0,0,0,0,0,0,0,0,0,0,0
2026-09-23,Walle,0,0,0,0,0,0,0,0,0,0,0,0,0,0,0
2026-09-23,Woltmershausen,0,0,0,0,0,0,0,0,0,0,0,0,0,0,0
2026-09-23,Östliche Vorstadt,0,0,0,0,0,0,0,0,0,0,0,0,0,0,0
2026-09-24,Blockland,0,0,0,0,0,0,0,0,0,0,0,0,0,0,0
2026-09-24,Blumenthal,0,0,0,0,0,0,0,0,0,0,0,0,0,0,0
2026-09-24,Borgfeld,0,0,0,0,0,0,0,0,0,0,0,0,0,0,0
2026-09-24,Burglesum,0,0,0,0,0,0,0,0,0,0,0,0,0,0,0
2026-09-24,Findorff,0,0,0,0,0,0,0,0,0,0,0,0,0,0,0
2026-09-24,Gröpelingen,0,0,0,0,0,0,0,0,0,0,0,0,0,0,0
2026-09-24,Hemelingen,0,0,0,0,0,0,0,0,0,0,0,0,0,0,0
2026-09-24,Horn-Lehe,0,0,0,0,0,0,0,0,0,0,0,0,0,0,0
2026-09-24,Huchting,0,0,0,0,0,0,0,0,0,0,0,0,0,0,0
2026-09-24,Häfen,0,0,0,0,0,0,0,0,0,0,0,0,0,0,0
2026-09-24,Mitte,0,0,0,0,0,0,0,0,0,0,0,0,0,0,0
2026-09-24,Neustadt,0,0,0,0,0,0,0,0,0,0,0,0,0,0,0
2026-09-24,Oberneuland,0,0,0,0,0,0,0,0,0,0,0,0,0,0,0
2026-09-24,Obervieland,0,0,0,0,0,0,0,0,0,0,0,0,0,0,0
2026-09-24,Osterholz,0,0,0,0,0,0,0,0,0,0,0,0,0,0,0
2026-09-24,Schwachhausen,1,0,0,1,0,0,0,0,0,0,0,0,0,0,0
2026-09-24,Seehausen,0,0,0,0,0,0,0,0,0,0,0,0,0,0,0
2026-09-24,Strom,0,0,0,0,0,0,0,0,0,0,0,0,0,0,0
2026-09-24,Vahr,0,0,0,0,0,0,0,0,0,0,0,0,0,0,0
2026-09-24,Vegesack,0,0,0,0,0,0,0,0,0,0,0,0,0,0,0
2026-09-24,Walle,0,0,0,0,0,0,0,0,0,0,0,0,0,0,0
2026-09-24,Woltmershausen,0,0,0,0,0,0,0,0,0,0,0,0,0,0,0
2026-09-24,Östliche Vorstadt,0,0,0,0,0,0,0,0,0,0,0,0,0,0,0
2026-09-25,Blockland,0,0,0,0,0,0,0,0,0,0,0,0,0,0,0
2026-09-25,Blumenthal,1,0,0,0,1,0,0,0,0,0,0,0,0,0,0
2026-09-25,Borgfeld,0,0,0,0,0,0,0,0,0,0,0,0,0,0,0
2026-09-25,Burglesum,2,0,0,0,1,0,0,0,0,0,0,0,0,1,0
2026-09-25,Findorff,0,0,0,0,0,0,0,0,0,0,0,0,0,0,0
2026-09-25,Gröpelingen,0,0,0,0,0,0,0,0,0,0,0,0,0,0,0
2026-09-25,Hemelingen,0,0,0,0,0,0,0,0,0,0,0,0,0,0,0
2026-09-25,Horn-Lehe,0,0,0,0,0,0,0,0,0,0,0,0,0,0,0
2026-09-25,Huchting,0,0,0,0,0,0,0,0,0,0,0,0,0,0,0
2026-09-25,Häfen,0,0,0,0,0,0,0,0,0,0,0,0,0,0,0
2026-09-25,Mitte,1,0,0,1,0,0,0,0,0,0,0,0,0,0,0
2026-09-25,Neustadt,0,0,0,0,0,0,0,0,0,0,0,0,0,0,0
2026-09-25,Oberneuland,0,0,0,0,0,0,0,0,0,0,0,0,0,0,0
2026-09-25,Obervieland,0,0,0,0,0,0,0,0,0,0,0,0,0,0,0
2026-09-25,Osterholz,0,0,0,0,0,0,0,0,0,0,0,0,0,0,0
2026-09-25,Schwachhausen,0,0,0,0,0,0,0,0,0,0,0,0,0,0,0
2026-09-25,Seehausen,0,0,0,0,0,0,0,0,0,0,0,0,0,0,0
2026-09-25,Strom,0,0,0,0,0,0,0,0,0,0,0,0,0,0,0
2026-09-25,Vahr,0,0,0,0,0,0,0,0,0,0,0,0,0,0,0
2026-09-25,Vegesack,0,0,0,0,0,0,0,0,0,0,0,0,0,0,0
2026-09-25,Walle,0,0,0,0,0,0,0,0,0,0,0,0,0,0,0
2026-09-25,Woltmershausen,0,0,0,0,0,0,0,0,0,0,0,0,0,0,0
2026-09-25,Östliche Vorstadt,1,0,0,1,0,0,0,0,0,0,0,0,0,0,0
2026-09-26,Blockland,0,0,0,0,0,0,0,0,0,0,0,0,0,0,0
2026-09-26,Blumenthal,0,0,0,0,0,0,0,0,0,0,0,0,0,0,0
2026-09-26,Borgfeld,0,0,0,0,0,0,0,0,0,0,0,0,0,0,0
2026-09-26,Burglesum,0,0,0,0,0,0,0,0,0,0,0,0,0,0,0
2026-09-26,Findorff,0,0,0,0,0,0,0,0,0,0,0,0,0,0,0
2026-09-26,Gröpelingen,0,0,0,0,0,0,0,0,0,0,0,0,0,0,0
2026-09-26,Hemelingen,0,0,0,0,0,0,0,0,0,0,0,0,0,0,0
2026-09-26,Horn-Lehe,0,0,0,0,0,0,0,0,0,0,0,0,0,0,0
2026-09-26,Huchting,0,0,0,0,0,0,0,0,0,0,0,0,0,0,0
2026-09-26,Häfen,0,0,0,0,0,0,0,0,0,0,0,0,0,0,0
2026-09-26,Mitte,0,0,0,0,0,0,0,0,0,0,0,0,0,0,0
2026-09-26,Neustadt,0,0,0,0,0,0,0,0,0,0,0,0,0,0,0
2026-09-26,Oberneuland,0,0,0,0,0,0,0,0,0,0,0,0,0,0,0
2026-09-26,Obervieland,0,0,0,0,0,0,0,0,0,0,0,0,0,0,0
2026-09-26,Osterholz,0,0,0,0,0,0,0,0,0,0,0,0,0,0,0
2026-09-26,Schwachhausen,0,0,0,0,0,0,0,0,0,0,0,0,0,0,0
2026-09-26,Seehausen,0,0,0,0,0,0,0,0,0,0,0,0,0,0,0
2026-09-26,Strom,0,0,0,0,0,0,0,0,0,0,0,0,0,0,0
2026-09-26,Vahr,0,0,0,0,0,0,0,0,0,0,0,0,0,0,0
2026-09-26,Vegesack,0,0,0,0,0,0,0,0,0,0,0,0,0,0,0
2026-09-26,Walle,0,0,0,0,0,0,0,0,0,0,0,0,0,0,0
2026-09-26,Woltmershausen,0,0,0,0,0,0,0,0,0,0,0,0,0,0,0
2026-09-26,Östliche Vorstadt,0,0,0,0,0,0,0,0,0,0,0,0,0,0,0
2026-09-27,Blockland,0,0,0,0,0,0,0,0,0,0,0,0,0,0,0
2026-09-27,Blumenthal,0,0,0,0,0,0,0,0,0,0,0,0,0,0,0
2026-09-27,Borgfeld,0,0,0,0,0,0,0,0,0,0,0,0,0,0,0
2026-09-27,Burglesum,0,0,0,0,0,0,0,0,0,0,0,0,0,0,0
2026-09-27,Findorff,0,0,0,0,0,0,0,0,0,0,0,0,0,0,0
2026-09-27,Gröpelingen,0,0,0,0,0,0,0,0,0,0,0,0,0,0,0
2026-09-27,Hemelingen,0,0,0,0,0,0,0,0,0,0,0,0,0,0,0
2026-09-27,Horn-Lehe,0,0,0,0,0,0,0,0,0,0,0,0,0,0,0
2026-09-27,Huchting,0,0,0,0,0,0,0,0,0,0,0,0,0,0,0
2026-09-27,Häfen,0,0,0,0,0,0,0,0,0,0,0,0,0,0,0
2026-09-27,Mitte,0,0,0,0,0,0,0,0,0,0,0,0,0,0,0
2026-09-27,Neustadt,1,0,0,0,0,0,0,0,0,0,0,1,0,0,0
2026-09-27,Oberneuland,0,0,0,0,0,0,0,0,0,0,0,0,0,0,0
2026-09-27,Obervieland,0,0,0,0,0,0,0,0,0,0,0,0,0,0,0
2026-09-27,Osterholz,0,0,0,0,0,0,0,0,0,0,0,0,0,0,0
2026-09-27,Schwachhausen,0,0,0,0,0,0,0,0,0,0,0,0,0,0,0
2026-09-27,Seehausen,0,0,0,0,0,0,0,0,0,0,0,0,0,0,0
2026-09-27,Strom,0,0,0,0,0,0,0,0,0,0,0,0,0,0,0
2026-09-27,Vahr,0,0,0,0,0,0,0,0,0,0,0,0,0,0,0
2026-09-27,Vegesack,0,0,0,0,0,0,0,0,0,0,0,0,0,0,0
2026-09-27,Walle,0,0,0,0,0,0,0,0,0,0,0,0,0,0,0
2026-09-27,Woltmershausen,0,0,0,0,0,0,0,0,0,0,0,0,0,0,0
2026-09-27,Östliche Vorstadt,0,0,0,0,0,0,0,0,0,0,0,0,0,0,0
2026-09-28,Blockland,0,0,0,0,0,0,0,0,0,0,0,0,0,0,0
2026-09-28,Blumenthal,0,0,0,0,0,0,0,0,0,0,0,0,0,0,0
2026-09-28,Borgfeld,0,0,0,0,0,0,0,0,0,0,0,0,0,0,0
2026-09-28,Burglesum,0,0,0,0,0,0,0,0,0,0,0,0,0,0,0
2026-09-28,Findorff,0,0,0,0,0,0,0,0,0,0,0,0,0,0,0
2026-09-28,Gröpelingen,0,0,0,0,0,0,0,0,0,0,0,0,0,0,0
2026-09-28,Hemelingen,0,0,0,0,0,0,0,0,0,0,0,0,0,0,0
2026-09-28,Horn-Lehe,0,0,0,0,0,0,0,0,0,0,0,0,0,0,0
2026-09-28,Huchting,0,0,0,0,0,0,0,0,0,0,0,0,0,0,0
2026-09-28,Häfen,0,0,0,0,0,0,0,0,0,0,0,0,0,0,0
2026-09-28,Mitte,0,0,0,0,0,0,0,0,0,0,0,0,0,0,0
2026-09-28,Neustadt,0,0,0,0,0,0,0,0,0,0,0,0,0,0,0
2026-09-28,Oberneuland,0,0,0,0,0,0,0,0,0,0,0,0,0,0,0
2026-09-28,Obervieland,1,0,0,0,0,0,0,0,0,0,0,1,0,0,0
2026-09-28,Osterholz,0,0,0,0,0,0,0,0,0,0,0,0,0,0,0
2026-09-28,Schwachhausen,0,0,0,0,0,0,0,0,0,0,0,0,0,0,0
2026-09-28,Seehausen,0,0,0,0,0,0,0,0,0,0,0,0,0,0,0
2026-09-28,Strom,0,0,0,0,0,0,0,0,0,0,0,0,0,0,0
2026-09-28,Vahr,0,0,0,0,0,0,0,0,0,0,0,0,0,0,0
2026-09-28,Vegesack,0,0,0,0,0,0,0,0,0,0,0,0,0,0,0
2026-09-28,Walle,0,0,0,0,0,0,0,0,0,0,0,0,0,0,0
2026-09-28,Woltmershausen,0,0,0,0,0,0,0,0,0,0,0,0,0,0,0
2026-09-28,Östliche Vorstadt,0,0,0,0,0,0,0,0,0,0,0,0,0,0,0
2026-09-29,Blockland,0,0,0,0,0,0,0,0,0,0,0,0,0,0,0
2026-09-29,Blumenthal,0,0,0,0,0,0,0,0,0,0,0,0,0,0,0
2026-09-29,Borgfeld,0,0,0,0,0,0,0,0,0,0,0,0,0,0,0
2026-09-29,Burglesum,0,0,0,0,0,0,0,0,0,0,0,0,0,0,0
2026-09-29,Findorff,0,0,0,0,0,0,0,0,0,0,0,0,0,0,0
2026-09-29,Gröpelingen,0,0,0,0,0,0,0,0,0,0,0,0,0,0,0
2026-09-29,Hemelingen,0,0,0,0,0,0,0,0,0,0,0,0,0,0,0
2026-09-29,Horn-Lehe,0,0,0,0,0,0,0,0,0,0,0,0,0,0,0
2026-09-29,Huchting,0,0,0,0,0,0,0,0,0,0,0,0,0,0,0
2026-09-29,Häfen,0,0,0,0,0,0,0,0,0,0,0,0,0,0,0
2026-09-29,Mitte,1,0,0,0,0,0,0,1,0,0,0,0,0,0,0
2026-09-29,Neustadt,0,0,0,0,0,0,0,0,0,0,0,0,0,0,0
2026-09-29,Oberneuland,0,0,0,0,0,0,0,0,0,0,0,0,0,0,0
2026-09-29,Obervieland,0,0,0,0,0,0,0,0,0,0,0,0,0,0,0
2026-09-29,Osterholz,1,0,0,0,1,0,0,0,0,0,0,0,0,0,0
2026-09-29,Schwachhausen,0,0,0,0,0,0,0,0,0,0,0,0,0,0,0
2026-09-29,Seehausen,0,0,0,0,0,0,0,0,0,0,0,0,0,0,0
2026-09-29,Strom,0,0,0,0,0,0,0,0,0,0,0,0,0,0,0
2026-09-29,Vahr,0,0,0,0,0,0,0,0,0,0,0,0,0,0,0
2026-09-29,Vegesack,0,0,0,0,0,0,0,0,0,0,0,0,0,0,0
2026-09-29,Walle,0,0,0,0,0,0,0,0,0,0,0,0,0,0,0
2026-09-29,Woltmershausen,0,0,0,0,0,0,0,0,0,0,0,0,0,0,0
2026-09-29,Östliche Vorstadt,0,0,0,0,0,0,0,0,0,0,0,0,0,0,0
2026-09-30,Blockland,0,0,0,0,0,0,0,0,0,0,0,0,0,0,0
2026-09-30,Blumenthal,0,0,0,0,0,0,0,0,0,0,0,0,0,0,0
2026-09-30,Borgfeld,0,0,0,0,0,0,0,0,0,0,0,0,0,0,0
2026-09-30,Burglesum,0,0,0,0,0,0,0,0,0,0,0,0,0,0,0
2026-09-30,Findorff,0,0,0,0,0,0,0,0,0,0,0,0,0,0,0
2026-09-30,Gröpelingen,0,0,0,0,0,0,0,0,0,0,0,0,0,0,0
2026-09-30,Hemelingen,0,0,0,0,0,0,0,0,0,0,0,0,0,0,0
2026-09-30,Horn-Lehe,0,0,0,0,0,0,0,0,0,0,0,0,0,0,0
2026-09-30,Huchting,0,0,0,0,0,0,0,0,0,0,0,0,0,0,0
2026-09-30,Häfen,0,0,0,0,0,0,0,0,0,0,0,0,0,0,0
2026-09-30,Mitte,0,0,0,0,0,0,0,0,0,0,0,0,0,0,0
2026-09-30,Neustadt,0,0,0,0,0,0,0,0,0,0,0,0,0,0,0
2026-09-30,Oberneuland,0,0,0,0,0,0,0,0,0,0,0,0,0,0,0
2026-09-30,Obervieland,0,0,0,0,0,0,0,0,0,0,0,0,0,0,0
2026-09-30,Osterholz,0,0,0,0,0,0,0,0,0,0,0,0,0,0,0
2026-09-30,Schwachhausen,0,0,0,0,0,0,0,0,0,0,0,0,0,0,0
2026-09-30,Seehausen,0,0,0,0,0,0,0,0,0,0,0,0,0,0,0
2026-09-30,Strom,0,0,0,0,0,0,0,0,0,0,0,0,0,0,0
2026-09-30,Vahr,0,0,0,0,0,0,0,0,0,0,0,0,0,0,0
2026-09-30,Vegesack,0,0,0,0,0,0,0,0,0,0,0,0,0,0,0
2026-09-30,Walle,0,0,0,0,0,0,0,0,0,0,0,0,0,0,0
2026-09-30,Woltmershausen,0,0,0,0,0,0,0,0,0,0,0,0,0,0,0
2026-09-30,Östliche Vorstadt,0,0,0,0,0,0,0,0,0,0,0,0,0,0,0
2026-10-01,Blockland,0,0,0,0,0,0,0,0,0,0,0,0,0,0,0
2026-10-01,Blumenthal,0,0,0,0,0,0,0,0,0,0,0,0,0,0,0
2026-10-01,Borgfeld,0,0,0,0,0,0,0,0,0,0,0,0,0,0,0
2026-10-01,Burglesum,0,0,0,0,0,0,0,0,0,0,0,0,0,0,0
2026-10-01,Findorff,0,0,0,0,0,0,0,0,0,0,0,0,0,0,0
2026-10-01,Gröpelingen,0,0,0,0,0,0,0,0,0,0,0,0,0,0,0
2026-10-01,Hemelingen,0,0,0,0,0,0,0,0,0,0,0,0,0,0,0
2026-10-01,Horn-Lehe,0,0,0,0,0,0,0,0,0,0,0,0,0,0,0
2026-10-01,Huchting,0,0,0,0,0,0,0,0,0,0,0,0,0,0,0
2026-10-01,Häfen,0,0,0,0,0,0,0,0,0,0,0,0,0,0,0
2026-10-01,Mitte,0,0,0,0,0,0,0,0,0,0,0,0,0,0,0
2026-10-01,Neustadt,1,0,0,0,0,0,0,0,0,0,0,0,0,0,1
2026-10-01,Oberneuland,0,0,0,0,0,0,0,0,0,0,0,0,0,0,0
2026-10-01,Obervieland,0,0,0,0,0,0,0,0,0,0,0,0,0,0,0
2026-10-01,Osterholz,0,0,0,0,0,0,0,0,0,0,0,0,0,0,0
2026-10-01,Schwachhausen,0,0,0,0,0,0,0,0,0,0,0,0,0,0,0
2026-10-01,Seehausen,0,0,0,0,0,0,0,0,0,0,0,0,0,0,0
2026-10-01,Strom,0,0,0,0,0,0,0,0,0,0,0,0,0,0,0
2026-10-01,Vahr,0,0,0,0,0,0,0,0,0,0,0,0,0,0,0
2026-10-01,Vegesack,0,0,0,0,0,0,0,0,0,0,0,0,0,0,0
2026-10-01,Walle,0,0,0,0,0,0,0,0,0,0,0,0,0,0,0
2026-10-01,Woltmershausen,0,0,0,0,0,0,0,0,0,0,0,0,0,0,0
2026-10-01,Östliche Vorstadt,0,0,0,0,0,0,0,0,0,0,0,0,0,0,0
2026-10-02,Blockland,0,0,0,0,0,0,0,0,0,0,0,0,0,0,0
2026-10-02,Blumenthal,0,0,0,0,0,0,0,0,0,0,0,0,0,0,0
2026-10-02,Borgfeld,0,0,0,0,0,0,0,0,0,0,0,0,0,0,0
2026-10-02,Burglesum,0,0,0,0,0,0,0,0,0,0,0,0,0,0,0
2026-10-02,Findorff,0,0,0,0,0,0,0,0,0,0,0,0,0,0,0
2026-10-02,Gröpelingen,0,0,0,0,0,0,0,0,0,0,0,0,0,0,0
2026-10-02,Hemelingen,0,0,0,0,0,0,0,0,0,0,0,0,0,0,0
2026-10-02,Horn-Lehe,0,0,0,0,0,0,0,0,0,0,0,0,0,0,0
2026-10-02,Huchting,0,0,0,0,0,0,0,0,0,0,0,0,0,0,0
2026-10-02,Häfen,0,0,0,0,0,0,0,0,0,0,0,0,0,0,0
2026-10-02,Mitte,0,0,0,0,0,0,0,0,0,0,0,0,0,0,0
2026-10-02,Neustadt,0,0,0,0,0,0,0,0,0,0,0,0,0,0,0
2026-10-02,Oberneuland,0,0,0,0,0,0,0,0,0,0,0,0,0,0,0
2026-10-02,Obervieland,0,0,0,0,0,0,0,0,0,0,0,0,0,0,0
2026-10-02,Osterholz,0,0,0,0,0,0,0,0,0,0,0,0,0,0,0
2026-10-02,Schwachhausen,0,0,0,0,0,0,0,0,0,0,0,0,0,0,0
2026-10-02,Seehausen,0,0,0,0,0,0,0,0,0,0,0,0,0,0,0
2026-10-02,Strom,0,0,0,0,0,0,0,0,0,0,0,0,0,0,0
2026-10-02,Vahr,0,0,0,0,0,0,0,0,0,0,0,0,0,0,0
2026-10-02,Vegesack,0,0,0,0,0,0,0,0,0,0,0,0,0,0,0
2026-10-02,Walle,0,0,0,0,0,0,0,0,0,0,0,0,0,0,0
2026-10-02,Woltmershausen,1,0,0,0,0,0,0,0,0,0,0,0,0,0,1
2026-10-02,Östliche Vorstadt,0,0,0,0,0,0,0,0,0,0,0,0,0,0,0
2026-10-03,Blockland,0,0,0,0,0,0,0,0,0,0,0,0,0,0,0
2026-10-03,Blumenthal,0,0,0,0,0,0,0,0,0,0,0,0,0,0,0
2026-10-03,Borgfeld,0,0,0,0,0,0,0,0,0,0,0,0,0,0,0
2026-10-03,Burglesum,0,0,0,0,0,0,0,0,0,0,0,0,0,0,0
2026-10-03,Findorff,0,0,0,0,0,0,0,0,0,0,0,0,0,0,0
2026-10-03,Gröpelingen,0,0,0,0,0,0,0,0,0,0,0,0,0,0,0
2026-10-03,Hemelingen,0,0,0,0,0,0,0,0,0,0,0,0,0,0,0
2026-10-03,Horn-Lehe,0,0,0,0,0,0,0,0,0,0,0,0,0,0,0
2026-10-03,Huchting,1,0,0,0,0,0,0,0,0,0,0,1,0,0,0
2026-10-03,Häfen,0,0,0,0,0,0,0,0,0,0,0,0,0,0,0
2026-10-03,Mitte,1,0,0,0,0,0,1,0,0,0,0,0,0,0,0
2026-10-03,Neustadt,0,0,0,0,0,0,0,0,0,0,0,0,0,0,0
2026-10-03,Oberneuland,0,0,0,0,0,0,0,0,0,0,0,0,0,0,0
2026-10-03,Obervieland,0,0,0,0,0,0,0,0,0,0,0,0,0,0,0
2026-10-03,Osterholz,0,0,0,0,0,0,0,0,0,0,0,0,0,0,0
2026-10-03,Schwachhausen,0,0,0,0,0,0,0,0,0,0,0,0,0,0,0
2026-10-03,Seehausen,0,0,0,0,0,0,0,0,0,0,0,0,0,0,0
2026-10-03,Strom,0,0,0,0,0,0,0,0,0,0,0,0,0,0,0
2026-10-03,Vahr,0,0,0,0,0,0,0,0,0,0,0,0,0,0,0
2026-10-03,Vegesack,0,0,0,0,0,0,0,0,0,0,0,0,0,0,0
2026-10-03,Walle,0,0,0,0,0,0,0,0,0,0,0,0,0,0,0
2026-10-03,Woltmershausen,0,0,0,0,0,0,0,0,0,0,0,0,0,0,0
2026-10-03,Östliche Vorstadt,0,0,0,0,0,0,0,0,0,0,0,0,0,0,0
2026-10-04,Blockland,0,0,0,0,0,0,0,0,0,0,0,0,0,0,0
2026-10-04,Blumenthal,1,0,0,0,0,0,0,0,1,0,0,0,0,0,0
2026-10-04,Borgfeld,0,0,0,0,0,0,0,0,0,0,0,0,0,0,0
2026-10-04,Burglesum,0,0,0,0,0,0,0,0,0,0,0,0,0,0,0
2026-10-04,Findorff,0,0,0,0,0,0,0,0,0,0,0,0,0,0,0
2026-10-04,Gröpelingen,0,0,0,0,0,0,0,0,0,0,0,0,0,0,0
2026-10-04,Hemelingen,0,0,0,0,0,0,0,0,0,0,0,0,0,0,0
2026-10-04,Horn-Lehe,0,0,0,0,0,0,0,0,0,0,0,0,0,0,0
2026-10-04,Huchting,0,0,0,0,0,0,0,0,0,0,0,0,0,0,0
2026-10-04,Häfen,0,0,0,0,0,0,0,0,0,0,0,0,0,0,0
2026-10-04,Mitte,0,0,0,0,0,0,0,0,0,0,0,0,0,0,0
2026-10-04,Neustadt,0,0,0,0,0,0,0,0,0,0,0,0,0,0,0
2026-10-04,Oberneuland,0,0,0,0,0,0,0,0,0,0,0,0,0,0,0
2026-10-04,Obervieland,0,0,0,0,0,0,0,0,0,0,0,0,0,0,0
2026-10-04,Osterholz,0,0,0,0,0,0,0,0,0,0,0,0,0,0,0
2026-10-04,Schwachhausen,0,0,0,0,0,0,0,0,0,0,0,0,0,0,0
2026-10-04,Seehausen,0,0,0,0,0,0,0,0,0,0,0,0,0,0,0
2026-10-04,Strom,0,0,0,0,0,0,0,0,0,0,0,0,0,0,0
2026-10-04,Vahr,0,0,0,0,0,0,0,0,0,0,0,0,0,0,0
2026-10-04,Vegesack,1,0,0,0,0,0,0,0,1,0,0,0,0,0,0
2026-10-04,Walle,0,0,0,0,0,0,0,0,0,0,0,0,0,0,0
2026-10-04,Woltmershausen,0,0,0,0,0,0,0,0,0,0,0,0,0,0,0
2026-10-04,Östliche Vorstadt,0,0,0,0,0,0,0,0,0,0,0,0,0,0,0
2026-10-05,Blockland,0,0,0,0,0,0,0,0,0,0,0,0,0,0,0
2026-10-05,Blumenthal,0,0,0,0,0,0,0,0,0,0,0,0,0,0,0
2026-10-05,Borgfeld,0,0,0,0,0,0,0,0,0,0,0,0,0,0,0
2026-10-05,Burglesum,0,0,0,0,0,0,0,0,0,0,0,0,0,0,0
2026-10-05,Findorff,0,0,0,0,0,0,0,0,0,0,0,0,0,0,0
2026-10-05,Gröpelingen,0,0,0,0,0,0,0,0,0,0,0,0,0,0,0
2026-10-05,Hemelingen,0,0,0,0,0,0,0,0,0,0,0,0,0,0,0
2026-10-05,Horn-Lehe,0,0,0,0,0,0,0,0,0,0,0,0,0,0,0
2026-10-05,Huchting,0,0,0,0,0,0,0,0,0,0,0,0,0,0,0
2026-10-05,Häfen,0,0,0,0,0,0,0,0,0,0,0,0,0,0,0
2026-10-05,Mitte,0,0,0,0,0,0,0,0,0,0,0,0,0,0,0
2026-10-05,Neustadt,0,0,0,0,0,0,0,0,0,0,0,0,0,0,0
2026-10-05,Oberneuland,0,0,0,0,0,0,0,0,0,0,0,0,0,0,0
2026-10-05,Obervieland,0,0,0,0,0,0,0,0,0,0,0,0,0,0,0
2026-10-05,Osterholz,0,0,0,0,0,0,0,0,0,0,0,0,0,0,0
2026-10-05,Schwachhausen,1,0,0,0,0,0,0,1,0,0,0,0,0,0,0
2026-10-05,Seehausen,0,0,0,0,0,0,0,0,0,0,0,0,0,0,0
2026-10-05,Strom,0,0,0,0,0,0,0,0,0,0,0,0,0,0,0
2026-10-05,Vahr,0,0,0,0,0,0,0,0,0,0,0,0,0,0,0
2026-10-05,Vegesack,0,0,0,0,0,0,0,0,0,0,0,0,0,0,0
2026-10-05,Walle,0,0,0,0,0,0,0,0,0,0,0,0,0,0,0
2026-10-05,Woltmershausen,0,0,0,0,0,0,0,0,0,0,0,0,0,0,0
2026-10-05,Östliche Vorstadt,0,0,0,0,0,0,0,0,0,0,0,0,0,0,0
