pm_id,incident_date,publish_date,stadtteil,is_bremerhaven,category,title,ort_raw,source_url,text,lat,lon,precision
2825.0,2025-01-13,14.01.2025,Huchting,False,Raub,Jugendliche Mädchen nach Angriff auf 15-Jährige gestellt,"Bremen-Huchting, OT Mittelshuchting, Flämische Straße",https://www.polizei.bremen.de/news/pressestelle/pressemeldungen-ab-14012025-62018,"Einsatzkräfte der Polizei Bremen stellten am Montag im Ortsteil Mittelshuchting zwei jugendliche Mädchen im Alter von 15 und 17 Jahren. Sie sollen zuvor eine 15-Jährige geschlagen und ihr Geld sowie Zigaretten entnommen haben.
Die 15-Jährige war gegen 13:10 Uhr in der Flämischen Straße unterwegs, als sie von zwei Mädchen angesprochen wurde. Kurz danach schubste und schlug das Duo auf die 15-Jährige ein und beleidigte sie. Anschließend forderten die Angreiferinnen sie auf, ihr Geld und Zigaretten zu geben, was sie auch tat. Das junge Mädchen stieg anschließend in einen Bus in Richtung Roland Center, dabei wurde sie vom Duo verfolgt. Die alarmierten Einsatzkräfte stellten noch vor Ort die beiden 15 und 17 Jahre alten Mädchen. Bei der 17-Jährigen fanden die Polizisten zudem ein Pfefferspray, das beschlagnahmt wurde. Die beiden Mädchen wurden anschließend in die Obhut der Eltern übergeben.
Es wurden Strafanzeigen wegen räuberischer Erpressung und Körperverletzung gefertigt. Die Ermittlungen dauern an.",53.0527101,8.7105001,address
2925.0,2025-01-14,14.01.2025,Neustadt,False,Koerperverletzung,Korrektur: Öffentlichkeitsfahndung nach gefährlicher Körperverletzung in der Neustadt,"Bremen-Neustadt, OT Alte Neustadt, Langemarckstraße",https://www.polizei.bremen.de/news/pressestelle/pressemeldungen-ab-14012025-62018,"Die Staatsanwaltschaft und die Polizei Bremen fahnden mit Fotos nach mehreren Männern, die im Januar 2023 einen jungen Mann in der Neustadt attackierten und verletzten. Für die Fahndung sind die fünf aktuellen Fotos zu verwenden, die restlichen Fotos aus der Meldung 0013 sind zu löschen.
Der zu diesem Zeitpunkt 23 Jahre alte Mann stieg am 14. Januar 2023 gegen 04:20 Uhr mit zwei weiteren Personen am Hauptbahnhof Bremen in die Straßenbahnlinie 1 in Richtung Huchting ein. Eine achtköpfige Personengruppe stieg in die Bahn dazu. Dabei kam es zunächst zu einer verbalen Auseinandersetzung zwischen dem 23-Jährigen und der Gruppe. An der Haltestelle ""Hochschule Bremen"" stiegen alle Personen aus der Bahn aus. Daraufhin griff die achtköpfige Gruppe den 23-Jährigen unmittelbar an. Sie schlugen und traten mehrfach auf ihn ein und sprühten ihm Pfefferspray ins Gesicht. Einer der Angreifer schlug zudem mit einer Flasche auf den Hinterkopf des jungen Mannes. Anschließend flüchteten die Männer in unbekannte Richtung.
Nachdem die bisherigen Ermittlungen nicht zur Identifizierung der Täter führten, fahnden die Polizei und Staatsanwaltschaft mit Bildern nach ihnen und fragen:
""Wer kann Angaben zu den Jugendlichen oder Männern auf den Fotos machen, wer erkennt diese wieder?"" Hinweise nimmt der Kriminaldauerdienst unter der Rufnummer 0421 362-3888 entgegen.",53.0679872,8.7843331,address
3025.0,2025-01-14,15.01.2025,Mitte,False,Raub,Mann nach Ladendiebstahl vorläufig festgenommen,"Bremen-Mitte, OT Altstadt, Obernstraße",https://www.polizei.bremen.de/news/pressestelle/pressemeldungen-ab-14012025-62018,"Einsatzkräfte stellten am frühen Dienstagnachmittag in der Altstadt einen 45 Jahre alten Mann. Er hatte zuvor aus einer Parfümerie mehrere Drogerieartikel entwendet.
Gegen 14:50 Uhr beobachtete ein Ladendetektiv einer Parfümerie in der Obernstraße, wie der 45-Jährige das Geschäft betritt und aus einer Auslage zwei Packungen Drogerieartikel einsteckt. Anschließend verließ er das Geschäft, ohne die Ware zu bezahlen. Der aufmerksame Ladendetektiv lief ihm hinterher. Zwischenzeitlich bedrohte der 45-Jährige ihn mit einer Spritze. Im Schnoor nahmen ihn die eingetroffenen Einsatzkräfte noch vor Ort fest. Bei einer Durchsuchung fanden die Polizisten ein Messer beim 45 Jahre alten Mann.
Er muss sich nun wegen schwerem räuberischen Diebstahl verantworten. Die Ermittlungen dauern an.",53.0773705,8.8048852,address
3325.0,2025-01-17,17.01.2025,Vegesack,False,Waffendelikt,Polizeieinsatz im Klinikum in Vegesack,"Bremen-Vegesack, OT Fähr-Lobbendorf, Hammersbecker Straße",https://www.polizei.bremen.de/news/pressestelle/pressemeldungen-ab-14012025-62018,"Ein Mann sorgte am Freitagmorgen in Vegesack für einen Großeinsatz der Polizei Bremen unter Beteiligung von Spezialeinsatzkräften. Verletzt wurde niemand. Einsatzkräfte nahmen den 69-Jährigen fest.
Gegen 09:50 Uhr meldete sich ein Stationsarzt eines Krankenhauses in der Hammersbecker Straße über den Notruf der Polizei und erklärte, dass sich ein Mann mit einem Gewehr im Klinikum aufhalten soll. Kurze Zeit später trafen die Einsatzkräfte vor Ort ein und konnten den 69-Jährigen schnell lokalisieren und festnehmen. Eine Schusswaffe wurde bei ihm nicht aufgefunden. Personen wurden nicht verletzt.
Der psychisch erkrankte Mann wurde entsprechend medizinisch begutachtet. Die weiteren Ermittlungen dauern an.",53.1841787,8.6164549,address
3425.0,2025-01-17,18.01.2025,Hemelingen,False,Raub,Uhr geraubt - Polizei sucht Zeugen,"Bremen-Hemelingen, OT Sebaldsbrück, Vahrer Straße",https://www.polizei.bremen.de/news/pressestelle/pressemeldungen-ab-14012025-62018,"Am Freitagabend überfielen unbekannte Männer in Sebaldsbrück ein Ehepaar und raubten eine Armbanduhr. Die Polizei sucht Zeugen.
Gegen 22:40 Uhr liefen die beiden 61-Jährigen auf der Vahrer Straße. An der Ecke zur Adamistraße rangen drei Angreifer den Mann zu Boden, während ein Vierter versuchte, die Frau zu Fall zu bringen. Ein bislang unbekannter Zeuge vertrieb die Räuber durch laute Knallgeräusche. Jedoch schafften diese es noch, dem Mann die Armbanduhr vom Handgelenk zu reißen.  Sie flüchteten, zwei zu Fuß und zwei auf je einem weißen E-Scooter, in Richtung Sebaldsbrücker Heerstraße.  Die Männer werden als ca. 20 Jahre alt mit dunklem Teint beschrieben. Drei sollen ca. 180 cm, einer ca. 160 cm groß sein, alle haben dunkle Kleidung getragen.
Die Polizei ermittelt wegen schweren Raubes und sucht insbesondere die Tatzeugen, welche die Täter verjagten. Wer Hinweise zu den Flüchtigen machen kann, wendet sich unter der Nummer 0421 / 362 3888 an den Kriminaldauerdienst.",53.0610649,8.8934149,address
3625.0,2025-01-19,,Gröpelingen,False,Waffendelikt,Mann zieht Schusswaffe bei Auseinandersetzung,"Bremen-Gröpelingen, OT Lindenhof, Stendorfer Straße",https://www.polizei.bremen.de/news/pressestelle/pressemeldungen-ab-14012025-62018,"(19.01.25)
In den frühen Morgenstunden des Sonntags gerieten zwei Personengruppen in einer Kneipe in Gröpelingen in Streit. Ein Mann zog eine Schusswaffe und bedrohte seine Kontrahenten. Die Polizei sucht Zeugen.
Gegen 02:15 Uhr stritten sich mehrere Personen in einer Kneipe in der Stendorfer Straße um die Nutzung einer Dartscheibe. Der Streit entwickelte sich zu einer Rangelei auf der Straße. Hier warf ein unbekannter Täter eine Flasche auf eine 44-jährige Frau, verletzte diese aber nicht. Ein ebenfalls noch unbekannter Beteiligter richtete plötzlich eine Schusswaffe auf zwei 32- und 24-jährige Männer und bedrohte diese. Vor Eintreffen der Polizei flüchtete der Waffenträger mit einer weiteren Person in Richtung Pastorenweg.
Der Mann mit der Handfeuerwaffe wird als ca. 170 bis 180 cm groß mit dunklem Teint und schwarzen Haaren beschrieben. Er trug eine weiße Daunenjacke, eine dunkle Hose und ein Cap. Sein Begleiter soll ca. 170 cm groß sein, dunklen Teint und schwarze Haare haben und dunkel gekleidet gewesen sein.
Die Polizei hat Ermittlungen wegen gefährlicher Körperverletzung und Bedrohung aufgenommen. Wer Hinweise auf die Täter geben kann, meldet sich unter der Rufnummer 0421 362-3888 beim Kriminaldauerdienst.",53.1124465,8.7638807,address
3725.0,2025-01-19,20.01.2025,Blumenthal,False,Drogendelikt,Polizei findet große Drogenplantage,"Bremen-Blumenthal, OT Blumenthal, Rönnebecker Straße",https://www.polizei.bremen.de/news/pressestelle/pressemeldungen-ab-14012025-62018,"Am Sonntagnachmittag fanden Einsatzkräfte der Polizei Bremen eine große Cannabisplantage in einer Wohnung in Blumenthal. Ein 19 Jahre alter Tatverdächtiger wurde festgenommen.
Gegen 16:55 Uhr wurde ein Feuer in der Wohnung in der Rönnebecker Straße gemeldet. Vor Ort nahmen die Kräfte von Feuerwehr und Polizei zunächst weißen Rauch war. Nachdem die Wohnung durch die Feuerwehr betreten wurde, stellte sich heraus, dass es sich um Wasserdampf handelte. Dieser kam von einer Bewässerungsanlage einer Plantage mit geschätzt mehr als 1000 Cannabispflanzen. Diese Anlage war mit professioneller Beleuchtung und Belüftung ausgestattet. An mehreren Stellen waren Wände durchbrochen worden, um weiteren Raum für Pflanzen zu schaffen. Ein 19-Jähriger, der vor Ort war wurde von den Einsatzkräften vorläufig festgenommen und soll noch im Laufe des Tages einem Haftrichter vorgeführt werden.
Ein weiterer Mann konnte fliehen. Es wurden neben den Pflanzen weiteres Equipment und Beweismittel, wie Mobiltelefone sichergestellt. Die weiteren Ermittlungen dauern an.",53.1841594,8.5585326,address
3825.0,2025-01-16,20.01.2025,Schwachhausen,False,Sonstiges,Trickbetrüger geht in Haft,"Bremen-Schwachhausen, OT Neu-Schwachhausen, Thomas-Mann-Straße",https://www.polizei.bremen.de/news/pressestelle/pressemeldungen-ab-14012025-62018,"Am Freitag erschien ein Trickbetrüger bei einem älteren Ehepaar in Schwachhausen und gab sich als Polizist aus. Der Täter war zunächst erfolgreich, konnte jedoch am darauffolgenden Tag von der Polizei festgenommen werden.
Ein vermeintlicher Mitarbeiter einer Bank rief am vergangenen Donnerstag bei einem 85 Jahre alten Mann im Ortsteil Neu-Schwachhausen an und erklärte, dass Betrüger versuchten von ihrem Konto aus Geld ins Ausland zu überweisen. Kurze Zeit später rief ein angeblicher Polizist bei dem Senior an und berichtete, dass es vermehrt zu unrechtmäßigen Überweisungen in die Niederlande gekommen sei und das Girokonto sowie weitere Vermögenswerte des 85-Jährigen in Gefahr sein könnten. Der angebliche Polizist stand einen Tag später vor der Tür des Ehepaares, die ihm daraufhin Schmuck und mehrere EC-Karten aushändigten. Am darauffolgenden Tag rief ein angeblicher Staatsanwalt an und berichtete den beiden Senioren, dass in deren Umfeld weitere Häuser betroffen seien und sie das Haus nicht verlassen sollen. Daraufhin wurde der 85 Jahre alte Mann misstrauisch, sperrte seine EC-Karten und verständigte die Polizei. Die Betrüger meldeten sich am Samstag noch einmal und fragten nach weiteren Vermögenswerten. Der Senior spielte mit und lockte den falschen Polizisten erneut ins Haus. Die Einsatzkräfte, die bereits vor Ort waren, stellten den 20-Jährigen im Haus und nahmen ihn fest.
Bei einer Durchsuchung fanden die Polizisten die EC-Karten des Ehepaares sowie Bargeld, eine Rolex-Uhr und ein Goldarmband. Auf Antrag der Staatsanwaltschaft erließ das Gericht Haftbefehl gegen den 20-Jährigen. Er wurde der Justizvollzugsanstalt überstellt.
Die Polizei weist in diesem Zusammenhang noch einmal daraufhin: Die Polizei wird Sie niemals um Geldbeträge und Wertgegenstände bitten. Das tun Betrüger. Lassen Sie grundsätzlich keine Unbekannten in Ihre Wohnung. Fordern Sie von angeblichen Polizisten oder anderen Amtsträgern den Dienstausweis und prüfen sie diesen sorgfältig. Binden Sie beim geringsten Zweifel Nachbarn oder Vertrauenspersonen ein. Weitere Verhaltenstipps und Präventionshinweise erhalten Sie kostenlos in unserem Präventionszentrum, Am Wall 195 oder im Internet unter www.polizei.bremen.de.",53.0936522,8.84234,address
3925.0,2025-01-20,21.01.2025,Schwachhausen,False,Einbruch,Polizei nimmt falsche Polizisten fest,"Bremen-Schwachhausen, OT Barkhof",https://www.polizei.bremen.de/news/pressestelle/pressemeldungen-ab-14012025-62018,"Der Polizei Bremen gelang am Montag erneut ein Ermittlungserfolg gegen Kriminelle, die sich als falsche Polizisten ausgaben und so einen 84-Jährigen in Schwachhausen um seine Ersparnisse bringen wollten. Der misstrauisch gewordene Senior alarmierte über Notruf die Polizei. Mit seiner Hilfe konnten noch am Abend zwei verdächtige Männer vorläufig festgenommen werden. Gegen einen 36 Jahre alten Tatverdächtigen werden Haftgründe geprüft. Erst am Wochenende nahm die Polizei einen Trickbetrüger in Haft, der mit dem Modus Operandi „falscher Bankmitarbeiter“ auftrat (siehe unsere Meldung 0038).
Der Senior erhielt am Abend einen Telefonanruf von vermeintlichen Polizeibeamten, die vor einem Einbruchsversuch warnten und ihn aufforderten, seine gesamten Wertsachen in einem Kochtopf vor die Haustür zu stellen. Der 84-Jährige durchschaute den Betrugsversuch und rief die Polizei. Bei der fingierten Übergabe konnte ein 36 Jahre Verdächtiger durch Zivilkräfte gestellt werden. Ein 30 Jahre alter Komplize wurde in unmittelbarer Nähe in einem Auto, bei laufendem Motor, gestellt. Beide Männer wurden vorläufig festgenommen. Bei anschließenden Durchsuchungen konnten Beweismittel aufgefunden und beschlagnahmt werden. Auch das Fahrzeug wurde sichergestellt. Gegen den bereits einschlägig bekannten 36-Jährigen werden aktuell Haftgründe geprüft. Die umfangreichen Ermittlungen und Auswertungen dauern an.
Die Polizei warnt: Dem Einfallsreichtum der Täter sind keine Grenzen gesetzt. Geben Sie Fremden am Telefon keine Auskunft über Ihre finanzielle Situation oder Wertgegenstände. Die Legendenbildung der Täter ist ausgesprochen phantasievoll. Legen Sie in solchen Fällen einfach auf und informieren die Polizei über den kostenlosen Notruf 110. Mehr Informationen finden Sie unter www.Polizei.Bremen.de.",53.0854265,8.8363055,district
4025.0,2025-01-20,21.01.2025,Neustadt,False,Raub,Überfall auf Gaststätte – Polizei sucht Zeugen,"Bremen-Neustadt, OT Neustadt, Erlenstraße",https://www.polizei.bremen.de/news/pressestelle/pressemeldungen-ab-14012025-62018,"Am Montagnachmittag überfiel ein unbekannter Täter eine Gaststätte in der Neustadt. Er bedrohte
einen Mitarbeiter mit einer Schusswaffe, erbeutete Bargeld und flüchtete.
Etwa um 16:15 Uhr betrat der Mann mit einer Schusswaffe in der Hand das Lokal in der Erlenstraße
und ging direkt zum Tresen. Dort bedrohte er den 52 Jahre alten Mitarbeiter und forderte Bargeld.
Nachdem der Mitarbeiter ihm Geld übergeben hatte, rannte der Räuber nach draußen und floh in
Richtung Langemarckstraße.
Der Mann wurde wie folgt beschrieben: Er war etwa 180 cm groß und 16 bis 18 Jahre alt. Er hatte
schwarze Hautfarbe und sprach Deutsch mit leichtem Akzent. Bekleidet war er mit einer schwarzen
Hose, einer schwarzen Jacke mit Kapuze und hellen Schuhen.
Die Polizei sucht Zeugen, die insbesondere in der Erlenstraße Beobachtungen gemacht haben. Zu
diesem Zeitpunkt fuhren mehrere Fahrradfahrer an der Gaststätte vorbei. Hinweise nimmt der
Kriminaldauerdienst der Polizei Bremen unter 0421 362-3888 entgegen.",53.0675426,8.7870901,address
4125.0,2025-01-21,,Gröpelingen,False,Toetungsdelikt,44-Jähriger durch Tritte lebensgefährlich verletzt,"Bremen-Gröpelingen, OT Gröpelingen, Seewenjestraße",https://www.polizei.bremen.de/news/pressestelle/pressemeldungen-ab-14012025-62018,"(22.01.25)
Am Dienstagabend griff ein Mann drei Personen in einer Wohnung in Gröpelingen an. Dabei trat der Täter derart auf einen 44-Jährigen ein, dass dieser lebensgefährliche Verletzungen davontrug. Die Polizei konnte einen 40 Jahre alten Verdächtigen stellen.
Eine 39 Jahre alte Frau befand sich zusammen mit zwei 44 und 49 Jahre alten Männern in ihrer Wohnung in der Seewenjestraße,, als ihr Ex-Partner plötzlich unbefugt in die Wohnung eindrang und die Drei unvermittelt mit Tritten und Schlägen attackierte. Der Angreifer schlug insbesondere auf den 44-Jährigen ein und trat ihm zudem mit Stahlkappenschuhen gegen den Kopf und Körper. Erst als dieser bewusstlos wurde, ließ der Täter von ihm ab und flüchtete aus der Wohnung. Alle Beteiligten waren zur Tatzeit stark alkoholisiert, der Täter stand dazu vermutlich unter Drogen.
Der 44-Jährige musste unter anderem mit schweren Kopfverletzungen in ein Krankenhaus gebracht und notoperiert werden. Es besteht akute Lebensgefahr.
Der mutmaßliche Täter konnte an seiner Wohnanschrift angetroffen und festgenommen werden. Gegen den 40-Jährigen werden aktuell Haftgründe geprüft. Die Polizei ermittelt wegen versuchten Totschlags. Jeder Tritt gegen den Kopf eines am Boden liegenden Menschen kann tödlich sein, wenige Zentimeter können entscheiden. Die Polizei Bremen verfolgt diese Delikte mit aller Konsequenz.",53.1167845,8.7642377,address
4225.0,2025-01-21,22.01.2025,Mitte,False,Drogendelikt,Mutmaßlicher Drogendealer rastet aus,"Bremen-Mitte, OT Bahnhofsvorstadt, Willy-Brandt-Platz",https://www.polizei.bremen.de/news/pressestelle/pressemeldungen-ab-14012025-62018,"Ein 22 Jahre alter Mann attackierte in der Bahnhofsvorstadt am Dienstagmorgen während einer
Polizeimaßnahme Einsatzkräfte. Anschließend fanden die Polizisten Drogen und Bargeld bei ihm.
Etwa gegen 05:30 Uhr wurden die Einsatzkräfte aufgrund eines Handydiebstahls zum Willy-Brandt-
Platz gerufen. Bei der Sachverhaltsaufnahme rastete der 22 Jahre alte Verdächtige aus und schlug
zunächst einer Polizistin den Schreibblock aus der Hand. Als ihr Kollege dies unterbinden wollte,
schlug der Mann ihm ins Gesicht. Daraufhin wurde er zu Boden gebracht. Dort schlug er weiter um
sich und musste schließlich in Handschellen auf die Wache gebracht werden. Dort wurde bei dem 22-
Jährigen abgepacktes Marihuana und Bargeld gefunden.
Bei einer anschließenden Wohnungsdurchsuchung fanden Einsatzkräfte weitere Verkaufseinheiten
Cannabis und Beweismittel. Die Einsatzkräfte fertigten diverse Strafanzeigen, unter anderem wegen
tätlichen Angriffs auf Vollstreckungsbeamte, wegen Verdachts des Drogenhandels und Diebstahls.
Die weiteren Ermittlungen dauern an.",53.0843721,8.8151591,address
4325.0,2025-01-21,22.01.2025,Mitte,False,Waffendelikt,33-Jähriger nach Drohung mit Messer vorläufig festgenommen,"Bremen-Mitte, OT Bahnhofsvorstadt, Rembertiring",https://www.polizei.bremen.de/news/pressestelle/pressemeldungen-ab-14012025-62018,"Im Rahmen einer Schwerpunktmaßnahme in den Parkhäusern rund um den Hauptbahnhof stellten Zivilkräfte der Polizei Bremen am frühen Dienstagabend einen 33-jährigen Drogendealer. Er hatte nach einem Drogenhandel zwei Männer mit einem Messer bedroht.
In den vergangenen Wochen kam es in den Parkhäusern im Stadtteil Mitte wiederholt zu Autoaufbrüchen und Drogenkriminalität. Die Polizei reagierte darauf mit verstärkter Präsenz, Schwerpunktkontrollen und intensiver kriminalpolizeilicher Ermittlungsarbeit.
Am Dienstagabend meldete die Polizei einen weiteren Erfolg. Zivilkräfte befanden sich gegen 18:45 Uhr in einem Parkhaus im Rembertiring, als drei Männer ins Parkhaus stürmten. Dabei hielt einer der drei ein Messer über den Kopf und schrie den anderen beiden Männern etwas zu. Die Polizisten gaben sich zu erkennen und forderten mit gezogener Schusswaffe lautstark den 33-Jährigen auf, dass Messer fallen zu lassen. Dem kam er erst nach, nachdem die Einsatzkräfte dies mehrfach wiederholten.
Der 33 Jahre alte Mann wurde vorläufig festgenommen und in eine Wache gebracht. Bei einer Durchsuchung fanden die Polizisten weitere Drogen. Die Ermittlungen unter anderem wegen versuchter gefährlicher Körperverletzung dauern an.",53.0788568,8.8168883,address
4425.0,2025-01-22,22.01.2025,Neustadt,False,Koerperverletzung,Tatverdächtige nach Öffentlichkeitsfahndung identifiziert,"Bremen-Neustadt, OT Alte Neustadt, Langemarckstraße",https://www.polizei.bremen.de/news/pressestelle/pressemeldungen-ab-14012025-62018,"Die Staatsanwaltschaft und die Polizei Bremen suchten mit mehreren Fotos nach acht bis dato unbekannten Männern nach einer gefährlichen Körperverletzung, siehe hierzu auch die Pressemeldung 0029. Alle wurden nun identifiziert.
Die mittlerweile zwischen 17 und 20 Jahre alten Männer griffen im Januar 2023 einen jungen Mann in der Neustadt in der Langemarckstraße an und schlugen und traten mehrfach auf ihn ein und sprühten ihm Pfefferspray ins Gesicht.
Die acht jungen Männer haben sich zum Teil selbst gestellt oder wurden identifiziert.
Die Fahndung aus der Pressemeldung 0029 hat sich damit erledigt, die Bilder sind entsprechend zu löschen.",53.0679872,8.7843331,address
4525.0,2025-01-22,23.01.2025,Neustadt,False,Koerperverletzung,17-Jähriger mit Pfefferspray und Messer angegriffen,"Bremen-Neustadt, OT Alte Neustadt, Schulstraße",https://www.polizei.bremen.de/news/pressestelle/pressemeldungen-ab-14012025-62018,"Eine Gruppe von unbekannten Männern griff am Mittwochabend einen 17-Jährigen in der Neustadt an. Die Angreifer benutzten dabei Pfefferspray und ein Messer. Die Polizei sucht Zeugen.
Der 17-Jährige war mit einem Freund in der Straßenbahnlinie 6E in Richtung Innenstadt unterwegs, als eine Personengruppe die beiden ansprach. An der Haltestelle Leibnizplatz stiegen alle Beteiligten aus und gingen in Richtung Schulstraße. Kurz danach wurde dem 17-Jährigen Pfefferspray ins Gesicht gesprüht und anschließend mit einem Messer in den Oberschenkel gestochen. Der Verletzte floh daraufhin mit seinem Freund in eine Straßenbahn und alarmierte die Polizei. Er wurde von Rettungskräften in ein Krankenhaus gebracht und dort ambulant behandelt.
Die Polizei fragt: „Wer hat Mittwochabend in der Schulstraße und näheren Umgebung verdächtige Beobachtungen gemacht und kann Hinweise auf die Täter geben?“ Die Angreifer sollen alle zwischen 1,65 bis 1,75 Meter groß sein und einen dunklen Teint haben. Einer von ihnen hat einen auffälligen Kinnbart. Er trug eine weiße Jacke und eine beigefarbene Mütze. Zeugenhinweise nimmt der Kriminaldauerdienst jederzeit unter 0421 362-3888 entgegen.",53.0693446,8.7966982,address
4625.0,2025-01-23,24.01.2025,Mitte,False,Diebstahl,Serientäter in Haft,"Bremen-Mitte, OT Altstadt, Ansgaritorstraße",https://www.polizei.bremen.de/news/pressestelle/pressemeldungen-ab-14012025-62018,"Die Polizei nahm am Donnerstag in der Altstadt einen Verdächtigen nach einem Diebstahl fest. Ein Haftrichter erließ gegen den bereits einschlägig in Erscheinung getretenen 41-Jährigen Haftbefehl.
Gegen Mittag entwendete der 41-Jährige eine Bauchtasche mit u. a. Bargeld, Kopfhörern und Ausweisen aus einem Fahrzeug, dass in einem Baustellenbereich der Ansgaritorstraße parkte, und flüchtete anschließend. Der Autobesitzer konnte seine gestohlenen Kopfhörer wenig später in den Wallanlagen orten und alarmierte die Polizei, die den 41 Jahre alten Verdächtigen noch in der Nähe stellte. Ein Teil der Beute führte der Dieb noch bei sich, die Kopfhörer lagen in einem Gebüsch versteckt. Der mutmaßliche Täter wurde vorläufig festgenommen, die Sachen als Beweismittel beschlagnahmt.
Er steht zudem im dringenden Tatverdacht, mindestens eine weitere Raubtat und zwei gewerbsmäßige Diebstähle in Mitte begangen zu haben. Auf Antrag der Staatsanwaltschaft Bremen wurde Haftbefehl gegen den Serientäter erlassen.",53.0794273,8.8035302,address
4725.0,2025-01-23,24.01.2025,Mitte,False,Raub,21-jähriger Räuber gestellt,"Bremen-Mitte, OT Bahnhofsvorstadt, Breitenweg",https://www.polizei.bremen.de/news/pressestelle/pressemeldungen-ab-14012025-62018,"Am späten Donnerstagnachmittag raubte ein 21-jähriger Mann mit zwei weiteren Männern einen 32-Jährigen in der Bahnhofsvorstadt aus. Der Räuber konnte festgehalten und der Polizei übergeben werden.
Gegen 17:55 Uhr lief der 32 Jahre alte Mann den Breitenweg entlang, als er von drei Männern angesprochen wurde. Kurz danach wurde er von einem der Männer getreten. Anschließend flüchtete das Trio. Der 32 Jahre alte Mann bemerkte daraufhin, dass sein Mobiltelefon und seine EC-Karte fehlten. Er verfolgte die Flüchtenden und konnte einen der Räuber bis zum Eintreffen der Einsatzkräfte festhalten.
Die Polizisten nahmen den 21-Jährigen mit auf die Wache und fertigten eine Strafanzeige wegen Raubes. Die weiteren Ermittlungen, auch zu den beiden anderen Männern, dauern an. Wer Hinweise auf die anderen Täter geben kann, meldet sich unter der Rufnummer 0421 362-3888 beim Kriminaldauerdienst.",53.0856248,8.8037004,address
4925.0,2025-01-24,25.01.2025,Neustadt,False,Waffendelikt,Angriff mit Waffen auf Lokal,"Bremen-Neustadt, OT Alte Neustadt, Große Johannisstraße",https://www.polizei.bremen.de/news/pressestelle/pressemeldungen-ab-14012025-62018,"Am späten Freitagabend griff eine Gruppe ein Lokal in der Neustadt an, dabei wurde auch mindestens eine Schusswaffe eingesetzt. Mindestens drei Personen wurden schwer verletzt. Die Polizei sucht Zeugen.
Nach ersten Erkenntnissen stürmten etwa gegen 22:05 Uhr mehrere zum Teil vermummte Männer in eine Shisha Bar in der Großen Johannisstraße. Unvermittelt sollen sie auch mit Holzlatten oder Stangen um sich geschlagen und mit Gegenständen geworfen haben, auch mindestens eine Schusswaffe wurde eingesetzt. Als die alarmierten Einsatzkräfte der Polizei Bremen kurz darauf eintrafen, waren die Täter bereits geflüchtet. Die Polizisten sicherten den Bereich ab, leisteten bei den Verletzten Erste Hilfe und leiteten umgehend Fahndungsmaßnahmen ein. Diese verliefen zunächst negativ. Mindestens zwei Männer erlitten Schussverletzungen, ein weiterer Mann wurde durch Schläge schwer am Kopf verletzt. Alle wurden in Krankenhäuser gebracht, mindestens vier weitere Personen erlitten Verletzungen. Die weiterhin intensiven Fahndungs- und Ermittlungsmaßnahmen dauern an. Die Kriminalpolizei und die Staatsanwaltschaft Bremen ermitteln wegen versuchter Tötungsdelikte und wegen schweren Landfriedensbruchs.
Nach ersten Zeugenangaben flüchteten einige der Täter in Richtung Neustadtswallanlagen und Friedrich-Ebert Straße. Zeugen, die in diesem Bereich Beobachtungen gemacht haben, wenden sich an den Kriminaldauerdienst der Polizei Bremen unter 0421 362-3888. Wer Video- oder Fotoaufnahmen im Zusammenhang mit diesem Fall hat, kann diese der Polizei Bremen unter
https://hb.hinweisportal.de/shishabar/de/upload
zur Verfügung stellen. Dies ist auch anonym möglich.",53.0711726,8.7981583,address
5025.0,2025-01-24,27.01.2025,Östliche Vorstadt,False,Verkehrsunfall,Verkehrsunfall mit Polizeifahrzeug,"Bremen-Östliche Vorstadt, OT Hulsberg, Bismarckstraße/Benningsenstraße",https://www.polizei.bremen.de/news/pressestelle/pressemeldungen-ab-14012025-62018,"Am späten Freitagabend kollidierte ein Halbgruppenwagen der Polizei Bremen auf einer Einsatzfahrt an der Kreuzung Bismarckstraße/Benningsenstraße mit einem anderen Auto. Zwei Personen wurden bei dem Unfall leicht verletzt.
Nach derzeitigen Erkenntnissen befuhr der Fahrer des Polizeiautos gegen 22:05 Uhr aufgrund eines Einsatzes mit Blaulicht und Martinshorn die Benningsenstraße und wollte die Kreuzung überqueren. Dabei kollidierte er mit einem Auto, das in Richtung Stresemannstraße fuhr.
Sowohl der Autofahrer als auch eine mitfahrende Polizistin erlitten leichte Verletzungen. Das Auto war nicht mehr fahrbereit und musste abgeschleppt werden. Für die Dauer der Unfallaufnahme wurde der Kreuzungsbereich teilweise gesperrt. Die weiteren Ermittlungen zum Unfallhergang dauern an.",53.07023,8.84098,district
5125.0,2025-02-21,,Mitte,False,Sonstiges,Gefahren für Kinder im Netz – Seminar der Polizei Bremen,"Bremen-Mitte, OT Altstadt, Justizzentrum, Am Wall 198",https://www.polizei.bremen.de/news/pressestelle/pressemeldungen-ab-14012025-62018,"(27.01.25)
Anlässlich des Safer Internet Day lädt das Präventionszentrum der Polizei Bremen am 21. Februar 2025 von 18 bis 19.30 Uhr zum kostenlosen Vortrag „Gefahren im Netz“ ins Justizzentrum, Am Wall 198 ein.
Eltern von Grundschulkindern und Teenagern, Pädagogen und Interessierte erhalten in diesem neuen Seminar praxisnahe Einblicke zu aktuellen Gefahren für Kinder im digitalen Raum, wie Cybergrooming, Pornografie und Sexting. Wir klären über strafrechtliche Hintergründe auf, geben praktische Verhaltens- und Präventionstipps und zeigen, was zu tun ist, wenn Sie oder ihr Kind mit strafbaren Inhalten oder Verhalten im Internet konfrontiert werden. Zudem erhalten Sie Informationen darüber, wo Sie Unterstützung finden können.
Der Vortrag findet am 21. Februar 2025 von 18 bis 19.30 Uhr im Justizzentrum, Am Wall 198 statt.
Da die Plätze begrenzt sind ist eine Anmeldung per E-Mail an
praeventionszentrum@polizei.bremen.de
erforderlich. Weitere Informationen zu Cybercrime und Präventionstipps finden Sie auch auf unserer Internetseite www.polizei.bremen.de.",53.0746204,8.8126749,address
5225.0,2025-01-26,27.01.2025,Walle,False,Sonstiges,Wohnwagen und Kleintransporter mit Hakenkreuzen beschmiert,"Bremen-Walle, OT Hohweg, Bayernstraße/Rosenheimerstraße",https://www.polizei.bremen.de/news/pressestelle/pressemeldungen-ab-14012025-62018,"In Walle sprühten Unbekannte in den vergangenen Tagen unter anderem Hakenkreuze an mehrere Transporter und an einen Wohnwagen. Die Polizei sucht Zeugen.
Eine Eigentümerin eines Wohnwagens stellte am Sonntag gegen 14:30 Uhr Farbschmierereien an ihrem Fahrzeug, darunter ein Hakenkreuz sowie rechtsradikale Inhalte, fest. Daraufhin alarmierte sie die Polizei.
Einen Tag darauf meldete sich ein Mitarbeiter eines Dienstleisters in der Rosenheimerstraße bei der Polizei. Er stellte mehrere Hakenkreuze an insgesamt fünf Kleintransportern fest. Der Mitarbeiter gab an, dass die Tatzeit zwischen Samstag 17 Uhr und Montag 7 Uhr lag.
Die Polizei ermittelt in beiden Fällen wegen des Verwendens von Kennzeichen verfassungswidriger Organisationen und sucht Zeugen. Hinweise nimmt der Kriminaldauerdienst unter der Telefonnummer 0421 362-3888 entgegen.",53.1028746,8.783049,district
5325.0,2024-10-31,28.01.2025,Gröpelingen,False,Diebstahl,Öffentlichkeitsfahndung nach Trickbetrüger,"Bremen-Gröpelingen, Ortsteil Oslebshausen, Dohlenstraße",https://www.polizei.bremen.de/news/pressestelle/pressemeldungen-ab-14012025-62018,"Nach einem Betrugsfall, bei dem eine 81-jährige Bremerin um Schmuck und Bargeld sowie EC-Karte gebracht wurde, suchen die Staatsanwaltschaft und die Polizei Bremen mit einem Foto aus einer Überwachungskamera nach dem Tatverdächtigen.
Am 31. Oktober 2024 erhielt die Seniorin zunächst einen Anruf durch einen vermeintlichen Bankmitarbeiter. Er behauptete, dass Unbekannte versucht hätten, mit gefälschten Papieren das Schließfach ihres verstorbenen Ehemannes auszuräumen. Daraufhin wurde durch den angeblichen Bankmitarbeiter die Polizei verständigt. Kurz danach erschien ein Mann, der sich als Polizist ausgab. Der Betrüger betrat die Wohnung und entwendete die EC-Karte sowie den bereitgestellten Schmuck der Seniorin. Mit der gestohlenen Karte wurde dann an einem Geldautomaten Bargeld abgehoben. Dabei entstand das jetzt veröffentlichte Bild des Tatverdächtigen.
Die Polizei fragt: Wer kann Hinweise zur Identität oder zum Aufenthaltsort des abgebildeten Mannes geben? Hinweise nimmt der Kriminaldauerdienst unter der Telefonnummer 0421 362-3888 entgegen.
Die Polizei Bremen warnt ausdrücklich: Echte Polizisten fordern weder Bargeld noch Wertsachen zur Sicherstellung und holen solche Gegenstände auch nicht ab.
Sollten Sie Anrufe dieser Art erhalten, legen Sie auf und verständigen Sie umgehend die Polizei unter der Notrufnummer 110.",53.116711,8.7630483,district
5425.0,2025-01-24,28.01.2025,Östliche Vorstadt,False,Drogendelikt,Kontrollen im Viertel und im Bremer Westen,Bremen-Östliche Vorstadt/ Walle/ Gröpelingen,https://www.polizei.bremen.de/news/pressestelle/pressemeldungen-ab-14012025-62018,"Die Polizei Bremen führte am Freitag zusammen mit dem Ordnungsamt, Zoll, Finanz- und Bauamt sowie der Gewerbeaufsicht im Viertel, in Walle und Gröpelingen Kontrollen durch. Dabei wurden Kioske, Imbisse und Bars überprüft und diverse Mängel festgestellt. Die Polizei konnte zudem Erfolge in der Bekämpfung gegen die Drogen- und Straßenkriminalität verzeichnen.
Im Bremer Steintor, in Walle und Gröpelingen standen insgesamt neun Lokalitäten von nachmittags bis in den späten Abend im Fokus der Einsatzkräfte. In sieben Lokalitäten wurden unter anderem Verstöße, wie Hygienemängel, Baumängel, illegale Beschäftigung, Verstöße gegen das Betäubungsmittelgesetz und das Arzneimittelgesetz, die Kennzeichnungspflicht und das Verpackungsgesetz sowie massive Kassenmängel festgestellt. Entsprechende Anzeigen wurden gefertigt. In zwei Bars in Gröpelingen wurden außerdem Eisenstangen und ein Baseballschläger sichergestellt.
Gleichzeitig wurden offene sowie verdeckte Maßnahmen zur Bekämpfung des Drogenhandels im Steintor durchgeführt. Bei den umfangreichen Kontrollen wurden mehrere Strafanzeigen gefertigt, Betäubungsmittel und Bargeld beschlagnahmt sowie Straßenhändler gefasst. Die weiteren Ermittlungen hierzu dauern an.
Seit vielen Wochen und Monaten setzt sich die Polizei Bremen verstärkt für die Bekämpfung der Straßenkriminalität ein und wird diese Bemühungen gemeinsam mit anderen Sicherheitsbehörden mit offenen und verdeckten Maßnahmen fortsetzen.",53.07023,8.84098,district
5425.0,2025-01-24,28.01.2025,Walle,False,Drogendelikt,Kontrollen im Viertel und im Bremer Westen,Bremen-Östliche Vorstadt/ Walle/ Gröpelingen,https://www.polizei.bremen.de/news/pressestelle/pressemeldungen-ab-14012025-62018,"Die Polizei Bremen führte am Freitag zusammen mit dem Ordnungsamt, Zoll, Finanz- und Bauamt sowie der Gewerbeaufsicht im Viertel, in Walle und Gröpelingen Kontrollen durch. Dabei wurden Kioske, Imbisse und Bars überprüft und diverse Mängel festgestellt. Die Polizei konnte zudem Erfolge in der Bekämpfung gegen die Drogen- und Straßenkriminalität verzeichnen.
Im Bremer Steintor, in Walle und Gröpelingen standen insgesamt neun Lokalitäten von nachmittags bis in den späten Abend im Fokus der Einsatzkräfte. In sieben Lokalitäten wurden unter anderem Verstöße, wie Hygienemängel, Baumängel, illegale Beschäftigung, Verstöße gegen das Betäubungsmittelgesetz und das Arzneimittelgesetz, die Kennzeichnungspflicht und das Verpackungsgesetz sowie massive Kassenmängel festgestellt. Entsprechende Anzeigen wurden gefertigt. In zwei Bars in Gröpelingen wurden außerdem Eisenstangen und ein Baseballschläger sichergestellt.
Gleichzeitig wurden offene sowie verdeckte Maßnahmen zur Bekämpfung des Drogenhandels im Steintor durchgeführt. Bei den umfangreichen Kontrollen wurden mehrere Strafanzeigen gefertigt, Betäubungsmittel und Bargeld beschlagnahmt sowie Straßenhändler gefasst. Die weiteren Ermittlungen hierzu dauern an.
Seit vielen Wochen und Monaten setzt sich die Polizei Bremen verstärkt für die Bekämpfung der Straßenkriminalität ein und wird diese Bemühungen gemeinsam mit anderen Sicherheitsbehörden mit offenen und verdeckten Maßnahmen fortsetzen.",53.1028746,8.783049,district
5425.0,2025-01-24,28.01.2025,Gröpelingen,False,Drogendelikt,Kontrollen im Viertel und im Bremer Westen,Bremen-Östliche Vorstadt/ Walle/ Gröpelingen,https://www.polizei.bremen.de/news/pressestelle/pressemeldungen-ab-14012025-62018,"Die Polizei Bremen führte am Freitag zusammen mit dem Ordnungsamt, Zoll, Finanz- und Bauamt sowie der Gewerbeaufsicht im Viertel, in Walle und Gröpelingen Kontrollen durch. Dabei wurden Kioske, Imbisse und Bars überprüft und diverse Mängel festgestellt. Die Polizei konnte zudem Erfolge in der Bekämpfung gegen die Drogen- und Straßenkriminalität verzeichnen.
Im Bremer Steintor, in Walle und Gröpelingen standen insgesamt neun Lokalitäten von nachmittags bis in den späten Abend im Fokus der Einsatzkräfte. In sieben Lokalitäten wurden unter anderem Verstöße, wie Hygienemängel, Baumängel, illegale Beschäftigung, Verstöße gegen das Betäubungsmittelgesetz und das Arzneimittelgesetz, die Kennzeichnungspflicht und das Verpackungsgesetz sowie massive Kassenmängel festgestellt. Entsprechende Anzeigen wurden gefertigt. In zwei Bars in Gröpelingen wurden außerdem Eisenstangen und ein Baseballschläger sichergestellt.
Gleichzeitig wurden offene sowie verdeckte Maßnahmen zur Bekämpfung des Drogenhandels im Steintor durchgeführt. Bei den umfangreichen Kontrollen wurden mehrere Strafanzeigen gefertigt, Betäubungsmittel und Bargeld beschlagnahmt sowie Straßenhändler gefasst. Die weiteren Ermittlungen hierzu dauern an.
Seit vielen Wochen und Monaten setzt sich die Polizei Bremen verstärkt für die Bekämpfung der Straßenkriminalität ein und wird diese Bemühungen gemeinsam mit anderen Sicherheitsbehörden mit offenen und verdeckten Maßnahmen fortsetzen.",53.116711,8.7630483,district
5625.0,2025-01-28,29.01.2025,Mitte,False,Fahrzeugaufbruch,Autoaufbrecher geht in Haft,"Bremen-Mitte, OT Bahnhofsvorstadt, Rembertiring",https://www.polizei.bremen.de/news/pressestelle/pressemeldungen-ab-14012025-62018,"Einsatzkräfte der Polizei Bremen nahmen am Dienstagmorgen einen Autoaufbrecher in der Bahnhofsvorstadt fest. Er hatte die Scheiben mehrerer Autos zerschlagen und diese durchsucht.
Am Morgen um kurz vor acht Uhr hörte ein Sicherheitsmitarbeiter einen akustischen Alarm in der zweiten Etage eines Parkhauses im Rembertiring. Als er nach dem Rechten schaute, entdeckte er einen Verdächtigen an einem BMW. Der Mann saß auf dem Fahrersitz und war mit dem Kopf zur Mittelkonsole gebeugt. Kurz danach kroch er aus einem der hinteren Fenster aus dem Auto und flüchtete aus dem Parkhaus. Einsatzkräfte stellten den 35-Jährigen kurz danach vor dem Eingang einer Diskothek und nahmen ihn fest. Nachdem das Parkhaus durchsucht wurde, stellten die Polizisten insgesamt fünf aufgebrochene Fahrzeuge fest.
Auf Antrag der Staatsanwaltschaft Bremen wurde Haftbefehl gegen den 35 Jahre alten Mann, der mehrfach wegen Betäubungsmittel-Delikten in Erscheinung getreten ist, erlassen. Er wurde der Justizvollzugsanstalt überstellt.",53.0788568,8.8168883,address
5925.0,2025-01-29,30.01.2025,Obervieland,False,Diebstahl,Trickbetrügerin bestiehlt Senior,"Bremen-Obervieland, OT Kattenturm",https://www.polizei.bremen.de/news/pressestelle/pressemeldungen-ab-14012025-62018,"Am Mittwoch gab sich in Obervieland eine Trickbetrügerin als Nachbarin aus und gelangte so an Bargeld. Die Polizei sucht Zeugen.
Gegen 14:20 Uhr gab sich im Ortsteil Kattenturm eine bislang unbekannte Frau gegenüber einem 89-Jährigen als Nachbarin aus, die angeblich die Nummern der Heizkörper notieren müsse. Als die vermeintliche Nachbarin in der Wohnung war, schaute sie sich zunächst in jedem Raum um und setzte sich mit dem Senior in die Küche. Sie gab an, aufgrund einer Krankheit öfter die Toilette aufsuchen zu müssen. Als die Unbekannte die Wohnung verließ, bemerkte der 89-Jährige das seine Räume durchsucht und ihm Bargeld entwendet wurde.
Die Frau wurde wie folgt beschrieben: Sie soll ungefähr 1,70 Meter groß, sehr korpulent und um die 30 Jahre alt sein. Sie trug eine schwarze Fleecejacke, darunter eine weiße Bluse, eine schwarze Hose und weiße Turnschuhe. Zudem war sie stark geschminkt und hatte auffällig lange Fingernägel.
Hinweise nimmt der Kriminaldauerdienst unter der Telefonnummer 0421 362-3888 entgegen.
Die Polizei warnt eindrücklich davor, unbekannten Personen Zutritt zur Wohnung zu gestatten. Trickdiebe und Betrüger sind oft wortgewandt und ideenreich. Ziehen Sie gegebenenfalls Nachbarn oder Bekannte hinzu. Rufen Sie beim geringsten Zweifel den kostenlosen Notruf der Polizei unter 110 an. Weitere Tipps und Hinweise gibt es beim Präventionszentrum der Polizei Bremen unter 0421 362-19003, bzw. unter www.polizei.bremen.de oder www.polizei-beratung.de.",53.03885,8.837961,district
6025.0,2025-01-29,30.01.2025,Mitte,False,Sachbeschaedigung,Steinwürfe auf Moscheeräume,"Bremen-Mitte, OT Bahnhofsvorstadt, Löningstraße",https://www.polizei.bremen.de/news/pressestelle/pressemeldungen-ab-14012025-62018,"Unbekannte warfen am Mittwochvormittag Steine gegen die Scheiben einer Moschee in der Bahnhofsvorstadt. Die Polizei sucht Zeugen.
Gegen 11:45 Uhr bemerkten Mitarbeiter in der Löningstraße die beschädigte Scheibe und Steine auf dem Gehweg. Gegenüber den alarmierten Einsatzkräften gaben sie an, dass sie den Zeitraum der Tat zwischen 8:00 Uhr bis 11:45 Uhr eingrenzen könnten. Die Polizisten fertigten eine Strafanzeige wegen gemeinschädlicher Sachbeschädigung. Die weiteren Ermittlungen dauern an.
Zeugenhinweise nimmt der Kriminaldauerdienst der Polizei Bremen unter 0421 362-3888 entgegen.",53.0804492,8.816444,address
6225.0,2025-01-30,31.01.2025,Horn-Lehe,False,Verkehrsunfall,Schwerer Verkehrsunfall: Fußgänger von Straßenbahn erfasst,"Bremen-Horn-Lehe, OT Lehesterdeich, Lilienthaler Heerstraße",https://www.polizei.bremen.de/news/pressestelle/pressemeldungen-ab-14012025-62018,"Im Stadtteil Horn-Lehe wurde Donnerstagmittag ein 66-jähriger Fußgänger von einer Straßenbahn erfasst und lebensgefährlich verletzt. Der Mann betrat den Gleiskörper, als die Bahn herannahte. Trotz einer Notbremsung konnte der Fahrer den Zusammenstoß nicht mehr verhindern.
Nach bisherigen Erkenntnissen näherte sich der Mann der Lilienthaler Heerstraße im Bereich der Straße Im Leher Felde. Nachdem er die Fahrbahn überquert hatte, betrat er unbefugt den erhöhten Gleiskörper der Straßenbahn. In diesem Moment erfasste ihn eine in Richtung Arsten fahrende Straßenbahn der Linie 4. Der 52-jährige Straßenbahnfahrer leitete noch eine Gefahrenbremsung ein, konnte jedoch einen Zusammenstoß nicht mehr verhindern. Der Fußgänger erlitt lebensgefährliche Verletzungen und wurde umgehend in ein Krankenhaus gebracht.
Die Ermittlungen zum genauen Unfallhergang dauern an. Zeugen, die sachdienliche Hinweise geben können, werden gebeten, sich bei der Verkehrsbereitschaft unter der Telefonnummer 0421 362-14850 zu melden.",53.1022126,8.8810053,address
6325.0,2025-01-30,,Hemelingen,False,Sonstiges,Trickdiebinnen gefasst,"Bremen-Hemelingen, OT Sebaldsbrück, Merziger Straße",https://www.polizei.bremen.de/news/pressestelle/pressemeldungen-ab-14012025-62018,"(31.01.25)
Am Donnerstag gaben sich drei Frauen als Mitarbeiterinnen eines Pflegedienstes aus und bestahlen ein Seniorenehepaar in Sebaldsbrück. Die Täterinnen flüchteten zunächst, konnten aber wenig später von der Polizei gestellt werden.
Am frühen Nachmittag klingelte eine Fremde an der Haustür der 89 und 91 Jahre alten Eheleute an der Merziger Straße und stellte sich als Frau Bock vom Pflegedienst vor. Unter dem Vorwand, sie müsse dringend eine Beratung durchführen, erlangte sie Zutritt ins Haus. Im Anschluss ließ sie noch zwei angebliche Mitarbeiterinnen hinein, die sich in den Wohnräumen umsahen. Der 91-Jährige ertappte dabei eine Frau, wie sie gerade zwei Briefumschläge mit Geldscheinen aus einem Sekretär entnahm. Anschließend verließ das Trio schnell das Haus und eine aufmerksame Nachbarin beobachte noch, wie es mit einem Mercedes flüchtete. Nach einer kurzen Fahndung wurden die drei mutmaßlichen Täterinnen in Hemelingen gefasst. Diebesgut konnte bei ihnen nicht mehr gefunden werden.
Die Ermittlungen gegen die 29, 33 und 52 Jahre alten Tatverdächtigen dauern.
Die Polizei warnt davor, Fremden Zutritt zur Wohnung zu gestatten. Dem Einfallsreichtum der Täter und Täterinnen sind keine Grenzen gesetzt. Ziehen Sie gegebenenfalls Nachbarn oder Bekannte hinzu. Rufen Sie beim geringsten Zweifel den kostenlosen Notruf der Polizei unter 110 an. Weitere Tipps und Hinweise gibt es beim Präventionszentrum der Polizei Bremen unter 0421 362-19003, bzw. unter www.polizei.bremen.de oder www.polizei-beratung.de.",53.0589636,8.9132212,address
6425.0,2025-01-29,,Mitte,False,Koerperverletzung,Parteibüro mit Farbe beschmiert,"Bremen-Mitte, OT Altstadt, Am Wall",https://www.polizei.bremen.de/news/pressestelle/pressemeldungen-ab-14012025-62018,"(31.01.25)
Unbekannte beschmierten in der Zeit von Mittwochnachmittag bis Donnerstagmittag ein Parteibüro in der Altstadt mit Farbe. Die Polizei sucht Zeugen.
Die Täter hinterließen an der Fassade des CDU-Büros Am Wall einen großflächigen roten Farbfleck. Auch das Auto eines Sicherheitsmitarbeiters wurde vor dem Parteibüro beschädigt. Unbekannte schlugen in der Zeit von Donnerstagabend bis Freitagmorgen die Autoscheiben ein.
Die Polizei hat die Ermittlungen wegen Sachbeschädigung aufgenommen.
Zeugenhinweise nimmt der Kriminaldauerdienst unter der Rufnummer 0421 362-3888 entgegen.",53.0810445,8.8009342,address
6525.0,2025-01-30,31.01.2025,Hemelingen,False,Koerperverletzung,Zeugen nach Auseinandersetzung gesucht,"Bremen-Hemelingen, OT Sebaldsbrück, Sebaldsbrücker Heerstraße",https://www.polizei.bremen.de/news/pressestelle/pressemeldungen-ab-14012025-62018,"In Hemelingen kam es am Donnerstag zu einer Auseinandersetzung zwischen zwei Männern. Ein 43-Jähriger erlitt dabei mehrere Verletzungen. Einsatzkräfte nahmen einen 26 Jahre alten Tatverdächtigen vorläufig fest. Die Polizei sucht weitere Zeugen.
Gegen 6 Uhr wurden Einsatzkräfte in eine Wohnung im Ortsteil Sebaldsbrück gerufen, weil es kurz zuvor eine Schlägerei vor einer Gaststätte in der Sebaldsbrücker Heerstraße gegeben haben sollte.  Vor Ort trafen die Einsatzkräfte auf einen Mann, der eine stark blutende Kopfplatzwunde hatte. Er gab an, dass er in der besagten Gaststätte mit einem anderen Mann aneinandergeraten war. Als sie nach draußen gingen, erhielt der 43-Jährige einen Schlag auf den Hinterkopf und wurde anschließend von mehreren Personen geschlagen. Danach verlor er das Bewusstsein. Als die Einsatzkräfte die Gaststätte aufsuchten, stellten sie einen 26-jährigen Tatverdächtigen und nahmen ihn vorläufig fest. Der 43-Jährige wurde von Rettungskräften in ein Krankenhaus gebracht.
Die Kriminalpolizei ermittelt wegen gefährlicher Körperverletzung und fragt: „Wer hat in der Nacht zu Donnerstag und am frühen Morgen die Auseinandersetzung vor der Gaststätte in der Sebaldsbrücker Heerstraße beobachtet? Hinweise nimmt der Kriminaldauerdienst jederzeit unter der Telefonnummer 0421 362-3888 entgegen.",53.0619283,8.8884041,address
6625.0,2025-01-31,01.02.2025,Osterholz,False,Raub,Bewaffneter Raubüberfall auf Kiosk in Bremen-Osterholz – Täter flüchten ohne Beute,"Bremen-Osterholz, OT Blockdiek, Osterholzer Landstraße",https://www.polizei.bremen.de/news/pressestelle/pressemeldungen-ab-14012025-62018,"Am Freitagabend überfielen zwei bewaffnete Räuber einen Kiosk in der Osterholzer Landstraße. Die Täter flüchteten ohne Beute in Richtung Blockdiekfleet.
Gegen kurz nach 21:00 Uhr betraten die maskierten Männer den bereits geschlossenen Kiosk und forderten unter Vorhalt einer Schusswaffe und eines Messers von dem 49-jährigen Verkäufer die Herausgabe von Geld. Dieser weigerte sich und versuchte, sich mit seinem Handy als Schlagwerkzeug zu verteidigen. Daraufhin ergriffen die Täter die Flucht.
Einer der Männer war etwa 35 Jahre alt, 1,80 Meter groß und trug eine dunkle lange Hose sowie ein dunkles langes Oberteil mit einem blauen Emblem auf der linken Brust. Sein Komplize, ebenfalls etwa 35 Jahre alt und 1,80 Meter groß, war ähnlich gekleidet – mit einer dunklen langen Hose, die am unteren Rand möglicherweise einen reflektierenden Streifen hatte, sowie einem dunkelblauen Oberteil mit weißen Ärmelstreifen und einem weißen Emblem auf der linken Brust. Zudem trug er eine sechseckige Sonnenbrille.
Zeugen, die Hinweise zu den Tätern geben können, werden gebeten, sich beim Kriminaldauerdienst unter der Telefonnummer 0421 362-3888 zu melden.
Das Verhalten des Kioskverkäufers war sehr couragiert. Die Polizei appelliert in diesem Zusammenhang: Gehen Sie kein Risiko ein und bringen Sie sich nicht in Gefahr. Gefordert ist kein Heldentum. Prägen Sie sich Tätermerkmale und Fluchtrichtungen ein und rufen Sie die 110.",53.0637216,8.9322507,address
6725.0,2025-01-31,03.02.2025,Gröpelingen,False,Koerperverletzung,Wildwest im Straßenverkehr,"Bremen-Gröpelingen, OT Ohlenhof, Schwarzer Weg",https://www.polizei.bremen.de/news/pressestelle/pressemeldungen-ab-14012025-62018,"Am Freitagnachmittag kam es in Gröpelingen zu einem Angriff auf einen 25-jährigen Autofahrer und seine schwangere 36-jährige Beifahrerin.
Während der Fahrt traf das Duo auf dem Schwarzen Weg in Fahrtrichtung Gröpelinger Heerstraße auf einen mitten auf der Fahrbahn stehenden Mercedes mit drei Insassen, die sich mit einer Person am Straßenrand unterhielten. Nach einem Hupen des 25-Jährigen kam es zunächst zu einem verbalen Streit mit einem der Insassen des Mercedes. Dieser kehrte anschließend zu seinem Fahrzeug zurück und setzte sein Auto auf den Gehweg, um die Straße freizugeben.
Der 25-jährige Fahrer setzte seine Fahrt fort, musste jedoch an der Kreuzung Schwarzer Weg/Gröpelinger Heerstraße anhalten. Einer der Insassen des Mercedes stieg daraufhin aus, öffnete die Fahrertür des 25-Jährigen und schlug ihm mehrfach ins Gesicht. Zudem wurde der Fahrer am Revers gepackt und leicht aus dem Fahrzeug gezogen. Als die schwangere Beifahrerin zur Hilfe eilen wollte, stiegen zwei weitere Männer aus dem Mercedes aus und attackierten sie. Dabei erhielt die Frau Schläge und Tritte in den Bauchbereich. Die 36-Jährige musste stationär im Krankenhaus aufgenommen werden. Nach ärztlicher Untersuchung wurde sie wieder entlassen.
Während des Angriffs rollte das Fahrzeug des 25-Jährigen zurück und kollidierte mit einem anderen Pkw, wodurch ein Verkehrsunfall entstand.
Die Angreifer flüchteten nach der Tat. Im Zuge der Fahndung konnte der Mercedes im Bereich Wohlers Eichen lokalisiert werden. Nach weiteren Ermittlungen nahmen die Einsatzkräfte zwei der Insassen im Alter von 15 und 24 Jahren vorläufig fest. Beim mutmaßlichen Fahrer ergab ein Drogentest ein positives Ergebnis auf THC, woraufhin eine Blutentnahme angeordnet wurde.
Die weiteren intensiven Ermittlungen, auch zum dritten Insassen, durch die Kriminalpolizei dauern an.",53.1222582,8.7521472,address
6825.0,2025-02-01,02.02.2025,Horn-Lehe,False,Sonstiges,Tatort Damentoilette – Aufregung um vermeintliche Spionagekamera,"Bremen-Horn-Lehe, OT Lehe, Bibliothekstraße",https://www.polizei.bremen.de/news/pressestelle/pressemeldungen-ab-14012025-62018,"Ein mysteriöses Objekt auf der Damentoilette der Universität Bremen sorgte am Wochenende für Aufregung und rief schließlich die Polizei auf den Plan. Was als brisante Enthüllung begann, endete jedoch mit einer überraschenden Wendung.
Alles begann am Freitag, als eine aufmerksame Reinigungskraft ein verdächtiges Gerät entdeckte. Der Verdacht: Eine versteckte Kamera! Die Universitätsleitung reagierte umgehend und informierte die Studierenden – nicht nur vor Ort mit Aushängen, sondern dank sozialer Netzwerke bald in ganz Bremen (und wahrscheinlich auch darüber hinaus). Die besorgten Anrufe und Anfragen bei der Polizei ließen nicht lange auf sich warten: Wer spioniert hier die Damen aus?
Am Samstagvormittag nahmen sich unsere Einsatzkräfte des Falls an und inspizierten die sanitären Anlagen – mit negativem Ergebnis. Dann der entscheidende Moment: Die gefundene vermeintliche Kamera wurde genauer unter die Lupe genommen. Das Ergebnis? Kein High-Tech-Spionagegerät, sondern ein gewöhnliches Diktiergerät.
Die große Frage bleibt: War es ein vergessener Lernhelfer, ein missglückter Scherz oder doch ein (sehr ungeschickter) Lauschangriff? Die Ermittlungen dauern an – wir bleiben dran!
In der Zwischenzeit dürfen alle erleichtert durchatmen: Die Toiletten bleiben weiterhin ein sicherer Rückzugsort.
Ihre Polizei Bremen.",53.1070805,8.8522797,address
6925.0,2025-02-01,02.02.2025,Huchting,False,Sonstiges,Polizeieinsatz nach Lachgaskonsum,"Bremen-Huchting, OT Mittelshuchting",https://www.polizei.bremen.de/news/pressestelle/pressemeldungen-ab-14012025-62018,"Am Samstagabend schritt die Polizei in Huchting ein, nachdem ein 15-jähriger Jugendlicher sich im Keller eines Wohnhauses eingeschlossen und Lachgas konsumiert hatte. Die alarmierten Einsatzkräfte wurden von der Familie des Jungen verständigt, da er in der Vergangenheit bereits aufgrund seines Lachgaskonsums in ärztlicher Behandlung war.
Beim Eintreffen der Polizei verhielt sich der Jugendliche aggressiv und griff sofort die Einsatzkräfte an. Dabei wurde eine 28-jährige Polizistin im Gesicht verletzt, sodass sie ihren Dienst nicht weiter fortsetzen konnte. Da der Jugendliche zudem um sich spuckte, musste er fixiert und mit einer Spuckschutzhaube versehen werden. Anschließend wurde er zur medizinischen und psychologischen Begutachtung in ein Krankenhaus gebracht. Nachdem sich die Lage beruhigt hatte, übergaben die Einsatzkräfte ihn nach Abschluss der Maßnahmen wieder seinen Erziehungsberechtigten. Gegen ihn wird nun unter anderem wegen eines tätlichen Angriffs auf Vollstreckungsbeamte ermittelt.
Polizei warnt
Lachgas ist ein farb- und geruchloses Gas, das unter anderem in der Industrie, beim Zahnarzt oder in der Lebensmittelbranche Verwendung findet. Beim missbräuchlichen Inhalieren wirkt es kurzzeitig berauschend, kann jedoch zu Sauerstoffmangel, Übelkeit, Schwindel, Kopfschmerzen sowie langfristig zu Nerven- und Hirnschäden führen. Die Polizei Bremen weist darauf hin, dass der Missbrauch von Lachgas als Rauschmittel unter Jugendlichen ein besorgniserregender und lebensgefährlicher Trend ist. Eltern sollten mit ihren Kindern über die Gefahren sprechen und sie für einen bewussten Umgang mit solchen Substanzen sensibilisieren. Für weitere Informationen und Präventionstipps steht das Präventionszentrum der Polizei Bremen unter der Telefonnummer 0421 362-19003 zur Verfügung.",53.0519445,8.7422973,district
7025.0,2025-02-02,03.02.2025,Vegesack,False,Raub,Unbekannter raubt Frau aus,"Bremen-Vegesack, OT Vegesack, Aumunder Flur",https://www.polizei.bremen.de/news/pressestelle/pressemeldungen-ab-14012025-62018,"Ein unbekannter Täter überfiel am Sonntagnachmittag eine 77 Jahre alte Frau in Vegesack. Die Polizei sucht Zeugen.
Etwa um 15:50 Uhr wollte die 77-Jährige gerade ihre Haustür in der Straße Aumunder Flur aufschließen, als der Unbekannte sich von hinten näherte. Er zog ihr die Mütze über den Kopf, schlug sie und entriss ihr die Brieftasche. Anschließend rannte er in Richtung Georg-Gleistein-Straße davon. Die Seniorin blieb unverletzt. Umgehend eingeleitete Fahndungsmaßnahmen verliefen negativ.
Der Mann wurde wie folgt beschrieben. Er war etwa 180 cm groß und trug eine schwarze Wollmütze. Bekleidet war er mit einer schwarzen Jacke, einer schwarzen Hose und schwarzen Schuhen.
Zeugenhinweise nimmt der Kriminaldauerdienst der Polizei Bremen unter 0421 362-3888 entgegen.",53.1790424,8.6209631,address
9126.0,2026-02-02,03.02.2026,Hemelingen,False,Verkehrsunfall,Flucht endet an der Hausmauer,"Bremen- Hemelingen, OT Hastedt, Am Rosenberg",https://www.polizei.bremen.de/news/pressestelle/pressemeldungen-ab-02022026-66703,"Ein Audi-Fahrer entzog sich am Montagmorgen einer Verkehrskontrolle in Bremen-Hastedt und verursachte dabei einen Unfall. Zuvor war das Fahrzeug Einsatzkräften der Polizei Bremen auf der Karl-Carstens-Brücke durch überhöhte Geschwindigkeit und zu geringen Sicherheitsabstand aufgefallen.
Als die Polizisten den Wagen im Bereich Malerstraße/Stresemannstraße kontrollieren wollten, beschleunigte der Fahrer plötzlich und flüchtete. In der Straße Am Rosenberg verlor er offenbar die Kontrolle über sein Fahrzeug, kam von der Fahrbahn ab und prallte in einem Vorgarten gegen Zaun und Hauswand. Der Fahrer flüchtete anschließend zu Fuß.
Aufgrund der glatten Fahrbahnverhältnisse konnte auch das zivile Polizeifahrzeug, das mit Abstand folgte, nicht rechtzeitig anhalten und kollidierte ebenfalls mit einem Zaun und einer Hauswand. Verletzt wurde niemand.
Die weiteren Ermittlungen dauern an.",53.0651153,8.873802,address
9226.0,2026-02-02,03.02.2026,Huchting,False,Koerperverletzung,Feuer in Gaststätte,"Bremen-Huchting, OT Sodenmatt, Obervielander Straße",https://www.polizei.bremen.de/news/pressestelle/pressemeldungen-ab-02022026-66703,"In der Nacht von Montag auf Dienstag legten Unbekannte Feuer in einer Sportgaststätte in Huchting. Die Polizei sucht Zeugen.
Etwa um 23:10 Uhr wurde die Alarmanlage des Lokals in der Obervielander Straße ausgelöst und der 60 Jahre alte Inhaber machte sich auf den Weg dorthin. Vor Ort bemerkte er Rauch im Gebäude und alarmierte Feuerwehr und Polizei. Die Flammen wurden durch die Feuerwehr schnell gelöscht, verletzt wurde niemand. Nach bisherigem Stand der Ermittlungen schlugen Unbekannte eine Scheibe der Gaststätte ein und legten dann Feuer im Inneren. Die Kriminalpolizei hat die Ermittlungen zur genauen Brandursache aufgenommen.
Zeugen, die in der Obervielander Straße oder der näheren Umgebung Beobachtungen gemacht haben, werden gebeten, sich beim Kriminaldauerdienst der Polizei Bremen unter 0421 362-3888 zu melden.",53.0517687,8.736911,address
9326.0,2026-02-04,05.02.2026,Neustadt,False,Raub,Raubüberfälle nach vermeintlichem Date in der Neustadt,"Bremen-Neustadt, OT Alte Neustadt/Gartenstadt Süd, Kleine Annenstraße/Lobsienstraße",https://www.polizei.bremen.de/news/pressestelle/pressemeldungen-ab-02022026-66703,"Zwei Männer im Alter von 23 und 29 Jahren gerieten in der Nacht zu Donnerstag in der Neustadt in eine Dating-Falle. Nachdem sich beide über eine Kleinanzeigenplattform mit einer vermeintlichen Frau zu einem Treffen verabredet hatten, wurden sie von Unbekannten überfallen und ausgeraubt.
Beide Männer hatten auf ein Inserat reagiert, in dem eine junge Frau einen Sexpartner suchte. Die Treffen wurden in der Lobsienstraße und Kleine Annenstraße vereinbart. Als die Männer vor Ort waren wurden sie von drei Unbekannten angegriffen. Sie schlugen auf die Männer ein und verwendeten in einem Fall einen Schlagstock. Anschließend entwendeten sie unter anderem Bargeld, Mobiltelefone und eine Uhr.
Der 23 Jahre alte Mann erlitt eine Wunde am Kopf und wurde von Rettungskräften vor Ort versorgt. Der 29 Jahre alte Mann war zwischenzeitlich bewusstlos und wurde in ein Krankenhaus gebracht und dort stationär aufgenommen.
In einem Fall wurden zwei, der drei Täter wie folgt beschrieben: Beide sollen ungefähr 20 Jahre alt und komplett in schwarz gekleidet gewesen sein. Einer von ihnen soll circa 1,70 Meter groß und einen dunkleren Teint haben. Der zweite soll um die 1,85 Meter groß und eine schwarze Hautfarbe haben.
Die Polizei bittet um Hilfe und fragt: Wer hat in der Nacht zu Donnerstag gegen 23 Uhr in der Kleine Annenstraße sowie gegen 01:40 Uhr in der Lobsienstraße verdächtige Beobachtungen gemacht? Wer kann Angaben zu den beschriebenen Personen machen? Hinweise nimmt der Kriminaldauerdienst unter der Telefonnummer 0421 362-3888 entgegen. Ob zwischen den beiden Vorfällen ein Zusammenhang besteht, wird derzeit geprüft.
Die Polizei rät zu besonderer Vorsicht bei Verabredungen über Online-Portale: Treffen Sie sich zunächst an einem öffentlichen, gut besuchten Ort, beispielsweise in einem Café oder Restaurant. Vermeiden Sie Treffen an abgelegenen oder Ihnen unbekannten Orten. Planen Sie Ihre An- und Abreise eigenständig, um unabhängig von der neuen Bekanntschaft zu sein. Informieren Sie eine Vertrauensperson über Zeit und Ort des Treffens.",53.0695355,8.7928381,district
9426.0,2026-02-05,,Hemelingen,False,Raub,Tankstellenraub mit Verletztem – Polizei sucht Zeugen,"Bremen-Hemelingen, OT Hemelingen, Schlengstraße",https://www.polizei.bremen.de/news/pressestelle/pressemeldungen-ab-02022026-66703,"(06.02.26)
Am Donnerstagabend, gegen 22.30 Uhr, überfielen drei maskierte Täter eine Tankstelle in der Schlengstraße in Bremen-Hemelingen. Dabei wurde ein Mitarbeiter verletzt. Die Kriminalpolizei ermittelt und prüft intensiv mögliche Zusammenhänge mit vorangegangenen Überfällen in jüngerer Vergangenheit.
Nach bisherigen Erkenntnissen betrat zunächst ein junger Mann den Verkaufsraum und gab vor, ein Getränk kaufen zu wollen. Als der 20 Jahre alte Mitarbeiter die Kasse öffnete, kamen zwei weitere Täter hinzu. Einer der Männer bedrohte den Angestellten mit einer Schusswaffe, ein anderer begab sich hinter den Verkaufstresen und entnahm Bargeld sowie eine Geldkassette. Als der 20-Jährige versuchte, die Flucht zu verhindern, stach ein Räuber mit einem Messer in dessen Oberschenkel. Der dritte Täter sicherte währenddessen den Eingangsbereich. Anschließend flüchteten alle drei fußläufig in Richtung Schlengpark.
Der verletzte Mitarbeiter wurde zur weiteren ambulanten medizinischen Versorgung in ein Krankenhaus gebracht. Eine sofort eingeleitete Fahndung im Nahbereich verlief bisher ohne Erfolg.
Das Räubertrio soll etwa 18 bis 20 Jahre alt sein. Alle circa 170–180 Zentimeter groß, dunkel gekleidet und mit Stofftüchern maskiert.
Wer im Bereich der Schlengstraße oder des Schlengparks verdächtige Beobachtungen gemacht hat oder Hinweise zu den Tätern geben kann, wird gebeten, sich beim Kriminaldauerdienst der Polizei Bremen unter 0421 362-3888 zu melden.",53.0505,8.8938754,address
9526.0,2026-02-05,06.02.2026,Mitte,False,Drogendelikt,Wohnungsdurchsuchung – Polizei stellt Drogen sicher und vollstreckt Haftbefehl,"Bremen-Mitte, OT Bahnhofsvorstadt, An der Weide",https://www.polizei.bremen.de/news/pressestelle/pressemeldungen-ab-02022026-66703,"Die Polizei Bremen führte am Donnerstag gemeinsam mit dem Ordnungsamt und dem Bauamt Kontrollen in einem Mehrparteienhaus und in einem gewerblichen Objekt im Bereich der Bahnhofsvorstadt durch. Dabei wurden Drogen beschlagnahmt und ein Haftbefehl vollstreckt. Zudem stellten sie in einem Kiosk diverse Verstöße fest.
Nach Hinweisen aus der Bevölkerung, wonach es in den vergangenen Monaten in einem Mehrparteienhaus in der Straße An der Weide in einer Wohnung immer wieder zum Handel von Betäubungsmittel gekommen sein soll, wurden Ermittlungen gegen einen 32 Jahre alten Mann aufgenommen. Aufgrund der Ermittlungsergebnisse wurde ein Durchsuchungsbeschluss für seine Wohnung bei der Staatsanwaltschaft Bremen erwirkt und am frühen Donnerstagnachmittag vollstreckt.
Bei einer Aufklärung vor Ort beobachteten die Polizisten zunächst, dass diverse Personen in regelmäßigen Abständen das Haus betraten und nach einer bestimmten Zeit wieder verließen. In der betroffenen Wohnung trafen die Einsatzkräfte auf mehrere Personen aus der Obdachlosen- und Betäubungsmittelszene. Dort wurden Drogen in Form von Crack und Heroin festgestellt und beschlagnahmt. Gegen einen anwesenden 27-Jährigen lag ein offener Haftbefehl vor, der umgehend vollstreckt wurde. Eine weitere Person wurde aufgrund einer vermutlichen Überdosis von den Einsatzkräften erstversorgt und anschließend an Rettungskräfte übergeben. Der 32-jährige Mieter und mutmaßliche Drogenhändler konnte kurze Zeit später vor dem Gebäude gestellt und vorläufig festgenommen werden. Er wurde mit auf die Wache genommen und erkennungsdienstlich behandelt. Eine Strafanzeige wegen Verstößen gegen das Betäubungsmittelgesetz wurde gefertigt. Die weiteren Ermittlungen dauern an. Durch das Bauamt wurden in dem Mehrparteienhaus diverse Mängel wie unter anderem Brandschutzverstöße, fehlende Rauchmelder sowie fehlende Genehmigungen für die Wohnungsnutzung erfasst. Zudem wurden im Treppenhaus auffällige Verschmutzungen in Form von Fäkalien und Unrat festgestellt. Entsprechende Maßnahmen wurden angeordnet. Auch ein angrenzender Kiosk stand im Fokus der Einsatzkräfte. Dort wurden unter anderem Jugendschutzverstöße sowie Verstöße gegen die Kennzeichnungspflicht festgestellt und entsprechende Anzeigen gefertigt.
Die Polizei Bremen wird auch künftig Hinweisen nachgehen und offene und verdeckte Schwerpunktmaßnahmen gemeinsam mit anderen Sicherheitsbehörden durchführen.",53.0806887,8.8188283,address
9726.0,2026-02-06,07.02.2026,Mitte,False,Drogendelikt,Kontrollen im Bahnhofsquartier,"Bremen-Mitte, Bahnhofsvorstadt",https://www.polizei.bremen.de/news/pressestelle/pressemeldungen-ab-02022026-66703,"Die Polizei Bremen führte am Freitagabend bis in die Nacht hinein gemeinsam mit der Bundespolizei und dem Ordnungsdienst Kontrollen zur Bekämpfung der Drogenkriminalität und der Überwachung der bestehenden Waffenverbotszone in der Bahnhofsvorstadt durch.
Etwa ab 20 Uhr waren die Kräfte am Freitag rund um den Bahnhof präsent und führten bis in die späten Nachtstunden Kontrollen an zentralen Orten und bekannten Hotspots durch. Insgesamt wurden über 35 Personen kontrolliert und durchsucht und fünf Platzverweise ausgesprochen. Die Einsatzkräfte stellten unter anderem Crack, Cannabis, Pfefferspray und verschreibungspflichtige Medikamente sicher. Zudem trafen die Polizisten auf einen 25 Jahre alten Mann, der bereits mit einem Aufenthalts- oder Betretungsverbot für den Bahnhofsbereich belegt war. Er wurde daraufhin in Gewahrsam genommen. In allen Fällen wurden entsprechende Anzeigen gefertigt.
Die Maßnahme ist Teil einer langfristig angelegten Strategie zur nachhaltigen Erhöhung der Sicherheit im Bereich Bahnhofsvorstadt. Auch in Zukunft wird die Polizei Bremen gemeinsam mit Partnerbehörden gezielte Kontrollen fortsetzen.",53.0786741,8.8109045,district
9826.0,2026-02-06,07.02.2026,Mitte,False,Raub,Räuber gestellt,"Bremen-Mitte, OT Bahnhofsvorstadt, Bahnhofsplatz",https://www.polizei.bremen.de/news/pressestelle/pressemeldungen-ab-02022026-66703,"Eine 57 Jahre alte Frau wurde am Freitagmorgen in der Bahnhofsvorstadt ausgeraubt. Einsatzkräfte der Polizei Bremen fassten schnell einen 30-jährigen Tatverdächtigen.
Die Frau befand sich gegen 9 Uhr am Bahnhofsplatz und wartete auf eine Straßenbahn, als ein Unbekannter sie ansprach. Als sie ihm sagte, dass er weggehen soll, schlug er ihr zweimal mit der flachen Hand auf den Oberkörper, riss ihr die Tasche von der Schulter und lief davon. Als mehrere Zeugen darauf aufmerksam wurden, gab er ihr die Tasche zunächst zurück, entwendete aber die Geldbörse und flüchtete. Einsatzkräfte der Polizei stellten den 30-Jährigen noch in Tatortnähe und nahmen ihn vorläufig fest. Die Beute konnte aufgefunden und sichergestellt werden.
Gegen den Mann fertigten die Polizisten eine entsprechende Strafanzeige. Die weiteren Ermittlungen dauern an.",53.082478,8.8127559,address
10026.0,2026-02-07,08.02.2026,Osterholz,False,Raub,Bewaffneter Raubüberfall auf Kiosk in Osterholz,"Bremen-Osterholz, OT Ellener Feld, Etelser Straße",https://www.polizei.bremen.de/news/pressestelle/pressemeldungen-ab-02022026-66703,"Zwei bewaffnete Räuber überfielen am späten Samstagabend einen Kiosk in der Etelser Straße. Die Täter flüchteten mit Bargeld. Die Polizei sucht Zeugen.
Gegen 21:40 Uhr betrat ein maskierter Mann den Kiosk und forderte unter Vorhalt einer Schreckschusswaffe Geld von dem 44-jährigen Verkäufer. Der Angestellte wich zurück und ließ den Täter die Geldscheine selbst aus der Kasse nehmen. Währenddessen hielt ein weiterer maskierter Mann die Eingangstür auf. Dabei hielt er ein Messer in der Hand. Der 44-Jährige, der sich in einem Hinterzimmer befand, nahm sich einen E-Scooter und warf diesen in Richtung der Kassentheke. Daraufhin schoss der maskierte Räuber aus wenigen Metern auf den Angestellten, der aber nicht verletzt wurde. Die beiden Täter liefen anschließend raus, dort wartete ein weiterer Mann auf einem Mofa. Das Duo stieg dazu, anschließend flüchteten alle drei in Richtung Blockdiek.
Die Täter wurden wie folgt beschrieben: Alle drei sollen zwischen 1,65 und 1,75 Meter groß und um die 20 Jahre alt sein. Die beiden Männer im Kiosk waren schwarz gekleidet, trugen eine schwarze Sturmhaube und hatten jeweils eine Kapuze über den Kopf gezogen. Der Mann mit dem Messer soll einen auffälligen Laufstil haben. Die dritte Person auf dem Mofa trug eine graue Jacke.
Die Kriminalpolizei hat die Ermittlungen wegen schweren Raubes aufgenommen. Zeugen, die im genannten Bereich verdächtige Beobachtungen gemacht haben oder Hinweise zu den Tätern geben können, melden sich jederzeit beim Kriminaldauerdienst unter der Rufnummer 0421 362-3888.
Die Polizei appelliert in diesem Zusammenhang: Gehen Sie kein Risiko ein und bringen Sie sich nicht in Gefahr. Gefordert ist kein Heldentum. Prägen Sie sich Tätermerkmale und Fluchtrichtungen ein und rufen Sie die 110.",53.0642645,8.928851,address
10126.0,2026-02-07,08.02.2026,Vahr,False,Raub,Mann von Gruppe ausgeraubt,"Bremen-Vahr, OT Neue Vahr Nord, Paul-Singer-Straße",https://www.polizei.bremen.de/news/pressestelle/pressemeldungen-ab-02022026-66703,"Eine Gruppe von Unbekannten raubte in der Nacht von Samstag auf Sonntag im Ortsteil Neue Vahr Nord einen 20-Jährigen aus. Die Angreifer schlugen mehrfach auf ihn ein und bedrohten ihn mit einer Waffe. Die Polizei sucht Zeugen.
Der 20 Jahre alte Mann befand sich mit einer Frau gegen 23 Uhr in der Paul-Singer-Straße, als sich ihnen eine Gruppe von fünf Personen näherte und einer von ihnen nach einer Zigarette fragte. Unmittelbar danach zog einer der Unbekannten eine silberne Waffe und bedrohte den 20-Jährigen damit. Anschließend schlug die Gruppe mehrfach, unter anderem mit der Waffe, auf den jungen Mann ein. Dabei nahmen sie ihn auch in den Schwitzkasten. Die Täter entrissen ihm die Bauchtasche und seine Smartwatch und entnahmen seine Kopfhörer. Der junge Mann konnte sich losreißen, lief davon und alarmierte die Polizei. Der Verletzte wurde von Rettungskräften zur weiteren Behandlung in ein Krankenhaus gebracht.
Die Täter sollen zwischen 20 und 25 Jahre alt sein, dunkle Haare und einen dunklen Teint haben. Die Polizei Bremen bittet Zeugen, die Hinweise zu dem Vorfall oder den Tätern geben können, sich beim Kriminaldauerdienst unter der Telefonnummer 0421 362-3888 zu melden.",53.0862878,8.8905746,address
10326.0,2026-02-08,09.02.2026,Gröpelingen,False,Raub,Nach Unfall zusammengeschlagen und ausgeraubt,"Bremen-Gröpelingen, OT Gröpelingen, Gröpelinger Heerstraße",https://www.polizei.bremen.de/news/pressestelle/pressemeldungen-ab-02022026-66703,"Ein 26 Jahre alter Mann wurde in der Nacht von Samstag auf Sonntag von einem Unbekannten mit einem Auto angefahren und anschließend geschlagen und ausgeraubt. Die Polizei sucht Zeugen.
Gegen 02:45 Uhr war der 26-Jährige auf der Gröpelinger Heerstraße unterwegs. Laut ersten Zeugenaussagen wurde er an der Ecke Morgenlandstraße von einem silbernen Toyota Yaris angefahren. Der Fahrer soll daraufhin ausgestiegen sein und den 26-Jährigen, der am Boden lag, massiv geschlagen haben. Der 29 Jahre alte Zeuge schrie den Unbekannten daraufhin an, woraufhin dieser wieder einstieg und wegfuhr. Als die alarmierten Einsatzkräfte vor Ort eintrafen, wurde der 26-Jährige von Rettungskräften versorgt und mit schweren Kopfverletzungen in ein Krankenhaus gebracht. Dort gab er gegenüber den Polizisten an, dass ihm Handy und Jacke von dem Fahrer entwendet wurden. Die Kriminalpolizei hat die Ermittlungen auch zum genauen Unfallhergang aufgenommen.
Der Täter konnte lediglich wie folgt beschrieben werden: Er soll schwarze Haare gehabt und eine braune Jacke getragen haben. Außerdem gab der 26-Jährige an, dass der Täter ihn auf arabisch beleidigt haben soll. Der Zeuge erkannte das Auto als silbernen Toyota Yaris, konnte aber das Kennzeichen nicht erkennen.
Zeugen, die in der Gröpelinger Heerstraße oder der näheren Umgebung Beobachtungen gemacht haben, werden gebeten, sich beim Kriminaldauerdienst der Polizei Bremen unter 0421 362-3888 zu melden.",53.1190553,8.7553786,address
10426.0,2026-02-08,10.02.2026,Obervieland,False,Sonstiges,Schlaflos durch Europa: Polizei stoppt rumänischen Sattelzug,"Bremen-Obervieland, OT Arsten, Bundesautobahn 1 (A1)",https://www.polizei.bremen.de/news/pressestelle/pressemeldungen-ab-02022026-66703,"Am Sonntagabend bemerkten Einsatzkräfte der Verkehrsbereitschaft auf der A1 einen rumänischen Sattelauflieger. Der Lkw fiel auf, weil er zusätzliche Lichter hatte, die nicht erlaubt waren. Bei einer anschließenden Kontrolle stellten sie weitere Verstöße fest. Der Fahrer überschritt die Lenkzeiten deutlich.
Der 31 Jahre alte Fahrer hatte ein verbotenes, gelbes Stroboskop an der Front der Zugmaschine angebracht. Bei einer anschließenden Kontrolle auf einem Autohof in Hemelingen konnten weitere Verstöße festgellt werden, wie eine fehlende Unternehmenssperre. Dazu wurden mehrere Tempoverstöße auf deutschen Autobahnen festgestellt, darunter ein Höchstwert von 110 km/h.
Besonders auffällig war, dass das Fahrzeug auf einer längeren Tour von Deutschland über Luxemburg, Frankreich und Spanien wieder nach Frankreich und Luxemburg in Deutschland unterwegs war. Die Fahrt wurde angeblich im Zweifahrer-Betrieb durchgeführt, allerdings befand sich vor Ort kein zweiter Fahrer, was den Anfangsverdacht auf ein Fahren mit einer Fremdkarte erhärtete.
Der Verdacht bestätigte sich schnell: Die Polizisten fanden eine zweite Fahrerkarte, ausgestellt auf einen Landsmann. Entsprechende Ermittlungen gegen den 31-Jährigen wurden eingeleitet. Zusätzlich musste er eine Sicherheitsleistung in Höhe von 1000 Euro entrichten.
Da die letzte reguläre Ruhezeit des 31-jährigen Fahrers aus Rumänien deutlich überschritten war, wurde dem Fahrer die Weiterfahrt für die Dauer der gesetzlichen Tagesruhezeit (9 Stunden) untersagt.
Die Polizei Bremen appelliert: Wer zu lange fährt oder zu wenig schläft, wird schnell gefährlich müde. Müdigkeit am Steuer kann genauso gefährlich sein wie Alkohol am Steuer, da die Reaktionsfähigkeit und die Konzentration stark sinken. Verstöße werden konsequent verfolgt.",53.03885,8.837961,district
10526.0,2026-02-09,10.02.2026,Woltmershausen,False,Sonstiges,Unbekannter versprüht Reizgas im Bus,"Bremen-Woltmershausen, OT Rablinghausen, Rablinghauser Landstraße",https://www.polizei.bremen.de/news/pressestelle/pressemeldungen-ab-02022026-66703,"Eine 44 Jahre alte Frau wurde am Montagnachmittag in Rablinghausen durch ein Pfefferspray in einem Bus verletzt. Ein Unbekannter versprühte Reizgas beim Aussteigen aus dem Bus. Die Polizei sucht Zeugen.
Kurz bevor der Linienbus gegen 16 Uhr an der Haltestelle Stromer Straße hielt, sprach der Unbekannte mehrere Gäste an. Beim Aussteigen holte er ein Pfefferspray aus seiner Jackentasche und sprühte das Reizgas in den Bus. Eine 44-Jährige erlitt dabei Reizungen der Atemwege und in den Augen. Sie wurde von Rettungskräften vor Ort versorgt.
Der Täter soll zwischen 20 und 30 Jahren und 1,75 Meter groß sein. Er hatte eine schwarze Hautfarbe und trug eine dicke schwarze Daunenjacke mit aufgesetzter Kapuze und eine dunkle Hose.
Zeugenhinweise nimmt der Kriminaldauerdienst jederzeit unter 0421 362-3888 entgegen.",53.0889382,8.7538443,address
10626.0,2026-02-10,10.02.2026,Östliche Vorstadt,False,Verkehrsunfall,Verkehrsunfall in der Östlichen Vorstadt,"Bremen-Östliche Vorstadt, OT Fesenfeld, Schwachhauser Heerstraße",https://www.polizei.bremen.de/news/pressestelle/pressemeldungen-ab-02022026-66703,"In der Östlichen Vorstadt missachtete am Dienstagmittag der Fahrer eines Range Rover offenbar das Rotlicht einer Ampel und kollidierte im Kreuzungsbereich Schwachhauser Heerstraße, Ecke Bismarckstraße mit zwei weiteren Fahrzeugen.
Bei der Karambolage landete der Range Rover auf dem Dach. Das Fahrzeug sowie die beiden anderen Autos, ein Audi und ein BMW, mussten abgeschleppt werden. Alle drei Fahrer verletzten sich bei dem Unfall leicht, es entstand hoher Sachschaden im fünfstelligen Bereich.
Der mutmaßliche Unfallverursacher musste sich einer Blutentnahme unterziehen, da der Verdacht auf Alkoholeinfluss bestand. Der Kreuzungsbereich wurde während der Unfallaufnahme gesperrt, es kam zu entsprechenden Verkehrsbehinderungen.
Die weiteren Ermittlungen zum Unfallhergang dauern an.",53.085986,8.8522351,address
10826.0,2026-02-11,,Burglesum,False,Sonstiges,Unbekannte sprengen Ticketautomaten,"Bremen-Burglesum, OT St. Magnus, Am Bahnhof Sankt Magnus",https://www.polizei.bremen.de/news/pressestelle/pressemeldungen-ab-02022026-66703,"(11.02.206)
Unbekannte sprengten in der Nacht von Dienstag auf Mittwoch einen Fahrkartenautomaten am Bahnhof Sankt Magnus. Es entstand hoher Sachschaden.
Der Automat einer Privatbahn explodierte auf dem Bahnsteig gegen kurz nach 1 Uhr nachts. Es befanden sich Trümmerteile und Beschädigungen in einem Umkreis von zehn Metern. Die Täter entkamen unerkannt. Der Sachschaden beläuft sich auf etwa 30.000 Euro. Da nicht ausgeschlossen werden konnte, dass sich in dem Automaten noch nicht aktivierter Sprengstoff befand, erschienen die Delaborierer der Bundespolizei vor Ort. Es wurden Böller gefunden, mit welchen die Explosion mutmaßlich ausgelöst worden ist. Diese wurden sichergestellt.
Die Kriminalpolizei ermittelt wegen des Herbeiführens einer Sprengstoffexplosion, hier sieht der Gesetzgeber eine Freiheitsstrafe von nicht unter einem Jahr vor. Zeugenhinweise nimmt der Kriminaldauerdienst unter 0421 362-3888 entgegen.
Die Polizei warnt: Wer illegale Böller verwendet oder sie selber herstellt, bringt sich und andere in große Gefahr. Denn bei selbst hergestellten Feuerwerkskörpern können unter Umständen schon geringste thermische oder mechanische Einwirkungen zu einer Explosion führen. Knalltraumen, Verbrennungen, zerfetzte oder abgerissene Körperteile und andere schwere Verletzungen bis hin zum Tod - das können die Folgen von unsachgemäßem Gebrauch von illegalen, selbstgebastelten Böllern sein.",53.1734444,8.6693969,address
10926.0,2026-02-09,11.02.2026,Walle,False,Drogendelikt,Polizei stoppt Auto mit hunderten illegalen Feuerwerkskörpern,"Bremen-Walle, OT Walle, Waller Friedhofstraße",https://www.polizei.bremen.de/news/pressestelle/pressemeldungen-ab-02022026-66703,"Die Polizei Bremen führte gemeinsam mit dem Zoll am Montagnachmittag in Walle Verkehrskontrollen zum Thema Alkohol- Drogen und Medikamente durch. In einem Fall wurden in einem Kofferraum über 700 illegale Feuerwerkskörper gefunden.
Die Einsatzkräfte kontrollierten in der Waller Friedhofstraße insgesamt 20 Autos und überprüften 27 Personen. Zwei Autofahrer standen unter dem Einfluss von Cannabis, was eine Blutentnahme zur Folge hatte. Im weiteren Verlauf konnten zwei weitere Autofahrer keine gültige Fahrerlaubnis vorweisen. Die Weiterfahrt wurde untersagt.  Während der Kontrolle fanden die Polizisten in einem Auto insgesamt 780 illegale Feuerwerkskörper, die anschließend beschlagnahmt wurden. Darüber hinaus konnte der Mann keine gültige Haftpflichtversicherung für das Auto vorweisen. Die Kennzeichen wurden entstempelt. Während des gesamten Zeitraums wurden auch Handyverstöße festgestellt. In allen Fällen fertigten die Polizisten diverse Straf- und Ordnungswidrigkeitenanzeigen, unter anderem wegen Fahren ohne Fahrerlaubnis und Verstoß gegen das Haftpflichtversicherungsgesetz. Die weiteren Ermittlungen dauern an. Durch den Zoll wurden Steuerstraftaten in Form von nicht verzollten E-Zigaretten und Nichtzahlung der Kraftfahrzeugsteuer festgestellt.
Die Verstöße zeigen die Notwendigkeit dieser Maßnahme, die die Polizei Bremen auch künftig bei Schwerpunktkontrollen und im Rahmen ihrer Streifentätigkeit stationär und mobil mit Funkstreifenwagen durchführen wird, um die Sicherheit auf Bremens Straßen weiter zu erhöhen.",53.1087559,8.7718555,address
11026.0,2026-02-10,11.02.2026,Walle,False,Einbruch,Einbrecher-Duo festgenommen,"Bremen-Walle, OT Steffensweg, Nordstraße",https://www.polizei.bremen.de/news/pressestelle/pressemeldungen-ab-02022026-66703,"Einsatzkräfte der Polizei Bremen stellten am Dienstagmorgen in Walle zwei Männer im Alter von 34 und 40 Jahren, die sich zuvor als Handwerker ausgegeben hatten und in eine Wohnung eingebrochen waren.
Gegen 08:10 Uhr klingelten zwei Männer bei einem 39-jährigen Bewohner eines Mehrparteienhauses in der Nordstraße und gaben sich als Handwerker aus, woraufhin er die Haustür öffnete. Sie erzählten ihm, dass sie den Auftrag bekommen hätten, in der Wohnung des Nachbarn einen neuen Bodenbelag zu verlegen. Kurze Zeit später kam dem 39-Jährigen die Sache merkwürdig vor und er verständigte den Vermieter, der keine Handwerker beauftragt hatte und daraufhin die Polizei alarmierte. Die schnell eingetroffenen Einsatzkräfte stellten noch vor Ort die beiden Männer im Alter von 34 und 40 Jahren vor dem Haus und im Treppenhaus. Bei einer Nachschau im Haus stellten die Polizisten eine aufgebrochene Wohnungstür fest. In der Wohnung wurden mehrere Schränke geöffnet und durchwühlt. Zudem fanden sie Aufbruchswerkzeug sowie Stehlgut, das beschlagnahmt wurde.
Das Einbrecher-Duo wurde anschließend festgenommen und in eine Polizeiwache gebracht. Im weiteren Verlauf stellte sich heraus, dass gegen den 34-Jährigen ein offener Haftbefehl vorlag. Er wurde daraufhin in eine Justizvollzugsanstalt überstellt. Auch wird geprüft, ob er für weitere gleichgelagerte Taten verantwortlich ist. Die weiteren Ermittlungen dauern an.
Die Polizei lobt das vorbildliche Verhalten des Zeugen. Durch seine Mithilfe konnten die Tatverdächtigen am Tatort gestellt werden. Dieser Fall zeigt erneut, dass aufmerksame Zeugen helfen, Einbrecher zu überführen oder einen Einbruch zu verhindern. Lassen Sie nur Handwerker hinein, die Sie selbst bestellt haben oder die von der Hausverwaltung angekündigt worden sind. Rufen Sie beim geringsten Zweifel die Polizei unter 110 an, wenn Ihnen Personen auf Grundstücken oder an Gebäuden auffallen, die sich verdächtig verhalten.",53.0996081,8.775312,address
11126.0,2026-02-23,12.02.2026,Mitte,False,Sonstiges,Noch freie Plätze: Vortrag „Sexualisierte Gewalt im Netz – Kinder sicher begleiten“,"Bremen-Mitte, OT Altstadt, Justizzentrum Am Wall 198",https://www.polizei.bremen.de/news/pressestelle/pressemeldungen-ab-02022026-66703,"Kinder und Jugendliche bewegen sich heute ganz selbstverständlich im digitalen Raum – in Chats, sozialen Netzwerken, Games und auf Videoplattformen. Doch wo Chancen sind, lauern auch Risiken.
In dieser Informationsveranstaltung werfen wir zunächst einen Blick auf die digitale Lebenswelt von Kindern: Wie digital ist ihr Alltag? Wie viel Zeit verbringen sie im Netz? Welche Angebote nutzen sie?
Anschließend geht es um die Gefahren im Internet, mit denen Kinder konfrontiert werden können. Im Fokus stehen dabei die Themen: Cybergrooming, Pornografische Inhalte, Sexting.
Neben verständlichen strafrechtlichen Grundlagen erhalten die Teilnehmenden konkrete Verhaltens- und Präventionstipps für den Alltag. Zudem wird aufgezeigt, wie Erwachsene reagieren sollten, wenn Kinder mit strafbaren Inhalten oder Grenzverletzungen im Netz in Berührung kommen. Abgerundet wird die Veranstaltung durch Hinweise auf Hilfsangebote und Anlaufstellen, die Betroffenen und Bezugspersonen Unterstützung bieten.
Der Vortrag findet am 23. Februar von 17 bis 19 Uhr im Justizzentrum, Am Wall 198 statt. Da die Plätze begrenzt sind, ist eine Anmeldung per E-Mail an praeventionszentrum@polizei.bremen.de oder telefonisch unter 0421 362-19003 erforderlich. Weitere Informationen zu Cybercrime und Präventionstipps finden Sie auch auf unserer Internetseite www.polizei.bremen.de.
Im Rahmen von behördenübergreifenden Gewerbekontrollen mit dem Zoll, dem Ordnungsamt und dem Finanzamt konnten durch die Einsatzkräfte am Mittwoch in einer Bar in Hemelingen unter anderem mehrere Brandschutzverstöße und andere bauliche Mängel festgestellt werden. Die Bar wurde daraufhin geschlossen.
Im Fokus der Kontrollen standen Kioske, Cafés und andere Gaststätten. Insgesamt wurden neun Objekte und 22 Personen kontrolliert. Nach dem Betreten einer Bar in der Hemelinger Bahnhofstraße stellten die Einsatzkräfte zunächst diverse unverzollte Tabakwaren fest. Dann kamen auch noch Mängel in der Kassenführung sowie bei einem Mitarbeiter der Verdacht der Schwarzarbeit hinzu. Überdies führten zwei der kontrollierten Personen jeweils eine größere Menge Bargeld mit sich, was wegen des Anfangsverdachtes der Geldwäsche schließlich zur Beschlagnahme des Geldes führte.
Aufgrund der festgestellten Mängel wurde die Bar vom Ordnungsdienst verschlossen und die Schlüssel sichergestellt. Die weiteren Ermittlungen dauern an.
Die Polizei Bremen ist seit vielen Wochen und Monaten verstärkt mit anderen Behörden im Einsatz und wird auch zukünftig offene und verdeckte Schwerpunktmaßnahmen durchführen.",53.0746204,8.8126749,address
11226.0,2026-02-11,12.02.2026,Mitte,False,Drogendelikt,Kontrollen in Mitte und im Viertel,"Bremen-Mitte/Östliche Vorstadt, OT Bahnhofsvorstadt/Steintor",https://www.polizei.bremen.de/news/pressestelle/pressemeldungen-ab-02022026-66703,"Bei intensiven Kontrollmaßnahmen rund um den Bahnhof und im Viertel stellten Einsatzkräfte der Polizei Bremen am Mittwoch unter anderem Drogen und Bargeld sicher. Im Fokus der Kontrollen stand dabei die Bekämpfung der wahrnehmbaren Drogen- und Straßenkriminalität.
Ab dem frühen Nachmittag bis in den späten Abend hinein führten Einsatzkräfte offene und verdeckte Maßnahmen in der Bahnhofsvorstadt und im Steintor durch. Bei den umfangreichen Kontrollen schritten sie bei diversen Straßendeals ein und stellten Cannabis, Kokain, Ecstasy, Bargeld, mehrere Mobiltelefone sowie verschreibungspflichtige Medikamente und Pfeffersprays sicher. In der Bahnhofstraße beobachteten zivile Einsatzkräfte einen Drogenhandel. Der 28-Jährige Verkäufer sowie die 28 Jahre alte Käuferin konnten noch vor Ort gestellt werden. Die Polizisten fanden bei beiden Cannabis, das beschlagnahmt wurde. Insgesamt wurden rund 25 Personen kontrolliert und 16 Platzverweise ausgesprochen. Die Einsatzkräfte fertigten Straf- und Ordnungswidrigkeitsanzeigen, unter anderem wegen Verstößen gegen das Konsumcannabisgesetz.
Seit vielen Wochen und Monaten setzt sich die Polizei Bremen verstärkt für die Bekämpfung der Straßen- und Drogenkriminalität ein und wird diese Bemühungen, auch mit anderen Sicherheitsbehörden, fortsetzen. Insbesondere rund um den Hauptbahnhof und im Viertel werden weiterhin gezielte Maßnahmen ergriffen.",53.0786741,8.8109045,district
11226.0,2026-02-11,12.02.2026,Östliche Vorstadt,False,Drogendelikt,Kontrollen in Mitte und im Viertel,"Bremen-Mitte/Östliche Vorstadt, OT Bahnhofsvorstadt/Steintor",https://www.polizei.bremen.de/news/pressestelle/pressemeldungen-ab-02022026-66703,"Bei intensiven Kontrollmaßnahmen rund um den Bahnhof und im Viertel stellten Einsatzkräfte der Polizei Bremen am Mittwoch unter anderem Drogen und Bargeld sicher. Im Fokus der Kontrollen stand dabei die Bekämpfung der wahrnehmbaren Drogen- und Straßenkriminalität.
Ab dem frühen Nachmittag bis in den späten Abend hinein führten Einsatzkräfte offene und verdeckte Maßnahmen in der Bahnhofsvorstadt und im Steintor durch. Bei den umfangreichen Kontrollen schritten sie bei diversen Straßendeals ein und stellten Cannabis, Kokain, Ecstasy, Bargeld, mehrere Mobiltelefone sowie verschreibungspflichtige Medikamente und Pfeffersprays sicher. In der Bahnhofstraße beobachteten zivile Einsatzkräfte einen Drogenhandel. Der 28-Jährige Verkäufer sowie die 28 Jahre alte Käuferin konnten noch vor Ort gestellt werden. Die Polizisten fanden bei beiden Cannabis, das beschlagnahmt wurde. Insgesamt wurden rund 25 Personen kontrolliert und 16 Platzverweise ausgesprochen. Die Einsatzkräfte fertigten Straf- und Ordnungswidrigkeitsanzeigen, unter anderem wegen Verstößen gegen das Konsumcannabisgesetz.
Seit vielen Wochen und Monaten setzt sich die Polizei Bremen verstärkt für die Bekämpfung der Straßen- und Drogenkriminalität ein und wird diese Bemühungen, auch mit anderen Sicherheitsbehörden, fortsetzen. Insbesondere rund um den Hauptbahnhof und im Viertel werden weiterhin gezielte Maßnahmen ergriffen.",53.07023,8.84098,district
11326.0,2026-02-11,12.02.2026,Hemelingen,False,Sonstiges,Erneut Bar nach behördenübergreifenden Kontrollen geschlossen,"Bremen-Hemelingen, OT Hemelingen und Arbergen",https://www.polizei.bremen.de/news/pressestelle/pressemeldungen-ab-02022026-66703,"Im Rahmen von behördenübergreifenden Gewerbekontrollen mit dem Zoll, dem Ordnungsamt und dem Finanzamt konnten durch die Einsatzkräfte am Mittwoch in einer Bar in Hemelingen unter anderem mehrere Brandschutzverstöße und andere bauliche Mängel festgestellt werden. Die Bar wurde daraufhin geschlossen.
Im Fokus der Kontrollen standen Kioske, Cafés und andere Gaststätten. Insgesamt wurden neun Objekte und 22 Personen kontrolliert. Nach dem Betreten einer Bar in der Hemelinger Bahnhofstraße stellten die Einsatzkräfte zunächst diverse unverzollte Tabakwaren fest. Dann kamen auch noch Mängel in der Kassenführung sowie bei einem Mitarbeiter der Verdacht der Schwarzarbeit hinzu. Überdies führten zwei der kontrollierten Personen jeweils eine größere Menge Bargeld mit sich, was wegen des Anfangsverdachtes der Geldwäsche schließlich zur Beschlagnahme des Geldes führte. Aufgrund der festgestellten Mängel wurde die Bar vom Ordnungsdienst verschlossen und die Schlüssel sichergestellt. Die weiteren Ermittlungen dauern an.
Die Polizei Bremen ist seit vielen Wochen und Monaten verstärkt mit anderen Behörden im Einsatz und wird auch zukünftig offene und verdeckte Schwerpunktmaßnahmen durchführen.",53.0555687,8.8843106,district
11426.0,2026-02-11,12.02.2026,Neustadt,False,Raub,Goldkette geraubt,"Bremen-Neustadt, OT Huckelriede, Bruchstraße",https://www.polizei.bremen.de/news/pressestelle/pressemeldungen-ab-02022026-66703,"Zwei unbekannte Männer raubten am Mittwochvormittag einem 34 Jahre alten Mann in der Neustadt eine Goldkette. Die Polizei sucht Zeugen.
Gegen 11:15 Uhr war der 34-Jährige in der Bruchstraße unterwegs, da er sich mit jemandem treffen wollte um eine hochwertige Goldkette zu verkaufen. Dazu hatte er in einem Internetportal ein Inserat aufgegeben. Am verabredeten Treffpunkt traf er auf die beiden Männer, von denen einer vorgab, die Kette zunächst begutachten zu wollen. Plötzlich wurde er unvermittelt mit Pfefferspray attackiert und die Täter rannten mit der Beute davon. Der 34-Jährige folgte ihnen und konnte einen in der Käthe-Popall-Straße kurzzeitig festhalten. Schlussendlich riss er sich aber los und rannte in unbekannte Richtung davon. Insgesamt liefen die Täter von der Bruchstraße über den Kirchweg und die Hardenbergstraße in die Kleiststraße. Dort versuchte ein Paketbote ebenfalls erfolglos einen der Täter festzuhalten.
Der Täter wurden wie folgt beschrieben: Sie sollen beide um die 20 Jahre alt gewesen sein, der eine mit einer Größe von etwa 175 cm und etwas längeren, dunklen Haaren. Der zweite soll mit ca. 170 cm etwas kleiner gewesen sein. Beide waren dunkel gekleidet.
Zeugen, die in der Bruchstraße, entlang des Fluchtweges oder der näheren Umgebung Beobachtungen gemacht haben, werden gebeten, sich beim Kriminaldauerdienst der Polizei Bremen unter 0421 362-3888 zu melden.
Die Polizei rät bei privaten Verkaufsgeschäften: Wählen Sie Abholzeit und Ort mit Bedacht, nehmen Sie Begleitpersonen mit und treffen sich an frequentierten Orten.",53.0616583,8.8095464,address
11526.0,2026-02-12,12.02.2026,Walle,False,Brandstiftung,Brandstiftung in Schule,"Bremen-Walle, OT Westend, Vegesacker Straße / Helgolander Straße",https://www.polizei.bremen.de/news/pressestelle/pressemeldungen-ab-02022026-66703,"Am späten Mittwochnachmittag brannte es in einer Schule im Ortsteil Westend an mehreren Stellen. Die Polizei sucht nach weiteren Zeugen.
Der Vorfall ereignete sich gegen 17:15 Uhr in der Oberschule an der Helgolander Straße, wo eine unbekannte Frau im Gebäude an mehreren Stellen kleinere Brände gelegt haben soll. Die Mitarbeiterin einer Reinigungsfirma und der Hausmeister konnten diese glücklicherweise noch vor dem Eintreffen der Einsatzkräfte mit Wasser löschen. Nicht zuletzt aufgrund ihres schnellen Handelns entstand nur geringer Sachschaden, Personen wurden nicht verletzt. Kurz vorher konnte der Hausmeister noch beobachten, wie die Frau an mehreren verschlossenen Türen des Schulgebäudes rüttelte. Sie wurde von ihm wie folgt beschrieben: Ca. 50 bis 60 Jahre alt, ca. 170 bis 175 cm groß und schlank. Zur Tatzeit soll die Täterin graue, schulterlange Haare getragen haben und beige gekleidet gewesen sein. Auffällig war noch eine beige Stofftasche.
Die Kriminalpolizei hat die Ermittlungen wegen Brandstiftung aufgenommen. Personen, die Hinweise zum Brand geben können oder verdächtige Beobachtungen im betreffenden Bereich gemacht haben, werden gebeten, sich beim Kriminaldauerdienst unter der Telefonnummer 0421 362-3888 zu melden.",53.1028746,8.783049,district
11826.0,2026-02-13,14.02.2026,Gröpelingen,False,Diebstahl,Unfall nach Diebstahl: Polizei sucht Zeugen,"Bremen-Gröpelingen, OT Ohlenhof, Adelenstraße",https://www.polizei.bremen.de/news/pressestelle/pressemeldungen-ab-02022026-66703,"Am Freitagabend entwendete ein bislang noch unbekannter Täter Werkzeug aus einem Firmenwagen in Gröpelingen. Auf seiner Flucht baute er einen Verkehrsunfall und flüchtete. Die Polizei sucht Zeugen.
Ein Anwohner der Adelenstraße hörte am Abend, wie die Schiebetür des Firmenfahrzeugs seines Nachbarn geöffnet wurde. Daraufhin beobachtete er, wie ein fremder Mann mehrere Werkzeugkoffer aus dem Transporter entnahm und in ein wenige Meter entfernt geparktes Auto trug. Als eine alarmierte Polizeistreife kurz darauf eintraf, flüchtete der Täter mit seinem Wagen. Im Bereich der Bromberger Straße kam er auf schneeglatter Straße von der Fahrbahn ab und prallte gegen eine Grundstücksmauer samt Hecke. Anschließend flüchtete der Fahrer zu Fuß in das Wohngebiet. In seinem Auto fanden die Polizisten diverse Werkzeugkoffer mit Handwerkzeug. Die gestohlenen Sachen wurden mit dem Wagen als Beweismittel beschlagnahmt.
Der flüchtige Täter soll ca. 30 bis 40 Jahre alt und etwa 1,75 Meter groß sein, mit dunklem Vollbart. Er trug zur Tatzeit einen dunklen Kapuzenmantel.
Die Kriminalpolizei hat die Ermittlungen aufgenommen und sucht Zeugen. Hinweisgeber melden sich jederzeit beim Kriminaldauerdienst unter der Rufnummer 0421 362-3888.",53.12351,8.7484497,address
11926.0,2026-02-14,16.02.2026,Neustadt,False,Toetungsdelikt,Streit zwischen Frauen eskaliert – Polizeieinsatz in der Neustadt,"Bremen-Neustadt, OT Hohentor, Pappelstraße",https://www.polizei.bremen.de/news/pressestelle/pressemeldungen-ab-02022026-66703,"In der Samstagnacht eskalierte ein Streit zwischen zwei Frauen in der Neustadt derart, dass die Polizei ausrücken musste. Eine 35-Jährige musste in einem Krankenhaus behandelt werden, ihre 39-jährige Kontrahentin wurde vorläufig festgenommen.
Die alkoholisierten Frauen waren zunächst in einem Kiosk an der Pappelstraße in Streit geraten. Dieser verlagerte sich schließlich nach draußen und eskalierte in einer handfesten Prügelei. Dabei riss die 39-Jährige ihrer Widersacherin Haarbüschel aus und verpasste ihr mehrmals Kopfstöße, bis die 35-Jährige zu Boden ging. Hier trat und stampfte die 39-Jährige immer wieder gegen ihren Kopf. Sie ließ erst von der Frau ab, als Passanten dazwischen gingen. Daraufhin ergriff die 39-Jährige einen Aschenbecher, den sie auf die Jüngere warf. Die Zeugen hielten die Angreiferin erneut zurück und alarmierten die Polizei und Rettungskräfte. Nach einer Erstversorgung vor Ort wurde die 35-Jährige zur ambulanten Behandlung in ein Krankenhaus gebracht.
Die 39-Jährige wurde vorläufig festgenommen und für weitere polizeiliche Maßnahmen aufs Revier gebracht. Die Kriminalpolizei ermittelt nun wegen gefährlicher Körperverletzung gegen sie.
Jeder Tritt gegen den Kopf eines Menschen kann tödlich sein, wenige Zentimeter können entscheiden. Es hängt regelmäßig ausschließlich vom Zufall ab, ob durch die Tritte lebensgefährdende Verletzungen verursacht werden. Die Polizei Bremen verfolgt diese Delikte mit aller Konsequenz.",53.0714436,8.784892,address
12026.0,2026-02-14,16.02.2026,Gröpelingen,False,Koerperverletzung,Messerangriff in Gröpelingen,"Bremen-Gröpelingen, OT Gröpelingen, Gröpelinger Heerstraße",https://www.polizei.bremen.de/news/pressestelle/pressemeldungen-ab-02022026-66703,"Ein 22 Jahre alter Mann wurde in der Nacht zu Samstag in Gröpelingen mit einem Messer schwer verletzt. Ein 21-Jähriger stellte sich wenig später selbst der Polizei. Der Tatverdächtige wurde festgenommen.
Gegen 4.20 Uhr mussten Einsatzkräfte zu einer Auseinandersetzung in die Gröpelinger Heerstraße ausrücken. Vor Ort fanden sie den schwer verletzen 22-Jährigen vor. Laut ersten Zeugenaussagen soll es zuvor zu einem Streit mit einem anderen Mann gekommen sein. Im Verlauf des Streits zog dieser Mann ein Messer und stach dem 22-Jährigen damit in den Rücken. Anschließend flüchtete er vom Tatort. Nachdem die Einsatzkräfte Erste Hilfe geleistet hatten, brachten Rettungskräfte den Mann in ein Krankenhaus, wo er notoperiert wurde. Eine Lebensgefahr besteht nicht.
Wenig später stellte sich ein 21-Jähriger der Polizei. Hintergrund der Tat soll eine zurückliegende Auseinandersetzung gewesen sein. Der junge Mann wurde festgenommen. Die Staatsanwaltschaft ordnete die Fortdauer der freiheitsentziehenden Maßnahmen an. Ein Haftrichter erließ Haftbefehl gegen ihn.",53.1190553,8.7553786,address
12426.0,2026-02-15,16.02.2026,Gröpelingen,False,Koerperverletzung,Gruppen gehen aufeinander los,"Bremen-Gröpelingen, OT Gröpelingen, Morgenlandstraße",https://www.polizei.bremen.de/news/pressestelle/pressemeldungen-ab-02022026-66703,"Mehrere Personen schlugen am späten Sonntagnachmittag in Gröpelingen aufeinander ein, dabei sollten auch Schlagwerkzeuge und Messer eingesetzt worden sein. Einsatzkräfte der Polizei beruhigten die Lage und stellten mehrere Verdächtige.
Gegen 17:00 Uhr wurde eine Schlägerei zwischen bis zu 20 Personen in der Morgendlandstraße gemeldet, bei der unter anderem von den Beteiligten auch Holzlatten und Messer eingesetzt worden sein sollten. Vor Ort trafen die Einsatzkräfte auf mehrere Personen die sich noch lauthals stritten. Die Situation war sehr aufgeheizt, so dass die Polizisten die Parteien trennten und den Bereich sicherten. Einige Personen erlitten bei der vorherigen Auseinandersetzung leichte Verletzungen. Schnell wurden mehrere Hauptakteure im Alter von 44, 51 und 56 Jahren mit unterschiedlicher Beteiligung gestellt und entsprechende Anzeigen wegen gefährlicher Körperverletzung und Bedrohung gefertigt.
Bei einer anschließenden Wohnungsdurchsuchung wurde ein Messer sichergestellt. Hintergrund der Auseinandersetzung scheinen Streitigkeiten um ein Mietverhältnis sein. Die weiteren Ermittlungen dauern an.",53.1157376,8.7622972,address
12526.0,2026-02-16,17.02.2026,Schwachhausen,False,Sonstiges,Falsche Polizisten betrügen Seniorin,"Bremen-Schwachhausen, OT Radio Bremen",https://www.polizei.bremen.de/news/pressestelle/pressemeldungen-ab-02022026-66703,"Die Polizei Bremen warnt aktuell wieder vor Betrügern, die sich am Telefon als Polizisten ausgeben. So versuchten sie ältere Menschen dazu zu bringen, ihnen Geld und andere Wertgegenstände zu übergeben. In Schwachhausen konnten Kriminelle am Montag mit dieser Masche eine hohe Summe Bargeld erbeuten.
Eine 83-Jährige erhielt über den Vormittag verteilt mehrere Anrufe von einem angeblichen Polizisten, der ihr einredete, dass ihr Geld auf dem Bankkonto nicht mehr sicher wäre. Der Anrufer, der sich als ein Herr Kellermann vom örtlichen Polizeirevier ausgab, setzte die Seniorin dabei so unter Druck, dass sie seinen Anweisungen folgte und einen Beutel voller Geldscheine vor ihrer Haustür ablegte. Als die 83-Jährige schließlich misstrauisch wurde, flog der Schwindel auf. Das Geld hatten die Kriminellen inzwischen längst abgeholt.
Die Polizei Bremen warnt: Geben Sie am Telefon nie Auskunft über Ihre persönlichen und finanziellen Verhältnisse oder andere sensible Daten. Legen Sie sonst einfach auf! Die Polizei wird Sie niemals nach Geld oder Wertsachen fragen und um deren Herausgabe bitten. Das tun nur Betrüger. Sind Sie sich unsicher oder glauben Sie, Opfer eines Betrugsversuchs zu sein: Rufen Sie die Polizei unter der kostenlosen Nummer 110 an. Mehr Tipps und Hinweise gibt es beim Präventionszentrum der Polizei Bremen unter (0421) 362-19003 oder unter www.Polizei.Bremen.de.",53.0854265,8.8363055,district
12826.0,2026-02-19,19.02.2026,Vegesack,False,Einbruch,Fischstäbchen überführen Einbrecher,"Bremen-Vegesack, OT Vegesack, Heinrich-Oebker-Straße",https://www.polizei.bremen.de/news/pressestelle/pressemeldungen-ab-18022026-67198,"Ein 30 Jahre alter Mann drang in der Nacht zu Donnerstag in ein Pflegeheim in Bremen-Vegesack ein und entwendete unter anderem Laptops und Fischstäbchen. Seine anschließende Flucht währte nicht lange.
Der Einbrecher schnappte sich in der Unterkunft in der Heinrich-Oebker-Straße zwei Laptops aus dem Büro, knackte eine Kühltruhe, nahm auch noch diverse Tiefkühlware an sich und flüchtete.
Schnell eintreffende Einsatzkräfte stellten den 30-Jährigen im Rahmen der Fahndung noch in Tatortnähe. Die Diebesbeute, Laptops und Fischstäbchen, hatte er noch bei sich. Seine Einlassung, er habe das alles auf der Straße gefunden, überzeugte nicht. Die Ermittlungen dauern an.
Fazit: Der nächtliche Beutezug endete schneller als jedes Fischstäbchen im Ofen.",53.1765728,8.6244525,address
12926.0,2026-02-18,19.02.2026,Vegesack,False,Sonstiges,Tasereinsatz verhindert Schlimmeres,"Bremen-Vegesack, OT Grohn, Kücksberg",https://www.polizei.bremen.de/news/pressestelle/pressemeldungen-ab-18022026-67198,"Mit Hilfe eines Tasers beendeten Spezialkräfte der Polizei Bremen eine Gefahrenlage in Bremen Vegesack. Ein 59 Jahre alter Mann hatte Einsatzkräfte mit einem Messer bedroht.
Gegen 17:20 Uhr meldete die Familie des 59-Jährigen, dass sich dieser in einer psychischen Ausnahmesituation befinden und in der Wohnung in der Straße Kücksberg mit einem Messer hantieren würde. Die Familie hätte große Angst vor dem Mann. Einsatzkräfte waren schnell vor Ort und wurden von der Schwester hereingelassen. Als Polizisten an der Zimmertür stehend den Mann ansprachen, griff er das neben sich liegende Messer und bedrohte diese damit. Auch auf mehrfache Ansprache ließ er sich nicht dazu bewegen, dass Messer wegzulegen. Hinzugezogene Spezialkräfte setzten, nachdem er auch auf diese mit dem Messer zuging, daraufhin erfolgreich einen Taser ein.
Der Mann wurde umgehend vor Ort vom vorsorglich alarmierten Rettungsdienst medizinisch betreut und anschließend zur weiteren Begutachtung in eine psychiatrische Klinik gebracht und dort zwangsweise untergebracht.",53.1696917,8.6420937,address
13026.0,2026-02-18,19.02.2026,Gröpelingen,False,Drogendelikt,Kontrollen im Westen - Polizei schließt unerlaubten Friseurladen,Bremen-Gröpelingen-Walle,https://www.polizei.bremen.de/news/pressestelle/pressemeldungen-ab-18022026-67198,"Polizei, Zoll, Gewerbeaufsicht und Ordnungsdienst sowie Bau- und Finanzamt führten am Mittwoch erneut behördenübergreifende Gewerbekontrollen im Bremer Westen durch. Dabei wurden Kioske, Shops, Cafés sowie Bars überprüft und diverse Mängel festgestellt. In einem Shop schloss die Polizei einen illegal betriebenen Friseurladen.
In Walle, Gröpelingen und Oslebshausen kontrollierten die Kräfte ab 16 Uhr bis in den Abend hinein insgesamt 12 Gewerbeobjekte. Dabei wurden mehrere Ordnungswidrigkeiten wie Steuer- und Finanzverstöße, Hygienemängel, Verstöße gegen Glücksspielauflagen sowie baurechtliche Delikte und mangelhafte Feuerlöscher festgestellt und geahndet. In den Kellerräumen eines Shops in der Waller Heerstraße wurde ein offensichtlich nicht angemeldetes Friseurgeschäft entdeckt. Weiterhin lagen diverse Verstöße im Bereich der Verkaufsfläche des Shops vor, woraufhin der Verkaufsbetrieb mit sofortiger Wirkung untersagt wurde.
Der Friseurbetrieb wurde, nicht zuletzt aus hygienischen Gründen, ebenfalls verboten.
Zudem wurden zeitgleich Kontroll- und Präsenzmaßnahmen zur Bekämpfung der öffentlich wahrnehmbaren Kriminalität durchgeführt. Die Einsatzkräfte stellten unter anderem Cannabis, Messer, Pfefferspray und einen Teleskopschlagstock sicher. Entsprechende Anzeigen wurden gefertigt.
Die Polizei Bremen ist hier verstärkt im Einsatz und wird diese behördenübergreifenden Maßnahmen auch weiterhin gezielt fortsetzen.",53.116711,8.7630483,district
13026.0,2026-02-18,19.02.2026,Walle,False,Drogendelikt,Kontrollen im Westen - Polizei schließt unerlaubten Friseurladen,Bremen-Gröpelingen-Walle,https://www.polizei.bremen.de/news/pressestelle/pressemeldungen-ab-18022026-67198,"Polizei, Zoll, Gewerbeaufsicht und Ordnungsdienst sowie Bau- und Finanzamt führten am Mittwoch erneut behördenübergreifende Gewerbekontrollen im Bremer Westen durch. Dabei wurden Kioske, Shops, Cafés sowie Bars überprüft und diverse Mängel festgestellt. In einem Shop schloss die Polizei einen illegal betriebenen Friseurladen.
In Walle, Gröpelingen und Oslebshausen kontrollierten die Kräfte ab 16 Uhr bis in den Abend hinein insgesamt 12 Gewerbeobjekte. Dabei wurden mehrere Ordnungswidrigkeiten wie Steuer- und Finanzverstöße, Hygienemängel, Verstöße gegen Glücksspielauflagen sowie baurechtliche Delikte und mangelhafte Feuerlöscher festgestellt und geahndet. In den Kellerräumen eines Shops in der Waller Heerstraße wurde ein offensichtlich nicht angemeldetes Friseurgeschäft entdeckt. Weiterhin lagen diverse Verstöße im Bereich der Verkaufsfläche des Shops vor, woraufhin der Verkaufsbetrieb mit sofortiger Wirkung untersagt wurde.
Der Friseurbetrieb wurde, nicht zuletzt aus hygienischen Gründen, ebenfalls verboten.
Zudem wurden zeitgleich Kontroll- und Präsenzmaßnahmen zur Bekämpfung der öffentlich wahrnehmbaren Kriminalität durchgeführt. Die Einsatzkräfte stellten unter anderem Cannabis, Messer, Pfefferspray und einen Teleskopschlagstock sicher. Entsprechende Anzeigen wurden gefertigt.
Die Polizei Bremen ist hier verstärkt im Einsatz und wird diese behördenübergreifenden Maßnahmen auch weiterhin gezielt fortsetzen.",53.1028746,8.783049,district
13126.0,2026-02-19,20.02.2026,Mitte,False,Toetungsdelikt,Verkehrsunfall in der Altstadt,"Bremen-Mitte, OT Altstadt, Martinistraße",https://www.polizei.bremen.de/news/pressestelle/pressemeldungen-ab-18022026-67198,"In der Bremer Altstadt missachtete am Donnerstagabend der Fahrer eines Fahrdienstes offenbar ein Stoppschild und stieß mit einem vorfahrtsberechtigten Kleinwagen zusammen, der sich dabei überschlug. Sechs Personen erlitten leichte Verletzungen.
Der 40-Jährige fuhr mit seinem Toyota die Martinistraße von der Balgebrückstraße kommend, in Fahrtrichtung Am Brill. Er beförderte fünf Fahrgäste, darunter ein achtmonatiges Kleinkind. Zeitgleich befuhr ein 52-Jähriger in einem Fiat die Martinistraße aus Richtung Tiefer kommend in die gleiche Fahrtrichtung. An der Zusammenführung der Fahrbahnen missachtete der Toyota-Fahrer das Stoppschild und fuhr in den Fließverkehr ein. Dabei kam zum seitlichen Zusammenstoß mit dem vorfahrtsberechtigten Fiat Panda. Der Kleinwagen geriet ins Schleudern, überschlug sich und blieb auf dem Dach liegen. Alle beteiligten Personen erlitten leichte Verletzungen und wurden ambulant in Krankenhäusern behandelt. Am Fiat entstand Totalschaden.
Während der Verkehrsunfallaufnahme wurde die Martinistraße in beide Fahrtrichtungen voll gesperrt. Es kam zu leichten Verkehrsbehinderungen. Das Fahrzeug des Unfallverursachers wurde sichergestellt. Das Verkehrsunfallkommissariat hat die weiteren Ermittlungen übernommen.",53.0744053,8.8052867,address
13226.0,2026-02-19,20.02.2026,Mitte,False,Drogendelikt,Kontrollen am Bahnhof und im Viertel,Bremen-Mitte/ Östliche Vorstadt,https://www.polizei.bremen.de/news/pressestelle/pressemeldungen-ab-18022026-67198,"Die Polizei Bremen führte am Donnerstag gemeinsam mit dem Ordnungsamt, dem Zoll, dem Finanzamt und Mitarbeitern der Lebensmittelüberwachung umfangreiche Kontrollen durch. Ziel der Maßnahmen war die Bekämpfung der Drogenkriminalität und die Überprüfung gewerblicher Betriebe in Mitte und der Östlichen Vorstadt.
Etwa ab 14 Uhr waren die Einsatzkräfte in den jeweiligen Stadtteilen präsent, führten Personenkontrollen durch und fertigten diverse Anzeigen, unter anderem wegen Verstößen vor allem gegen das Cannnabiskonsumgesetz. Sie schritten bei Drogenverkäufen ein, fanden Drogenbunker und stellten Rauschmittel, wie Cannabis und verschreibungspflichtige Medikamente sowie Bargeld sicher. Außerdem erteilten die Polizisten Platzverweise und durchsuchten Wohnungen.
Weiterhin kontrollierten die Kräfte insgesamt 12 Gewerbeeinheiten, wie Kioske, Imbisse sowie andere Lokalitäten in der Bahnhofsvorstadt und im Steintor. Ein Cafe wurde aufgrund erheblicher Kassenmängel mit sofortiger Wirkung durch den Ordnungsdienst geschlossen. In weiteren Lokalen wurden ebenfalls Kassen- und Baumängel und fehlerhafte Preisauszeichnungen festgestellt. In einem Kiosk in der Hamburger Straße wurde ein Beil sichergestellt und eine entsprechende Anzeige gefertigt. Außerdem wurden Spielautomaten aufgrund von Verstößen außer Betrieb genommen. In diversen Fällen lag der Verdacht der Schwarzarbeit vor.
Die Polizei Bremen ist hier behördenübergreifend verstärkt im Einsatz und wird diese Maßnahmen auch weiterhin gezielt fortsetzen.",53.0786741,8.8109045,district
13226.0,2026-02-19,20.02.2026,Östliche Vorstadt,False,Drogendelikt,Kontrollen am Bahnhof und im Viertel,Bremen-Mitte/ Östliche Vorstadt,https://www.polizei.bremen.de/news/pressestelle/pressemeldungen-ab-18022026-67198,"Die Polizei Bremen führte am Donnerstag gemeinsam mit dem Ordnungsamt, dem Zoll, dem Finanzamt und Mitarbeitern der Lebensmittelüberwachung umfangreiche Kontrollen durch. Ziel der Maßnahmen war die Bekämpfung der Drogenkriminalität und die Überprüfung gewerblicher Betriebe in Mitte und der Östlichen Vorstadt.
Etwa ab 14 Uhr waren die Einsatzkräfte in den jeweiligen Stadtteilen präsent, führten Personenkontrollen durch und fertigten diverse Anzeigen, unter anderem wegen Verstößen vor allem gegen das Cannnabiskonsumgesetz. Sie schritten bei Drogenverkäufen ein, fanden Drogenbunker und stellten Rauschmittel, wie Cannabis und verschreibungspflichtige Medikamente sowie Bargeld sicher. Außerdem erteilten die Polizisten Platzverweise und durchsuchten Wohnungen.
Weiterhin kontrollierten die Kräfte insgesamt 12 Gewerbeeinheiten, wie Kioske, Imbisse sowie andere Lokalitäten in der Bahnhofsvorstadt und im Steintor. Ein Cafe wurde aufgrund erheblicher Kassenmängel mit sofortiger Wirkung durch den Ordnungsdienst geschlossen. In weiteren Lokalen wurden ebenfalls Kassen- und Baumängel und fehlerhafte Preisauszeichnungen festgestellt. In einem Kiosk in der Hamburger Straße wurde ein Beil sichergestellt und eine entsprechende Anzeige gefertigt. Außerdem wurden Spielautomaten aufgrund von Verstößen außer Betrieb genommen. In diversen Fällen lag der Verdacht der Schwarzarbeit vor.
Die Polizei Bremen ist hier behördenübergreifend verstärkt im Einsatz und wird diese Maßnahmen auch weiterhin gezielt fortsetzen.",53.07023,8.84098,district
13326.0,2026-02-21,21.02.2026,Östliche Vorstadt,False,Sachbeschaedigung,Graffiti an Schaufenster – Tatverdächtige gestellt,"Bremen-Östliche Vorstadt, OT Steintor, Vor dem Steintor",https://www.polizei.bremen.de/news/pressestelle/pressemeldungen-ab-18022026-67198,"In der Östlichen Vorstadt besprühten in der Nacht von Freitag auf Sonnabend zwei Männer die Schaufenster eines Hauses in der Straße Vor dem Steintor mit Farbe und Schablonen. Dabei brachten sie Motive an, die augenscheinlich Silhouetten der Opfer von Hanau zeigten.
Ein Zeuge alarmierte die Polizei. Einsatzkräfte stellten noch im Nahbereich zwei Tatverdächtige im Alter von 20 und 21 Jahren, einer von ihnen führte entsprechende Beweismittel mit sich. Die Männer wurden zur Wache gebracht, erkennungsdienstlich behandelt und anschließend wieder entlassen.
Die weiteren Ermittlungen dauern an.",53.0730116,8.8237464,address
13426.0,2026-02-20,21.02.2026,Mitte,False,Waffendelikt,20-Jähriger mit Schreckschusswaffe sorgt für Polizeieinsatz in der Innenstadt,"Bremen-Mitte, OT Bahnhofsvorstadt, Bahnhofsplatz",https://www.polizei.bremen.de/news/pressestelle/pressemeldungen-ab-18022026-67198,"Am Freitagmittag gerieten in der Bremer Innenstadt zwei Männer in einen Streit, der einen größeren Polizeieinsatz auslöste. Nach bisherigen Erkenntnissen zeigte einer der Beteiligten auf dem Bahnhofsplatz einen Gegenstand, den sein Gegenüber als Messer wahrnahm. Daraufhin zog ein 20-Jähriger eine mitgeführte Schusswaffe und lud diese öffentlichkeitswirksam einmal durch. Kurz darauf steckte er die Waffe wieder in seinen Hosenbund und flüchtete in einer Straßenbahn. Passanten alarmierten die Polizei.
Einsatzkräfte stoppten die Bahn am Schüsselkorb. Der 20-Jährige wurde durch Polizistinnen und Polizisten mit gezogenen Dienstwaffen gestellt und anschließend zum Polizeikommissariat gebracht. Die Schreckschusswaffe, die er verdeckt im Hosenbund getragen hatte, wurde beschlagnahmt.
Die Person mit dem mutmaßlichen Messer konnte bislang nicht festgestellt werden. Die Polizei ermittelt nun wegen wechselseitiger Bedrohung, die weiteren Ermittlungen dauern an.
Die Polizei weist darauf hin: Für Einsatzkräfte ist bei solchen Lagen zunächst nicht erkennbar, ob es sich um eine echte Schusswaffe handelt. Entsprechend müssen Polizistinnen und Polizisten konsequent einschreiten, um Gefahren für Unbeteiligte zu verhindern und die Sicherheit aller Beteiligten zu gewährleisten.",53.082478,8.8127559,address
13526.0,2026-02-21,22.02.2026,Östliche Vorstadt,False,Koerperverletzung,Polizeieinsatz nach Auseinandersetzung im Viertel,"Bremen-Östliche Vorstadt, OT-Steintor, Wielandstraße",https://www.polizei.bremen.de/news/pressestelle/pressemeldungen-ab-18022026-67198,"Mehrere Notrufe führten am frühen Samstagnachmittag zu einem Polizeieinsatz im Viertel. Zeugen meldeten eine körperliche Auseinandersetzung zwischen mehreren Männern auf dem Ziegenmarkt, bei der eine Person ein Messer mitgeführt haben soll.
Schnell eintreffende Einsatzkräfte trafen im Bereich Wielandstraße/Friesenstraße auf einen 26 Jahre alten Mann. Er führte ein Messer im Hosenbund mit sich. Nach deutlicher Ansprache legte der Mann das Messer ab und wurde anschließend zu Boden gebracht und gesichert.
Im weiteren Verlauf begutachtete ein hinzugezogener Krisendienst den 26-Jährigen. Dabei wurde eine akute psychische Erkrankung festgestellt. Der Mann wurde daraufhin in ein Klinikum gebracht.
Vor Ort führten die Einsatzkräfte umfangreiche Zeugenbefragungen durch. Mindestens ein weiterer Beteiligter der Auseinandersetzung konnte ermittelt werden. Nach bisherigen Erkenntnissen wurde niemand schwerer verletzt. Die weiteren Ermittlungen dauern an.",53.07023,8.84098,district
13626.0,2026-02-21,22.02.2026,Vahr,False,Verkehrsunfall,Verkehrsunfall in der Vahr – Frau schwer verletzt,"Bremen-Vahr, Neue Vahr Südwest, Kurt-Schumacher-Allee",https://www.polizei.bremen.de/news/pressestelle/pressemeldungen-ab-18022026-67198,"Am Samstagabend kam es in der Vahr auf der Kurt-Schumacher-Allee zu einem schweren Verkehrsunfall zwischen zwei Autos. Eine 26 Jahre alte Fahrerin wollte mit ihrem Peugeot aus einer parallel zum Fahrstreifen verlaufenden Parklücke in den fließenden Verkehr einfahren und übersah dabei offenbar den stadteinwärts fahrenden BMW eines 20-Jährigen.
Beide Fahrzeuge kollidierten seitlich. Durch die Wucht des Aufpralls wurde der Peugeot zurück in die Parkreihe geschleudert und prallte gegen einen geparkten Mercedes sowie einen Renault-Transporter.
Die 26-Jährige erlitt schwere Verletzungen. Rettungskräfte versorgten sie zunächst vor Ort und brachten sie anschließend in ein Krankenhaus, wo sie stationär aufgenommen wurde. Eine zunächst nicht auszuschließende Lebensgefahr bestätigte sich nach weiteren Untersuchungen nicht. Der 20-jährige BMW-Fahrer wurde leicht verletzt, benötigte jedoch keine sofortige medizinische Behandlung.
Beide beteiligten Fahrzeuge waren nicht mehr fahrbereit und mussten abgeschleppt werden. Für die Dauer der Unfallaufnahme wurde die Kurt-Schumacher-Allee stadteinwärts zeitweise voll gesperrt. Der entstandene Gesamtschaden wird auf rund 70.000 Euro geschätzt. Die Ermittlungen zum genauen Unfallhergang dauern an.",53.078655,8.877569,district
13726.0,2026-02-23,23.02.2026,Obervieland,False,Brandstiftung,Zeugenaufruf nach Autobrand in Kattenturm,"Bremen-Obervieland, OT Kattenturm, Am Mohrenshof",https://www.polizei.bremen.de/news/pressestelle/pressemeldungen-ab-18022026-67198,"In der Nacht zu Montag wurde in Kattenturm ein brennender Mercedes gemeldet. Durch das Feuer wurde ein weiteres Auto beschädigt. Die Polizei ermittelt wegen Verdachts der Brandstiftung und sucht Zeugen.
Gegen 1.10 Uhr wurde der Polizei das brennende Auto unter einer Straßenbahnbrücke an der Straße Am Mohrenshof gemeldet. Beim Eintreffen der Einsatzkräfte stand der Mercedes voll in Flammen. Direkt daneben parkte ein weiterer Mercedes, der durch die Hitzeentwicklung ebenfalls in Mitleidenschaft gezogen wurde.
Die Feuerwehr konnte den Brand löschen. Verletzt wurde niemand. Der entstandene Sachschaden wird auf etwa 35.000 Euro geschätzt.
Die Polizei fragt: ""Wer hat vergangene Nacht rund um den Brandort verdächtige Beobachtungen gemacht?"" Hinweise nimmt der Kriminaldauerdienst unter der Rufnummer 0421 362-3888 jederzeit entgegen.",53.0471165,8.8225741,address
14126.0,2026-02-25,25.02.2026,Östliche Vorstadt,False,Brandstiftung,Zeugenaufruf nach Brandstiftung,"Bremen-Östliche Vorstadt, OT Steintor, Ostertorsteinweg",https://www.polizei.bremen.de/news/pressestelle/pressemeldungen-ab-18022026-67198,"In der Nacht zu Mittwoch warfen unbekannte Täter zunächst die Scheibe eines Geschäftes im Ostertorsteinweg mit einem Stein ein und legten anschließend Feuer in den Räumen. Die Polizei sucht Zeugen.
Gegen 01:20 Uhr hörten Anwohner im Ostertorsteinweg einen lauten Knall und sahen anschließend Rauch aus einem Haus aufsteigen. Die alarmierten Einsatzkräfte waren schnell vor Ort und sicherten den Bereich ab, die Feuerwehr löschte das Feuer. Die ersten Ermittlungen ergaben, dass die unbekannten Täter ein Fenster auf der Rückseite des Gebäudes mit einem Stein eingeworfen und anschließend im Innenraum Feuer gelegt hatten.
Personen wurden nicht verletzt. Das Geschäft ist aktuell nicht mehr nutzbar. Die Wohnungen darüber sind nicht betroffen. Die Kriminalpolizei hat die Ermittlungen wegen schwerer Brandstiftung aufgenommen und sucht weitere Zeugen.
Die Polizei fragt: ""Wer hat im Ostertorsteinweg oder der näheren Umgebung verdächtige Beobachtungen gemacht?"" Hinweise nimmt der Kriminaldauerdienst unter der Rufnummer 0421 362-3888 jederzeit entgegen.",53.072529,8.8190938,address
14226.0,2026-02-25,26.02.2026,Burglesum,False,Sonstiges,Kind verletzt – Mutter festgenommen,Bremen-Burglesum,https://www.polizei.bremen.de/news/pressestelle/pressemeldungen-ab-18022026-67198,"Am Mittwochnachmittag kam es in Bremen-Burglesum zu einem größeren Polizeieinsatz. Eine 38 Jahre alte Frau steht im dringenden Tatverdacht, ihre neunjährige Tochter in der gemeinsamen Wohnung mit einem Messer bedroht und verletzt zu haben.
Nach bisherigen Erkenntnissen flüchtete das Mädchen daraufhin auf den Balkon und ließ sich aus dem ersten Obergeschoss runterfallen. Ein 62-jähriger Nachbar bemerkte die Situation und konnte das Kind auffangen. Das Mädchen erlitt leichte Verletzungen, wurde medizinisch ambulant versorgt und dem Vater übergeben.
Einsatzkräfte nahmen die Mutter in der Wohnung widerstandslos fest. Aufgrund des Verdachts einer akuten psychischen Erkrankung erfolgte eine sofortige zwangsweise Unterbringung in einem Krankenhaus. Die Ermittlungen zu den genauen Hintergründen dauern an.",53.1610926,8.691722,district
14326.0,2026-02-25,26.02.2026,Osterholz,False,Verkehrsunfall,Kind bei Unfall mit Straßenbahn schwer verletzt,"Bremen-Osterholz, OT Tenever, Sankt-Gotthard-Straße",https://www.polizei.bremen.de/news/pressestelle/pressemeldungen-ab-18022026-67198,"Ein acht Jahre altes Mädchen wurde am Mittwochnachmittag in Tenever bei einem Verkehrsunfall mit einer Straßenbahn schwer verletzt. Sie kam mit schweren Kopfverletzungen in ein Krankenhaus.
Nach ersten Erkenntnissen überquerte die Achtjährige bei Rotlicht die Sankt-Gotthard-Straße an einer Fußgängerfurt an der Haltestelle Engadiner Straße. Dabei kam es trotz sofortiger Notbremsung zum Zusammenstoß mit einer herannahenden Straßenbahn, die stadtauswärts in den Haltestellenbereich einfuhr.
Das Mädchen erlitt schwere Verletzungen am Kopf bei dem Unfall. Sie musste nach einer Erstversorgung zur intensivmedizinischen Behandlung in eine Kinderklinik gebracht werden. Die 61 Jahre alte Straßenbahnfahrerin stand so unter dem Eindruck des Geschehens, dass sie ebenfalls von Rettungskräften behandelt werden musste.
Der Sankt-Gotthard-Straße wurde für die Dauer der Unfallaufnahme gesperrt. Die weiteren Ermittlungen zum Unfallhergang dauern an. Zeugen melden sich jederzeit bei der Verkehrsbereitschaft der Polizei Bremen unter der Rufnummer 0421 362-14850.",53.0665274,8.9577505,address
14426.0,2026-02-25,26.02.2026,Gröpelingen,False,Einbruch,Einbrecher machen es sich „hyggelig“ – Polizei beendet Möbel-Ausflug,"Bremen-Gröpelingen, OT Oslebhausen, Schragestraße",https://www.polizei.bremen.de/news/pressestelle/pressemeldungen-ab-18022026-67198,"Zwei Einbrecher wollten offenbar ein Stück dänische Gemütlichkeit nach Bremen holen – allerdings auf eher unkonventionelle Weise. Deutlich nach Ladenschluss nahmen die beiden 53 Jahre alten Männer in Oslebshausen den Außenbereich eines dänischen Möbelhauses ins Visier und hatten es auf Gartenstühle abgesehen.
Nach bisherigen Erkenntnissen begaben sich die Männer gegen 23.30 Uhr an den Zaun des Außengeländes, schnitten das Verpackungsmaterial auf und hievten insgesamt acht Stühle über den rund zwei Meter hohen Zaun. Mit Rollwagen und Sitzmöbeln im Gepäck zogen sie anschließend zu Fuß durch die Schragestraße – vermutlich auf der Suche nach einem besonders „hyggeligen“ Feierabend.
Weit kamen sie jedoch nicht: Einsatzkräfte stellten das Duo noch in Tatortnähe und beendeten den spontanen Möbeltransport. Die Gartenstühle treten bald wieder ihre Heimreise ins Möbelhaus an, während auf die beiden Männer nun ein Ermittlungsverfahren wartet.
Die Polizei Bremen stellt klar: Für echte dänische Gemütlichkeit empfiehlt sich weiterhin der reguläre Kauf – am besten zu den offiziellen Öffnungszeiten.",53.1371338,8.7440874,address
14526.0,2026-02-26,26.02.2026,Neustadt,False,Brandstiftung,Autobrände in der Neustadt,"Bremen-Neustadt, OT Gartenstadt Süd, Gottfried-Menken-Straße",https://www.polizei.bremen.de/news/pressestelle/pressemeldungen-ab-18022026-67198,"In der Nacht von Mittwoch auf Donnerstag brannten in der Neustadt drei Autos vollständig aus. Verletzt wurde niemand und es entstand hoher Sachschaden. Die Polizei sucht Zeugen.
Etwa um 02:50 Uhr hörten Anwohner in der Gottfried-Menken-Straße einen lauten Knall und sahen auf der Straße ein brennendes Auto. Als die alarmierten Einsatzkräfte kurz darauf vor Ort eintrafen standen ein VW, ein Ford und ein Audi in Flammen. Kräfte der Feuerwehr löschten den Brand. Alle Autos wurden dabei nahezu vollständig zerstört. Personen wurden nicht verletzt Die Kriminalpolizei hat die Ermittlungen wegen Brandstiftung aufgenommen und sucht Zeugen.
Die Polizei fragt: ""Wer hat in der Gottfried-Menken-Straße oder der näheren Umgebung verdächtige Beobachtungen gemacht?"" Hinweise nimmt der Kriminaldauerdienst unter der Rufnummer 0421 362-3888 jederzeit entgegen.",53.0609894,8.8000764,address
14626.0,2026-02-27,27.02.2026,Walle,False,Drogendelikt,Drogen- und Alkoholfahrten,"Bremen-Walle, Mitte, OT Westend, Altstadt",https://www.polizei.bremen.de/news/pressestelle/pressemeldungen-ab-18022026-67198,"Am Donnerstag beschäftigten zwei Verkehrssachverhalte in Walle und in der Innenstadt die Polizei Bremen, bei denen die Beteiligten unter dem Einfluss von Drogen beziehungsweise Alkohol standen.
Am Nachmittag sollte ein 19-jähriger Fahrer eines Kleinkraftrades in der Waller Heerstraße einer allgemeinen Verkehrskontrolle unterzogen werden. Der junge Mann entzog sich jedoch durch Abbiegen in eine Nebenstraße der Kontrolle und flüchtete. Einige hundert Meter weiter war die Fahrbahn durch einen haltenden Pkw verengt. Der 19-Jährige versuchte, das Fahrzeug links zu überholen, kollidierte dabei jedoch mit einem 31-jährigen Mann, der neben dem Auto stand und gerade einsteigen wollte. Der Mann wurde von dem Roller erfasst, stürzte zu Boden und wurde leicht am Bein verletzt. Der Fahrer sprang ab und flüchtete. Einsatzkräfte stellten ihn wenig später. Dabei leistete er Widerstand. Der 19-Jährige war nicht im Besitz einer gültigen Fahrerlaubnis und stand unter dem Einfluss von Betäubungsmitteln. Bei der Durchsuchung fanden die Polizisten weitere Drogen. Die Gegenstände sowie das Kleinkraftrad wurden beschlagnahmt. Gegen den 19-Jährigen wird nun unter anderem wegen Gefährdung des Straßenverkehrs ermittelt.
Am Abend stürzte ein 43 Jahre alter Mann mit seinem E-Scooter in der Bürgermeister-Smidt-Straße. Der Mann verlor die Kontrolle über das Fahrzeug und schlug mit dem Kopf auf dem Boden auf. Er war zumindest kurzzeitig bewusstlos und wurde zur Beobachtung ins Krankenhaus gebracht.
Ein Atemalkoholtest ergab eine deutliche Alkoholisierung. Gegen ihn wird nun wegen Trunkenheit im Verkehr ermittelt. Am E-Scooter entstand leichter Sachschaden.",53.0778062,8.8038542,address
14726.0,2026-02-26,27.02.2026,Mitte,False,Waffendelikt,Auseinandersetzung mit Messer,"Bremen-Mitte, OT Bahnhofsvorstadt, Bahnhofsplatz",https://www.polizei.bremen.de/news/pressestelle/pressemeldungen-ab-18022026-67198,"Am Donnerstagabend kam es am Hauptbahnhof zu einer körperlichen Auseinandersetzung zwischen zwei Männern. Dabei wurde ein 26-Jähriger mit einem Messer schwer verletzt. Einsatzkräfte nahmen einen 23 Jahre alten Mann fest. Staatsanwaltschaft und Polizei ermitteln wegen eines versuchten Tötungsdeliktes.
Gegen 18:35 Uhr gingen mehrere Notrufe bei der Polizei Bremen ein und es wurde ein lauter Streit am Bahnhofsplatz zwischen zwei Männern gemeldet. In dessen Verlauf sollten ein Messer und eine Eisenstange eingesetzt worden sein. Außerdem hatte einer der Beteiligten eine Schusswaffe gezogen. Vor Ort fanden die Einsatzkräfte den stark am Arm blutenden 26-Jährigen vor und leisteten umgehend Erste Hilfe. Dabei mussten sie dem Mann aufgrund der Blutung ein so genanntes Tourniquet anlegen. Anschließend wurde er von Rettungskräften in ein Krankenhaus gebracht. Zwischenzeitlich bestand aufgrund des Blutverlustes Lebensgefahr.
Eine sofortige Fahndung verlief positiv: Polizisten stellten einige Straßen weiter einen 23 Jahre alten Mann. Eine Schreckschusswaffe und ein Messer fanden die Einsatzkräfte ebenfalls in der Nähe. Er wurde zuvor über die Videoleitstelle identifiziert.
Nach ersten Erkenntnissen scheint die Ursache für die Auseinandersetzung eine Meinungsverschiedenheit im persönlichen Umfeld der Beteiligten zu sein. Die Haftprüfung für den 23 Jahre alte Mann und die weiteren Ermittlungen dauern an.",53.082478,8.8127559,address
14826.0,2026-02-26,26.02.2026,Huchting,False,Sonstiges,Luftverkehr wegen Drohnensichtung gestört,"Bremen-Huchting, OT Mittelshuchting, Carl-Hurtzig-Straße",https://www.polizei.bremen.de/news/pressestelle/pressemeldungen-ab-18022026-67198,"Am Donnerstagabend beeinträchtigte ein Drohnenflug in unmittelbarer Nähe des Bremer Flughafens kurz den Flugverkehr. Eine Maschine wurde umgeleitet, es gab Verspätungen.
Ein Zeuge hatte der Polizei in der Einflugschneise des Flughafens eine Drohnensichtung am Abend gemeldet. In Abstimmung mit der Bundespolizei und der Flugsicherung wurde ein Flugzeug im Landeanflug nach Hannover umgeleitet und zwei weitere Flüge verspäteten sich. Erste Ermittlungen ergaben, dass die Drohne im Bereich Huchting mehrfach flog. Es ist bislang nicht bekannt, wer die Drohne gesteuert hat.
Da sich der Flug in einem sensiblen Bereich des Flughafens ereignete, stellte dies nicht nur eine Ordnungswidrigkeit dar, sondern führt zu einer Strafanzeige wegen gefährlichen Eingriffs in den Luftverkehr. Zeugen melden sich jederzeit beim Kriminaldauerdienst unter der Rufnummer 0421 362-3888. Die weiteren Ermittlungen der Kriminalpolizei dauern an.
Die Polizei informiert: Es gibt diverse Bestimmungen (u.a. Flughöhe und Örtlichkeit), welche eine Anmeldung oder eine Erlaubnis der Luftfahrtbehörde erfordern. Aufgrund der Komplexität der Thematik sollten sich Hobby-Drohnen-Piloten vor der Inbetriebnahme einer Drohne – jeglicher Art – unbedingt sowohl mit der Drohne an sich als auch mit den rechtlichen Voraussetzungen und Gesetzen (EU-Verordnung, LuftVO, LuftVG, StGB) vertraut machen, um Anzeigen und mögliche Regressforderungen zu vermeiden.",53.0552745,8.7356132,address
14926.0,2026-02-28,27.02.2026,Mitte,False,Sonstiges,Heimpartie Werder gegen Heidenheim,Bremen-Weserstadion,https://www.polizei.bremen.de/news/pressestelle/pressemeldungen-ab-18022026-67198,"Am Samstag findet um 15.30 Uhr im Weserstadion das Bundesligaspiel zwischen dem SV Werder Bremen und dem 1. FC Heidenheim statt. Es wird von einer ausverkauften Veranstaltung ausgegangen.
Aufgrund des Streiks im Öffentlichen Nahverkehr geht die Polizei Bremen von einem erhöhten Fußgängeraufkommen zwischen Hauptbahnhof und Stadion aus. Deshalb sollten Gäste deutlich mehr Zeit einplanen und möglichst frühzeitig anreisen. Bitte folgen Sie vor Ort den Hinweisen der Einsatzkräfte. Der Park- an-Ride Service am Hemelinger Hafendamm findet uneingeschränkt statt. Fans, die mit dem Auto ankommen, werden gebeten, dieses Angebot -sofern möglich- zu nutzen. Die Polizei wird die Lage eng begleiten und für einen sicheren Zu- und Abstrom der Fans sorgen.
Wie bei Heimspielen üblich, wird das allgemein bekannte Verkehrskonzept angewandt: Der Osterdeich wird für den Individualverkehr zwischen Sielwall und Stader Straße circa zweieinhalb Stunden vor und etwa eine Stunde nach Spielende gesperrt. Am Stadion und in unmittelbarer Nähe stehen keine Parkplätze zur Verfügung. Im Bereich des Osterdeichs und der Östlichen Vorstadt ist mit Verkehrsbehinderungen zu rechnen. Kurzfristige Straßensperrungen durch die Polizei sind aufgrund von Einsatzmaßnahmen im Stadionumfeld und im gesamten Innenstadtbereich jederzeit möglich.
Im Umfeld von Fußballspielen kommt es regelmäßig zu einer Häufung von Kfz-Aufbrüchen. Die Polizei weist ausdrücklich darauf hin, keine Wertgegenstände im Fahrzeug zurückzulassen.",53.0786741,8.8109045,district
15026.0,2026-03-01,01.03.2026,Walle,False,Brandstiftung,Feuer in der Überseestadt,"Bremen-Walle, OT Überseestadt, Am Holzhafen",https://www.polizei.bremen.de/news/pressestelle/pressemeldungen-ab-18022026-67198,"In der Nacht von Samstag auf Sonntag brannte es in einem Schulungszentrum einer Firma in der Überseestadt, dabei wurden auch zwei Firmenfahrzeuge vollständig zerstört. Die Polizei sucht Zeugen.
Etwa um 02:00 Uhr bemerkte der Mitarbeiter des Sicherheitsdienstes bei seiner Kontrollfahrt, dass die beiden Autos auf dem Firmengelände in der Straße am Holzhafen bereits vollständig brannten. Daraufhin alarmierte er die Polizei und die Feuerwehr. Vor Ort stellten die Kräfte fest, dass ebenfalls im Treppenhaus des Gebäudes ein Feuer ausgebrochen war. Der Brand wurde von der Feuerwehr gelöscht. Personen wurden nicht verletzt. Es entstand hoher Sachschaden. Die Polizei hat jetzt die Ermittlungen wegen Brandstiftung aufgenommen.
Die Polizei fragt: ""Wer hat in der Straße Am Holzhafen oder der näheren Umgebung verdächtige Beobachtungen gemacht?"" Hinweise nimmt der Kriminaldauerdienst unter der Rufnummer 0421 362-3888 jederzeit entgegen.",53.0981735,8.7706805,address
15126.0,2026-02-28,01.03.2026,Mitte,False,Sonstiges,Polizei stoppt betrunkenen Autofahrer,"Bremen-Mitte, OT Altstadt, Am Wall",https://www.polizei.bremen.de/news/pressestelle/pressemeldungen-ab-18022026-67198,"Einsatzkräfte der Polizei Bremen stoppten in der Nacht von Samstag auf Sonntag in der Innenstadt einen betrunkenen Mann mit seinem Auto. Zuvor hatte er diverse gefährliche Situationen verursacht. Anschließend rastete er auf der Wache aus.
Gegen 22:50 Uhr meldeten diverse Anrufer über den Notruf einen Autofahrer, der Schlangenlinien fuhr und außerdem einen platten Vorderreifen haben sollte. Die alarmierten Einsatzkräfte stoppten den Ford im Herdentorsteinweg. Schon hier zeigte sich der 56 Jahre alte Mann uneinsichtig und aggressiv gegenüber den Polizisten, unter anderem trat er gegen sein eigenes Auto. Außerdem gab er an Alkohol getrunken zu haben, so dass die Polizisten ihn mit auf die Wache nahmen. Weitere Zeugen gaben an, dass er zuvor mit plattem Reifen verbotswidrig und sehr schnell durch die Straße Am Wall gefahren war und dort teilweise auf dem Fahrradweg fuhr, so dass ihm ein Radfahrer und ein Fußgänger ausweichen mussten.
Auf der Wache wurde er zunehmend aggressiver, beschimpfte die Polizisten massiv und weigerte sich, eine angeordnete Blutentnahme durchführen zu lassen. Somit musste hier Zwang eingesetzt werden. Sein Auto wurde abgeschleppt und sein Führerschein von den Polizisten beschlagnahmt. Jetzt erwarten ihn Strafanzeigen, unter anderem wegen Gefährdung des Straßenverkehrs. Die weiteren Ermittlungen des Verkehrskommissariats dauern an.",53.0810445,8.8009342,address
15226.0,2026-02-28,01.03.2026,Hemelingen,False,Sonstiges,Brand auf Baustelle,"Bremen-Hemelingen, OT Hemelingen, Koppelweg",https://www.polizei.bremen.de/news/pressestelle/pressemeldungen-ab-18022026-67198,"In der Nacht von Samstag auf Sonntag brannten mehrere Kabeltrommeln mit Erdkabeln auf einer Baustelle in Hemelingen. Die Polizei sucht Zeugen.
Gegen 21:50 Uhr wurde der Brand auf der Baustelle im Koppelweg von einer Zeugin, die in einem vorbeifahrenden Zug saß, gemeldet. Bei Eintreffen von Polizei und Feuerwehr standen mehrere große Kabeltrommeln in Flammen. Erst nach knapp drei Stunden konnte das Feuer gelöscht werden. Verletzt wurde niemand. Es entstand hoher Sachschaden. Die Kriminalpolizei hat die Ermittlungen zur genauen Brandursache aufgenommen und sucht Zeugen.
Hinweise nimmt der Kriminaldauerdienst unter der Rufnummer 0421 362-3888 jederzeit entgegen.",53.0372161,8.8988692,address
15326.0,2026-02-28,02.03.2026,Walle,False,Sonstiges,Polizei ahndet Verstöße in der Überseestadt,"Bremen-Walle, OT Überseestadt, Kommodore-Johnsen-Boulevard",https://www.polizei.bremen.de/news/pressestelle/pressemeldungen-ab-18022026-67198,"Nach Beschwerden durch Anwohnerinnen und Anwohner überprüfte die Polizei am Wochenende Kraftfahrzeugführer in der Überseestadt und ahndete Verstöße.
Die Nachbarschaft hatte sich in den Abendstunden über Ruhestörungen durch laute Motorengeräusche und auffallende Fahrmanöver im Bereich des Kommodore-Johnson-Boulevards beschwert. Zusätzlich schilderten die Anwohner, dass ihre Kinder aufgrund des anhaltenden Lärms, verursacht durch dauerhaftes Hupen sowie das rasante Beschleunigen von Autos und Motorrädern, kaum zur Ruhe kommen und nachts nicht schlafen können.
Daraufhin stellten die Einsatzkräfte zahlreiche hochmotorisierte Fahrzeuge fest, die hintereinander in Kolonne den Kommodore-Johnsen-Boulevard befuhren. Bei anschließenden Kontrollen gaben die Fahrer an, dass es sich um einen etablierten Treffpunkt handele, der bei gutem Wetter gerne aufgesucht werde und man auf der Suche nach einem Parkplatz sei. Da jedoch ausreichend freie Stellflächen vorhanden waren, wurden sie ausdrücklich angewiesen, verfügbare Parkplätze ordnungsgemäß zu nutzen. Parkverstöße wurden konsequent geahndet.
Zudem erfolgten verkehrserzieherische Gespräche. Auffällig war die vergleichsweise hohe Anzahl an Fahrzeugen, bei denen entweder vorne oder hinten kein amtliches Kennzeichen angebracht war. Entsprechende Verstöße wurden durch die Einleitung von Bußgeldverfahren verfolgt. Die Kontrollmaßnahmen verlängerten sich darüber hinaus erheblich, da ein Großteil der kontrollierten Personen keine Ausweisdokumente mitführte und deren Identität anderweitig festgestellt werden musste.
Durch die verstärkte Präsenz über mehrere Stunden und konsequente Ahndung von Verkehrsverstößen reduzierte sich die Anzahl der Fahrzeuge deutlich. Dies werden wir auch zukünftig fortsetzen.",53.1027434,8.7536847,address
15426.0,2026-03-01,02.03.2026,Walle,False,Sonstiges,Schüsse und Verletze - Polizeieinsätze in der Überseestadt und der Neustadt,"Bremen-Walle/ Neustadt, OT Überseestadt/ Huckelriede, Konsul-Smidt-Straße/ Kornstraße",https://www.polizei.bremen.de/news/pressestelle/pressemeldungen-ab-18022026-67198,"Am Sonntagabend wurde zunächst ein 43 Jahre alter Mann durch Schüsse in der Überseestadt verletzt. Etwas später wurde in der Neustadt auf einen 42-Jährigen geschossen. Die Polizei war mit starken Kräften vor Ort und sucht Zeugen.
Um 17:35 Uhr meldeten mehrere Anrufer über den Notruf der Polizei, dass in der Konsul-Smidt-Straße Schüsse gefallen sein sollten. Die Einsatzkräfte waren schnell und mit mehreren Streifenwagen vor Ort und fanden den 43 Jahre alten Mann am Boden liegend vor. Er hatte mehrere Schusswunden in beiden Beinen und blutete stark. Die Polizisten leisteten umgehend Erste Hilfe und stoppten die Blutung mit Hilfe eines so genannten Tourniquets. Rettungskräfte brachten den verletzten Mann in ein Krankenhaus. Zwischenzeitlich bestand Lebensgefahr. Währenddessen sperrten Einsatzkräfte den Bereich ab und es wurden umfangreich Spuren gesichert und Zeugen befragt. Die Zeugen konnten einen Mann weglaufen sehen, dieser soll dunkel gekleidet gewesen sein.
Etwas später, gegen 23:20 Uhr, wurden Einsatzkräfte in die Kornstraße gerufen da dort ein durch Schüsse verletzter Mann liegen sollte. Die Polizisten fanden den 42-Jährigen in der Nähe eines Lokals vor, er hatte eine Schusswunde im Fuß. Auch hier leisteten die Polizisten Erste Hilfe und der Mann wurde anschließend in ein Krankenhaus gebracht. Er gab an, dass er zuvor einen Streit zwischen zwei Männern beobachtet hatte und dort hatte schlichten wollen. Anschließend seien mehrere Schüsse gefallen und er sei getroffen worden. Laut Aussage des 42-Jährigen, kannte er die Männer nicht, beschreiben konnte er sie auch nicht. Auch hier wurden umfangreiche Spuren gesichert und Zeugen befragt.
Die Staatsanwaltschaft und die Polizei ermitteln in beiden Fällen wegen versuchter Tötungsdelikte. Ob die beiden Vorfälle im Zusammenhang stehen, wird derzeit intensiv ermittelt. Hinweise nimmt der Kriminaldauerdienst unter der Rufnummer 0421 362-3888 jederzeit entgegen. Für Rückfragen wenden Sie sich bitte an die Staatsanwaltschaft Bremen.",53.1028746,8.783049,district
15426.0,2026-03-01,02.03.2026,Neustadt,False,Sonstiges,Schüsse und Verletze - Polizeieinsätze in der Überseestadt und der Neustadt,"Bremen-Walle/ Neustadt, OT Überseestadt/ Huckelriede, Konsul-Smidt-Straße/ Kornstraße",https://www.polizei.bremen.de/news/pressestelle/pressemeldungen-ab-18022026-67198,"Am Sonntagabend wurde zunächst ein 43 Jahre alter Mann durch Schüsse in der Überseestadt verletzt. Etwas später wurde in der Neustadt auf einen 42-Jährigen geschossen. Die Polizei war mit starken Kräften vor Ort und sucht Zeugen.
Um 17:35 Uhr meldeten mehrere Anrufer über den Notruf der Polizei, dass in der Konsul-Smidt-Straße Schüsse gefallen sein sollten. Die Einsatzkräfte waren schnell und mit mehreren Streifenwagen vor Ort und fanden den 43 Jahre alten Mann am Boden liegend vor. Er hatte mehrere Schusswunden in beiden Beinen und blutete stark. Die Polizisten leisteten umgehend Erste Hilfe und stoppten die Blutung mit Hilfe eines so genannten Tourniquets. Rettungskräfte brachten den verletzten Mann in ein Krankenhaus. Zwischenzeitlich bestand Lebensgefahr. Währenddessen sperrten Einsatzkräfte den Bereich ab und es wurden umfangreich Spuren gesichert und Zeugen befragt. Die Zeugen konnten einen Mann weglaufen sehen, dieser soll dunkel gekleidet gewesen sein.
Etwas später, gegen 23:20 Uhr, wurden Einsatzkräfte in die Kornstraße gerufen da dort ein durch Schüsse verletzter Mann liegen sollte. Die Polizisten fanden den 42-Jährigen in der Nähe eines Lokals vor, er hatte eine Schusswunde im Fuß. Auch hier leisteten die Polizisten Erste Hilfe und der Mann wurde anschließend in ein Krankenhaus gebracht. Er gab an, dass er zuvor einen Streit zwischen zwei Männern beobachtet hatte und dort hatte schlichten wollen. Anschließend seien mehrere Schüsse gefallen und er sei getroffen worden. Laut Aussage des 42-Jährigen, kannte er die Männer nicht, beschreiben konnte er sie auch nicht. Auch hier wurden umfangreiche Spuren gesichert und Zeugen befragt.
Die Staatsanwaltschaft und die Polizei ermitteln in beiden Fällen wegen versuchter Tötungsdelikte. Ob die beiden Vorfälle im Zusammenhang stehen, wird derzeit intensiv ermittelt. Hinweise nimmt der Kriminaldauerdienst unter der Rufnummer 0421 362-3888 jederzeit entgegen. Für Rückfragen wenden Sie sich bitte an die Staatsanwaltschaft Bremen.",53.0695355,8.7928381,district
15526.0,2026-03-01,02.03.2026,Walle,False,Brandstiftung,Brandstiftung in der Überseestadt – Bekennerschreiben aufgetaucht,"Bremen-Walle, OT Überseestadt, Am Holzhafen",https://www.polizei.bremen.de/news/pressestelle/pressemeldungen-ab-18022026-67198,"Nach dem Brand in einem Schulungszentrum eines Unternehmens in der Überseestadt, siehe hierzu auch die Pressemeldung 150, ist auf einer linksextremistischen Internetplattform ein Bekennerschreiben veröffentlicht worden. Das Schreiben wird derzeit als authentisch eingestuft. Bremens Innensenatorin Dr. Eva Högl verurteilte die Tat.
In der Nacht zu Sonntag hatte ein Mitarbeiter eines Sicherheitsdienstes während seiner Kontrollfahrt festgestellt, dass zwei Fahrzeuge auf dem Firmengelände in der Straße Am Holzhafen bereits in Vollbrand standen. Vor Ort stellten die Einsatzkräfte zudem ein Feuer im Treppenhaus des Schulungszentrums fest. Die Feuerwehr löschte die Brände. Personen wurden nicht verletzt, es entstand jedoch erheblicher Sachschaden im sechsstelligen Bereich. In dem im Internet veröffentlichten Schreiben bekennen sich Unbekannte zu der Tat und begründen den Anschlag politisch.
Bremens Innensenatorin Dr. Eva Högl äußerte sich deutlich: „Ich verurteile den Brandanschlag auf ein Bremer Unternehmen auf das Schärfste. Politisch begründete Gewalt ist durch nichts zu rechtfertigen – egal aus welcher Richtung sie kommt. Dass sich die Täter in einem Bekennerschreiben als Kämpfer für eine bessere Welt inszenieren, macht die Tat nicht weniger gefährlich und nicht weniger verwerflich. Unsere Sicherheitsbehörden werden alles daransetzen, die Verantwortlichen zu ermitteln und zur Rechenschaft zu ziehen.""
Der Staatsschutz ermittelt wegen Brandstiftung. Zeugen, die in der Straße Am Holzhafen oder in der näheren Umgebung verdächtige Beobachtungen gemacht haben, werden gebeten, sich beim Kriminaldauerdienst unter 0421 362-3888 zu melden.",53.0981735,8.7706805,address
15626.0,2026-03-01,02.03.2026,Walle,False,Einbruch,Einbrecher in Haft,"Bremen-Walle, OT Osterfeuerberg, Auguststraße",https://www.polizei.bremen.de/news/pressestelle/pressemeldungen-ab-18022026-67198,"Einsatzkräfte der Polizei Bremen stellten am Sonntagnachmittag einen 55-Jährigen, der zuvor in eine Wohnung in Walle eingebrochen war. Seine Beute führte er noch mit sich. Gegen den Mann wurde Haftbefehl erlassen.
Der Einbrecher gelangte über den Gemeinschaftsgarten in die Erdgeschosswohnung des Mehrfamilienhauses an der Auguststraße. Dort schlug er die Scheibe einer Terrassentür ein und verschaffte sich Zutritt zur Wohnung. Als die 33-jährige Mieterin den Eindringling dabei überraschte, flüchtete er mit einem Laptop nach draußen. Aufgrund der guten Täterbeschreibung konnte er kurze Zeit später in Tatortnähe samt Beute durch Einsatzkräfte gestellt werden.
Der Mann wurde festgenommen und auf eine Polizeiwache gebracht. Auf Antrag der Staatsanwaltschaft Bremen erließ ein Haftrichter Haftbefehl gegen ihn. Die weiteren Ermittlungen wegen Einbruchdiebstahls dauern an.",53.102219,8.7937381,address
15726.0,2026-03-02,03.03.2026,Woltmershausen,False,Sonstiges,Betrug scheitert an aufmerksamer Bankangestellten,"Bremen-Woltmershausen, OT Woltmershausen",https://www.polizei.bremen.de/news/pressestelle/pressemeldungen-ab-18022026-67198,"Telefonbetrüger versuchten am Montag, eine 76 Jahre alte Bremerin in Woltmershausen um ihr Erspartes zu bringen. Eine Bankmitarbeiterin durchschaute die perfide Masche und alarmierte die Polizei.
Die Kriminellen gaben sich über mehrere Tage am Telefon als Polizist und Oberstaatsanwalt aus. Sie behaupteten, die Polizei wäre einer Diebsbande auf der Spur. Bei einem Täter hätte man eine Liste mit potenziellen Opfern gefunden, darunter auch der Name der Seniorin. Ihr Geld wäre zudem auf der Bank nicht mehr sicher. Die Seniorin wurde derart unter Druck gesetzt, dass sie schließlich eine Bank aufsuchte, um einen hohen Geldbetrag abzuheben. Die Angestellte der Filiale wurde sofort misstrauisch und alarmierte die Polizei. Die Ermittler erklärten der Bremerin, dass sie einem Schwindel auferlegen war.
So können Sie sich vor Telefonbetrügern schützen:
Lassen Sie sich am Telefon auf keinen Fall unter Druck setzen oder zu kurzfristigen Entscheidungen verleiten, egal wie plausibel eine Situation zunächst dargestellt wird. Legen Sie am besten auf, wenn Sie nicht sicher sind, wer anruft und Sie sich unter Druck gesetzt fühlen. Rufen Sie Angehörige unter der Ihnen bekannten Nummer an. Sprechen Sie am Telefon nie über Ihre persönlichen und finanziellen Verhältnisse. Übergeben Sie niemals Geld oder Wertsachen an unbekannte Personen! Ziehen Sie eine Vertrauensperson hinzu oder verständigen Sie über den Notruf 110 die Polizei!",53.079628,8.770217,district
15926.0,2026-03-04,04.03.2026,Neustadt,False,Sonstiges,Hopfen und Malz verloren,"Bremen-Neustadt, OT Neustädter Häfen, Bundesautobahn A 281",https://www.polizei.bremen.de/news/pressestelle/pressemeldungen-ab-18022026-67198,"Ein Lkw hat in der Nacht zu Mittwoch auf der A 281 für eine unfreiwillige „Bierdusche“ auf der Fahrbahn gesorgt. Der 56 Jahre alte Fahrer eines Sattelzuges hatte zuvor bei einer Bremer Brauerei rund 300 Kisten Bier geladen und war anschließend an der Anschlussstelle Neustadt auf die Autobahn in Richtung GVZ aufgefahren.
In der Rechtskurve der Auffahrt fuhr der Fahrer jedoch mit nicht angepasster Geschwindigkeit. Durch die dabei entstandenen Fliehkräfte und offenbar unzureichend gesicherte Ladung rutschten rund 100 Kisten aus dem Auflieger, durchbrachen Plane und Gestänge und verteilten sich über die Fahrbahn.
Die A 281 musste für die Bergungs- und Reinigungsarbeiten gesperrt werden. Während der Großteil der Ladung auf dem Lkw blieb, endete für zahlreiche Flaschen die Reise deutlich früher als geplant.
Die Aufräumarbeiten dauern aktuell noch an.",53.0695355,8.7928381,district
16026.0,2026-02-17,04.03.2026,Neustadt,False,Einbruch,Nach Einbruch gestellt,"Bremen-Neustadt, OT Alte Neustadt, Große Annenstraße",https://www.polizei.bremen.de/news/pressestelle/pressemeldungen-ab-18022026-67198,"Einsatzkräfte der Polizei Bremen stellten am Dienstagabend einen 46 Jahre alten Mann in der Neustadt. Bei ihm fanden sie die Beute aus einem Einbruch, der Mitte Februar ebenfalls in der Neustadt stattgefunden hatte.
Am Dienstagnachmittag meldete sich ein 33 Jahre alter Mann bei der Polizei, da er auf einer Verkaufsplattform im Internet hochwertige Spielfiguren und Spielbretter wiedererkannt hatte, die dort zum Verkauf angeboten wurden. Diese wurden ihm Mitte Februar entwendet, als Unbekannte seinen Keller aufgebrochen hatten. Nach Rücksprache mit der Kriminalpolizei ging er zum Schein auf den Kauf ein. Polizisten begleiteten ihn zum Treffpunkt. Vor Ort wurden die Gegenstände von Einsatzkräften in der Wohnung des 46 Jahre alten mutmaßlichen Einbrechers aufgefunden.
Sie nahmen den Mann mit auf die Wache und fertigten eine entsprechende Anzeige. Die weiteren Ermittlungen dauern an.",53.0723001,8.7975782,address
16126.0,2026-03-04,04.03.2026,Mitte,False,Sonstiges,Bombendrohung löst Polizeieinsatz aus,"Bremen-Mitte, OT Bahnhofsvorstadt, Hauptbahnhof",https://www.polizei.bremen.de/news/pressestelle/pressemeldungen-ab-18022026-67198,"Ein Anrufer löste mit einem Hinweis auf eine Bombe am Mittwochmittag einen größeren Polizeieinsatz am Hauptbahnhof aus.
Gegen 12:45 Uhr meldete ein Anrufer über den Zentralruf der Polizei, dass Sprengstoff im Hauptbahnhof abgelegt wurde. Das Gebäude wurde umgehend geräumt und umfangreich abgesperrt. Alarmierte Delaborierer der Bundespolizei durchsuchten anschließend das Gebäude. Auch ein spezieller Roboter kam dabei zum Einsatz, um einen verdächtigen Gegenstand auf dem Gleis zu untersuchen. Sprengmittel wurden nicht gefunden. Die Sperrungen wurden anschließend aufgehoben und der Bahnhof wieder geöffnet.
Die Ermittlungen der Kriminalpolizei wegen Störung des öffentlichen Friedens durch Androhung einer Straftat dauern an. Die Polizei weist in diesem Zusammenhang darauf hin, dass bei Falschmeldungen neben der strafrechtlichen Verfolgung die Kosten des Einsatzes in Rechnung gestellt werden können. Zusätzlich drohen mögliche zivilrechtliche Forderungen.",53.0820711,8.8129189,address
16226.0,2026-03-04,05.03.2026,Mitte,False,Sonstiges,Vermummte Gruppe zündet Pyrotechnik und verletzt Polizisten,"Bremen-Mitte, OT Ostertor, Sielwall",https://www.polizei.bremen.de/news/pressestelle/pressemeldungen-ab-18022026-67198,"Am Mittwochabend lief eine Gruppe von bis zu 50 vermummten Personen durchs Ostertorviertel. Dabei wurde unter anderem Pyrotechnik gezündet, wodurch ein Polizist leichte Verletzungen erlitt. Die Polizei sucht Zeugen.
Gegen 21.40 Uhr meldeten mehrere Anrufer über den Notruf der Polizei, dass die Gruppe mit „Free Maja“-Bannern zwischen Ulrichsplatz und Sielwall Pyrotechnik abbrennen und Mülleimer anzünden würde. Zudem skandierte die Gruppe polizeifeindliche Gesänge und Rufe. Vor Ort wurde eine Streife, die in einem anderen Einsatz gebunden war, gezielt mit Feuerwerksraketen beschossen und Knallkörpern sowie Steinen beworfen. Dabei wurde ein Polizist durch eine explodierende Rakete am Kopf getroffen und verletzt. Er erlitt unter anderem Verbrennungen, konnte seinen Dienst aber fortsetzen. Noch bevor Unterstützungskräfte eintrafen, flüchtete die Gruppe unerkannt.
Die Polizei ermittelt wegen besonders schweren Landfriedensbruchs und tätlichen Angriffs auf Vollstreckungsbeamte. Zeugenhinweise, insbesondere auch Videoaufnahmen oder Fotos, nimmt der Kriminaldauerdienst der Polizei Bremen jederzeit unter 0421 362-3888 entgegen.",53.0692446,8.8241172,address
16326.0,2026-03-05,06.03.2026,Hemelingen,False,Sonstiges,Polizeieinsatz in Sebaldsbrück,"Bremen-Hemelingen, OT Sebaldsbrück, Sebaldsbrücker Heerstraße",https://www.polizei.bremen.de/news/pressestelle/pressemeldungen-ab-18022026-67198,"Am Donnerstag kam es zu einem Polizeieinsatz in Sebaldsbrück. In einer Baustelle am Sebaldsbrücker Tunnel hatten Arbeiter vor einer Woche zwei unbekannte Gegenstände gefunden und diese in einem Container zwischengelagert.
Der Kampfmittelräumdienst begutachtete heute Vormittag die verdächtigen Gegenstände und stellte fest, dass es sich um vermutlich selbstgefertigte Sprengstoffkörper handelte. Alarmierte Delaborierer vernichteten diese noch vor Ort, indem sie diese kontrolliert abbrannten. Dazu wurde der Bereich rund um die Baustelle an der Eisenbahnbrücke abgesperrt. Es kam zu kurzzeitigen Einschränkungen des Bahnverkehrs.
Die Polizei ermittelt und fragt, wer in den vergangenen Tagen diesbezüglich verdächtige Beobachtungen gemacht hat. Zeugen melden sich jederzeit beim Kriminaldauerdienst unter der Rufnummer 0421 362-3888.",53.0619283,8.8884041,address
16526.0,2026-03-06,06.03.2026,Mitte,False,Sonstiges,Indiana Jones und der verlorene Poller,"Bremen-Mitte, OT Altstadt, Balgebrückstraße",https://www.polizei.bremen.de/news/pressestelle/pressemeldungen-ab-18022026-67198,"Zwei stark alkoholisierte Männer sorgten in der Nacht zu Freitag für einen ungewöhnlichen Polizeieinsatz in der Bremer Altstadt. Statt ein Taxi zu rufen, entschieden sich die beiden kurzerhand für ein anderes Fortbewegungsmittel – einen Gabelstapler.
Das Arbeitsgerät wurde kurzgeschlossen und anschließend gestartet. Mit dem ungewöhnlichen Gefährt ging es dann auf eine wenig elegante Spritztour durch die Balgebrückstraße. Dabei mussten eine Parkbank, mehrere Stühle eines Eiscafés, eine Eiswaffel aus Kunststoff sowie eine Holzskulptur der Bremer Stadtmusikanten unfreiwillig Bekanntschaft mit den Gabelzinken machen.
Am Domshof bekam schließlich auch ein Poller Besuch vom Stapler. Der stand jedoch äußerst unbeweglich im Weg und wurde kurzerhand überfahren.
Die Irrfahrt endete wenig später, als alarmierte Einsatzkräfte das Gefährt stoppten. Der 57-jährige Fahrer, bei dem später rund 2,4 Promille festgestellt wurden, stolperte aus dem Führerhaus und versuchte noch einen wenig überzeugenden Fluchtversuch zu starten. Der 35-jährige Beifahrer wurde ebenfalls gestellt.
Die Polizei ermittelt nun unter anderem wegen Gefährdung des Straßenverkehrs. Der Gabelstapler wurde sichergestellt – und wird künftig wohl wieder ausschließlich für seine eigentliche Aufgabe genutzt: das Heben von Lasten, nicht von Promillewerten.",53.0747296,8.8084356,address
16626.0,2026-03-05,06.03.2026,Walle,False,Einbruch,Polizei nimmt Einbrecher fest,"Bremen-Walle, OT Walle, Waller Heerstraße",https://www.polizei.bremen.de/news/pressestelle/pressemeldungen-ab-18022026-67198,"Einsatzkräfte der Polizei Bremen stellten in der Nacht zu Donnerstag einen 27-Jährigen, der zuvor in den Kiosk einer Eishalle in Walle eingebrochen war. Seine Beute hatte er noch bei sich.
Der Täter verschaffte sich über ein Tor in einer Nebenstraße Zugang zum Gelände. Dort begab er sich auf die Gebäuderückseite, wo er eine Glastür zur Eishalle aufbrach. Mit einem Feuerlöscher schlug der Eindringling die Tür zum dortigen Kiosk ein und entwendete die Kassenlade sowie die Kaffeekasse. Anschließend flüchtete er.  Alarmierte Einsatzkräfte stellten den Verdächtigen noch in Tatortnähe im Grünzug West.
Der 27 Jahre alte Mann wurde für weitere polizeiliche Maßnahmen auf ein Revier gebracht. Die weiteren Ermittlungen gegen ihn wegen Einbruchdiebstahls dauern an.",53.0991229,8.7879477,address
16726.0,2026-03-06,07.03.2026,Walle,False,Koerperverletzung,Reizgas in Schule eingesetzt,"Bremen-Walle, OT Utbremen, Ellmersstraße",https://www.polizei.bremen.de/news/pressestelle/pressemeldungen-ab-18022026-67198,"Ein Jugendlicher versprühte am Freitagmittag Pfefferspray in einem Schulgebäude in Walle, verletzte damit sechs Schülerinnen und Schüler und flüchtete anschließend.
Feuerwehr und Rettungsdienst rückten zunächst mit einem Großaufgebot zur Schule in der Ellmersstraße aus. Die angetroffenen Verletzten erlitten Reizungen im Augenbereich und wurden vor Ort behandelt. Eine Schülerin musste vorsorglich zur weiteren Untersuchung in ein Krankenhaus gebracht werden. Nach entsprechender Lüftung durch die Feuerwehr konnte der Schulbetrieb anschließend wieder aufgenommen werden.
Die Ermittlungen zu dem Täter wegen gefährlicher Körperverletzung dauern an.",53.0892105,8.7910675,address
17026.0,2026-03-08,09.03.2026,Blumenthal,False,Koerperverletzung,Teil des Ohres abgebissen – Streit in Linienbus eskaliert,"Bremen-Blumenthal, OT Lüssum-Bockhorn, Schwaneweder Straße",https://www.polizei.bremen.de/news/pressestelle/pressemeldungen-ab-18022026-67198,"Am Sonntagabend eskalierte in einem Linienbus im Bremer Stadtteil Blumenthal ein Streit zwischen einem 26 Jahre alten Mann und einem 14-Jährigen. Der Mann biss dem Jugendlichen dabei ein Teil seines Ohres ab.
Nach bisherigen Erkenntnissen kam es während der Busfahrt zunächst zu einer verbalen Auseinandersetzung zwischen dem 26-Jährigen und dem Jugendlichen. Auslöser soll ein zu laut abgespieltes Smartphone des Erwachsenen gewesen sein. Im weiteren Verlauf entwickelte sich aus dem Streit eine körperliche Auseinandersetzung, bei der der 26-Jährige dem 14-Jährigen in das Ohr biss. Dabei wurde ein Teil des Ohres herausgerissen.
Mehrere Fahrgäste versuchten, die Situation zu schlichten. In diesem Zusammenhang wurde ein Mann, der eingreifen wollte, von dem Vater des 26-Jährigen mit der Faust ins Gesicht geschlagen.
Der 14-Jährige wurde durch Rettungskräfte versorgt und anschließend mit einem Rettungswagen in ein Krankenhaus gebracht.
Die Polizei nahm den 26-jährigen Tatverdächtigen mit zur Wache. Während der polizeilichen Maßnahmen leistete er Widerstand. Gegen ihn werden nun Ermittlungen wegen schwerer Körperverletzung sowie wegen Widerstands gegen Vollstreckungsbeamte geführt.",53.1992339,8.5734176,address
17326.0,2026-03-10,11.03.2026,Blumenthal,False,Sonstiges,Unbekannter wirft Ast auf Bundesstraße,"Bremen-Blumenthal, OT Lüssum-Bockhorn, Leo-Drabent-Weg",https://www.polizei.bremen.de/news/pressestelle/pressemeldungen-ab-18022026-67198,"Ein unbekannter Jugendlicher hat am Dienstagnachmittag in Blumenthal einen etwa zwei Meter langen Ast von einer Fußgängerbrücke auf die B74 geworfen und ein fahrendes Auto getroffen. Verletzt wurde niemand. Die Polizei sucht Zeugen.
Etwa um 14:40 Uhr war eine 39 Jahre alte Frau mit ihren beiden Kindern in ihrem Auto auf der B74 unterwegs, als sie auf der Fußgängerbrücke im Leo-Drabent-Weg den Unbekannten sah, wie dieser etwas in ihre Richtung warf. Ein längerer Ast traf daraufhin ihr Auto an der A-Säule. Sie stoppte und alarmierte die Polizei. Verletzt wurde niemand, die 39-Jährige und ihre Kinder kamen mit dem Schrecken davon. Am Auto entstand Sachschaden.
Das Verkehrskommissariat der Polizei Bremen ermittelt wegen gefährlichen Eingriffs in den Straßenverkehr und sucht Zeugen. Der unbekannte Jugendliche soll etwa 15 Jahre alt gewesen sein. Er soll schulterlange schwarze Haare gehabt haben. Bekleidet war er mit einem hellgrauen Kapuzenpullover. Nach der Tat fuhr er mit seinem Fahrrad in Richtung der Straße Am Fillerkamp. Hinweise nimmt die Verkehrsbereitschaft unter 0421 362-14850 entgegen.",53.1949727,8.5615232,address
17426.0,2026-03-10,11.03.2026,Gröpelingen,False,Raub,Nach Handyraub gestellt,"Bremen-Gröpelingen, OT Lindenhof, Werftstraße/Grasberger Straße",https://www.polizei.bremen.de/news/pressestelle/pressemeldungen-ab-18022026-67198,"In der Nacht von Montag auf Dienstag wurde ein 25 Jahre alter Mann in Gröpelingen ausgeraubt. Einsatzkräfte der Polizei stellten gegen Mittag einen 34-Jährigen.
Etwa um 01:50 Uhr saß der 25-Jährige an der Haltestelle Grasberger Straße in der Werftstraße, als sich ihm ein zunächst unbekannter Mann näherte und ihn nach einer Zigarette fragte. Als der 25-Jährige angab, keine mehr zu haben, zückte der Räuber ein Messer, bedrohte ihn damit, durchsuchte seine Taschen und entwendete ihm das Mobiltelefon. Dabei schlug er ihm auch ins Gesicht. Anschließend entfernte er sich. Am Morgen zeigte der 25-Jährige die Tat an einer Polizeiwache an. Er konnte sein Telefon kurzzeitig orten, Einsatzkräfte stellten den 34 Jahre alten Mann daraufhin in der Debstedter Straße. Das Telefon hatte er nicht mehr bei sich.
Auf der Wache gab er zu, die Tat begangen zu haben, stritt aber ab, ein Messer benutzt zu haben. Das Handy hätte er bereits gegen Drogen eingetauscht. Die Polizisten fertigten eine entsprechende Anzeige. Die weiteren Ermittlungen, auch zum Verbleib des Handys, dauern an.",53.116711,8.7630483,district
17726.0,2026-03-12,12.03.2026,Gröpelingen,False,Waffendelikt,Angriff mit Messer– Frau verletzt,"Bremen-Gröpelingen, OT-Lindenhof, Gröpelinger Heerstraße",https://www.polizei.bremen.de/news/pressestelle/pressemeldungen-ab-18022026-67198,"Am Donnerstagvormittag wurde eine 34 Jahre alte Frau im Stadtteil Gröpelingen von ihrem 39-jährigen Ex-Partner angegriffen und dabei verletzt. Passanten griffen ein und verhinderten offenbar weitere Tathandlungen.
Nach bisherigen Erkenntnissen wurde die Frau in der Gröpelinger Heerstraße von dem Mann abgepasst. Im Verlauf einer Auseinandersetzung führte der 39-Jährige daraufhin Stichbewegungen mit einem Messer in ihre Richtung aus. Erst durch das Eingreifen von Passanten wurde er mutmaßlich von weiteren Angriffen abgehalten. Die Frau flüchtete anschließend gemeinsam mit ihren drei Kindern in ein vorbeikommendes Fahrzeug. Auch dabei soll der Mann weiterhin auf sie eingewirkt haben.
Die Bremerin wurde zur weiteren Behandlung in ein Krankenhaus gebracht. Lebensgefahr besteht nicht.
Die drei Kinder blieben unverletzt und befinden sich derzeit bei Angehörigen. Der Angreifer wurde festgenommen. Die Ermittlungen der Polizei dauern an.",53.116711,8.7630483,district
17826.0,2026-03-11,12.03.2026,Blumenthal,False,Waffendelikt,Zivilpolizisten fassen Drogendealer in Bremen-Nord,"Bremen-Blumenthal, OT Lüssum-Bockhorn, Lüssumer Ring",https://www.polizei.bremen.de/news/pressestelle/pressemeldungen-ab-18022026-67198,"Einsatzkräfte der Polizei Bremen stellten am Mittwoch in Lüssum nach einem Drogenhandel einen mutmaßlichen 24-jährigen Drogendealer. Bei der anschließenden Wohnungsdurchsuchung fanden sie eine größere Menge Drogen, viel Bargeld und Waffen.
Die Zivilpolizisten beobachteten am frühen Nachmittag einen mutmaßlichen Drogenhandel im Bereich Lüssumer Ring. Bei der Kontrolle des Erwerbers fanden sie Kokain bei ihm. Der mutmaßliche Dealer flüchtete, konnte jedoch wenig später gestellt werden. Bei einer Wohnungsdurchsuchung des 24-Jährigen wurden eine höhere Summe Bargeld, wertvoller Goldschmuck, größere Mengen Marihuana und Kokain, sowie zwei Schreckschusswaffen und eine Machete beschlagnahmt.
Gegen den 24 Jahre alten Tatverdächtigen wurden Ermittlungen nach dem Betäubungsmittelgesetz wegen Verdachts des gewerbsmäßigen Handels eingeleitet.
Die weiteren Ermittlungen der Kriminalpolizei dauern an.",53.197119,8.5598241,address
18026.0,2026-03-12,12.03.2026,Mitte,False,Einbruch,Einbrecher gestellt,"Bremen-Mitte, OT Bahnhofsvorstadt, Nicolaistraße",https://www.polizei.bremen.de/news/pressestelle/pressemeldungen-ab-18022026-67198,"In der Nacht von Mittwoch auf Donnerstag stellten Einsatzkräfte in Mitte einen 25 Jahre alten Mann. Er ist verdächtig, kurz zuvor in eine Wohnung eingebrochen zu sein während die Bewohner schliefen.
Etwa um 01:35 Uhr wurden Einsatzkräfte aufgrund eines Einbruchs in die Nicolaistraße gerufen. Ein Ehepaar vor Ort gab an, dass sie von Geräuschen geweckt wurden und der 32 Jahre alte Ehemann daraufhin einen Einbrecher im Badezimmer erwischte. Dieser flüchtete umgehend. Aufgrund der Täterbeschreibung stellten Einsatzkräfte den 25-Jährigen in der Nähe der Wohnung. Entwendet wurde nichts, offenbar hatte der Täter sich über ein Fenster Zugang zur Wohnung verschafft.
Auf der Wache fertigten die Polizisten eine entsprechende Strafanzeige. Die weiteren Ermittlungen der Kriminalpolizei dauern an.",53.0864698,8.7990318,address
18126.0,2026-03-12,12.03.2026,Blumenthal,False,Toetungsdelikt,Mann getötet,"Bremen-Blumenthal, OT Lüssum-Bockhorn, Lüssumer Ring",https://www.polizei.bremen.de/news/pressestelle/pressemeldungen-ab-18022026-67198,"Am Donnerstagabend wurde ein 67 Jahre alter Mann in Lüssum tödlich verletzt. Die Polizei nahm den mutmaßlichen Täter fest.
Der 32-jährige Bremer steht im dringenden Tatverdacht, seinen 67 Jahre alten Vater in einer Wohnung am Lüssumer Ring angegriffen und getötet zu haben. Der 32-Jährige stellte sich noch in der Nacht der Polizei. Einsatzkräfte konnten nur noch den Tod des Mannes feststellen.
Die Staatsanwaltschaft und die Polizei Bremen ermitteln gegen den 32-jährigen Mann wegen Totschlags. Eine Haftprüfung dauert derzeit an.
Weitere Auskünfte erteilt die Staatsanwaltschaft Bremen.",53.197119,8.5598241,address
18226.0,2026-03-12,12.03.2026,Osterholz,False,Waffendelikt,Tasereinsatz in Osterholz,"Bremen-Osterholz, OT Blockdiek, Kölner Straße",https://www.polizei.bremen.de/news/pressestelle/pressemeldungen-ab-18022026-67198,"Mit Hilfe eines Tasers beendeten Spezialkräfte der Polizei Bremen eine Gefahrenlage in Bremen Osterholz. Eine offenbar psychisch auffällige Frau hatte Einsatzkräfte mit einem Beil bedroht.
Die Polizei wurde am Nachmittag über Notruf von Anwohnern der Kölner Straße gerufen, weil eine Nachbarin in ihrer Wohnung randaliere und dabei laut herumschreie. Einsatzkräfte waren schnell vor Ort und wurden von der Frau sofort mit einem Hackbeil bedroht. Dabei schlug sie mehrmals mit dem Beil in Richtung der Polizisten. Trotz mehrfacher Aufforderung, es wurde ein Schusswaffengebrauch angedroht, ließ sie sich nicht dazu bewegen, dass Beil fallenzulassen.
Hinzugezogene Spezialkräfte setzten daraufhin erfolgreich einen Taser ein. Die 33-Jährige wurde umgehend vor Ort von vorsorglich alarmierten Rettungskräften medizinisch betreut und anschließend nach einer psychiatrischen Begutachtung zwangsweise untergebracht.",53.0761698,8.9293152,address
18326.0,2026-03-12,13.03.2026,Obervieland,False,Verkehrsunfall,Mehrere Verletzte und Vollsperrung nach Verkehrsunfall,"Bremen-Obervieland, OT Habenhausen, Habenhauser Brückenstraße",https://www.polizei.bremen.de/news/pressestelle/pressemeldungen-ab-18022026-67198,"Am Donnerstagnachmittag kam es auf der Carl-Carstens-Brücke zu einem schweren Verkehrsunfall. Dabei wurden mehrere Personen, darunter auch Kinder, zum Teil schwer verletzt. Die Straße musste für mehrere Stunden voll gesperrt werden, so dass es zu erheblichen Verkehrsbehinderungen kam.
Gegen 16:50 Uhr war die 33 Jahre alte Fahrerin eines Golfs auf der Erdbeerbrücke in stadtauswärtige Richtung unterwegs. Kurz vor der Habenhauser Brückenstraße geriet sie aus bisher noch ungeklärter Ursache in den Gegenverkehr und prallte frontal mit dem VW Passat eines 33-Jährigen zusammen. In dem Golf saßen insgesamt drei Erwachsene und drei Kinder, ein sieben Jahre altes Mädchen und eine 30 Jahre alte Frau wurden durch den Aufprall schwer verletzt. Vor Ort leisteten Passanten und im weiteren Verlauf die eingetroffenen Einsatzkräfte Erste Hilfe. Alle sieben Verletzten wurden von Rettungskräften in Krankenhäuser gebracht. Ein zwischenzeitlich alarmierter Rettungshubschrauber war vor Ort, wurde aber nicht benötigt.
Die Brücke musste für mehrere Stunden für Räumarbeiten gesperrt werden, so dass es in diesem Zeitraum zu erheblichen Verkehrsbehinderungen und Rückstaus kam. Bei beiden Autos entstand hoher Sachschaden. Die weiteren Ermittlungen des Verkehrskommissariats der Polizei Bremen, auch zur genauen Unfallursache, dauern an.",53.0488349,8.8466862,address
18526.0,2026-03-13,14.03.2026,Findorff,False,Hasskriminalitaet,24-Jähriger rassistisch beleidigt und verletzt,"Bremen-Findorff, OT Findorff-Bürgerweide, Willy-Brandt-Platz",https://www.polizei.bremen.de/news/pressestelle/pressemeldungen-ab-18022026-67198,"Ein 28 Jahre alter Mann beleidigte am Freitagabend in Findorff einen 24-Jährigen rassistisch und schlug ihn. Der 24-Jährige musste in einem Krankenhaus behandelt werden.
Die beiden Männer gerieten nach einem Anrempler im Eingangsbereich eines Einkaufmarktes am Willy-Brandt-Platz aneinander. In der weiteren Folge wurde der 24-Jährige dann laut eigenen Aussagen von dem 28-Jährigen rassistisch beleidigt.
Als der Jüngere ihn daraufhin mit seinem Handy aufnahm, schlug ihm der 28-Jährige mit der Faust ins Gesicht. Danach warf er mit einer Getränkedose nach dem 24-Jährigen und traf ihn am Kopf. Als der Angreifer flüchten wollte, eilte ihm der 24-Jährige nach und es kam zu einer Rangelei am Boden. Alarmierte Einsatzkräfte waren schnell vor Ort, schritten ein und stellten den 28-Jährigen.
Beide Männer erlitten leichte Verletzungen. Der 24-Jährige wurde nach einer ersten Behandlung durch Rettungskräfte vorsorglich in ein Krankenhaus gebracht.
Die Polizei traf noch am Tatort umfangreiche Maßnahmen, befragte erste Zeugen und sicherte Beweismittel. Die weiteren Ermittlungen, unter anderem wegen gefährlicher Körperverletzung, dauern an. Der Staatsschutz ist eingeschaltet.
Weitere Hinweisgeber melden sich jederzeit beim Kriminaldauerdienst unter der Rufnummer 0421 362-3888.",53.0843721,8.8151591,address
18626.0,2026-02-14,15.03.2026,Mitte,False,Sonstiges,Einsatz im Viertel – 2500 Menschen auf der Sielwallkreuzung,"Bremen-Mitte, OT Ostertor, Sielwall",https://www.polizei.bremen.de/news/pressestelle/pressemeldungen-ab-18022026-67198,"Polizei und Ordnungsamt waren in der Samstagnacht im Viertel im Einsatz, nachdem rund 2500 Menschen das Konzert eines Aachener Musikers auf der Sielwallkreuzung feierten.
Der Auftritt fand am späten Abend vom Balkon eines Büroraums aus oberhalb der Sielwallkreuzung statt und dauerte etwa 20 Minuten. In der Spitze fanden sich rund 2500 Besucher auf der Fahrbahn ein, so dass es temporär zu Verkehrsbehinderungen kam. Aus der Menge heraus wurde vereinzelt Pyrotechnik gezündet. Zudem wurden Ampeln bestiegen, was zu einem technischen Ausfall führte. Nach dem Konzert musste der gesamte Kreuzungsbereichs von Müll und Glasscherben gereinigt werden.
Am Rande der Veranstaltung kam es nach einem Krankheitsfall zu einem Rettungseinsatz.
Für die Musikveranstaltung, die ansonsten störungsfrei verlief, lag dem Ordnungsamt, das ebenfalls vor Ort war, keine offizielle Anmeldung vor. Ein entsprechendes ein Ordnungswidrigkeitenverfahren gegen die Verantwortlichen wurde eingeleitet.",53.0692446,8.8241172,address
18826.0,2026-03-16,17.03.2026,Mitte,False,Hasskriminalitaet,Transfrau geschlagen und beleidigt,"Bremen-Mitte, OT Altstadt, Am Markt",https://www.polizei.bremen.de/news/pressestelle/pressemeldungen-ab-18022026-67198,"Ein unbekannter Mann attackierte am Montagnachmittag in der Innenstadt eine 30 Jahre alte Transfrau und schlug diese auch. Die Polizei sucht Zeugen.
Etwa um 14:40 Uhr waren die 30-Jährige und eine weitere Transfrau vom Marktplatz aus in Richtung Domsheide unterwegs. Einige Meter vor den Haltestellen wurden beide zunächst von einem Mann homophob beleidigt. Nach einem kurzen Wortgefecht kam der unbekannte Mann näher und schlug der 30-Jährigen mit der Faust ins Gesicht. Anschließend gingen er und ein weiterer Mann, der ihn begleitete, in Richtung Wilhelm-Kaisen-Brücke davon. Die Kriminalpolizei hat die weiteren Ermittlungen aufgenommen.
Der Mann wurde wie folgt beschrieben: Er war etwa 30 Jahre alt, ca. 170 cm groß und hatte einen dunklen, längeren Bart. Bekleidet war er mit einer dunkelgrünen Jacke, einer hellblauen Jeanshose und hellen Turnschuhen. Er hatte eine schwarze Mütze auf dem Kopf. Er sprach die 30-jährige auf Türkisch an und war in Begleitung eines zweiten Mannes unterwegs, der jedoch unbeteiligt blieb.
Hinweise nimmt der Kriminaldauerdienst der Polizei Bremen unter 0421 362-3888 entgegen.",53.0759677,8.8068883,address
18926.0,2026-03-17,18.03.2026,Neustadt,False,Waffendelikt,Schüsse in der Neustadt,"Bremen-Neustadt, OT Huckelriede, Kornstraße",https://www.polizei.bremen.de/news/pressestelle/pressemeldungen-ab-18022026-67198,"Am Dienstagabend kam es in der Neustadt zu einer körperlichen Auseinandersetzung, dabei sollen auch Schüsse gefallen sein. Etwas später verstarb ein 32-Jähriger in einem Krankenhaus. Die Polizei sucht Zeugen.
Gegen 19:30 Uhr meldeten Anrufer über den Notruf der Polizei eine Auseinandersetzung zwischen mehreren Personen in der Neustadt. Dabei sollte auch mehrfach geschossen worden sein. Die alarmierten Einsatzkräfte waren kurze Zeit später vor Ort und sicherten den Bereich ab. Von den mutmaßlichen Beteiligten befand sich zu diesem Zeitpunkt niemand mehr vor Ort. Umgehend eingeleitete Fahndungsmaßnahmen verliefen zunächst ohne Ergebnis. Daraufhin wurden umfangreich Zeugen befragt und die Spurensicherung alarmiert. Diese fand unter anderem mehrere Patronenhülsen einer scharfen Schusswaffe. Etwas später wurde gemeldet, dass ein Unbekannter einen 32 Jahre alten Mann mit mehreren Schusswunden in ein Krankenhaus gebracht hatte. Dieser verstarb kurze Zeit später. Die Staatsanwaltschaft und die Polizei ermitteln wegen eines Tötungsdeliktes. Für Anfragen wenden Sie sich bitte an die Staatsanwaltschaft Bremen.
Weitere Zeugen, die die Auseinandersetzung in der Kornstraße gesehen oder sonstige Beobachtungen gemacht haben, werden gebeten, sich beim Kriminaldauerdienst der Polizei Bremen unter 0421 362-3888 zu melden.",53.0528117,8.8173672,address
19126.0,2026-03-17,18.03.2026,Neustadt,False,Toetungsdelikt,Anonymes Hinweisportal zum aktuellen Tötungsdelikt geschaltet - Polizei Bremen bittet um Hinweise,"Bremen-Neustadt, OT Huckelriede, Kornstraße",https://www.polizei.bremen.de/news/pressestelle/pressemeldungen-ab-18022026-67198,"Am Dienstagabend kam es in der Neustadt zu einer körperlichen Auseinandersetzung, dabei sollen auch Schüsse gefallen sein (siehe unsere heutige Meldung Nr. 0189). Nachdem ein 32-Jähriger in einem Krankenhaus verstarb, bittet die Polizei um Mithilfe und schaltet ein anonymes Hinweisportal.
Die Mordkommission ermittelt unter Hochdruck wegen eines Tötungsdeliktes. Es werden unter anderem Spuren ausgewertet und erste Zeugen befragt.
Die Ermittler fragen weiter: Wer hat in der Kornstraße zwischen 19.20 bis 19.30 Uhr eine tumultartige Auseinandersetzung beobachtet? Insbesondere die Fahrerin oder der Fahrer eines silbernen Kleinwagens wird in diesem Zusammenhang gebeten, sich als Zeuge bei der Polizei zu melden.
Hinweise können dem Kriminaldauerdienst unter der 0421 362-3888 oder auch anonym unter dem eingerichteten Hinweisportal unter
https://hb.hinweisportal.de/~portal/de/select
gegeben werden.",53.0528117,8.8173672,address
19226.0,2026-03-18,19.03.2026,Mitte,False,Sonstiges,Polizei begleitet Demo - Pyro und Beleidigungen,Bremen-Mitte,https://www.polizei.bremen.de/news/pressestelle/pressemeldungen-ab-18022026-67198,"Die Polizei Bremen begleitete am Mittwochabend eine Versammlung in der Bremer Innenstadt. Bei dem überwiegend friedlichen Aufzug wurden aber Polizisten beleidigt und Pyrotechnik gezündet.
Zum Thema ""Tag der politischen Gefangenen"" waren vom Bahnhof bis ins Viertel in der Spitze bis zu 140 Menschen überwiegend friedlich unterwegs. Aus dem Aufzug heraus skandierten Teilnehmende immer wieder polizeifeindliche Parolen. Außerdem wurde in der Straße Fehrfeld Pyrotechnik abgebrannt. Die Einsatzkräfte dokumentierten die Verstöße, stellten Personalien fest und fertigten eine entsprechende Anzeige. Die weiteren Ermittlungen hierzu dauern an.
In der St.-Jürgen-Straße fand die Abschlusskundgebung statt. Anschließend wurde die Versammlung durch die Verantwortlichen beendet.",53.0786741,8.8109045,district
19326.0,2026-03-20,20.03.2026,Östliche Vorstadt,False,Koerperverletzung,Messerattacke im Viertel – zwei Männer schwer verletzt,"Bremen-Östliche Vorstadt, OT Steintor, Vor dem Steintor",https://www.polizei.bremen.de/news/pressestelle/pressemeldungen-ab-18022026-67198,"In der Nacht zu Freitag wurden im Steintorviertel zwei Männer bei einer Auseinandersetzung durch Stichverletzungen schwer verletzt. Die Polizei ermittelt wegen eines versuchten Tötungsdelikts und sucht Zeugen.
Nach bisherigen Erkenntnissen geriet ein 23 Jahre alter Mann aus bislang ungeklärten Gründen mit einem Unbekannten in der Straße Vor dem Steintor / Ecke Helenenstraße in einen Streit. Im weiteren Verlauf zog der Täter eine Stichwaffe, vermutlich ein Messer, und stach auf den 23-Jährigen ein. Ein 20-jähriger Begleiter wollte eingreifen und wurde ebenfalls durch mehrere Stiche verletzt.
Anschließend flüchtete der Täter fußläufig in Richtung Sielwall-Kreuzung. Eine Beschreibung des Mannes liegt derzeit nicht vor.
Beide Männer wurden mit schweren Verletzungen in ein Krankenhaus gebracht. Lebensgefahr besteht nicht mehr.
Die Kriminalpolizei hat die Ermittlungen aufgenommen. Zeugenhinweise nimmt der Kriminaldauerdienst unter der Telefonnummer 0421 362-3888 entgegen.",53.0730116,8.8237464,address
19426.0,2026-03-19,20.03.2026,Huchting,False,Raub,„Räuberpistole“ in Huchting – Fahrt durch mehrere Strafgesetze,"Bremen-Huchting, OT Mittelshuchting, Heinrich-Plett-Allee",https://www.polizei.bremen.de/news/pressestelle/pressemeldungen-ab-18022026-67198,"Dieser Einsatz liest sich wie eine kleine Reise durch das Strafgesetzbuch: Gleich mehrere Delikte und zwei Beteiligte mit seltsamen Ideen beschäftigten die Polizei Bremen am Donnerstagabend.
Ein 21-jähriger Bremer war mit einem gestohlenen Mercedes samt ebenfalls entwendeter Kennzeichen – und ohne Fahrerlaubnis – im Stadtgebiet unterwegs. Auf dem Parkplatz eines Discounters in der Heinrich-Plett-Allee traf er auf einen 30-jährigen Bekannten. Was folgte, schilderte der 21-Jährige später als Mischung aus Streit, Ohrfeige, Messerbedrohung und unfreiwilliger Spritztour.
Nach einer Auseinandersetzung auf dem Parkplatz soll der 30-Jährige den Autoschlüssel an sich genommen haben. Er bedrohte seinen jüngeren Kontrahenten mit einem Messer und zwang ihn, ins Auto einzusteigen.  Anschließend fuhren beide gemeinsam weiter – offenbar mit Zwischenstopp zum Versorgen von zwei Hunden. Während der 30-Jährige kurz ausstieg, nutzte der 21-Jährige die Gelegenheit zur Flucht und wandte sich über seine Schwester an die Polizei.
Die Einsatzkräfte trafen den 30-Jährigen wenig später in der Antwerpener Straße – weiterhin fahrend im gestohlenen Mercedes – an und nahmen ihn vorläufig fest. Auch er verfügte über keine Fahrerlaubnis und stand zudem unter dem Einfluss von Betäubungsmitteln. Im Polizeigewahrsam zeigte sich der Mann plötzlich gesundheitlich angeschlagen und wurde vorsorglich in ein Krankenhaus gebracht.
Warum es überhaupt zu dem Streit kam, bleibt vorerst das Geheimnis der beiden Beteiligten – hierzu machten sie keine Angaben.
Die Polizei ermittelt nun unter anderem wegen schweren Raubes, Freiheitsberaubung, Fahren ohne Fahrerlaubnis, Fahren unter Drogeneinfluss, Urkundenfälschung sowie Diebstahls- und Hehlereidelikten.",53.0554961,8.7160922,address
19526.0,2026-03-19,20.03.2026,Woltmershausen,False,Waffendelikt,Mit Messer schwer verletzt,"Bremen-Woltmershausen, OT Woltmershausen, Ahlhorner Straße",https://www.polizei.bremen.de/news/pressestelle/pressemeldungen-ab-18022026-67198,"Einsatzkräfte der Polizei Bremen nahmen in der Nacht von Donnerstag auf Freitag in Woltmershausen einen 40 Jahre alten Mann fest. Er ist verdächtig, in einer Wohnung einen 39-Jährigen angegriffen und mit einem Messer schwer verletzt zu haben.
Etwa um 23:10 Uhr alarmierte eine 36 Jahre alte Frau über den Notruf die Polizei, da ihr Ex-Lebenspartner einen Mann in ihrer Wohnung mit einem Messer attackiert und diesen verletzt hätte. Vor Ort stellten die Einsatzkräfte den 40-Jährigen noch in der Wohnung. Während der Maßnahme tauchte der stark blutende 39-Jährige auf und die Polizisten leisteten umgehend Erste Hilfe. Anschließend wurde er von Rettungskräfte in ein Krankenhaus gebracht.
Die Frau gab gegenüber den Einsatzkräften an, dass der 40-Jährige sich gewaltsam Zutritt zu der Wohnung verschafft hatte und mit einem Messer auf den 39-Jährigen losgegangen war. Die Polizei ermittelt jetzt wegen eines versuchten Tötungsdeliktes. Er soll noch im Laufe des Tages einem Haftrichter vorgeführt werden. Die weiteren Ermittlungen dauern an.",53.0806998,8.7691679,address
19626.0,2026-03-19,21.03.2026,Obervieland,False,Drogendelikt,"Verkehrskontrollen in Bremen – Drogenfahrten, Haftbefehl und 35 Mängel an einem Fahrzeug","Bremen-Obervieland, Hemelingen",https://www.polizei.bremen.de/news/pressestelle/pressemeldungen-ab-18022026-67198,"Im Rahmen einer Aus- und Fortbildung zur Drogenerkennung im Straßenverkehr führte die Polizei Bremen am 18. und 19. März umfangreiche Verkehrskontrollen in der Habenhauser Brückenstraße sowie am Autobahnzubringer Hemelingen durch. Unterstützt wurden die Maßnahmen unter anderem vom Zoll, der Landeshauptkasse Bremen und dem THW.
Insgesamt kontrollierten die Einsatzkräfte 289 Fahrzeuge und 334 Personen. Dabei stellten sie zahlreiche Verstöße fest, darunter 15 Drogenfahrten, mehrere Fälle von Fahren ohne Fahrerlaubnis sowie Verstöße gegen das Betäubungsmittel- und Waffengesetz. Zudem wurde ein offener Haftbefehl vollstreckt. Insgesamt wurden 15 Blutentnahmen aufgrund des Verdachts auf eine Beeinflussung durch berauschende Mittel wie THC, Amphetamin oder Kokain durchgeführt.
Besonders auffällig war unter anderem eine 68-jährige Autofahrerin, die mutmaßlich unter dem Einfluss von Kokain stand. Ihr Führerschein wurde beschlagnahmt und ein Strafverfahren eingeleitet. Ein kontrollierter Transporter wies insgesamt 35 erhebliche und gefährliche Mängel auf und wurde als verkehrsunsicher eingestuft, sodass die Weiterfahrt untersagt wurde. Bei einer weiteren Kontrolle wurden bei einem Mann Betäubungsmittel aufgefunden. Ein anderer Mann konnte einen gegen ihn bestehenden Haftbefehl durch Zahlung von 1000 Euro abwenden. Zudem wurde gegen einen Fahrer ein Verfahren wegen Urkundenfälschung eingeleitet, nachdem er unzulässige Kennzeichen an seinem Fahrzeug angebracht hatte.
Darüber hinaus vollstreckte die Landeshauptkasse offene Forderungen verschiedener Behörden, wie beispielsweise Bußgelder für Schulversäumnisse, Justizkosten oder Steuern. Die Polizei Bremen kündigt weitere Kontrollen für die Sicherheit im Straßenverkehr an.",53.03885,8.837961,district
19726.0,2026-03-20,21.03.2026,Neustadt,False,Waffendelikt,Kontrollen in der Neustadt – Polizei zeigt Präsenz und stärkt Sicherheitsgefühl,Bremen-Neustadt,https://www.polizei.bremen.de/news/pressestelle/pressemeldungen-ab-18022026-67198,"Nach den jüngsten Vorfällen mit Schussabgaben im öffentlichen Raum hat die Polizei Bremen ihre Maßnahmen zur Kriminalitätsbekämpfung in der Neustadt weiter verstärkt. Am Freitagabend kontrollierte ein Großaufgebot der Polizei über mehrere Stunden gemeinsam mit dem Zoll und dem Ordnungsamt Lokalitäten und Geschäfte.
Im Fokus der Maßnahmen standen Shisha Bars, Kioske und Cafés sowie mögliche Rückzugsorte von Straftätern. Die Einsatzkräfte überprüften dabei in der Kornstraße, in der Pappelstraße, in der Gastfeldstraße und in der Langemarckstraße 59 Personen und stellten unter anderem potentielle Schlagwaffen wie Baseballschläger und Hammer sicher. Ein Mann wurde per Haftbefehl gesucht, für ihn endete der Abend bei der Polizei. Darüber hinaus musste ein Lokal aufgrund von Mängeln geschlossen werden. Die Einsatzkräfte ahndeten zudem Verstöße wegen Steuerhinterziehung, Schwarzarbeit, Brandschutz und Jugendschutz. Eine Auswertung des Einsatzes dauert an.
Die Polizei Bremen reagiert mit diesen Maßnahmen auf die jüngsten Entwicklungen. Ziel ist es, durch sichtbare Präsenz, Kontrollen und konsequentes Einschreiten die Sicherheit im Stadtteil weiter zu erhöhen.",53.0695355,8.7928381,district
19826.0,2026-03-21,21.03.2026,Findorff,False,Raub,Räuber auf Krücken – 25-Jähriger bei Überfall verletzt,"Bremen-Findorff, OT Findorff-Bürgerweide, Theodor-Heuss-Allee",https://www.polizei.bremen.de/news/pressestelle/pressemeldungen-ab-18022026-67198,"Ein bislang unbekannter Täter überfiel am Freitagabend im Bereich der Bürgerweide einen 25 Jahre alten Mann und verletzte ihn dabei mit einem Messer. Die Polizei sucht Zeugen.
Nach bisherigen Erkenntnissen sprach der auffällig aussehende Mann den 25-Jährigen gegen 19.45 Uhr in der Theodor-Heuß-Allee an und bat um eine Geldspende. Als der Angesprochene dies verneinte, griff der Täter nach der Umhängetasche des Mannes und versuchte, diese zu entreißen. Als der 25-Jährige sich wehrte, stach der Unbekannte mehrfach in seine Richtung, entriss die Tasche und flüchtete anschließend mit der Beute zu Fuß.
Der Bremer wurde später von einem Zeugen aufgefunden, der dann den Notruf verständigte. Rettungskräfte versorgten den Verletzten vor Ort und brachten ihn zur ambulanten Behandlung in ein Krankenhaus.
Der Räuber wurde als besonders markant beschrieben: Er ist einbeinig, auf Krücken unterwegs, trug dunkle Kleidung und hat einen Bart.
Die Ermittlungen dauern an. Zeugenhinweise nimmt der Kriminaldauerdienst unter der Telefonnummer 0421 362-3888 entgegen.",53.0848079,8.8151677,address
19926.0,2026-03-21,22.03.2026,Mitte,False,Koerperverletzung,Auseinandersetzungen in der Innenstadt,"Bremen-Mitte, OT Bahnhofsvorstadt, OT Altstadt, Bahnhofstraße, Faulenstraße",https://www.polizei.bremen.de/news/pressestelle/pressemeldungen-ab-18022026-67198,"In der Nacht von Samstag auf Sonntag kam es in der Bremer Innenstadt zu zwei größeren körperlichen Auseinandersetzungen, bei denen mehrere Menschen verletzt wurden. Die Polizei Bremen war mit zahlreichen Einsatzkräften vor Ort und ermittelt in beiden Fällen.
Zunächst gerieten in der Bahnhofstraße zwei Personengruppen aus bislang ungeklärten Gründen in Streit. Die Auseinandersetzung eskalierte zu einer Schlägerei mit mehr als zehn Beteiligten. Dabei wurde ein 18-Jähriger durch eine Stichwaffe am Bein verletzt und anschließend ambulant in einem Krankenhaus behandelt. Die Polizei stellte mehrere Beteiligte und Zeugen vor Ort fest und nahm Tatverdächtige mit zur Wache.
Gegen kurz vor 2 Uhr wurden die Einsatzkräfte zu einer weiteren Auseinandersetzung in die Faulenstraße gerufen. Nach bisherigen Erkenntnissen entwickelte sich aus einem Streit vor einer Bar eine Schlägerei zwischen mehreren Personen. Dabei wurden unter anderem Barhocker eingesetzt, zudem soll mit einer Säge gedroht worden sein. Im weiteren Verlauf flüchteten mehrere Tatverdächtige mit einem weißen BMW SUV und touchierten dabei zwei Männer. Diese erlitten leichte Verletzungen und wurden ambulant behandelt. Eine sofort eingeleitete Fahndung nach dem Fahrzeug verlief zunächst ohne Erfolg.
Die Ermittlungen in beiden Fällen dauern an. Zeugenhinweise nimmt der Kriminaldauerdienst unter der Telefonnummer 0421 362-3888 entgegen.",53.0786741,8.8109045,district
20126.0,2026-03-21,22.03.2026,Borgfeld,False,Toetungsdelikt,Abgeblitzt – Sprühaktion am Blitzer endet auf der Wache,Bremen-Borgfeld,https://www.polizei.bremen.de/news/pressestelle/pressemeldungen-ab-18022026-67198,"Ein ungewöhnlicher Fall von „Kunst im öffentlichen Raum“ beschäftigte die Polizei Bremen am Samstagabend: Ein 20 Jahre alter Mann besprühte in Borgfeld einen mobilen Geschwindigkeitsmessanhänger – und setzte diesen damit vorübergehend außer Betrieb.
Ein aufmerksamer Passant meldete den Vorfall über den Notruf. Beim Eintreffen der Einsatzkräfte war der Täter jedoch bereits verschwunden. Der Anhänger war zu diesem Zeitpunkt großflächig mit oranger Farbe besprüht und nicht mehr einsatzfähig.
Was der Künstler offenbar nicht bedacht hatte: Seine Aktion fand später per Video den Weg in die sozialen Netzwerke. Der 20-jährige Verursacher zeigte sich daraufhin überraschend schnell einsichtig, suchte eigenständig eine Polizeiwache auf und legte ein Geständnis ab. Nach Abschluss der Maßnahmen wurde er entlassen. Die Funktionsfähigkeit des Blitzanhängers konnte inzwischen wiederhergestellt werden.
Die Geschichte war damit allerdings noch nicht ganz zu Ende: In der gleichen Nacht kam es zu einer weiteren Sachbeschädigung, diesmal mit grauer Farbe.
Wir weisen darauf hin: Solche Aktionen sind kein Kavaliersdelikt. Die Polizei Bremen ermittelt unter anderem wegen der Störung öffentlicher Betriebe sowie der Beschädigung wichtiger Arbeitsmittel. Hierfür sieht das Gesetz Geldstrafen oder Freiheitsstrafen von bis zu fünf Jahren vor. Zudem wird geprüft, ob entstandene Kosten oder mögliche Einnahmeausfälle geltend gemacht werden können.
Kurz gesagt: Diese „Kunstversuche“ dürften teuer werden.",53.1253,8.905045,district
20226.0,2026-03-21,23.03.2026,Mitte,False,Drogendelikt,Videoleitstelle überführt Gewalttäter,"Bremen-Mitte OT Bahnhofsvorstadt, Auf der Brake",https://www.polizei.bremen.de/news/pressestelle/pressemeldungen-ab-18022026-67198,"Einsatzkräfte der Polizei Bremen stellten in der Nacht von Samstag auf Sonntag einen 29 Jahre alten Mann in der Bahnhofsvorstadt nachdem er seine 20-jährige ehemalige Freundin attackiert hatte. Bei ihm fanden sie mehrere Verkaufseinheiten Kokain.
Etwa um 22:15 Uhr wurden Einsatzkräfte zu einem Lokal in der Straße „Auf der Brake“ gerufen, weil dort ein Mann eine Frau geschlagen haben sollte. Vor Ort trafen sie auf den 29-Jährigen, die 20-Jährige saß in ihrem Auto etwas entfernt. Er stritt zunächst ab, etwas mit der gemeldeten Tat zu tun gehabt zu haben. Über die Videoleitstelle konnte er aber als Tatverdächtiger identifiziert werden. Bei der Sachverhaltsaufnahme versuchte er zunächst, eine Tüte in einem Gully verschwinden zu lassen. Die Polizisten stellten diese sicher, darin befanden sich einige Verkaufseinheiten mit Kokain. Im Auto des 29-Jährigen fanden sie dann weiteres Kokain, einen Baseballschläger und Beweismittel. Die 20-Jährige war leicht verletzt, verzichtete aber auf einen Rettungswagen.
Der Mann wurde mit auf die Wache genommen und entsprechende Anzeigen wegen Körperverletzung und des Verdachts des Betäubungsmittehandels gefertigt. Außerdem erhielt er einen Platzverweis. Die weiteren Ermittlungen dauern an.",53.080043,8.8129319,address
20426.0,2026-03-23,24.03.2026,Schwachhausen,False,Einbruch,Einbrecher nach Flucht durch die Stadt gestellt,"Bremen-Schwachhausen, OT Bürgerpark, Am Stern",https://www.polizei.bremen.de/news/pressestelle/pressemeldungen-ab-18022026-67198,"In der Nacht von Sonntag auf Montag versuchten zwei 17 und 18 Jahre alte Einbrecher in Schwachhausen mit einem Auto mit gestohlenen Kennzeichen zu flüchten. Einsatzkräfte stellten sie, nachdem sie mit zum Teil deutlich überhöhter Geschwindigkeit im Stadtteil unterwegs waren.
Gegen 04:15 Uhr wurde über den Notruf ein Einbruch in einem Kiosk in der Graf-Moltke-Straße gemeldet. Einsatzkräfte waren schnell vor Ort und konnten in Tatortnähe einen VW Polo beobachten und wollten diesen einer Kontrolle unterziehen. Daraufhin trat der Fahrer aufs Gas und flüchtete in Richtung Schwachhauser Heerstraße. Zwischendurch war er mit geschätzt über 100 km/h unterwegs, überfuhr rote Ampeln und schließlich die Verkehrsinsel am Stern. Daraufhin platzte ein Reifen und der Fahrer sprang aus dem Auto und versuchte, zu Fuß zu flüchten. Die Polizisten stellten ihn nach einem kurzen Sprint und nahmen den 17-Jährigen fest. Den 18 Jahre alten Beifahrer stellten sie im Auto. Darin fanden sie außerdem Stehlgut aus dem Kiosk und Einbruchswerkzeug.
Die Kennzeichen an dem Polo waren als gestohlen gemeldet und der 17-Jährige war ohne Fahrerlaubnis unterwegs. Beide wurden mit auf die Wache genommen und sie erwarten jetzt diverse Strafanzeigen, unter anderem wegen Einbruchs, diverser schwerer Verkehrsverstöße und Urkundenfälschung. Die weiteren Ermittlungen dauern an.",53.0844318,8.825097,address
20726.0,2026-03-25,25.03.2026,Mitte,False,Brandstiftung,Hoher Sachschaden durch brennende Müllcontainer,"Bremen-Mitte, OT Altstadt, Herdentorswallstraße/ Am Wall",https://www.polizei.bremen.de/news/pressestelle/pressemeldungen-ab-18022026-67198,"In der Nacht von Dienstag auf Mittwoch brannten mehrere große Müllcontainer in der Innenstadt. Dadurch wurden Teile von Hausfassaden stark beschädigt. Die Polizei sucht Zeugen.
Gegen 01:45 Uhr meldeten Anrufer den Brand in der Herdentorswallstraße. Die schnell eingetroffenen Einsatzkräfte versuchten zunächst bis zum Eintreffen der Feuerwehr mit eigenen Mitteln das Feuer zu löschen. Teilweise schlugen die Flammen mehrere Meter in die Höhe und beschädigten Teile der Hausfassaden, einige Fenster zerbarsten durch die Hitze. Mehrere Personen wurden vorsorglich aus den Gebäuden gebracht, verletzt wurde niemand. Es entstand hoher Sachschaden an zwei Häusern. Die Kriminalpolizei ermittelt wegen Brandstiftung und sucht Zeugen.
Hinweise nimmt der Kriminaldauerdienst der Polizei Bremen unter 0421 362-3888 entgegen.",53.0786741,8.8109045,district
20826.0,2026-03-23,25.03.2026,Mitte,False,Sonstiges,Frau nach Goldkettenraub gesucht,"Bremen-Mitte, OT Altstadt, Knochenhauerstraße",https://www.polizei.bremen.de/news/pressestelle/pressemeldungen-ab-18022026-67198,"Am Montagabend beobachtete ein Zeuge wie einer Frau in der Altstadt zwei Goldketten geraubt wurden. Die Polizei Bremen sucht sowohl nach weiteren Zeugen als auch nach der Frau.
Gegen 18:50 Uhr saß die etwa 40- bis 50-Jährige auf einer Bank in der Knochenhauerstraße vor einem Bekleidungsgeschäft, als ein Mann ihr an den Hals griff und zwei Goldketten entriss. Der Mann flüchtete anschließend in Richtung Wallanlagen. Der Zeuge rannte dem Unbekannten noch hinterher, konnte ihn aber nicht mehr einholen. Als er zu der Frau zurück ging, saß diese zunächst noch auf der Bank, ging dann aber weg.
Die Frau war etwa 160 Zentimeter groß, zwischen 40 und 50 Jahren, hatte dunkle Haut und dunkle Haare. Die Polizei Bremen bittet sie, sich beim Kriminaldauerdienst oder bei jeder anderen Polizeidienststelle zu melden.
Zudem bittet die Polizei weitere Zeugen, die Hinweise zum Täter geben können, sich ebenfalls beim Kriminaldauerdienst unter 0421 362-3888 zu melden.",53.0786028,8.8081765,address
20926.0,2026-03-27,,Vegesack,False,Brandstiftung,Fahrzeuge durch Feuer beschädigt,"Bremen-Vegesack, OT Fähr-Lobbendorf, Arend-Klauke-Straße und Fährgrund",https://www.polizei.bremen.de/news/pressestelle/pressemeldungen-ab-26032026-67470,"(27.03.26)
In der Nacht von Donnerstag auf Freitag brannte in Bremen-Vegesack ein Fahrzeug vollständig aus. Bei einem weiteren Fahrzeug konnte der Brandausbruch verhindert werden. Die Polizei sucht Zeugen.
Gegen Mitternacht meldete sich der Halter eines Fahrzeugs bei der Feuerwehr, nachdem er Knallgeräusche in der Arend-Klauke-Straße hörte und feststellte, dass sein Fahrzeug brannte. Einsatzkräfte der Feuerwehr löschten den Brand. Die Polizei nahm die Ermittlungen auf.
Gegen 02:47 Uhr sah ein Zeuge in der Straße Fährgrund, unweit des ersten Brandortes, zwei unbekannte Personen, wie sie sich an den Reifen eines abgeparkten Fahrzeugs zu schaffen machten. Als der Zeuge die beiden ansprach, flüchteten sie.
Kurz darauf stellte er eine Rauchentwicklung im Bereich der vorderen Reifen fest und alarmierte die Polizei. Einsatzkräfte konnten einen Brandausbruch mithilfe eines Feuerlöschers verhindern.
Die Polizei Bremen ermittelt wegen der versuchten Brandstiftung.
Ob ein Zusammenhang zwischen den Taten besteht, wird geprüft. Zeugen, die in der Arend-Klauke-Straße, im Fährgrund oder in der näheren Umgebung verdächtige Beobachtungen gemacht haben, werden gebeten, sich beim Kriminaldauerdienst unter 0421 362-3888 zu melden.",53.1705249,8.6238803,district
21026.0,2026-03-26,,Osterholz,False,Koerperverletzung,Über Internetplattform in Falle gelockt,"Bremen-Osterholz, OT Tenever, Bultenweg",https://www.polizei.bremen.de/news/pressestelle/pressemeldungen-ab-26032026-67470,"(27.03.26)
Am gestrigen Donnerstag geriet ein 34-jähriger Mann in eine sogenannte Datingfalle. Auf einer Internetplattform lernte der Mann eine vermeintliche Frau kennen und verabredete sich mit dieser am Bultensee zu einem Treffen. Statt der Frau erschienen aber drei bislang unbekannte Täter, die unvermittelt auf den Mann einschlugen und ihm das Portmonee entwendeten. Der 34-Jährige erlitt hierbei unter anderem eine Platzwunde am Hinterkopf, die eine ambulante Behandlung im Krankenhaus notwendig machte.
Die Polizei Bremen hat Ermittlungen wegen Raubes aufgenommen. Zeugen, die zum Tatzeitpunkt im Bereich des Bultensees Beobachtungen gemacht haben, können sich mit Hinweisen jederzeit an den Kriminaldauerdienst der Polizei Bremen unter 0421 362-3888 wenden.
Tipps der Polizei Bremen für sichere Treffen mit Online-Bekanntschaften:
Verabreden Sie sich an einem öffentlichen Ort, beispielsweise in einem Café oder Restaurant, und meiden Sie abgelegene Gegenden. Informieren Sie eine vertraute Person über Zeit und Ort des Treffens. Planen Sie Ihre An- und Abreise selbst, um unabhängig zu sein. Treffen Sie sich nie in einer privaten Wohnung oder an einem Ihnen unbekannten Ort.",53.0759697,8.9556965,address
21126.0,2026-03-26,,Mitte,False,Waffendelikt,Polizeikontrollen in Mitte und der Neustadt,Bremen-Mitte / Bremen-Neustadt,https://www.polizei.bremen.de/news/pressestelle/pressemeldungen-ab-26032026-67470,"(27.03.26)
Von Donnerstagnachmittag bis Freitag, 3 Uhr führte ein Großaufgebot mehrerer Behörden Kontrollen in der Bahnhofsvorstadt, im Steintor und in der Neustadt durch. Neben der Polizei Bremen beteiligten sich an den Kontrollen der Ordnungsdienst, das Finanzamt, der Zoll, der Lebensmittelüberwachungs-, Tierschutz und Veterinärdienst sowie die Bauordnung. Ziel der Kontrollen waren Gewerbekontrollen im Bereich der Neustadt vor dem Hintergrund der Kriminalitätsbekämpfung, insbesondere nach den Schussabgaben in Huckelriede sowie die Bekämpfung der öffentlich wahrnehmbaren Drogenkriminalität im Bahnhofsumfeld und im Steintor.
Rund um den Hauptbahnhof und im Steintor wurden Personen kontrolliert, Platzverweise erteilt sowie Strafanzeigen unter anderem wegen Verstößen gegen das Konsumcannabisgesetz und das Betäubungsmittelgesetz gefertigt. Bei einer Person wurde ein offener Haftbefehl vollstreckt.
In der Neustadt kontrollierten die Einsatzkräfte fünf Lokalitäten, wovon drei unmittelbar geschlossen wurden. Darunter ein Café in der Gastfeldstraße und eine Gaststätte in der Friedrich-Ebert-Straße, wo jeweils erheblich Mängel und diverse Verstöße vorlagen. Bei einem Café in der Kornstraße liegt neben weiteren Mängeln der Verdacht des illegalen Glückspiels vor. Hier wurden neben den Glückspielautomaten zahlreiche weiterer Gegenstände wie Handys, Computer, Tablets und sonstige Elektronikartikel beschlagnahmt. Es besteht der Verdacht, dass es sich um Hehlerware handelt. Die Ermittlungen hierzu dauern weiter an, entsprechende Strafanzeigen gefertigt. Bei dem Abtransport der Automaten wurde die Polizei durch das Technische Hilfswerk unterstützt.
Die Polizei Bremen wird auch weiterhin zur Kriminalitätsbekämpfung verstärkte Kontrollen durchführen, um das Sicherheitsgefühl in diesen Stadtteilen weiter zu erhöhen.",53.0786741,8.8109045,district
21126.0,2026-03-26,,Neustadt,False,Waffendelikt,Polizeikontrollen in Mitte und der Neustadt,Bremen-Mitte / Bremen-Neustadt,https://www.polizei.bremen.de/news/pressestelle/pressemeldungen-ab-26032026-67470,"(27.03.26)
Von Donnerstagnachmittag bis Freitag, 3 Uhr führte ein Großaufgebot mehrerer Behörden Kontrollen in der Bahnhofsvorstadt, im Steintor und in der Neustadt durch. Neben der Polizei Bremen beteiligten sich an den Kontrollen der Ordnungsdienst, das Finanzamt, der Zoll, der Lebensmittelüberwachungs-, Tierschutz und Veterinärdienst sowie die Bauordnung. Ziel der Kontrollen waren Gewerbekontrollen im Bereich der Neustadt vor dem Hintergrund der Kriminalitätsbekämpfung, insbesondere nach den Schussabgaben in Huckelriede sowie die Bekämpfung der öffentlich wahrnehmbaren Drogenkriminalität im Bahnhofsumfeld und im Steintor.
Rund um den Hauptbahnhof und im Steintor wurden Personen kontrolliert, Platzverweise erteilt sowie Strafanzeigen unter anderem wegen Verstößen gegen das Konsumcannabisgesetz und das Betäubungsmittelgesetz gefertigt. Bei einer Person wurde ein offener Haftbefehl vollstreckt.
In der Neustadt kontrollierten die Einsatzkräfte fünf Lokalitäten, wovon drei unmittelbar geschlossen wurden. Darunter ein Café in der Gastfeldstraße und eine Gaststätte in der Friedrich-Ebert-Straße, wo jeweils erheblich Mängel und diverse Verstöße vorlagen. Bei einem Café in der Kornstraße liegt neben weiteren Mängeln der Verdacht des illegalen Glückspiels vor. Hier wurden neben den Glückspielautomaten zahlreiche weiterer Gegenstände wie Handys, Computer, Tablets und sonstige Elektronikartikel beschlagnahmt. Es besteht der Verdacht, dass es sich um Hehlerware handelt. Die Ermittlungen hierzu dauern weiter an, entsprechende Strafanzeigen gefertigt. Bei dem Abtransport der Automaten wurde die Polizei durch das Technische Hilfswerk unterstützt.
Die Polizei Bremen wird auch weiterhin zur Kriminalitätsbekämpfung verstärkte Kontrollen durchführen, um das Sicherheitsgefühl in diesen Stadtteilen weiter zu erhöhen.",53.0695355,8.7928381,district
21226.0,2026-03-26,,Östliche Vorstadt,False,Toetungsdelikt,Ermittlungserfolg: Tatverdächtiger nach Messerattacke festgenommen,"Bremen-Östliche Vorstadt, OT Steintor",https://www.polizei.bremen.de/news/pressestelle/pressemeldungen-ab-26032026-67470,"(27.03.26)
In der Nacht vom 19. auf den 20. März wurden im Steintorviertel zwei Männer bei einer Auseinandersetzung durch Stichverletzungen verletzt (siehe Pressemitteilung 0193). Am Donnerstagabend nahmen Spezialkräfte der Polizei Bremen nach umfangreichen Ermittlungen der Kriminalpolizei im Steintor einen 30 Jahre alten Tatverdächtigen fest.
Ein 23 Jahre alter Mann war vor anderthalb Wochen aus bislang ungeklärten Gründen mit dem bis dahin Unbekannten in der Straße Vor dem Steintor / Ecke Helenenstraße in einen Streit geraten. Im weiteren Verlauf zog der Täter eine Stichwaffe, vermutlich ein Messer, und stach auf den 23-Jährigen ein. Ein 20-jähriger Begleiter wollte eingreifen und wurde durch mehrere Stiche verletzt. Anschließend flüchtete der Täter.  Der 20-Jährige wurde schwer und der 23-Jährige wurde leicht verletzt.
Umfangreiche Ermittlungen der Mordkommission führten jetzt zu einem Erfolg: Am Donnerstagabend nahmen Spezialkräfte der Polizei Bremen den 30 Jahre alte Tatverdächtigen im Viertel fest. Bei einer anschließenden Wohnungsdurchsuchung wurden Beweismittel sowie Betäubungsmittel, vermutlich Kokain, sichergestellt. Der Mann wurde in Gewahrsam genommen und soll noch im Laufe des Tages einem Haftrichter vorgeführt werden.",53.07023,8.84098,district
21326.0,2026-03-27,,Neustadt,False,Sonstiges,Glätteunfälle auf der Stephanibrücke,"Bremen-Neustadt, OT Hohentor, Oldenburger Straße/Stephanibrücke",https://www.polizei.bremen.de/news/pressestelle/pressemeldungen-ab-26032026-67470,"(27.03.26)
Am frühen Freitagmorgen kam es aufgrund von Straßenglätte gleich zu mehreren Verkehrsunfällen auf der Stephanibrücke. Die Brücke musste für etwa drei Stunden teilweise voll gesperrt werden.
Gegen 5 Uhr fuhren aufgrund der glatten Fahrbahn im Abstand von wenigen Minuten gleich mehrere Fahrzeuge ineinander. Dabei kam es zu drei Verkehrsunfällen mit insgesamt acht beteiligten Fahrzeugen, darunter sieben Autos und ein Lkw. Ein 35 Jahre alter Beifahrer kam vorsorglich zur Behandlung ins Krankenhaus.
Für die Dauer der Unfallaufnahme wurde die Brücke in beide Richtungen teilweise voll gesperrt, was zu erheblichen Rückstaus führte. Nach Beendigung der Aufräumarbeiten wurde die Strecke aus Sicherheitsgründen zunächst gestreut, bevor sie gegen kurz nach 8 Uhr wieder freigegeben werden konnte.",53.083234,8.792891,address
21426.0,2026-03-27,,Findorff,False,Raub,Zeugen nach Raub auf Kiosk gesucht,"Bremen-Findorff, OT Findorff-Bürgerweide, Hemmstraße",https://www.polizei.bremen.de/news/pressestelle/pressemeldungen-ab-26032026-67470,"(28.03.26)
Am Freitagabend überfiel ein Unbekannter unter Vorhalt einer Schusswaffe einen Kiosk in Findorff.
Die Polizei Bremen sucht Zeugen.
Der Mann betrat gegen 20:20 Uhr das Geschäft in der Hemmstraße Ecke Eickedorfer Straße und
forderte von dem Mitarbeiter die Herausgabe von Bargeld. Dabei bedrohte er ihn mit einer
Schusswaffe. Der Angestellte übergab ihm Bargeld, woraufhin er zu Fuß in Richtung Fürther Straße
flüchtete. Eine sofortige umfangreiche Fahndung blieb erfolglos.
Der Täter war etwa 25 Jahre alt und zwischen 170 und 175 Zentimetern groß. Er hatte kurze
schwarze Haare, einen Vollbart und sprach gebrochenes Deutsch. Bei der Tat trug er eine dunkle
Daunenjacke mit rotem Emblem auf der Brust, ein grünes T-Shirt, eine graue Hose, schwarz-weiße
Sneaker, ein gelbes Cappy und eine silberfarbene Umhängetasche.
Die Polizei Bremen bittet Zeugen, die zu dem Zeitpunkt etwas Verdächtiges beobachtet haben oder
Hinweise zum Täter geben können, sich beim Kriminaldauerdienst unter 0421 362-3888 zu melden.",53.1019074,8.8149464,address
21526.0,2026-03-28,,Neustadt,False,Sonstiges,Schüsse in der Neustadt - Zeugen gesucht,"Bremen-Neustadt, Gartenstadt-Süd, Gastfeldstraße/Meyerstraße",https://www.polizei.bremen.de/news/pressestelle/pressemeldungen-ab-26032026-67470,"(28.03.26)
In der Bremer Neustadt läuft aktuell ein größerer Polizeieinsatz, nachdem Zeugen Schüsse meldeten. Die Polizei Bremen ist mit zahlreichen Kräften vor Ort und hat die Ermittlungen aufgenommen.
Gegen 20 Uhr meldeten Zeugen über den Notruf der Polizei Schüsse in der Gastfeldstraße Ecke Meyerstraße. Schnell eintreffende Einsatzkräfte der Polizei Bremen trafen vor Ort auf einen mutmaßlich durch Schüsse verletzten Mann. Sie leisteten Erste-Hilfe bis zum Eintreffen der Rettungskräfte. Der Mann wurde anschließend umgehend in ein Krankenhaus gebracht. Die Fahndung nach dem oder den mutmaßlichen Tätern läuft aktuell auf Hochtouren. Die Polizei Bremen ist weiterhin mit starken Kräften vor Ort, befragt Zeugen und sichert Spuren.
Zeugen, die gegen 20 Uhr im Bereich Gastfeldstraße Ecke Meyerstraße etwas gesehen haben, werden gebeten, sich beim Kriminaldauerdienst unter 0421 362-3888 zu melden.",53.0695355,8.7928381,district
21626.0,2026-03-28,,Neustadt,False,Sonstiges,Schüsse in der Neustadt – Polizei und Staatsanwaltschaft ermitteln,"Bremen-Neustadt, Gartenstadt-Süd, Gastfeldstraße/Meyerstraße",https://www.polizei.bremen.de/news/pressestelle/pressemeldungen-ab-26032026-67470,"(29.03.26)
Am Samstagabend wurde ein 25 Jahre alter Mann in der Bremer Neustadt durch Schüsse schwer verletzt (siehe PM Nr. 0215). Die Staatsanwaltschaft und die Polizei ermitteln wegen eines versuchten Tötungsdeliktes.
Gegen 20 Uhr meldeten Zeugen über den Notruf der Polizei Schüsse in der Gastfeldstraße Ecke Meyerstraße. Schnell eintreffende Einsatzkräfte der Polizei Bremen trafen vor Ort auf einen 25 Jahre alten verletzten Mann. Er wies mehrere Schusswunden in den Beinen auf. Die Polizisten leisteten umgehend Erste-Hilfe unter anderem durch Anlegen sog. Tourniquets. Der Mann kam in ein Krankenhaus, wo er operiert wurde. Lebensgefahr besteht nicht. Einsatzkräfte sperrten den Bereich ab, sicherten Spuren und befragten Zeugen. Eine umfangreiche Fahndung blieb zunächst erfolglos.
Die Staatsanwaltschaft und die Polizei Bremen ermitteln nun wegen eines versuchtes Tötungsdeliktes. Zudem wird geprüft, ob Zusammenhänge zu der Tat vom 17.03.2026 (PM Nr. 0189) bestehen.
Es wird noch einmal darauf hingewiesen, dass Hinweise auch anonym über das
Hinweisportal
abgegeben werden können oder jederzeit beim Kriminaldauerdienst unter 0421 362-3888.
Weitere Presseauskünfte erteilt die Staatsanwaltschaft.",53.0695355,8.7928381,district
21726.0,2026-03-29,,Neustadt,False,Toetungsdelikt,Tödlicher Verkehrsunfall – Radfahrer stirbt nach Zusammenstoß mit Auto,"Bremen-Neustadt, OT Neuenland, Duckwitzstraße/Solinger Straße",https://www.polizei.bremen.de/news/pressestelle/pressemeldungen-ab-26032026-67470,"(30.03.26)
Am gestrigen Sonntag kam es in der Bremer Neustadt zu einem tödlichen Verkehrsunfall zwischen einem 76-jährigen Radfahrer und einer 76-jährigen Autofahrerin.
Der Radfahrer befuhr die Duckwitzstraße in Richtung Neuenlanderstraße hierbei musste er eine Ampelkreuzung passieren, wo es zu dem Zusammenstoß mit dem Auto der 76-Jährigen kam. Die Ermittlungen zum genauen Unfallhergang dauern an.
Trotz unverzüglich durch Anwesende eingeleiteter Erste-Hilfe-Maßnahmen, verstarb der 76-Jährige aufgrund der schwere seiner Verletzungen noch am Unfallort.
Für die Dauer der Unfallaufnahme blieb die Duckwitzstraße stadteinwärts zeitweise gesperrt. Es kam auch zu Behinderungen des öffentlichen Nahverkehrs.",53.0695355,8.7928381,district
21826.0,2026-03-27,,Mitte,False,Drogendelikt,Umfangreiche Kontrollen im Bahnhofsquartier,"Bremen-Mitte, Bahnhofsvorstadt",https://www.polizei.bremen.de/news/pressestelle/pressemeldungen-ab-26032026-67470,"(30.03.26)
Am Wochenende führte die Polizei Bremen umfangreiche Personenkontrollen rund um den Bremer Hauptbahnhof durch. Die Kontrollen waren Bestandteil eines bundesweiten Schwerpunkteinsatzes der Bundespolizei. Im Fokus stand die Bekämpfung der Eigentums-, Gewalt und Waffenverbotsdelikte im Bahnhofsquartier.
Sowohl in der Nacht von Freitag auf Samstag als auch in der Nacht von Samstag auf Sonntag unterstützten zahlreiche Einsatzkräfte der Polizei Bremen die Bundespolizei bei der gemeinsamen Kontrollaktion. Im gesamten Bahnhofsquartier kontrollierten die Polizisten der Landespolizei über 150 Personen, sprachen Platzverweise aus und fertigten Strafanzeigen unter anderem wegen Verstößen gegen das Waffengesetz und dem Handel mit Betäubungsmitteln. Ein 19-Jähriger, der zur Durchsetzung eines Platzverweises vorübergehend in Gewahrsam genommen wurde, leistete dabei erheblichen Widerstand und verletzte dabei einen Polizisten. Gegen eine 21 Jahre alte Frau lag ein offener Haftbefehl vor. Dieser wurde durch die Einsatzkräfte vollstreckt.
Die Senatorin für Inneres und Sport Frau Dr. Högl: „Die Straftaten am Bremer Hauptbahnhof gehen zurück. Das ist kein Zufall, sondern das Ergebnis konsequenter Arbeit. Unsere Quattrostreifen aus Polizei Bremen, Bundespolizei, DB Sicherheit und Ordnungsdienst zeigen: Gemeinsam sind wir wirksamer. Mit dem neuen Waffen- und Messerverbot – ganztägig im Bahnhofsgebäude und erstmals im gesamten ÖPNV – setzen wir diesen Kurs fort. Ich danke allen Beteiligten für ihren Einsatz.""
Weitere Informationen sind der Pressemitteilung der Bundespolizei zu entnehmen.",53.0786741,8.8109045,district
22026.0,2026-03-30,,Mitte,False,Drogendelikt,Mit Joint am Steuer,"Bremen-Mitte, Bahnhofsvorstadt, Theodor-Heuss-Allee",https://www.polizei.bremen.de/news/pressestelle/pressemeldungen-ab-26032026-67470,"(31.03.26)
Am Montagnachmittag bewiesen Polizisten einen guten Riecher, als sie einen 31 Jahre alten Mann in der Bahnhofsvorstadt kontrollierten, der offenbar gerade am Steuer seines Autos einen Joint rauchte.
Gegen 17:15 Uhr wurde eine Streifenwagenbesatzung in der Theodor-Heuss-Allee auf dem Parkplatz eines dortigen Hotels auf einen Audi aufmerksam, aus dessen Innerem dichter Qualm durch einen kleinen Fensterspalt nach draußen zog. Die Einsatzkräfte kontrollierten daraufhin den Mann und das Fahrzeug. Dabei stellte sich schnell heraus, dass der 31-Jährige nicht nur über keine gültige Fahrerlaubnis verfügte, sondern neben Marihuana auch weitere Drogen wie mutmaßlich Kokain und weiteres Zubehör sowie einen Schlagstock in seinem Auto hatte. Zudem verfügte das Auto über keinen Versicherungsschutz.
Bei dem 31-Jährigen wurde eine Blutentnahme angeordnet. Gegen den Mann wurde diverse Anzeigen gefertigt unter anderem wegen dem Fahren ohne Fahrerlaubnis und Verstößen gegen das Betäubungsmittel- und das Waffengesetz.",53.0786741,8.8109045,district
22126.0,2026-03-30,,Hemelingen,False,Waffendelikt,Mann mit Messer überrascht und geflüchtet,"Bremen-Hemelingen, Arbergen, Hügelstraße",https://www.polizei.bremen.de/news/pressestelle/pressemeldungen-ab-26032026-67470,"(31.03.26)
Am Montagabend überraschte eine Familie in Bremen einen bewaffneten Mann in einem leerstehenden Wohnhaus. Dieser flüchtete unerkannt. Die Polizei sucht Zeugen.
Gegen 18:45 Uhr traf die dreiköpfige Familie am Haus in der Hügelstraße ein.
Während sich die Eltern im Gebäude aufhielten, wartete die 24-jährige Tochter vor dem Haus. Plötzlich kam ein unbekannter Mann mit einem Messer aus der Tür.
Die junge Frau schrie laut auf. Der Mann lief daraufhin zurück in das Haus und flüchtete anschließend.
Die Eltern eilten zu ihrer Tochter und alarmierten die Polizei.
Bei der anschließenden Durchsuchung stellten die Einsatzkräfte eine aufgebrochene Hintertür fest, über die sich der Mann offenbar Zutritt verschafft hatte. Ein Diensthund kam zum Einsatz, konnte jedoch keine Person mehr im Gebäude aufspüren.
Der Mann entkam unerkannt.
Zeugen, die in der Hügelstraße oder der näheren Umgebung Beobachtungen gemacht haben, werden gebeten, sich beim Kriminaldauerdienst der Polizei Bremen unter
0421 362-3888 zu melden.",53.0555687,8.8843106,district
22226.0,2026-03-31,31.03.2026,Obervieland,False,Sonstiges,Verletzter in Kattenturm,"Bremen-Obervieland, OT Kattenturm, Arsterdamm",https://www.polizei.bremen.de/news/pressestelle/pressemeldungen-ab-26032026-67470,"Am Dienstagmorgen wurde ein 60 Jahre alter Mann durch Schüsse in Kattenturm verletzt. Die Polizei ist mit zahlreichen Kräften vor Ort und hat die Ermittlungen aufgenommen.
Gegen 8 Uhr meldeten Zeugen Schüsse im Bereich Arsterdamm. Einsatzkräfte der Polizei Bremen fanden dort einen verletzten Mann. Er wies Schusswunden in den Beinen auf. Die Polizisten leisteten Erste-Hilfe, unter anderem durch Anlegen sog. Tourniquets, bis zum Eintreffen der Rettungskräfte. Der Mann kam in ein Krankenhaus und wird aktuell operiert. Eine umfangreiche Fahndung, unter anderem mit Unterstützung niedersächsischer Einsatzkräfte, erfolgte umgehend.
Staatsanwaltschaft und die Polizei ermitteln wegen eines versuchten Tötungsdelikts. Ob der Vorfall im Zusammenhang mit den vergangenen Fällen steht, wird derzeit intensiv von der Soko Fokus ermittelt. Hinweise nimmt der Kriminaldauerdienst unter der Rufnummer 0421 362-3888 jederzeit entgegen oder über das bekannte
Hinweisportal
.
Weitere Auskünfte erteilt die Staatsanwaltschaft Bremen.",53.0375831,8.8378131,address
22326.0,2026-03-31,01.04.2026,Neustadt,False,Sachbeschaedigung,Nach Farbschmierereien: Polizei stellt Jugendliche,"Bremen-Neustadt, OT Neustadt, Erlenstraße",https://www.polizei.bremen.de/news/pressestelle/pressemeldungen-ab-26032026-67470,"In der Neustadt besprühten am Dienstag mehrere Jugendliche Hauswände mit Farbe. Die Polizei stellte vier Tatverdächtige und sucht weitere Zeugen.
Eine Passantin meldete der Polizei eine Gruppe von sechs bis sieben Jugendlichen, die am späten Abend in der Erlenstraße mehrere Hauswände mit Farbe besprühten. Schnell eintreffende Einsatzkräfte konnten noch im Nahbereich vier Jugendliche im Alter von 15 und 16 Jahren nach kurzer Flucht fassen, die teilweise noch frische Farbanhaftungen an den Händen und der Kleidung aufwiesen. Es wurden Beweismittel wie Sprühdosen, Skizzen und Stifte gefunden und beschlagnahmt. Über eine Länge von ca. 100 Metern konnten frische Schriftzüge in grüner Farbe „Freiheit für Lina“ mit Hammer und Sichel, in schwarzer Farbe Hammer und Sichel, in blauer Farbe „JKZ“ festgestellt werden. Die vier Tatverdächtigen wurden an einem Revier vorgeführt und nach Abschluss der polizeilichen Maßnahmen an ihre Erziehungsberechtigten übergeben. Die Entfernung der Farbschmierereien wurde umgehend veranlasst.
Die Kriminalpolizei hat die Ermittlungen aufgenommen. Weitere Hinweise nimmt der Kriminaldauerdienst der Polizei Bremen jederzeit unter 0421 362-3888 entgegen.
Die Polizei weist darauf hin, dass Graffitisprühereien teuer werden können: Es drohen Geld- oder sogar Freiheitsstrafen. Außerdem machen sich Sprayer schadenersatzpflichtig: Wer mit 15 Jahren beim illegalen Sprayen erwischt wird, läuft Gefahr, bis zu seinem 45. Lebensjahr für den von ihm verursachten Schaden zur Kasse gebeten zu werden. Denn so lange gelten die zivilrechtlichen Ansprüche des Geschädigten gegenüber dem Täter. Wird nur ein einzelner Täter aus einer Gruppe von Sprayern überführt, haftet er zudem für den gesamten Schaden.",53.0675426,8.7870901,address
22426.0,2026-04-04,02.04.2026,Mitte,False,Sonstiges,Fußballbundesliga,Bremen-Weserstadion,https://www.polizei.bremen.de/news/pressestelle/pressemeldungen-ab-26032026-67470,"Am Samstag findet um 15.30 Uhr im Weserstadion das Bundesligaspiel zwischen dem SV Werder Bremen und RB Leipzig statt. Es wird von einer ausverkauften Veranstaltung ausgegangen.
Wie bei Heimspielen üblich, wird das allgemein bekannte Verkehrskonzept angewandt: Der Osterdeich wird für den Individualverkehr zwischen Sielwall und Stader Straße circa zweieinhalb Stunden vor und etwa eine Stunde nach Spielende gesperrt. Am Stadion und in unmittelbarer Nähe stehen keine Parkplätze zur Verfügung. Im Bereich des Osterdeichs und der Östlichen Vorstadt ist mit Verkehrsbehinderungen zu rechnen. Kurzfristige Straßensperrungen durch die Polizei sind aufgrund von Einsatzmaßnahmen im Stadionumfeld und im gesamten Innenstadtbereich jederzeit möglich.
Im Umfeld von Fußballspielen kommt es regelmäßig zu einer Häufung von Kfz-Aufbrüchen. Die Polizei weist ausdrücklich darauf hin, keine Wertgegenstände im Fahrzeug zurückzulassen.",53.0786741,8.8109045,district
22526.0,2026-03-31,01.04.2026,Neustadt,False,Sonstiges,Weitere Kontrollen in der Neustadt – Polizei zeigt Präsenz,Bremen-Neustadt,https://www.polizei.bremen.de/news/pressestelle/pressemeldungen-ab-26032026-67470,"Im Zusammenhang mit den jüngsten Gewaltdelikten und der eingerichteten Sonderkommission „Fokus“ hat die Polizei Bremen ihre Maßnahmen in der Neustadt weiter verstärkt. Am Dienstagnachmittag waren Einsatzkräfte von Polizei, Zoll und Ordnungsdienst bis in die Abendstunden im Einsatz.
Im Fokus standen Verkehrskontrollen sowie Überprüfungen von Fahrzeugen und Insassen. Zudem kontrollierten die Einsatzkräfte bekannte Treffpunkte, Kioske, Shisha-Bars und Geschäfte. Insgesamt wurden rund 40 Personen überprüft.
Im Rahmen der Maßnahmen in der Langemarckstraße, Kornstraße, im Buntentorsteinweg, in der Gastfeldstraße sowie in der Großen Johannisstraße stellten die Einsatzkräfte unter anderem Drogen, Einhandmesser, Baseballschläger und eine als Schlagwerkzeug präparierte Stange sicher. Entsprechende Anzeigen wurden gefertigt.
Die Polizei Bremen zeigt mit diesen Maßnahmen weiterhin konsequent Präsenz im Stadtteil. Die Auswertung der Kontrollen dauert an.",53.0695355,8.7928381,district
22626.0,2026-04-01,02.04.2026,Huchting,False,Sachbeschaedigung,Steinwurf auf Pkw – Polizei ermittelt wegen gefährlichen Eingriffs in den Straßenverkehr,"Bremen-Huchting, OT Sodenmatt, Oldenburger Straße (B75)",https://www.polizei.bremen.de/news/pressestelle/pressemeldungen-ab-26032026-67470,"Am Mittwochabend wurde ein 47 Jahre alter Autofahrer auf der Oldenburger Straße durch einen Steinwurf überrascht. Die Polizei Bremen ermittelt und sucht Zeugen.
Der Mann war mit seinem Daimler stadtauswärts unterwegs, als zwischen der Auffahrt Mittelshuchting und der Abfahrt Sodenmatt plötzlich ein etwa drei Zentimeter großer Stein durch die Seitenscheibe auf der Beifahrerseite flog und diese beschädigte. Der Fahrer blieb unverletzt.
Nach bisherigen Erkenntnissen lagen auf der Bundesstraße 75 bereits mehrere Steine, weitere waren offenbar am Fahrbahnrand bereitgelegt worden. Der 47-Jährige gab an, dass er im Moment des Vorfalls eine Person am Straßenrand wahrgenommen habe, die sich anschließend entfernte.
Die Polizei Bremen hat die Ermittlungen wegen eines gefährlichen Eingriffs in den Straßenverkehr aufgenommen.
Zeugenhinweise nimmt die Verkehrsbereitschaft unter der Telefonnummer 0421 362-14850 entgegen.",53.0608734,8.7673017,address
22726.0,2026-04-01,02.04.2026,Vegesack,False,Verkehrsunfall,Vierjährige bei Verkehrsunfall schwer verletzt,"Bremen-Vegesack, OT Aumund-Hammersbeck, Hammersbecker Straße",https://www.polizei.bremen.de/news/pressestelle/pressemeldungen-ab-26032026-67470,"Am Mittwochmittag fuhr eine 68-Jährige mit ihrem Hyundai ein vierjähriges Mädchen in Aumund-Hammersbeck an, als dieses die Straße überqueren wollte. Das Kleinkind kam mit Kopfverletzungen in ein Bremer Krankenhaus.
Nach derzeitigem Erkenntnisstand wartete die Vierjährige mit ihrer Kindergartengruppe zunächst an einer Ampel an der Hammersbecker Straße und trat bei Grün auf Straße. Zeitgleich übersah die Hyundai-Fahrerin ihr Rotlicht und erfasste die Vierjährige frontal mit dem Fahrzeug. Ein Rettungswagen brachte das schwer verletzte Mädchen in ein Klinikum in Bremen-Nord. Anschließend wurde es mit einem Rettungshubschrauber in ein Krankenhaus in Bremen-Mitte geflogen. Lebensgefahr besteht nicht.
Die Hammersbecker Straße musste für den Zeitraum der Unfallaufnahme gesperrt werden. Das Verkehrskommissariat der Polizei Bremen hat die weiteren Ermittlungen aufgenommen.",53.1841787,8.6164549,address
23026.0,2026-04-01,03.04.2026,Neustadt,False,Raub,Kontrollen und Prävention in Neustadt und Innenstadt – Polizei zeigt Präsenz,Bremen-Neustadt-Mitte,https://www.polizei.bremen.de/news/pressestelle/pressemeldungen-ab-26032026-67470,"In den vergangenen zwei Tagen führte die Polizei Bremen gemeinsam mit Zoll, Ordnungsdienst und weiteren Partnern umfangreiche Kontroll- und Präventionsmaßnahmen in der Neustadt und der Innenstadt durch.
In der Neustadt überprüften die Einsatzkräfte rund 50 Personen, kontrollierten Fahrzeuge sowie Geschäfte und bekannte Treffpunkte. Dabei stellten die Polizisten unter anderem Messer und einen Baseballschläger sicher. In Zusammenarbeit mit dem Zoll wurde zudem eine Person festgestellt, die sich unerlaubt im Bundesgebiet aufhielt. Bei der Kontrolle eines Supermarktes wurden erhebliche Mängel bei der Lagerung und Kühlung von Lebensmitteln festgestellt. Die zuständige Fachbehörde wurde informiert. Die Auswertung der Maßnahmen dauert an.
Parallel dazu setzte die Polizei im Bereich des Hauptbahnhofs auf Prävention: Gemeinsam mit der Bundespolizei, der DB Sicherheit, der BSAG und dem Ordnungsdienst informierten die Einsatzkräfte über Taschendiebstahl und Raub. An einem Informationsstand sowie im direkten Austausch mit Bürgerinnen und Bürgern wurden Tipps zum Schutz vor Diebstählen gegeben. Unterstützt wurde die Aktion unter anderem durch Durchsagen, Hinweise in Bahnen sowie Informationsmaterial.
Insgesamt führten die Beteiligten mehrere hundert Gespräche mit Passanten. Die Resonanz war durchweg positiv, viele nahmen die Hinweise dankbar an. Ziel der Maßnahmen ist es, Kriminalität nicht nur zu bekämpfen, sondern auch vorzubeugen und das Sicherheitsgefühl in der Stadt weiter zu stärken.",53.0695355,8.7928381,district
23026.0,2026-04-01,03.04.2026,Mitte,False,Raub,Kontrollen und Prävention in Neustadt und Innenstadt – Polizei zeigt Präsenz,Bremen-Neustadt-Mitte,https://www.polizei.bremen.de/news/pressestelle/pressemeldungen-ab-26032026-67470,"In den vergangenen zwei Tagen führte die Polizei Bremen gemeinsam mit Zoll, Ordnungsdienst und weiteren Partnern umfangreiche Kontroll- und Präventionsmaßnahmen in der Neustadt und der Innenstadt durch.
In der Neustadt überprüften die Einsatzkräfte rund 50 Personen, kontrollierten Fahrzeuge sowie Geschäfte und bekannte Treffpunkte. Dabei stellten die Polizisten unter anderem Messer und einen Baseballschläger sicher. In Zusammenarbeit mit dem Zoll wurde zudem eine Person festgestellt, die sich unerlaubt im Bundesgebiet aufhielt. Bei der Kontrolle eines Supermarktes wurden erhebliche Mängel bei der Lagerung und Kühlung von Lebensmitteln festgestellt. Die zuständige Fachbehörde wurde informiert. Die Auswertung der Maßnahmen dauert an.
Parallel dazu setzte die Polizei im Bereich des Hauptbahnhofs auf Prävention: Gemeinsam mit der Bundespolizei, der DB Sicherheit, der BSAG und dem Ordnungsdienst informierten die Einsatzkräfte über Taschendiebstahl und Raub. An einem Informationsstand sowie im direkten Austausch mit Bürgerinnen und Bürgern wurden Tipps zum Schutz vor Diebstählen gegeben. Unterstützt wurde die Aktion unter anderem durch Durchsagen, Hinweise in Bahnen sowie Informationsmaterial.
Insgesamt führten die Beteiligten mehrere hundert Gespräche mit Passanten. Die Resonanz war durchweg positiv, viele nahmen die Hinweise dankbar an. Ziel der Maßnahmen ist es, Kriminalität nicht nur zu bekämpfen, sondern auch vorzubeugen und das Sicherheitsgefühl in der Stadt weiter zu stärken.",53.0786741,8.8109045,district
23126.0,2026-04-01,03.04.2026,Huchting,False,Sonstiges,Falscher Polizeibeamter erbeutet Schmuck – Senior in Huchting betrogen,Bremen-Huchting,https://www.polizei.bremen.de/news/pressestelle/pressemeldungen-ab-26032026-67470,"Ein 85 Jahre alter Mann ist im Bremer Stadtteil Huchting auf einen perfiden Betrug hereingefallen. Die Polizei Bremen warnt erneut vor der Masche falscher Polizeibeamter.
Der Senior erhielt am Mittwoch einen Anruf von einem unbekannten Täter, der sich als Polizist ausgab. Dieser behauptete, bei Ermittlungen gegen Straftäter sei eine Liste mit persönlichen Daten gefunden worden – darunter auch Name, Anschrift und Schließfachnummer des 85-Jährigen. Zur angeblichen Sicherung der Wertsachen sollte der Mann sein Bankschließfach räumen und den Inhalt an die „Polizei“ übergeben.
Der Senior begab sich daraufhin zu seiner Bank, leerte sein Schließfach und legte den Schmuck vor seinem Haus zur Abholung bereit. Ein unbekannter Täter nahm die Wertgegenstände an sich und verschwand.
Die Polizei Bremen hat die Ermittlungen aufgenommen und warnt eindringlich:
Geben Sie am Telefon niemals Auskunft über persönliche oder finanzielle Verhältnisse. Die Polizei wird Sie niemals auffordern, Geld oder Wertsachen herauszugeben. Beenden Sie solche Gespräche sofort und wählen Sie im Zweifel den Notruf 110.
Weitere Informationen und Beratung erhalten Sie beim Präventionszentrum der Polizei Bremen unter 0421 362-19003 oder im Internet unter www.polizei.bremen.de",53.0519445,8.7422973,district
23826.0,2026-04-09,09.04.2026,Osterholz,False,Koerperverletzung,Öffentlichkeitsfahndung nach gefährlicher Körperverletzung,"Bremen-Osterholz, OT Osterholz, Hans-Bredow-Straße",https://www.polizei.bremen.de/news/pressestelle/pressemeldungen-ab-26032026-67470,"An einem Sonntagabend im vergangenen Herbst wurde ein 18-Jähriger nach einem Kino-Besuch in Bremen-Osterholz von mehreren Personen angegriffen und massiv verletzt.
Am 05. Oktober des vergangenen Jahres kam es nach dem Ende eines Films in einem Kino in der Hans-Bredow-Straße zu einem Angriff von vier bisher unbekannten Tätern gegenüber dem Heranwachsenden. Die Schläger attackierten den 18-Jährigen mit Schlägen und Tritten und ließen erst von ihm ab, als ein Mitarbeiter des Sicherheitsdienstes dazwischenging. Anschließend flüchteten sie in unbekannte Richtung. Der Angegriffene musste aufgrund seiner massiven Verletzungen stationär im Krankenhaus aufgenommen und operiert werden. Bis heute ist er arbeitsunfähig.
Da die bisherigen umfangreichen Ermittlungen bisher nicht zum Erfolg führten, suchen Staatsanwaltschaft und Polizei jetzt mit Bildern nach den bisher unbekannten Tätern.
Bilder der Tatverdächtigen finden Sie hier:
Link zu den Fahndungsbildern
Hinweise nimmt der Kriminaldauerdienst der Polizei Bremen unter 0421 362-3888 entgegen.",53.053526,8.9620469,address
23926.0,2026-04-02,09.04.2026,Gröpelingen,False,Sonstiges,Grundschule mit Farbparolen beschmiert,"Bremen-Gröpelingen, OT Lindenhof, Pastorenweg",https://www.polizei.bremen.de/news/pressestelle/pressemeldungen-ab-26032026-67470,"Über das verlängerte Osterwochenende wurde ein Schulgebäude in Gröpelingen mit Farbe beschmiert. Die Kriminalpolizei ermittelt und sucht Zeugen.
Unbekannte sprühten großflächig mit schwarzer Farbe verfassungsfeindliche Symbole, wie Hakenkreuze sowie die Schriftzüge ""Antifa"" und ""161"" an eine Außenfassade und Fenster der Grundschule am Pastorenweg.
Die Schmierereien wurden am Mittwoch entdeckt, die Polizei alarmiert.
Die Kriminalpolizei hat die Ermittlungen aufgenommen. Zeugenhinweise nimmt der Kriminaldauerdienst jederzeit unter 0421-362-3888 jederzeit entgegen.",53.1116183,8.763579,address
24126.0,2026-04-07,09.04.2026,Hemelingen,False,Sonstiges,"23 Katzen, zwei Kartons und viele Fragen","Bremen-Hemelingen, OT Hemelingen, Marschstraße",https://www.polizei.bremen.de/news/pressestelle/pressemeldungen-ab-26032026-67470,"Am Mittwochvormittag wurde die Polizei Bremen zu einem ungewöhnlichen Einsatz in die Marschstraße im Stadtteil Hemelingen gerufen. Ein aufmerksamer Bürger hatte am Eingang eines Friedhofs zwei Kartons entdeckt, aus denen leises Miauen drang.
Vor Ort bestätigte sich der Verdacht: In den mit Paketband verschlossenen Kartons, die nur mit wenigen Luftlöchern versehen waren, befanden sich insgesamt 23 Katzen – darunter drei ausgewachsene Tiere sowie 20 neugeborene Kätzchen. Die Kartons waren im Inneren bereits durch Urin aufgeweicht, in einem Karton befand sich zudem etwas Katzenfutter.
Beim vorsichtigen Öffnen der Kartons nutzte ein vermutliches Muttertier die Gelegenheit zur Flucht. Die übrigen 22 Katzen wurden durch die Einsatzkräfte gesichert, zum Polizeikommissariat transportiert und dort erstversorgt. Anschließend wurden die Tiere – samt zwischenzeitlich gespendeter Futterrationen durch hilfsbereite Bürgerinnen und Bürger – an das Tierheim Bremen übergeben.
Eine Überprüfung der ausgewachsenen Tiere mittels Chip-Lesegerät verlief ohne Ergebnis. Hinweise auf die bislang unbekannten Verantwortlichen liegen derzeit noch nicht vor.
Die Polizei Bremen hat eine Strafanzeige wegen eines Verstoßes gegen das Tierschutzgesetz gefertigt. Die Ermittlungen dauern an.",53.046961,8.8901532,address
24226.0,2026-04-07,09.04.2026,Vegesack,False,Raub,Frau ausgeraubt,"Bremen-Vegesack, OT Vegesack, Vegesacker Rampe",https://www.polizei.bremen.de/news/pressestelle/pressemeldungen-ab-26032026-67470,"Am Dienstagmorgen raubte ein unbekannter Täter einer 55 Jahre alten Frau in Vegesack eine Stofftasche mit Bargeld. Die Polizei sucht Zeugen.
Etwa um 09:00 Uhr wollte die Frau in der Straße Vegesacker Rampe parken. Auf dem Beifahrersitz lag eine Tasche, in der sich Bargeld befand. Plötzlich öffnete ein Mann die Beifahrertür und wollte den Beutel an sich nehmen. Die Frau versuchte noch, diesen festzuhalten, der Mann schlug jedoch nach hier und riss weiter daran. Schließlich flüchtete er mit der Beute in Richtung Gerhard-Rohlfs-Passage. Ein zweiter Mann soll auf ihn gewartet haben und mit ihm geflüchtet sein. Die 55-Jährige wurde dabei leicht verletzt, stand aber sichtlich unter dem Eindruck der Tat. Die Kriminalpolizei hat die Ermittlungen aufgenommen und sucht Zeugen.
Der Täter wurde wie folgt beschrieben: Er war etwa 30 bis 40 Jahre alt und 170 bin 175 cm groß. Er sprach gebrochenes Deutsch und hatte einen dunklen Vollbart. Bekleidet war er mit einer schwarzen Jacke mit Kapuze, außerdem trug er eine schwarze Kappe und dünne, helle Handschuhe. Den zweiten Mann konnte die Frau nicht weiter beschreiben.
Hinweise nimmt der Kriminaldauerdienst der Polizei Bremen unter 0421 362-3888 entgegen.",53.1725202,8.620755,address
24326.0,2026-04-09,09.04.2026,Obervieland,False,Sachbeschaedigung,Schwerer Verkehrsunfall auf der A1 – erheblicher Sachschaden und mehrere Verletzte,"Bremen-Obervieland, OT Arsten, Bundesautobahn 1",https://www.polizei.bremen.de/news/pressestelle/pressemeldungen-ab-26032026-67470,"Am frühen Morgen kam es auf der Autobahn 1 in Fahrtrichtung Hamburg, in Höhe des Rastplatzes Krummhörens Kuhlen, zu einem schweren Verkehrsunfall mit mehreren beteiligten Fahrzeugen.
Nach bisherigen Erkenntnissen übersah ein 26-jähriger Lkw-Fahrer das Stauende und fuhr auf einen vorausfahrenden Sattelzug auf. Durch die Wucht des Aufpralls wurde dieser auf einen weiteren Sattelzug geschoben. Zudem wurde ein auf dem mittleren Fahrstreifen fahrendes Auto durch Trümmerteile beschädigt.
Der Unfallverursacher erlitt schwere Verletzungen und musste durch die Feuerwehr aus seinem Führerhaus befreit werden. Er wurde in ein Krankenhaus gebracht und dort notoperiert. Die Fahrer der beiden Sattelzüge (34 und 36 Jahre alt) wurden leicht verletzt und ambulant behandelt. Der Autofahrer (50 Jahre) blieb unverletzt.
An den beteiligten Fahrzeugen entstand erheblicher Sachschaden. Zwei der Lkw wurden vollständig zerstört. Zudem wurden mehrere hochwertige Neufahrzeuge auf einem Autotransporter beschädigt. Der Gesamtschaden wird auf über eine Million Euro geschätzt.
Im Zuge der Unfallaufnahme ergaben sich Hinweise darauf, dass der Unfallverursacher möglicherweise während der Fahrt eingeschlafen war. Zudem wurden im Führerhaus Medikamente aufgefunden. Die Polizei veranlasste eine Blutentnahme. Die weiteren Ermittlungen zur Unfallursache dauern an.
Für die Dauer der Rettungs- und Bergungsmaßnahmen musste die Autobahn 1 in Fahrtrichtung Hamburg zunächst voll gesperrt werden. Der Verkehr wurde ab der Anschlussstelle Brinkum abgeleitet. Erst im weiteren Verlauf konnten einzelne Fahrstreifen wieder freigegeben werden. Die vollständige Freigabe erfolgte gegen Mittag. Es kam zu erheblichen Verkehrsbehinderungen.",53.03885,8.837961,district
25225.0,2025-04-14,15.04.2025,Neustadt,False,Sachbeschaedigung,Farbschmierereien an Polizeistation,"Bremen-Neustadt, OT Alte Neustadt, Schulstraße",https://www.polizei.bremen.de/news/pressestelle/pressemeldungen-ab-14042025-63985,"Unbekannte beschmierten in der Nacht zu Dienstag die Hausfassade der Polizeistation in der Neustadt mit Farbschmierereien. Die Polizei sucht nach Zeugen.
Die Täter bewarfen die Fassade der Polizei in der Schulstraße mit violetter Farbe. Dabei benutzten sie mehrere Glasflaschen, die mit Farbe befüllt waren.
Die Polizei Bremen ermittelt wegen Sachbeschädigung. Zeugenhinweise nimmt der Kriminaldauerdienst jederzeit unter 0421 362-3888 entgegen.",53.0693446,8.7966982,address
25325.0,2025-04-14,15.04.2025,Hemelingen,False,Koerperverletzung,Echte Polizei stoppt falschen Kollegen,"Bremen-Hemelingen, OT Sebaldsbrück",https://www.polizei.bremen.de/news/pressestelle/pressemeldungen-ab-14042025-63985,"Am Montagmittag fiel eine 88-jährige Frau aus Sebaldsbrück beinahe einem perfiden Trickbetrug zum Opfer – doch dank ihres Misstrauens und dem schnellen Eingreifen der echten Polizei konnte ein Täter auf frischer Tat festgenommen werden.
Eine angebliche Polizistin hatte die Seniorin zunächst telefonisch kontaktiert und angekündigt, ein Kollege werde bei ihr vorbeischauen, um ihr Fotos von mutmaßlichen reisenden Tätern zu zeigen. Kurz darauf erschien ein Mann an ihrer Haustür, legte ihr zwei Bilder vor und forderte anschließend Bargeld und Wertsachen zur sicheren ""Verwahrung"". Die Bremerin händigte ihm Banknoten und Schmuck aus und der Mann verließ wieder das Haus.
Am Nachmittag meldete sich die Betrügerin erneut: Die 88-Jährige sollte weiteres Geld bei der Bank abheben, da dieses dort nicht mehr sicher sei. Auf dem Rückweg vom Geldinstitut wurde sie jedoch misstrauisch. Sie sprach einen Jugendlichen auf der Straße an und bat ihn, die Polizei zu verständigen.
Zivilkräfte der echten Polizei Bremen griffen sofort ein. Noch während der Sachverhaltsaufnahme erhielt die Seniorin einen weiteren Anruf – angeblich zur nächsten Geldübergabe am Abend. Als der mutmaßliche Täter wie angekündigt an der Haustür erschien, öffneten die Einsatzkräfte die Tür. Der 19-jährige Bremer versuchte zu flüchten, wehrte sich heftig und schlug um sich. Doch die Einsatzkräfte konnten ihn vorläufig festnehmen und zur Wache bringen. Auf Antrag der Staatsanwaltschaft wurde seine Wohnung durchsucht. Die Ermittlungen zu weiteren Mittätern laufen derzeit.
Präventionshinweis der Polizei Bremen: Lassen Sie sich nicht täuschen – die Polizei wird niemals Ihre Wertsachen zur ""Verwahrung"" abholen oder Sie am Telefon zu finanziellen Details ausfragen! Seien Sie misstrauisch bei unbekannten Anrufen! Legen Sie einfach auf, wenn Ihnen etwas seltsam vorkommt!
Wählen Sie selbst die 110, wenn Sie unsicher sind – echte Polizisten helfen Ihnen weiter!
Weitere Infos und Präventionstipps erhalten Sie beim Präventionszentrum der Polizei Bremen unter (0421) 362-19003.",53.0555687,8.8843106,district
25425.0,2025-04-16,16.04.2025,Vahr,False,Sonstiges,Fahndungsaufruf nach Trickbetrügerin,"Bremen- Vahr, OT Neue Vahr Südwest, Julius-Leber-Straße",https://www.polizei.bremen.de/news/pressestelle/pressemeldungen-ab-14042025-63985,"Nach einem Betrugsfall, bei dem eine 75 Jahre alte Frau um ihr Bargeld gebracht wurde, suchen die Staatsanwaltschaft und die Polizei Bremen mit Fotos aus einer Überwachungskamera nach einer Tatverdächtigen.
Am 11. Juli 2024 befand sich die Seniorin in einem Einkaufszentrum in der Julius-Leber-Straße im Ortsteil Neue Vahr Südwest, als sie von einer Unbekannten angesprochen wurde. Die Frau erklärte ihr, dass ihr Sohn ein schlechtes Omen haben würde. Kurz darauf stieß eine zweite Unbekannte dazu. Der 75-Jährigen wurde gesagt, dass das schlechte Omen geheilt werden könne und sie dafür Bargeld übergeben müsste, was sie auch tat. Anschließend flüchteten die beiden Frauen mit dem Bargeld.
Nachdem die bisherigen Ermittlungen nicht zur Identifizierung der Frau führten, fahnden die Polizei und Staatsanwaltschaft mit Fotos nach ihr und fragt: „Wer kann Angaben zu der Täterin auf dem Foto machen, wer erkennt sie wieder? Hinweise nimmt der Kriminaldauerdienst unter der Rufnummer 0421 362-3888 entgegen.",53.0761778,8.8896656,address
25525.0,2025-04-15,16.04.2025,Vahr,False,Verkehrsunfall,Jugendlicher schwer verletzt,"Bremen-Vahr, Neue Vahr  Südwest, Kurt-Schumacher-Allee",https://www.polizei.bremen.de/news/pressestelle/pressemeldungen-ab-14042025-63985,"In der Vahr ist ein 14 Jahre alter Junge am Dienstagnachmittag beim Überqueren der Straße von einem Auto erfasst worden. Der Jugendliche wurde mit schwersten Verletzungen in ein Krankenhaus gebracht.
Nach derzeitigen Erkenntnissen und Zeugenaussagen überquerte der 14-Jährige bei Rotlicht die Kurt-Schumacher-Allee und telefonierte dabei mit seinem Smartphone. Der 20 Jahre alte Fahrer eines Mazdas, der auf der Kurt-Schumacher-Allee stadteinwärts unterwegs war, konnte nicht mehr rechtzeitig bremsen und kollidierte mit dem Fußgänger. Der Jugendliche musste stationär im Krankenhaus aufgenommen werden, der Autofahrer erlitt einen Schock. Die weiteren Ermittlungen zum Unfallhergang dauern an.",53.078655,8.877569,district
25625.0,2025-04-15,16.04.2025,Mitte,False,Raub,Polizei nimmt Halskettenräuber fest,"Bremen-Mitte, OT Altstadt/Bahnhofsvorstadt, Domshof/Rembertiring",https://www.polizei.bremen.de/news/pressestelle/pressemeldungen-ab-14042025-63985,"Am Dienstag kam es im Stadtteil Mitte zu zwei Raubtaten. In einem Fall nahmen Einsatzkräfte einen 22 Jahre alten Mann fest. Gegen ihn werden aktuell Haftgründe geprüft.
Gegen 17 Uhr war ein 27-Jähriger auf dem Weg zum Hauptbahnhof, als zwei Männer ihn ansprachen und nach einer Straße fragten. Im weiteren Verlauf legte einer der Männer seinen Arm um den 27-Jährigen und schlug ihm auf die Brust. Dabei riss er ihm die Goldkette ab. Als er die Kette zurückverlangte, kam es zu einem Gerangel. Die Angreifer rissen sich los und flüchteten zunächst. Die schnell eingetroffenen Einsatzkräfte stellten in Tatortnähe einen 22 Jahre alten Mann und nahmen ihn fest. Ein Teil des Raubguts konnte noch vor Ort aufgefunden werden.
Gegen den 22-jährigen Mann aus Algerien werden aktuell Haftgründe geprüft. Die weiteren Ermittlungen dauern an.
Wenige Stunden zuvor ging ein 35 Jahre alter Mann vom Domshof zum Schüsselkorb. Zwei Männer sprachen den 35-Jährigen kurze Zeit später an. Kurz darauf schlug einer von ihnen kräftig auf die Brust des Mannes und riss dabei seine Goldkette ab. Anschließend flüchtete das Duo.
Die beiden Täter wurden wie folgt beschrieben: Sie sollen zwischen 1,80 und 1,90 Meter groß und beide einen dunklen Teint haben. Der Angreifer trug eine kurze Hose und ein T-Shirt in grüner Camouflage-Optik sowie eine Kappe. Er hatte dunkle Haare und ein ungepflegtes Erscheinungsbild. Sein Komplize trug helle Kleidung und soll schlank sein. Zeugenhinweise gehen an den Kriminaldauerdienst unter der Rufnummer 0421 362-3888.
Objekte der Begierde von Straßenräubern sind in der Regel Smartphones/Handys, Uhren, Schmuck und mitgeführtes Bargeld. Deswegen rät die Polizei: Achten Sie auf Ihre Wertsachen! Verwahren Sie Wertgegenstände in verschließbaren Innentaschen und achten Sie auf ihre Goldketten und wertvollen Uhren. Weitere Verhaltenstipps und Hinweise gibt es beim Präventionszentrum der Polizei Bremen unter 0421 362-19003, bzw. unter www.Polizei.Bremen.de oder www.polizei-beratung.de.",53.0786741,8.8109045,district
25725.0,2025-04-07,17.04.2025,Hemelingen,False,Koerperverletzung,Sachbeschädigung an Pkw – Staatsschutz ermittelt,"Bremen-Hemelingen, OT Hemelingen, Im Westerholz",https://www.polizei.bremen.de/news/pressestelle/pressemeldungen-ab-14042025-63985,"In der Nacht von Dienstag, 7. April, auf Mittwoch, 8. April, schlugen bislang unbekannte Täter die Seitenscheibe eines in der Straße Im Westerholz im Stadtteil Hemelingen geparkten Autos ein. Der Vorfall wurde am Mittwoch vergangener Woche durch die Ehefrau des Fahrzeughalters bei einer Polizeidienststelle zur Anzeige gebracht.
Am Freitag meldete sich die Bremerin erneut bei der Polizei und gab an, einen unangenehmen Geruch im Fahrzeuginneren festgestellt zu haben. Eine Überprüfung in einer Werkstatt ergab, dass der Fahrersitz offenbar durch Buttersäure oder eine ähnliche Substanz beschädigt wurde und nun unbrauchbar ist.
Im Zuge der weiteren Ermittlungen wurde bekannt, dass es sich beim Fahrzeughalter um einen Parteifunktionär der AfD handelt. Zudem wurde auf einer linksextremistischen Internetseite ein Bekennerschreiben veröffentlicht, in dem die Tat im politischen Kontext eingeordnet wurde.
Der Staatsschutz der Polizei Bremen hat die Ermittlungen übernommen. Zeugenhinweise nimmt der Kriminaldauerdienst unter der Telefonnummer 0421 362-3888 entgegen.",53.0535893,8.8901091,address
26025.0,2025-04-18,19.04.2025,Neustadt,False,Toetungsdelikt,Tritte gegen den Kopf- Zeugen gesucht,"Bremen-Neustadt, OT Alte Neustadt, Friedrich-Ebert-Straße",https://www.polizei.bremen.de/news/pressestelle/pressemeldungen-ab-14042025-63985,"In der Bremer Neustadt schlug ein unbekannter Mann am Karfreitagmorgen auf einen 41-Jährigen ein. Hierbei trat der Angreifer auch mehrfach gegen den Kopf des Bremers.
Eine 47 Jahre alte Autofahrerin befuhr gegen 8 Uhr die Friedrich-Ebert-Straße und beobachtete dabei im Kreuzungsbereich Osterstraße, wie der Unbekannte mehrfach gegen den Kopf des am Boden liegenden Mannes trat. Als dieser die Autofahrerin bemerkte, flüchtete er zu Fuß. Der stark alkoholisierte 41-Jährige musste mit Kopfverletzungen ins Krankenhaus gebracht werden, wo er sich später selbst entließ. Er konnte zunächst keine Angaben zum Sachverhalt machen. Der Täter wurde als etwas 30 bis 35 Jahre alt, 180 Zentimeter groß, grüngraue Oberbekleidung, helle Schuhe und Dreitagebart beschrieben. Zeugenhinweise nimmt der Kriminaldauerdienst unter 0421 362-3888 entgegen.
Jeder Tritt gegen den Kopf eines Menschen kann tödlich sein, wenige Zentimeter können entscheiden. Es hängt regelmäßig ausschließlich vom Zufall ab, ob durch die Tritte lebensgefährdende Verletzungen verursacht werden. Die Polizei Bremen verfolgt diese Delikte mit aller Konsequenz.",53.0715904,8.8016695,address
26125.0,2025-04-19,21.04.2025,Mitte,False,Drogendelikt,Kontrollen am Karsamstag rund um Bahnhof und Viertel,Bremen-Mitte-Östliche Vorstadt,https://www.polizei.bremen.de/news/pressestelle/pressemeldungen-ab-14042025-63985,"Mit gezielten Kontrollmaßnahmen ging die Polizei Bremen am Karsamstag wieder gegen Eigentums- und Gewaltdelikte, Drogenkriminalität sowie Verstöße gegen die Waffenverbotszonen vor. Zivile und uniformierte Einsatzkräfte waren von den frühen Abendstunden bis tief in die Nacht im Bereich der Bahnhofsvorstadt sowie im Ostertor und Steintor im Einsatz.
Im Rahmen der Maßnahmen kontrollierten die Polizistinnen und Polizisten insgesamt 46 Personen. Dabei wurden mehrere Verkaufseinheiten harter Drogen, darunter Kokain und Ecstasy, sowie Bargeld sichergestellt. Zudem griffen die Einsatzkräfte bei mehreren Auseinandersetzungen konsequent ein. In der Waffenverbotszone beschlagnahmte die Polizei unter anderem Reizgas und ein Messer. Darüber hinaus wurden mehrere Strafanzeigen wegen Beleidigung und Verstößen gegen das Betäubungsmittelgesetz gefertigt. Sechs Männer erhielten Platzverweise.
Diese koordinierte Aktion war Teil der fortlaufenden Maßnahmen zur Erhöhung der Sicherheit und Ordnung im öffentlichen Raum. Die Polizei Bremen setzt damit ihre intensiven Bemühungen der vergangenen Wochen und Monate konsequent fort und wird auch weiterhin gemeinsam mit anderen Sicherheitsbehörden gegen die Straßenkriminalität vorgehen.",53.0786741,8.8109045,district
26125.0,2025-04-19,21.04.2025,Östliche Vorstadt,False,Drogendelikt,Kontrollen am Karsamstag rund um Bahnhof und Viertel,Bremen-Mitte-Östliche Vorstadt,https://www.polizei.bremen.de/news/pressestelle/pressemeldungen-ab-14042025-63985,"Mit gezielten Kontrollmaßnahmen ging die Polizei Bremen am Karsamstag wieder gegen Eigentums- und Gewaltdelikte, Drogenkriminalität sowie Verstöße gegen die Waffenverbotszonen vor. Zivile und uniformierte Einsatzkräfte waren von den frühen Abendstunden bis tief in die Nacht im Bereich der Bahnhofsvorstadt sowie im Ostertor und Steintor im Einsatz.
Im Rahmen der Maßnahmen kontrollierten die Polizistinnen und Polizisten insgesamt 46 Personen. Dabei wurden mehrere Verkaufseinheiten harter Drogen, darunter Kokain und Ecstasy, sowie Bargeld sichergestellt. Zudem griffen die Einsatzkräfte bei mehreren Auseinandersetzungen konsequent ein. In der Waffenverbotszone beschlagnahmte die Polizei unter anderem Reizgas und ein Messer. Darüber hinaus wurden mehrere Strafanzeigen wegen Beleidigung und Verstößen gegen das Betäubungsmittelgesetz gefertigt. Sechs Männer erhielten Platzverweise.
Diese koordinierte Aktion war Teil der fortlaufenden Maßnahmen zur Erhöhung der Sicherheit und Ordnung im öffentlichen Raum. Die Polizei Bremen setzt damit ihre intensiven Bemühungen der vergangenen Wochen und Monate konsequent fort und wird auch weiterhin gemeinsam mit anderen Sicherheitsbehörden gegen die Straßenkriminalität vorgehen.",53.07023,8.84098,district
26225.0,2025-04-20,21.04.2025,Findorff,False,Sonstiges,Polizistin auf Osterwiese verletzt – 52-Jähriger festgenommen,"Bremen-Findorff, Bürgerweide",https://www.polizei.bremen.de/news/pressestelle/pressemeldungen-ab-14042025-63985,"Am Sonntagabend kam es auf der Osterwiese zu einem tätlichen Angriff auf Einsatzkräfte der Polizei. Ein 52 Jahre alter Mann verletzte dabei eine Polizistin durch einen Tritt in den Bauch und wurde vorläufig festgenommen.
Der Mann versuchte zunächst, das Veranstaltungsgelände unerlaubt über einen Notausgang zu verlassen. Als ihn der Sicherheitsdienst daran hinderte, reagierte er aggressiv, kam den Anweisungen nicht nach und trat mehrfach gegen umliegende Absperrgitter.
Eine alarmierte Fußstreife der Polizei traf wenig später ein, um die Situation zu klären. Doch anstatt sich zu beruhigen, steigerte sich der 52-Jährige weiter in sein aggressives Verhalten hinein. Während der Kontrolle trat er plötzlich einer Polizistin mit großer Wucht in den Bauch, sodass diese gegen ein Absperrgitter geschleudert wurde und kurzzeitig nicht mehr ansprechbar war. Sie musste später ambulant im Krankenhaus behandelt werden.
Die Einsatzkräfte konnten den Mann unter erheblichem Widerstand fixieren. Aufgrund seines hochaggressiven Verhaltens und weil er unkontrolliert um sich spuckte, wurde ihm eine Spuckschutzhaube aufgesetzt. Während des Einsatzes bedrohte und beleidigte er die Polizistinnen und Polizisten massiv, unter anderem mit den Worten: „Ich schneide euch die Kehle auf.“
Ein durchgeführter Atemalkoholtest ergab einen Wert von über 1,3 Promille. Die weiteren Ermittlungen dauern an. Gegen den Mann wird wegen tätlichen Angriffs auf Vollstreckungsbeamte, Widerstands, Bedrohung und Beleidigung ermittelt.",53.094685,8.808282,district
26525.0,2025-04-22,23.04.2025,Mitte,False,Diebstahl,Antänzer festgenommen,"Bremen-Mitte, OT Bahnhofsvorstadt, Bahnhofsplatz",https://www.polizei.bremen.de/news/pressestelle/pressemeldungen-ab-14042025-63985,"Am Dienstagabend konnten zivile Einsatzkräfte der Polizei Bremen drei mutmaßliche Trickdiebe im Bereich der Bahnhofsvorstadt stellen. Die Männer im Alter von 20 und 21 Jahren stehen im Verdacht, für mehrere Straßenraube verantwortlich zu sein. Sie wurden vorläufig festgenommen und Beweismittel, darunter Diebesgut aus einer weiteren Tat, wurden beschlagnahmt.
Gegen 23 Uhr näherten sich vor einem Hotel am Bahnhofsplatz zwei der später gefassten Täter einem 54 Jahre alten Hotelgast, der vor dem Eingang rauchte. Das Duo „tanzte“ den so abgelenkten Mann an und entriss riss ihm in diesem Moment eine Goldkette vom Hals. Anschließend flüchteten die Täter in Richtung Breitenweg. Zivilkräfte, die schwerpunktmäßig zur Bekämpfung der Straßenkriminalität im Einsatz waren, fassten die beiden 20-Jährigen und einen weiteren 21 Jahre alten Verdächtigen gegen Mitternacht in der Falkenstraße.
Bei der Durchsuchung des polizeibekannten 20-jährigen Marokkaners fanden die Zivilpolizisten Reizgas und im Ärmel versteckte Bankkarten, die aus einem kurz zuvor begangenen Trickdiebstahl stammten. Gegen ihn wird der Erlass eines Haftbefehls geprüft. Er soll noch heute dem Haftrichter vorgeführt werden. Die Durchsuchungen seiner Komplizen aus Algerien führten ebenfalls zum Auffinden von Beweismitteln. Im Schuh des 21-Jährigen konnte die Goldkette des Hotelgasts gefunden werden. Die weiteren Ermittlungen dauern an.
Die Polizei warnt und rät:
Der sogenannte Antanztrick ist eine bekannte Begehensweise des Trickdiebstahls. Die Täter täuschen eine freundliche Geste vor, etwa durch überschwängliche Begrüßungen, Umarmungen oder das Vortäuschen von Tanz- oder Fußballtricks. Diese Ablenkung wird genutzt, um unbemerkt Wertgegenstände wie Smartphones, Uhren, Bargeld oder Schmuck zu entwenden.
Achten Sie stets auf Ihre Wertsachen! Nehmen Sie nur so viel Bargeld mit, wie Sie tatsächlich benötigen.",53.082478,8.8127559,address
26625.0,2025-04-21,23.04.2025,Vegesack,False,Einbruch,Polizei stellt Einbrecher,"Bremen-Vegesack/ Blumenthal, OT Vegesack/ Lüssum-Bockhorn, Kirchheide/ Schwaneweder Straße",https://www.polizei.bremen.de/news/pressestelle/pressemeldungen-ab-14042025-63985,"Einsatzkräfte der Polizei Bremen stellten am Montagabend in Vegesack einen 43 Jahre alten Mann, der zuvor in eine Tiefgarage eingebrochen war. Etwas später stellten Polizisten in Blumenthal einen 45-Jährigen. Er ist verdächtig, die Scheiben in einem Supermarkt eingeworfen und Zigaretten entwendet zu haben.
Gegen 19:25 Uhr wurde über den Notruf der Polizei der Einbruch in eine Tiefgarage in der Straße Kirchheide gemeldet. Vor Ort fanden die Einsatzkräfte den 43-Jährigen in einem Auto sitzend vor, bei sich hatte er Diebesgut und Einbruchswerkzeug. Ein Fenster der Tiefagarage war aufgebrochen worden. Der Mann wurde mit auf die Wache genommen und eine Strafanzeige gefertigt. Die weiteren Ermittlungen dauern an.
Etwas später meldeten Zeugen gegen 21:05 Uhr einen Einbruch in einen Supermarkt in der Schwaneweder Straße. Zwei zunächst unbekannte Täter hatten mit einem Gullideckel eine Scheibe eingeworfen und eine größere Menge Zigaretten entwendet. Anschließend waren sie geflüchtet. Die alarmierten Einsatzkräfte stellten kurz darauf den 45-Jährigen, der eine Plastiktüte mit Zigarettenschachteln bei sich führte. Ein zweiter Mann konnte flüchteten. Sie nahmen den mutmaßlichen Einbrecher, der schon erheblich mit gleichgelagerten Taten in Erscheinung getreten ist, mit auf die Wache. Er soll noch im Laufe des Tages einem Haftrichter vorgeführt werden.
Zeugenhinweise zu dem zweiten Mann nimmt der Kriminaldauerdienst über 0421 362-3888 entgegen.",53.1705249,8.6238803,district
26625.0,2025-04-21,23.04.2025,Blumenthal,False,Einbruch,Polizei stellt Einbrecher,"Bremen-Vegesack/ Blumenthal, OT Vegesack/ Lüssum-Bockhorn, Kirchheide/ Schwaneweder Straße",https://www.polizei.bremen.de/news/pressestelle/pressemeldungen-ab-14042025-63985,"Einsatzkräfte der Polizei Bremen stellten am Montagabend in Vegesack einen 43 Jahre alten Mann, der zuvor in eine Tiefgarage eingebrochen war. Etwas später stellten Polizisten in Blumenthal einen 45-Jährigen. Er ist verdächtig, die Scheiben in einem Supermarkt eingeworfen und Zigaretten entwendet zu haben.
Gegen 19:25 Uhr wurde über den Notruf der Polizei der Einbruch in eine Tiefgarage in der Straße Kirchheide gemeldet. Vor Ort fanden die Einsatzkräfte den 43-Jährigen in einem Auto sitzend vor, bei sich hatte er Diebesgut und Einbruchswerkzeug. Ein Fenster der Tiefagarage war aufgebrochen worden. Der Mann wurde mit auf die Wache genommen und eine Strafanzeige gefertigt. Die weiteren Ermittlungen dauern an.
Etwas später meldeten Zeugen gegen 21:05 Uhr einen Einbruch in einen Supermarkt in der Schwaneweder Straße. Zwei zunächst unbekannte Täter hatten mit einem Gullideckel eine Scheibe eingeworfen und eine größere Menge Zigaretten entwendet. Anschließend waren sie geflüchtet. Die alarmierten Einsatzkräfte stellten kurz darauf den 45-Jährigen, der eine Plastiktüte mit Zigarettenschachteln bei sich führte. Ein zweiter Mann konnte flüchteten. Sie nahmen den mutmaßlichen Einbrecher, der schon erheblich mit gleichgelagerten Taten in Erscheinung getreten ist, mit auf die Wache. Er soll noch im Laufe des Tages einem Haftrichter vorgeführt werden.
Zeugenhinweise zu dem zweiten Mann nimmt der Kriminaldauerdienst über 0421 362-3888 entgegen.",53.1817926,8.5726297,district
26725.0,2025-04-22,23.04.2025,Woltmershausen,False,Raub,Kiosk überfallen,"Bremen-Woltmershausen, OT Woltmershausen, Woltmershauser Straße",https://www.polizei.bremen.de/news/pressestelle/pressemeldungen-ab-14042025-63985,"Ein unbekannter Täter überfiel am Dienstagabend einen Kiosk in Woltmershausen, erbeutete dabei Bargeld und flüchtete anschießend. Die Polizei sucht Zeugen.
Gegen 21:05 Uhr betrat der Mann das Geschäft in der Woltmershauser Straße und verwickelte die 29 Jahre alte Mitarbeiterin in ein Gespräch und ließ sich Waren zeigen. Als die Frau anschließend die Kasse öffnete, hatte der Täter plötzlich ein Messer in der Hand, griff in die Kassenlade und flüchtete mit Bargeld in unbekannte Richtung.
Die Kriminalpolizei hat die Ermittlungen aufgenommen und sucht Zeugen. Der Mann wurde wie folgt beschrieben: Er war etwa 180 cm groß, schlank und ca. 20 Jahre alt. Er hatte schwarze Hautfarbe und war mit einer schwarzen Hose und einem schwarzen Oberteil bekleidet. Hinweise nimmt der Kriminaldauerdienst der Polizei Bremen jederzeit über 0421 362 3888 entgegen.",53.0868834,8.762796,address
26825.0,2025-04-23,23.04.2025,Blumenthal,False,Verkehrsunfall,Schwerer Verkehrsunfall in Blumenthal,"Bremen-Blumenthal, OT Lüssum-Bockhorn, Bundesstraße 74 (B 74)",https://www.polizei.bremen.de/news/pressestelle/pressemeldungen-ab-14042025-63985,"Am Mittwochvormittag ereignete sich auf der B 74 in Blumenthal ein schwerer Verkehrsunfall. Dabei wurden zwei Autofahrer verletzt und mussten in Krankenhäusern behandelt werden. Für einen 61-Jährigen bestand Lebensgefahr.
Der 61 Jahre alte Fahrer eines Kleintransporters fuhr auf der B 74 in Richtung Farge. Vermutlich aufgrund eines Krankheitsfalls verlor er das Bewusstsein und geriet auf Höhe der Turnerstraße in den Gegenverkehr. Eine entgegenkommende Autofahrerin versucht noch auszuweichen, konnte aber einen frontalen Zusammenstoß nicht verhindern. Der 61-Jährige wurde durch Ersthelfer und der Polizei vor Ort reanimiert, bis Rettungskräfte und eine Notärztin übernahmen. Anschließend musste er in ein Krankenhaus gebracht werden. Die 56 Jahre alte Autofahrerin wurde leicht verletzt und musste auch in einer Klinik behandelt werden.
Für die Bergungsmaßnahmen und die Unfallaufnahme wurde die Unfallstelle gesperrt. Die Ermittlungen zur Unfallursache dauern an. Weitere Zeugen melden sich jederzeit bei der Verkehrsbereitschaft der Polizei Bremen unter 0421 362-14850.",53.1817926,8.5726297,district
26925.0,2025-04-24,24.04.2025,Hemelingen,False,Koerperverletzung,33 Jahre alte Frau stürzt aus Fenster – Polizei ermittelt wegen versuchten Tötungsdelikts,"Bremen-Hemelingen, OT Hastedt, Fleetrade",https://www.polizei.bremen.de/news/pressestelle/pressemeldungen-ab-14042025-63985,"In der Nacht von Mittwoch auf Donnerstag stürzte im Bremer Ortsteil Hastedt eine 33 Jahre alte Frau aus einem Fenster im zweiten Obergeschoss und erlitt dabei lebensgefährliche Verletzungen. Die Bremerin wurde umgehend von einem Rettungswagen in ein Krankenhaus gebracht und intensivmedizinisch versorgt.
Anwohner hatten zuvor eine lautstarke Auseinandersetzung in einer Wohnung in der Straße Fleetrade bemerkt. Kurz darauf beobachteten sie, wie die Frau aus dem Fenster fiel. Wie sich der Sturz ereignete, ob sie beispielsweise gestoßen wurde, ist derzeit Gegenstand der Ermittlungen. Ein 23-jähriger verdächtiger Mann konnte im Rahmen der Fahndung in Tatortnähe vorläufig festgenommen werden.
Polizei und Staatsanwaltschaft ermitteln wegen eines versuchten Tötungsdelikts. Zeugenhinweise nimmt der Kriminaldauerdienst unter der Telefonnummer (0421) 362 3888 entgegen.",53.0647882,8.8640645,address
27125.0,2025-04-23,24.04.2025,Mitte,False,Drogendelikt,Drogenfunde und gravierende Mängel,Bremen-Mitte/Östliche Vorstadt/Neustadt/Huchting,https://www.polizei.bremen.de/news/pressestelle/pressemeldungen-ab-14042025-63985,"Die Polizei Bremen führte von Mittwochnachmittag bis in dem späten Abend umfangreiche Maßnahmen zur Bekämpfung des Drogenhandels rund um den Hauptbahnhof und im Bremer Viertel durch. Dabei wurden Drogen und Bargeld beschlagnahmt und mutmaßliche Händler gestellt. Außerdem wurden im Steintor in der Neustadt und in Huchting zusammen mit dem Ordnungsamt, Zoll, Finanz- und Bauamt sowie der Lebensmittelüberwachung Kioske, Imbisse und Bars überprüft und dabei zum Teil gravierende Mängel festgestellt.
Ab etwa 15:00 Uhr führten die Einsatzkräfte offene und verdeckte Maßnahmen im Bahnhofsquartier und im Steintor durch. Bei den umfangreichen Kontrollen wurden mehrere Drogendeals gestoppt, Strafanzeigen gefertigt, Betäubungsmittel und Bargeld beschlagnahmt sowie Straßenhändler gestellt. Bei einer nach einem Straßendeal angeordneten Wohnungsdurchsuchung in der Bahnhofsvorstadt fanden die Einsatzkräfte mehr als ein halbes Kilo Cannabis, einige Verkaufseinheiten Kokain, eine größere Summe Bargeld sowie Verpackungsmaterial, eine Feinwaage und weitere Beweismittel. Weiterhin erteilten die Polizisten diverse Platzverweise.
In der Östlichen Vorstadt, in der Neustadt und in Huchting standen abends parallel insgesamt elf Lokalitäten im Fokus der Einsatzkräfte. Hier wurden diverse zum Teil gravierende Verstöße, wie erhebliche Hygienemängel, unter anderem verdorbene Lebensmittel, illegale Beschäftigung, Verstöße gegen das Betäubungsmittelgesetz, die Kennzeichnungspflicht und das Verpackungsgesetz sowie Kassenmängel festgestellt. In einem Kiosk wurde Lachgas sichergestellt, in einem weiteren fanden die Einsatzkräfte einen Baseballschläger griffbereit unter dem Verkaufstresen. Entsprechende Anzeigen wurden gefertigt.
Seit vielen Wochen und Monaten setzt sich die Polizei Bremen verstärkt für die Bekämpfung der Straßenkriminalität ein und wird diese Bemühungen gemeinsam mit anderen Sicherheitsbehörden fortsetzen.",53.0786741,8.8109045,district
27125.0,2025-04-23,24.04.2025,Östliche Vorstadt,False,Drogendelikt,Drogenfunde und gravierende Mängel,Bremen-Mitte/Östliche Vorstadt/Neustadt/Huchting,https://www.polizei.bremen.de/news/pressestelle/pressemeldungen-ab-14042025-63985,"Die Polizei Bremen führte von Mittwochnachmittag bis in dem späten Abend umfangreiche Maßnahmen zur Bekämpfung des Drogenhandels rund um den Hauptbahnhof und im Bremer Viertel durch. Dabei wurden Drogen und Bargeld beschlagnahmt und mutmaßliche Händler gestellt. Außerdem wurden im Steintor in der Neustadt und in Huchting zusammen mit dem Ordnungsamt, Zoll, Finanz- und Bauamt sowie der Lebensmittelüberwachung Kioske, Imbisse und Bars überprüft und dabei zum Teil gravierende Mängel festgestellt.
Ab etwa 15:00 Uhr führten die Einsatzkräfte offene und verdeckte Maßnahmen im Bahnhofsquartier und im Steintor durch. Bei den umfangreichen Kontrollen wurden mehrere Drogendeals gestoppt, Strafanzeigen gefertigt, Betäubungsmittel und Bargeld beschlagnahmt sowie Straßenhändler gestellt. Bei einer nach einem Straßendeal angeordneten Wohnungsdurchsuchung in der Bahnhofsvorstadt fanden die Einsatzkräfte mehr als ein halbes Kilo Cannabis, einige Verkaufseinheiten Kokain, eine größere Summe Bargeld sowie Verpackungsmaterial, eine Feinwaage und weitere Beweismittel. Weiterhin erteilten die Polizisten diverse Platzverweise.
In der Östlichen Vorstadt, in der Neustadt und in Huchting standen abends parallel insgesamt elf Lokalitäten im Fokus der Einsatzkräfte. Hier wurden diverse zum Teil gravierende Verstöße, wie erhebliche Hygienemängel, unter anderem verdorbene Lebensmittel, illegale Beschäftigung, Verstöße gegen das Betäubungsmittelgesetz, die Kennzeichnungspflicht und das Verpackungsgesetz sowie Kassenmängel festgestellt. In einem Kiosk wurde Lachgas sichergestellt, in einem weiteren fanden die Einsatzkräfte einen Baseballschläger griffbereit unter dem Verkaufstresen. Entsprechende Anzeigen wurden gefertigt.
Seit vielen Wochen und Monaten setzt sich die Polizei Bremen verstärkt für die Bekämpfung der Straßenkriminalität ein und wird diese Bemühungen gemeinsam mit anderen Sicherheitsbehörden fortsetzen.",53.07023,8.84098,district
27125.0,2025-04-23,24.04.2025,Neustadt,False,Drogendelikt,Drogenfunde und gravierende Mängel,Bremen-Mitte/Östliche Vorstadt/Neustadt/Huchting,https://www.polizei.bremen.de/news/pressestelle/pressemeldungen-ab-14042025-63985,"Die Polizei Bremen führte von Mittwochnachmittag bis in dem späten Abend umfangreiche Maßnahmen zur Bekämpfung des Drogenhandels rund um den Hauptbahnhof und im Bremer Viertel durch. Dabei wurden Drogen und Bargeld beschlagnahmt und mutmaßliche Händler gestellt. Außerdem wurden im Steintor in der Neustadt und in Huchting zusammen mit dem Ordnungsamt, Zoll, Finanz- und Bauamt sowie der Lebensmittelüberwachung Kioske, Imbisse und Bars überprüft und dabei zum Teil gravierende Mängel festgestellt.
Ab etwa 15:00 Uhr führten die Einsatzkräfte offene und verdeckte Maßnahmen im Bahnhofsquartier und im Steintor durch. Bei den umfangreichen Kontrollen wurden mehrere Drogendeals gestoppt, Strafanzeigen gefertigt, Betäubungsmittel und Bargeld beschlagnahmt sowie Straßenhändler gestellt. Bei einer nach einem Straßendeal angeordneten Wohnungsdurchsuchung in der Bahnhofsvorstadt fanden die Einsatzkräfte mehr als ein halbes Kilo Cannabis, einige Verkaufseinheiten Kokain, eine größere Summe Bargeld sowie Verpackungsmaterial, eine Feinwaage und weitere Beweismittel. Weiterhin erteilten die Polizisten diverse Platzverweise.
In der Östlichen Vorstadt, in der Neustadt und in Huchting standen abends parallel insgesamt elf Lokalitäten im Fokus der Einsatzkräfte. Hier wurden diverse zum Teil gravierende Verstöße, wie erhebliche Hygienemängel, unter anderem verdorbene Lebensmittel, illegale Beschäftigung, Verstöße gegen das Betäubungsmittelgesetz, die Kennzeichnungspflicht und das Verpackungsgesetz sowie Kassenmängel festgestellt. In einem Kiosk wurde Lachgas sichergestellt, in einem weiteren fanden die Einsatzkräfte einen Baseballschläger griffbereit unter dem Verkaufstresen. Entsprechende Anzeigen wurden gefertigt.
Seit vielen Wochen und Monaten setzt sich die Polizei Bremen verstärkt für die Bekämpfung der Straßenkriminalität ein und wird diese Bemühungen gemeinsam mit anderen Sicherheitsbehörden fortsetzen.",53.0695355,8.7928381,district
27125.0,2025-04-23,24.04.2025,Huchting,False,Drogendelikt,Drogenfunde und gravierende Mängel,Bremen-Mitte/Östliche Vorstadt/Neustadt/Huchting,https://www.polizei.bremen.de/news/pressestelle/pressemeldungen-ab-14042025-63985,"Die Polizei Bremen führte von Mittwochnachmittag bis in dem späten Abend umfangreiche Maßnahmen zur Bekämpfung des Drogenhandels rund um den Hauptbahnhof und im Bremer Viertel durch. Dabei wurden Drogen und Bargeld beschlagnahmt und mutmaßliche Händler gestellt. Außerdem wurden im Steintor in der Neustadt und in Huchting zusammen mit dem Ordnungsamt, Zoll, Finanz- und Bauamt sowie der Lebensmittelüberwachung Kioske, Imbisse und Bars überprüft und dabei zum Teil gravierende Mängel festgestellt.
Ab etwa 15:00 Uhr führten die Einsatzkräfte offene und verdeckte Maßnahmen im Bahnhofsquartier und im Steintor durch. Bei den umfangreichen Kontrollen wurden mehrere Drogendeals gestoppt, Strafanzeigen gefertigt, Betäubungsmittel und Bargeld beschlagnahmt sowie Straßenhändler gestellt. Bei einer nach einem Straßendeal angeordneten Wohnungsdurchsuchung in der Bahnhofsvorstadt fanden die Einsatzkräfte mehr als ein halbes Kilo Cannabis, einige Verkaufseinheiten Kokain, eine größere Summe Bargeld sowie Verpackungsmaterial, eine Feinwaage und weitere Beweismittel. Weiterhin erteilten die Polizisten diverse Platzverweise.
In der Östlichen Vorstadt, in der Neustadt und in Huchting standen abends parallel insgesamt elf Lokalitäten im Fokus der Einsatzkräfte. Hier wurden diverse zum Teil gravierende Verstöße, wie erhebliche Hygienemängel, unter anderem verdorbene Lebensmittel, illegale Beschäftigung, Verstöße gegen das Betäubungsmittelgesetz, die Kennzeichnungspflicht und das Verpackungsgesetz sowie Kassenmängel festgestellt. In einem Kiosk wurde Lachgas sichergestellt, in einem weiteren fanden die Einsatzkräfte einen Baseballschläger griffbereit unter dem Verkaufstresen. Entsprechende Anzeigen wurden gefertigt.
Seit vielen Wochen und Monaten setzt sich die Polizei Bremen verstärkt für die Bekämpfung der Straßenkriminalität ein und wird diese Bemühungen gemeinsam mit anderen Sicherheitsbehörden fortsetzen.",53.0519445,8.7422973,district
27225.0,2025-04-24,24.04.2025,Huchting,False,Sonstiges,Granate gesprengt,"Bremen-Huchting, OT Sodenmatt, Kloßkampsweg",https://www.polizei.bremen.de/news/pressestelle/pressemeldungen-ab-14042025-63985,"Am Donnerstag wurde in Huchting eine Sprenggranate aus dem Zweiten Weltkrieg durch den Kampfmittelräumdienst der Polizei Bremen gesprengt.
Die etwa neun Kilo schwere Granate war bei Sondierungsarbeiten auf einem Gelände einer ehemaligen Gärtnerei gefunden worden. In einem Sicherheitsradius von 100 Metern wurde evakuiert. Ein Radius für luftschutzmäßiges Verhalten war nicht notwendig. Bei der anschließenden kontrollierten Sprengung am Vormittag durch den Sprengmeister Thomas Richter kam es zu keinen besonderen Vorkommnissen.",53.0500659,8.7300335,address
27325.0,2025-04-24,25.04.2025,Mitte,False,Raub,Videoleitstelle überführt Räuber,"Bremen-Mitte, OT Bahnhofsvorstadt, Bahnhofsplatz",https://www.polizei.bremen.de/news/pressestelle/pressemeldungen-ab-14042025-63985,"Ein Räuberpaar bedrängte am Donnerstag am Hauptbahnhof einen 73-Jährigen und raubte ihm Bargeld und Bankkarte. Dank der Videoüberwachung der Polizei Bremen konnten die mutmaßlichen Täter überführt und vorläufig festgenommen werden.
Der 73 Jahre alte Mann hob am späten Abend an einem Automaten am Bahnhofsplatz Geld ab, als er von einem Mann und einer Frau angerempelt wurde. Dabei fiel seine Bankkarte zu Boden, welche der Senior gerade in der Hand hielt. Das Duo ergriff sofort die Karte und das Geld im Ausgabeschacht und flüchtete. Die Polizei konnte anschließend über ihre Videoleitstelle den Tatablauf rekonstruieren und die Täter identifizieren. Das Räuberpaar wurde wenige Stunden später wieder vor dem Bahnhof gesichtet und von schnell eintreffenden Einsatzkräften festgenommen. Die zuvor geraubte Karte und Bargeld konnte bei ihnen gefunden werden.
Gegen den 27-Jährigen und die 33 Jahre alte Tatverdächtige werden aktuell Haftgründe geprüft. Die weiteren Ermittlungen dauern an.",53.082478,8.8127559,address
27525.0,2025-04-24,25.04.2025,Schwachhausen,False,Fahrzeugaufbruch,Autoaufbrecher gestellt,"Bremen-Schwachhausen, OT Neu Schwachausen, Crüsemannallee/ Emmastraße",https://www.polizei.bremen.de/news/pressestelle/pressemeldungen-ab-14042025-63985,"Einsatzkräfte der Polizei Bremen stellten in der Nacht einen 40 Jahre alten Mann in Schwachhausen. Er ist verdächtig, mehrere Autoscheiben eingeschlagen zu haben und unter anderem Bargeld entwendet zu haben.
Gegen 23:05 Uhr wurden die Polizisten in die Crüsemannallee gerufen, da Anwohner dort Lautes Klirren vernommen und eine verdächtige Person gesehen hatten. Vor Ort stellten die Einsatzkräfte den 40 Jahre alten Mann direkt an einem beschädigten Auto. Sie nahmen ihn zunächst mit auf die Wache und fertigten eine Strafanzeige. In der Crüsemannallee und der Emmastraße wurden in der Nacht insgesamt drei Autos festgestellt, bei denen die Scheiben eingeschlagen worden waren.
Im Zuge der weiteren Ermittlungen erhärtete sich der Verdacht, dass der Mann noch für weitere, gleichgelagerte Taten am Vortag in Frage kommen könnte. Er soll noch im Laufe des Tages einem Haftrichter vorgeführt werden.",53.0854265,8.8363055,district
27625.0,2025-04-25,25.04.2025,Neustadt,False,Sonstiges,Gegendemo an AfD-Parteistand in Bremer Neustadt,"Bremen-Neustadt, Delmestraße",https://www.polizei.bremen.de/news/pressestelle/pressemeldungen-ab-14042025-63985,"An einem AfD-Infostand kam es am Freitag in der Bremer Neustadt zu einer unangemeldeten Gegendemonstration von in der Spitze bis zu 220 Teilnehmenden. Die Polizei begleitete die Veranstaltungen.
Die AfD hatte am Freitagmorgen einen Infostand an der Delmestraße aufgebaut. Wenig später kam es vor dem Stand zu einer Gegendemo. Mitarbeiter des Standes wurden dabei beleidigt und der Betrieb durch laute Musik gestört. Eine Person entriss einem Gegendemonstranten eine mitgeführte Fahne. Der Mann konnte durch Polizisten gestellt werden. Im weiteren Verlauf verfügte die Polizei Auflagen und forderte die Teilnehmenden der nicht angemeldeten Demo mit Lautsprecherdurchsagen dazu auf, einen zugewiesenen Versammlungsort einzunehmen. Der Anweisung kamen sie erst nach mehrfacher Aufforderung nach. Im Weiteren vermummten sich einzelne Gegendemonstranten. Anschließende polizeiliche Anweisungen, die Vermummung abzulegen, wurden missachtet. Die Verstöße wurden dokumentiert und Strafanzeigen nach dem Versammlungsgesetz gefertigt. Zudem wurden Platzverweise erteilt. Nach einer Beleidigung von Gegendemonstranten gegen Einsatzkräfte wurden entsprechende Ermittlungen eingeleitet. Die Gegendemo löste sich mit Abbau des Infostandes am Nachmittag auf.
Die Pappelstraße und Zufahrtswege mussten für die Dauer des Einsatzes gesperrt werden. Dabei kam auch es zu Verkehrsbehinderungen.",53.0695355,8.7928381,district
27825.0,2025-04-26,27.04.2025,Neustadt,False,Sonstiges,Spontanversammlung im Zusammenhang mit Durchsuchungsmaßnahmen,"Bremen-Neustadt, OT Alte Neustadt, Friedrich-Ebert-Straße",https://www.polizei.bremen.de/news/pressestelle/pressemeldungen-ab-14042025-63985,"Im Zuge von Durchsuchungsmaßnahmen, die durch das Landeskriminalamt Niedersachsen initiiert wurden, kam es am Samstagabend vor einem kurdischen Verein in der Neustadt zu einer Spontanversammlung.
Die Polizei Bremen unterstützte das LKA Niedersachen und leistete Amtshilfe bei den Durchsuchungen des Vereins an der Friedrich-Ebert-Straße.  Wenig später kam es vor dem Vereinsgebäude zunächst zu kleineren Ansammlungen von Personen und schließlich zu einer Spontanversammlung mit bis zu 165 Teilnehmenden. Mit der Versammlungsleitung wurde ein Kooperationsgespräch geführt und Auflagen erteilt. Während der Versammlung wurden mit einem Megaphon polizeikritische Redebeiträge gehalten. Zwei Teilnehmer vermummten sich kurzzeitig, legten diese jedoch nach Aufforderung der Polizei wieder ab. Im Rahmen des Einsatzes kam es zu einem Zwischenfall: Ein Radfahrer, der sich von der Versammlung entfernte, bespuckte beim Vorbeifahren Einsatzkräfte. Er konnte kurze Zeit später gestellt werden. Gegen ihn wurden strafrechtliche Ermittlungen eingeleitet.
Mit Abschluss der polizeilichen Maßnahmen gegen 23 Uhr wurde die Versammlung für beendet erklärt und die Teilnehmerinnen und Teilnehmer entfernten sich.",53.0715904,8.8016695,address
27925.0,2025-04-26,27.04.2025,Mitte,False,Raub,Zeugenaufruf nach Straßenraub,"Bremen-Mitte, OT Bahnhofsvorstadt und Altstadt",https://www.polizei.bremen.de/news/pressestelle/pressemeldungen-ab-14042025-63985,"Die Polizei Bremen sucht nach zwei Raubtaten am Samstagnachmittag in Bremen-Mitte Zeugen der Vorfälle. Es wurde Goldschmuck entwendet.
Gegen 16 Uhr traten zwei Angreifer am Herdentorsteinweg einem 23-Jährigen von hinten in die Beine, packten ihn an die Schulter und entrissen ihm dabei eine Goldkette vom Hals. Anschließend flüchtete das Duo unerkannt mit zwei goldenen Kreuzanhängern in Richtung Philosophenweg. Die Kette ließen sie zurück. Die Täter sollen Spanisch mit marokkanischem Akzent gesprochen haben. Einer wurde mit kurzen, lockigen Haaren beschrieben. Er hatte eine schwarze Jacke an und trug eine dunkle Umhängetasche mit heller Prada-Aufschrift bei sich. Sein Mittäter hatte dunkle, nach hinten gegelte Haare und trug eine Jacke mit einem roten Dreieck als Aufdruck.
Nur wenige Minuten später wurde ein 25-Jähriger in der Altstadt überfallen, als er gerade an einem Imbiss an der Balgebrückstraße Essen bestellte. Ein Fremder legte zunächst seinen Arm um die Schulter des 25-Jährigen und die Hand auf seine Brust. Im weiteren Verlauf riss er ihm die Goldkette vom Hals, die er über der Kleidung trug. Anschließend flüchtete der Täter mit einem Komplizen in Richtung Schnoor. Die Polizei geht davon aus, dass es sich um dieselben Räuber handelt, da die Täterbeschreibungen mit der vorherigen Tat übereinstimmen.
Die Kriminalpolizei sucht Zeugen. Wer Hinweise auf die beiden Räuber oder die Taten geben kann, meldet sich jederzeit beim Kriminaldauerdienst unter der Rufnummer 0421 362-3888.
Die Polizei rät: Achten Sie stets auf Ihre Wertsachen! Nehmen Sie nur so viel Bargeld mit, wie Sie tatsächlich benötigen. Mehr Präventionstipps unter www.Polizei.Bremen.de.",53.0786741,8.8109045,district
27926.0,2026-04-22,30.04.2026,Vegesack,False,Waffendelikt,Schüsse mit Luftgewehr in Bremen Nord – Verdächtiger festgenommen,"Bremen-Vegesack, OT Fähr-Lobbendorf",https://www.polizei.bremen.de/news/pressestelle/pressemeldungen-ab-27042026-67751,"In der letzten Woche, kam es in der Straße Lobbendorfer Flur zu einem Polizeieinsatz, nachdem ein Anwohner meldete, dass er Knallgeräusche wahrnahm, die vermutlich aus einer Druckluftwaffe stammen könnten.
Die Polizei konnte mehrere Metallkugeln auffinden und einen tatverdächtigen Mann festnehmen.
Anwohner hatten in der Nacht die Polizei über mögliche Schussabgaben aus einer Druckluftwaffe informiert. Weitere Hinweise ergaben, dass die Tage vorher auch schon geschossen wurde.
Die Wohnung des angeblichen Schützen konnte lokalisiert werden. Als die Polizei eintraf, flüchtet der Mann aus dem Fenster und lief in Richtung Kirchhofstraße davon.
Polizisten nahmen die Verfolgung auf und konnten den Mann in der besagten Straße in einem Gebüsch liegend auffinden. Der Mann trug Camouflage-Bekleidung und hielt eine Langwaffe mit einem Messer an der Spitze in der Hand. Mit diesem machte er Stichbewegungen in Richtung der Polizisten, die daraufhin den Einsatz des Tasers ankündigten und ihn schließlich auch einsetzten. Der Mann konnte überwältigt werden, wobei er noch einem Polizisten in die Hand biss. Der Polizist konnte seinen Dienst fortsetzen.
Der Tatverdächtige wurde durch den Rettungsdienst untersucht, wies jedoch keine Verletzungen auf. Anschließend wurde er einer psychiatrischen Begutachtung zugeführt.
Bei der anschließenden Durchsuchung der Wohnung wurden mehrere gefährliche und verbotene Gegenstände, wie eine Gaspistole und einen Teleskopschlagstock, sichergestellt. Die weiteren Ermittlungen der Kriminalpolizei, u.a. bezüglich des Verstoßes gegen das Waffengesetz, dauern an.",53.1705249,8.6238803,district
28125.0,2025-04-25,27.04.2025,Vegesack,False,Sonstiges,Segelboot sinkt im Vegesacker Hafen,"Bremen-Vegesack, OT Vegesack, Am Vegesacker Hafen",https://www.polizei.bremen.de/news/pressestelle/pressemeldungen-ab-14042025-63985,"Am Freitag ist ein Segelschiff im Vegesacker Hafen gesunken. Es wurde niemand verletzt.
Gegen 8 Uhr meldete die Hafenmeisterin der Polizei ein gesunkenes Segelboot an einem Liegeplatz im Vegesacker Hafen. Die Wasserschutzpolizei konnte vor Ort nicht ausschließen, dass sich noch Menschen an Bord befinden. Daraufhin wurde die Feuerwehr alarmiert, die das etwa sieben Meter lange Holzboot abtauchte. Personen befanden sich nicht mehr im Boot. Der Eigner konnte im Anschluss erreicht werden. Er ließ das Segelboot am Samstag heben und zu einer Werft schleppen.
Die nautischen Ermittler der Wasserschutzpolizei Bremen haben die Ermittlungen zur Unfallursache aufgenommen.",53.1688399,8.6252856,address
28325.0,2025-04-27,28.04.2025,Findorff,False,Einbruch,Einbrecher in Findorff und Mitte gestellt,"Bremen-Findorff, Mitte, OT Weidedamm, OT Altstadt, Innsbrucker Straße, Langenstraße",https://www.polizei.bremen.de/news/pressestelle/pressemeldungen-ab-14042025-63985,"Am Sonntagabend und in den frühen Morgenstunden des Montags nahm die Polizei Bremen zwei Einbrecher in Findorff und der Altstadt fest. Beide Tatverdächtige befinden sich auf Anordnung der Staatsanwaltschaft weiterhin in Haft.
Am Sonntagabend drang ein 38-jähriger Mann durch ein offenstehendes Küchenfenster in ein Einfamilienhaus in der Innsbrucker Straße ein. In der Küche entwendete er ein Portemonnaie sowie ein Smartphone aus der Handtasche der 70-jährigen Bewohnerin. Die Seniorin ertappte den Einbrecher auf frischer Tat, woraufhin dieser die Flucht ergriff. Im Rahmen einer sofort eingeleiteten Fahndung stellten Einsatzkräfte den Mann am Hauptbahnhof und nahmen ihn fest. Bei der anschließenden Durchsuchung fanden die Polizisten zusätzlich Drogen und beschlagnahmten diese.
Am frühen Montagmorgen verschaffte sich ein 21-jähriger Einbrecher Zugang zu einer Großraumgarage in der Langenstraße, indem er ein Garagentor aufdrückte. Dort machte er sich an zwei geparkten Fahrzeugen zu schaffen. Die installierte Videoüberwachungsanlage schlug Alarm und alarmierte die Polizei. Einsatzkräfte stellten den afghanischen Staatsangehörigen, der keinen festen Wohnsitz hat, als er sich unter einem Auto versteckte.
In beiden Fällen ordnete die Staatsanwaltschaft Bremen die Fortdauer der freiheitsentziehenden Maßnahmen an.",53.094685,8.808282,district
28425.0,2025-04-26,28.04.2025,Gröpelingen,False,Koerperverletzung,Autofahrerin fährt Kind an und flüchtet,"Bremen-Gröpelingen, OT Oslebshausen, Oslebshauser Heerstraße",https://www.polizei.bremen.de/news/pressestelle/pressemeldungen-ab-14042025-63985,"Am Samstagnachmittag ist in Oslebshausen ein Kind angefahren worden. Die Autofahrerin setzte ihre Fahrt fort. Die Polizei sucht nach Zeugen.
Der elf Jahre Junge wollte zwischen 16 und 17 Uhr mit Freunden die vierspurige Oslebshauser Heerstraße in Höhe eines Kiosks überqueren, als er von einem Auto erfasst wurde. Das Kind stürzte und fiel mit dem Gesicht zu Boden. Die Autofahrerin hielt zunächst an, stieg kurz aus und fuhr dann weiter in Richtung Oslebshausen. Der Elfjährige musste mit Schürfwunden und einer Platzwunde im Gesicht in einer Kinderklinik behandelt werden.
Die Polizei ermittelt nun wegen fahrlässiger Körperverletzung und unerlaubten Entfernens vom Unfallort. Bei dem Auto soll es sich um einen silbernen Kleinwagen handeln. Die Fahrerin wurde als ältere, kleine und schlanke Frau zwischen 60 und 80 Jahren mit weißen Haaren beschrieben.
Zeugen und weitere Hinweisgeber melden sich jederzeit bei der Verkehrsbereitschaft unter der Rufnummer 0421 362-14850.",53.1291132,8.7438481,address
28525.0,2025-04-27,28.04.2025,Neustadt,False,Diebstahl,„Antänzer“ gestellt,"Bremen-Neustadt, OT Alte Neustadt, Neustadtswall",https://www.polizei.bremen.de/news/pressestelle/pressemeldungen-ab-14042025-63985,"Einsatzkräfte der Polizei Bremen stellten in der Nacht zu Sonntag einen 16 Jahre alten Jugendlichen in der Neustadt. Er ist verdächtig, zuvor in und vor einer Diskothek mehrere Diebstähle begangen zu haben, dabei soll er auch Personen „angetanzt“ haben.
Gegen 05:50 Uhr wurden die Polizisten in die Straße Neustadtswall gerufen. Vor Ort trafen sie auf eine Gruppe, die den 16-Jährigen festhielt. Mehrere Personen gaben an, dass sie von diesem zuvor bestohlen wurden. Dabei hätte er unter anderem Portemonnaies, Mobiltelefone und Halsketten entwendet. Die Zeugen gaben an, dass er dabei auch vor dem Club den so genannten Antanztrick angewendet haben soll. Einige der entwendeten Gegenstände konnte wieder aufgefunden werden. Bei der anschließenden Durchsuchung des 16-Jährigen aus Marokko auf der Wache fanden die Einsatzkräfte unter anderem Schmuck, eine Geldbörse und eine Kreditkarte. Da diese keiner Person zugeordnet werden konnten, besteht der Verdacht, dass sie aus weiteren Taten stammen könnten. Die weiteren Ermittlungen dauern an.
Die Polizei warnt und rät:
Der sogenannte Antanztrick ist eine bekannte Begehensweise des Trickdiebstahls. Die Täter täuschen eine freundliche Geste vor, etwa durch überschwängliche Begrüßungen, Umarmungen oder das Vortäuschen von Tanz- oder Fußballtricks. Diese Ablenkung wird genutzt, um unbemerkt Wertgegenstände wie Smartphones, Uhren, Bargeld oder Schmuck zu entwenden.
Achten Sie stets auf Ihre Wertsachen! Nehmen Sie nur so viel Bargeld mit, wie Sie tatsächlich benötigen.",53.0718675,8.7945819,address
28625.0,2025-04-28,29.04.2025,Vahr,False,Toetungsdelikt,Lebensgefährlicher Steinwurf auf Cabrio – Zeugen gesucht,"Bremen-Vahr, OT Neue Vahr Südost, Bundesautobahn A 27",https://www.polizei.bremen.de/news/pressestelle/pressemeldungen-ab-14042025-63985,"Am Montagabend kam es auf der Bundesautobahn 27 in Höhe des Heinrich-Baden-Wegs (Stadtteil Vahr) zu einem lebensgefährlichen Vorfall: Zwei junge Personen warfen einen Stein auf ein offenes Cabriolet und beschädigten das Fahrzeug. Die Polizei Bremen sucht Zeugen.
Ein 53-jähriger Autofahrer befuhr gegen 20.10 Uhr mit seinem Cabrio bei geöffnetem Verdeck die A27 in Fahrtrichtung Hannover. Auf der Brücke des Heinrich-Baden-Wegs bemerkte er zwei junge Personen. Einer der Jugendlichen führte eine deutliche Ausholbewegung über den Kopf aus. Geistesgegenwärtig wich der Fahrer auf den linken Fahrstreifen aus, dennoch wurde sein BMW von einem herabgeworfenen Stein getroffen und beschädigt. Der Fahrer brachte seinen Wagen auf dem Seitenstreifen sicher zum Stehen. Glücklicherweise blieb er unverletzt.
Die beiden Täter flüchteten unmittelbar nach der Tat in unbekannte Richtung. Trotz des glimpflichen Ausgangs stellt ein Steinwurf auf fahrende Fahrzeuge – insbesondere auf ein offenes Cabriolet – eine extreme Gefahr dar und kann tödliche Folgen haben. Bereits ein kleiner Stein kann bei hoher Geschwindigkeit schwere oder lebensbedrohliche Verletzungen verursachen.
Die Jugendlichen wurden wie folgt beschrieben:
Täter 1: etwa 16 Jahre alt, schwarze Haare, bekleidet mit einer blauen Jacke
Täter 2: etwa 10 Jahre alt, etwas kleiner, ebenfalls schwarze Haare, helle Kleidung
Die Polizei Bremen bittet Zeugen, die Hinweise zu den Tatverdächtigen oder Beobachtungen im Bereich des Heinrich-Baden-Wegs gemacht haben, sich unter der Rufnummer 0421 362-3888 beim Kriminaldauerdienst zu melden.",53.078655,8.877569,district
28626.0,2026-04-26,27.04.2026,Walle,False,Sonstiges,Polizei stoppt Raser,"Bremen-Walle, OT Überseestadt",https://www.polizei.bremen.de/news/pressestelle/pressemeldungen-ab-27042026-67751,"In der Nacht von Samstag auf Sonntag kontrollierten Polizisten nach Anwohnerbeschwerden mehrere Autofahrer in Walle. Dabei stellten sie zum Teil erhebliche Verstöße fest.
Etwa um 23:00 Uhr beschwerten sich mehrere Anwohner in der Überseestadt über diverse Autofahrer, die deutlich zu schnell unterwegs waren und zum Teil ihre Motoren laut aufheulen ließen. Die daraufhin durchgeführten Kontrollen führten zu insgesamt neun Fahrverboten und diversen Anzeigen. Nachdem die Fahrer versuchten aufgrund der Polizeipräsenz den Standort zu wechseln, wurde auch hier mit verstärkten Kräften kontrolliert. Negativer Spitzenreiter war ein Fahrer, der mit über 120 km/h bei erlaubten 50 km/h gemessen wurde. Er muss mit einem mehrmonatigen Fahrverbot rechnen.
Das Fahren mit überhöhter Geschwindigkeit ist weiterhin eine der Hauptunfallursachen im Straßenverkehr. Die Ergebnisse zeigen, dass solche Kontrollen für die Sicherheit im Straßenverkehr weiter durchgeführt werden müssen. Die Polizei wird auch zukünftig stationär und mobil mit Funkstreifenwagen oder Zivilfahrzeugen zielgerichtet Verkehrskontrollen durchführen.",53.1028746,8.783049,district
28725.0,2025-04-28,29.04.2025,Hemelingen,False,Sonstiges,Massive Verstöße bei Lkw-Kontrolle auf der A1 – Überholverbot in nur 54 Minuten 210 Mal missachtet,"Bremen-Hemelingen, Bundesautobahn 1",https://www.polizei.bremen.de/news/pressestelle/pressemeldungen-ab-14042025-63985,"Am Montag führte die Polizei Bremen auf der Bundesautobahn 1 in Fahrtrichtung Osnabrück eine gezielte Kontrolle zur Einhaltung des geltenden Überholverbots für Lastkraftwagen über 7,5 Tonnen durch. Innerhalb von weniger als einer Stunde wurden dabei erschreckende 210 Verstöße festgestellt.
Die Kontrollmaßnahme auf Höhe der Überführung Koppelweg war Teil einer Schwerpunktaktion, die aufgrund einer dauerhaft hohen Beschwerdelage sowie wiederholter gefährlicher Situationen im Straßenverkehr durchgeführt wurde. In der Vergangenheit wurde festgestellt, dass Lkw-Fahrer, die das Überholverbot missachten, häufig keine ausreichende Rettungsgasse bilden können – eine Situation, die bei Alarmfahrten der Einsatzkräfte bereits zu gefährlichen Behinderungen geführt hat. Während der lediglich 54-minütigen Kontrolle missachteten insgesamt 210 Lkw-Fahrer das Überholverbot, einige davon sogar auf dem linken der drei Fahrstreifen – ein Vorgehen, das für Fahrzeuge dieser Gewichtsklasse grundsätzlich untersagt ist.
Das Ergebnis der Maßnahme: 210 Ordnungswidrigkeitenverfahren und damit einhergehende Bußgelder in Höhe von insgesamt rund 29.400 Euro. Dazu werden Eintragungen im Fahreignungsregister (FAER) erfolgen.
Die Polizei Bremen stellt klar: Das Überholverbot für schwere Lkw dient der Verkehrssicherheit aller – insbesondere bei hohem Verkehrsaufkommen. Verstöße gefährden nicht nur andere Verkehrsteilnehmer, sondern können im Ernstfall lebensrettende Einsatzfahrten behindern.",53.0555687,8.8843106,district
28825.0,2025-04-29,29.04.2025,Horn-Lehe,False,Einbruch,Automatenaufbrecher gefasst,"Bremen-Horn-Lehe, OT Horn, Riemstraße",https://www.polizei.bremen.de/news/pressestelle/pressemeldungen-ab-14042025-63985,"Nach kurzer Flucht stellte die Polizei in der Montagnacht einen 51 Jahre alten Aufbrecher. Der mutmaßliche Täter hatte mit einem bislang noch unbekannten Komplizen einen Zigarettenautomaten in Horn aufgebrochen und war mit der Beute geflüchtet.
Der 51-Jährige und ein Mittäter brachen einen Zigarettenautomaten an der Riemstraße auf, entwendeten Zigaretten und flüchteten mit einem Auto in Richtung Achterdiek. Ein aufmerksamer Anwohner alarmierte daraufhin die Polizei. Der Wagen konnte im Rahmen der Fahndung an der Auffahrt zur A27 gestellt werden. Der 51-Jährige befand sich alleine im Auto und stand unter Alkoholeinfluss. Zuvor hatte er einen Beutel mit Zigaretten aus dem Fenster geworfen. Im Wagen konnten weitere Zigaretten und Einbruchswerkzeug aufgefunden und sichergestellt werden.
Der Tatverdächtige wurde vorläufig festgenommen. Gegen ihn wurden Anzeigen unter anderem wegen besonders schweren Diebstahls und Trunkenheit im Verkehr gefertigt. Die weiteren Ermittlungen, auch gegen den noch unbekannten Mittäter, dauern an. Hinweisgeber melden sich jederzeit beim Kriminaldauerdienst unter der Rufnummer 0421 362-3888.",53.0919516,8.8965435,address
28826.0,2026-04-27,28.04.2026,Walle,False,Sonstiges,Polizei stoppt berauschten Autofahrer,"Bremen-Walle, OT Utbremen, Lloydstraße",https://www.polizei.bremen.de/news/pressestelle/pressemeldungen-ab-27042026-67751,"Einsatzkräfte der Polizei Bremen stoppten am späten Montagabend einen berauschten Autofahrer in der Bremer Neustadt. Zuvor hatte er diverse gefährliche Situationen und einen Unfall verursacht. Anschließend sperrte er sich gegen polizeiliche Maßnahmen und beleidigte Polizisten.
Gegen 22:45 Uhr meldeten diverse Anrufer über den Polizeinotruf einen Autofahrer, der in der Lloydstraße Schlangenlinien fuhr und Rotlicht missachtete, wodurch es beinahe zu Unfällen gekommen wäre. Im Anschluss fuhr er als Falschfahrer in den Gegenverkehr auf die B75, wo alarmierte Einsatzkräfte den VW Golf stoppen konnten. Der offensichtlich unter Drogen- und Alkoholeinfluss stehende Fahrer zeigte sich von Anfang an uneinsichtig und aggressiv gegenüber den Polizisten, so dass ihm Handschellen angelegt werden mussten. Zudem beleidigte er die Einsatzkräfte. In seinem Wagen fand die Streife, unter anderem in der Fahrer- und Beifahrertür, zahlreiche, geleerte Flaschen Alkohol. Außerdem wies das Auto im Frontbereich frische Unfallspuren auf. Ermittlungen ergaben, dass der Mann tatsächlich kurz zuvor einen Unfall auf der B75 verursacht hatte. Dabei wurde ein 48 Jahre alter Autofahrer leicht verletzt. Weitere Überprüfungen ergaben, dass dem Mann bereits die Fahrerlaubnis entzogen worden war.
Der 25-Jährige musste sich anschließend in einer Klinik einer angeordneten Blutentnahme unterziehen; die Fahrzeugschlüssel wurden sichergestellt. Gegen ihn wurden Ermittlungen unter anderem wegen Gefährdung des Straßenverkehrs, Fahrens ohne Fahrerlaubnis und einer Trunkenheitsfahrt eingeleitet.",53.0840769,8.7881959,address
28925.0,2025-04-29,29.04.2025,Findorff,False,Toetungsdelikt,Tödlicher Arbeitsunfall beim Abbau des Riesenrads auf der Bremer Osterwiese,"Bremen-Findorff, Bürgerweide",https://www.polizei.bremen.de/news/pressestelle/pressemeldungen-ab-14042025-63985,"Beim Abbau des Riesenrades auf dem Gelände der Bremer Osterwiese kam es am Dienstagmorgen zu einem Arbeitsunfall. Ein 49-jähriger Mitarbeiter stürzte aus mehreren Metern Höhe und erlitt dabei tödliche Verletzungen. Trotz des raschen Eintreffens der Rettungskräfte konnte dem Mann nicht mehr geholfen werden – er verstarb noch an der Unfallstelle.
Die Kriminalpolizei hat die Ermittlungen zur Todesursache aufgenommen. Auch die zuständige Gewerbeaufsicht war vor Ort, um sich ein Bild von den Umständen zu machen. Für die Betreuung von Augenzeugen und Mitarbeitenden wurde ein Notfallseelsorger hinzugezogen.",53.094685,8.808282,district
29025.0,2025-04-29,30.04.2025,Walle,False,Toetungsdelikt,Versuchte Tötung in Walle – Tatverdächtiger festgenommen,"Bremen-Walle, OT Walle, Lauenburger Straße",https://www.polizei.bremen.de/news/pressestelle/pressemeldungen-ab-14042025-63985,"Am Dienstagnachmittag wurde der Polizei Bremen eine schwere körperliche Auseinandersetzung in Walle gemeldet. Nach ersten Erkenntnissen gerieten in der Lauenburger Straße zwei Männer, die dem Obdachlosenmilieu zuzurechnen sein sollen, in einen Streit, der in eine gewalttätige Auseinandersetzung mündete.
Im Verlauf der Auseinandersetzung schlug ein 38-Jähriger einem 35 Jahre alten Mann mit der Faust ins Gesicht und trat anschließend mehrfach gegen den Kopf des am Boden liegenden Opfers. Erst als dieser regungslos liegen blieb und ein Zeuge verbal auf den Angreifer einwirkte, ließ dieser von seinem Kontrahenten ab. Der 35-Jährige erlitt lebensbedrohliche Verletzungen und musste noch am selben Tag notoperiert werden. Sein Gesundheitszustand ist weiterhin kritisch.
Der 38-Jährige wurde von Einsatzkräften im Rahmen der Fahndung auf einem nahegelegenen Fußballplatz festgenommen. Die Staatsanwaltschaft Bremen ordnete die Fortdauer der freiheitsentziehenden Maßnahmen an.
Jeder Tritt gegen den Kopf eines am Boden liegenden Menschen kann tödlich sein, wenige Zentimeter können entscheiden. Die Polizei Bremen verfolgt diese Delikte mit aller Konsequenz.",53.1032489,8.7850239,address
29126.0,2026-04-27,28.04.2026,Osterholz,False,Verkehrsunfall,Frau stirbt bei Unfall – Schaulustige behindern Einsatzkräfte,"Bremen-Osterholz, OT Tenever, Sankt-Gotthard-Straße",https://www.polizei.bremen.de/news/pressestelle/pressemeldungen-ab-27042026-67751,"Am Montagnachmittag kam es im Ortsteil Tenever zu einem Verkehrsunfall. Dabei wurde eine 73 Jahre alte Frau von einer Straßenbahn erfasst. Sie verstarb noch vor Ort. Die Polizei sucht Zeugen.
Etwa um 13:50 Uhr wollte die 73-Jährige das Gleisbett in der Sankt-Gotthard-Straße überqueren, als sich aus beiden Richtungen Straßenbahnen näherten. Dabei stieß die Frau zunächst gegen die Seite der einen Straßenbahn, stürzte und wurde anschließend von der zweiten Bahn frontal erfasst. Sie erlitt unter anderem schwere Kopfverletzungen. Ein Notarzt stellte noch vor Ort den Tod der Frau fest. Der Fahrer und die Fahrerin der Straßenbahnen erlitten einen Schock. Die Sankt-Gotthard-Straße musste für die Dauer der Bergungsarbeiten bis etwa 17:45 Uhr voll gesperrt werden, so dass es zu Verkehrsbehinderungen kam.
Das Verkehrskommissariat der Polizei Bremen hat die Ermittlungen aufgenommen und sucht Zeugen, die den Unfallhergang beobachtet haben. Hinweise nimmt die Verkehrsbereitschaft der Polizei Bremen jederzeit unter 0421 362-14850 entgegen.
Während der Bergungsarbeiten waren etwa 250 Schaulustige am Unfallort. Durch ihr Verhalten wurde die Arbeit der Einsatzkräfte erheblich behindert, sodass zusätzlich Einsatzkräfte angefordert und Sichtschutzwände aufgebaut werden mussten, um die Persönlichkeitsrechte der Frau zu wahren. Teilweise entfernten sich Personen auch nach Aufforderung nicht, so dass Platzverweise angedroht werden mussten. Die Einsatzkräfte stellten Personalien fest und beschlagnahmten ein Mobiltelefon. Derzeit wird geprüft, ob hier weitere strafrechtliche Schritte eingeleitet werden.
Seit 2021 wird das Fotografieren und Verbreiten von Bildaufnahmen, die Personen grob anstößig zur Schau stellen, nach § 201a StGB unter Strafe gestellt. „Gaffer“ müssen mit einer Geldstrafe oder einer Freiheitsstrafe von bis zu zwei Jahren rechnen.",53.0665274,8.9577505,address
29225.0,2025-04-30,30.04.2025,Burglesum,False,Brandstiftung,Zwei brennende Autos in Burgdamm,"Bremen-Burglesum, OT Burgdamm, Heinrich-Seekamp-Straße",https://www.polizei.bremen.de/news/pressestelle/pressemeldungen-ab-14042025-63985,"In der Dienstagnacht brannten in Burgdamm zwei Autos vollständig aus. Durch die Flammen wurden auch zwei Häuser beschädigt. Eine Anwohnerin musste vorsorglich in ein Krankenhaus gebracht werden, es entstand hoher Sachschaden. Die Polizei sucht nach Zeugen.
An der Heinrich-Seekamp-Straße brannten gegen 1.45 Uhr zwei Mercedes Limousinen. Dabei entstanden auch Schäden an zwei Hausfassaden. Die Feuerwehr löschte die Brände schnell. Eine 29 Jahre alte Frau atmete Rauchgas ein und wurde vorsorglich in ein Krankenhaus gebracht. Vom Brandort flüchteten zwei verdächtige Personen.
Die Polizei ermittelt wegen Brandstiftung und sucht Zeugen. Hinweisgeber melden sich jederzeit beim Kriminaldauerdienst unter der Rufnummer 0421 362-3888.",53.1740007,8.711037,address
29325.0,2025-05-01,01.05.2025,Woltmershausen,False,Einbruch,Einbruchversuch in Tankstelle – Täter verletzt Zeugen und greift Polizisten an,"Bremen-Woltmershausen, OT Woltmershausen, Auf dem Bohnenkamp",https://www.polizei.bremen.de/news/pressestelle/pressemeldungen-ab-14042025-63985,"In der Nacht zu Donnerstag kam es zu einem versuchten Einbruch in eine Tankstelle in Woltmershausen. Auf der Flucht verletzte der Täter einen Zeugen mit einer Eisenstange. Der 53 Jahre alte Tatverdächtige konnte wenig später von der Polizei festgenommen werden.
Zeugen beobachteten nachts einen Mann, wie dieser mit einer Eisenstange auf die Eingangsscheibe einer Tankstelle an der Straße Auf dem Bohnenkamp einschlug und alarmierten die Polizei. Daraufhin brach der Einbrecher sein Vorhaben ab und flüchtete. Die Eingangstür der Tankstelle wies erhebliche Beschädigungen auf. In einer Fensterscheibe war ein großes Loch geschlagen.
Der Verdächtige flüchtete in Richtung Ochtumstraße, wo er von mehreren Anwohnern festgehalten werden konnte. Zuvor schlug der Mann einem Zeugen mit der Eisenstange auf den Kopf. Der 55-Jährige erlitt Prellungen und Schürfwunden und wurde durch einen Rettungswagen zur Behandlung ins Krankenhaus gebracht. Die Eisenstange wurde sichergestellt.
Der mutmaßliche Täter wurde vorläufig festgenommen. Während des Transports zum Polizeirevier kam es zu einem tätlichen Angriff auf einen Polizisten. Zudem beleidigte er mehrfach die Einsatzkräfte.
Die Ermittlungen gegen den 53-Jährigen wegen versuchten besonders schweren Diebstahls, gefährlicher Körperverletzung, tätlichen Angriffs auf Vollstreckungsbeamte sowie Beleidigung dauern an.
Die Polizei weist in diesem Zusammenhang nochmal daraufhin, sich in solchen Situationen nicht selbst oder andere in Gefahr zu bringen, insbesondere, wenn Täter bewaffnet sind. Das Verhalten der Zeugen war sehr mutig, aber auch gefährlich. Prägen Sie sich stattdessen Tätermerkmale und Fluchtrichtung ein und wählen sie umgehend den kostenlosen Notruf 110 der Polizei.",53.0833131,8.7641245,address
29625.0,2025-05-02,02.05.2025,Walle,False,Drogendelikt,Polizeieinsatz nach Beschwerden in der Überseestadt,"Bremen-Walle, OT Überseestadt, Kommodore-Johnsen-Boulevard",https://www.polizei.bremen.de/news/pressestelle/pressemeldungen-ab-14042025-63985,"Einsatzkräfte der Polizei Bremen kontrollierten von Donnerstag auf Freitag mehrere Autofahrer in der Überseestadt, nachdem Anwohner sich über Raser und Autoposer beschwert hatten. Dies führte zu einem größeren Polizeieinsatz.
Gegen 20:15 Uhr waren über den Notruf der Polizei mehrere Beschwerden von Anwohnern, unter anderem im Kommodore-Johnson-Boulevard eingegangen, weil mehrere Fahrer mit zum Teil hochmotorisierten Autos durch zu schnelles Fahren, starkes Beschleunigen und Aufheulen der Motoren und laute Musik auffielen. Vor Ort trafen die Polizisten auf eine Vielzahl an Fahrzeugen und versuchten durch offensive Kontrollen das zum Teil erhebliche Fehlverhalten zu unterbinden. Zum Teil waren deutlich mehr als 100 Autos unterwegs. Entsprechende Anzeigen wurden gefertigt. Das Verhalten der Fahrer war oft aggressiv und feindselig den Polizisten gegenüber.
In einem Fall wollten Einsatzkräfte einen 18-Jährigen mit seinem Mercedes stoppen. Plötzlich gab er Gas, so dass ein Polizist zur Seite springen musste. Der Heranwachsende wurde etwas später an dem geparkten Mercedes gestellt. Bei der anschließenden Kontrolle schrie er herum, bedrohte die Polizisten und musste schließlich zu Boden gebracht werden. Auch hier beruhigte er sich nicht und beleidigte und bedrohte die Einsatzkräfte. Auf der Wache stellte sich heraus, dass er keine gültige Fahrerlaubnis hatte und außerdem unter dem Einfluss von Cannabis stand. Es wurden diverse Anzeigen, unter anderem wegen Gefährlichen Eingriffs in den Straßenverkehr, Fahrens ohne Fahrerlaubnis und unter Einfluss von Cannabis. Bei der vorläufigen Festnahme des 18-Jährigen mischten sich mehrere Umstehende ein und versuchten die polizeilichen Maßnahmen zu stören. Hinzugerufene Kräfte beruhigten schließlich die Situation.
Die Polizei Bremen wird, wie auch in der Vergangenheit, auch zukünftig zielgerichtete Verkehrskontrollen durchführen. Zusätzlich war die Polizei Bremen rund um den ersten Mai mit diversen Versammlungslagen gefordert.",53.1027434,8.7536847,address
29825.0,2025-05-03,04.05.2025,Schwachhausen,False,Waffendelikt,Taser stoppt Messerangriff – Mann unverletzt,"Bremen-Schwachhausen, OT Radio Bremen, Heinrich-Heine-Straße",https://www.polizei.bremen.de/news/pressestelle/pressemeldungen-ab-14042025-63985,"Mit Hilfe eines Taser konnte die Polizei am Samstag eine Gefahrenlage durch eine psychisch erkrankte Frau in Schwachhausen ohne Verletzte beenden. Die 54-Jährige hatte ihren Mann mit zwei Messern bedroht.
Der Ehemann der 54-Jährigen teilte der Polizei am Abend über den Notruf mit, dass sich seine Ehefrau derzeit in einem psychischen Ausnahmezustand befände und ihn mit Messers bedrohe. Der 59-Jährige hatte sich daraufhin ins Obergeschoss gerettet und in ein Zimmer eingeschlossen. Als die Einsatzkräfte an der Wohnanschrift in der Heinrich-Heine-Straße eintrafen, hielt die Frau zwei Fleischermesser in den Händen. Daraufhin wurden Spezialkräfte alarmiert und der Bereich um das Haus durch Verstärkungskräfte abgesichert. Die Spezialkräfte setzten anschließend den Taser erfolgreich ein. Der Ehemann konnte zwischenzeitlich das Haus unverletzt verlassen.
Die Frau wurde umgehend vor Ort vom vorsorglich alarmierten Rettungsdienst medizinisch betreut und anschließend zur weiteren Begutachtung in eine psychiatrische Klinik gebracht.",53.0877633,8.8625103,address
29826.0,2026-04-29,04.05.2026,Walle,False,Raub,Raubüberfall auf Kiosk – Mitarbeiterin eingesperrt,"Bremen-Walle, OT Ohlenhof, Pestalozzistraße",https://www.polizei.bremen.de/news/pressestelle/pressemeldungen-ab-27042026-67751,"In Bremen Walle wurde am Donnerstag eine Mitarbeiterin eines Kiosks überfallen und in einen Kellerraum eingeschlossen. Die Polizei ermittelt wegen Raubes und Freiheitsberaubung.
Nach bisherigen Erkenntnissen, lockte gegen 20:30 Uhr eine Bekannte die Mitarbeiterin des Kiosks in der Pestalozzistraße Ecke Wittekindstraße unter einem Vorwand in den Keller des Geschäfts. Dort kam es zu einer kurzen körperlichen Auseinandersetzung, in deren Verlauf die Angreiferin Pfefferspray einsetzte und die Mitarbeiterin einschloss. Anschließend entwendete die Täterin Bargeld, ein Smartphone, ein Tablet sowie Zigaretten und flüchtete.
Die Mitarbeiterin erlitt unter anderem Verletzungen an der Hand und konnte durch Zeugen befreit werden. Der Vorfall wurde durch die Videoüberwachung des Geschäfts aufgezeichnet.
Ein Diensthund wurde zur Suche nach der Flüchtenden eingesetzt, die Fahndung verlief bislang ohne Erfolg.",53.1269857,8.7523484,address
29925.0,2025-05-05,05.05.2025,Neustadt,False,Raub,Ermittlungserfolg: „Junger Räuber“ in Haft,Bremen-Neustadt/Mitte,https://www.polizei.bremen.de/news/pressestelle/pressemeldungen-ab-14042025-63985,"Einsatzkräfte der Polizei Bremen nahmen am Montagmorgen einen 16-Jährigen auf dem Bahnhofsplatz fest. Die Polizei geht davon aus, dass er ein junger Zuwanderer aus den Maghreb Staaten ist. Er ist verdächtig, am Freitag in der Neustadt mehrere Raubtaten und darüber hinaus weitere Eigentums- und Gewaltdelikte begangen zu haben. Er wurde in eine Justizvollzugsanstalt überstellt.
Am Freitagnachmittag kam es in der Neustadt zu diversen Raubtaten, dabei wurden mehrere Halsketten und Uhren entwendet. In zwei Fällen wurden zwei 85 und 87 Jahre alten Frauen in kurzen Abständen jeweils die Armbanduhren vom Handgelenk gerissen. Beide wurden dabei verletzt. Ermittler der Kriminalpolizei und der Soko Junge Räuber waren aufgrund vorangegangener Taten (Siehe Pressemitteilung 285) auf den 16-Jährigen aufmerksam geworden und hatten umfangreiche Ermittlungen eingeleitet. Ein Haftbefehl wurde über die Staatsanwaltschaft Bremen erwirkt. Am Freitag hatten nun aufmerksame Zeugen eine gute Täterbeschreibung abgegeben und den 16-Jährigen auf Lichtbildern wiedererkannt.
Am frühen Montagmorgen wurde der junge Räuber dann schließlich über die Videoleitstelle der Polizei Bremen am Bahnhofsplatz identifiziert und von Einsatzkräften gestellt. Laut Informationen befindet sich der Jugendliche seit Ende April in Bremen und ist nach eigenen Angaben marokkanischer Staatsangehöriger. Die genaue Identität wird derzeit geklärt. Er wurde noch am Morgen in eine Justizvollzugsanstalt überstellt.",53.0695355,8.7928381,district
29925.0,2025-05-05,05.05.2025,Mitte,False,Raub,Ermittlungserfolg: „Junger Räuber“ in Haft,Bremen-Neustadt/Mitte,https://www.polizei.bremen.de/news/pressestelle/pressemeldungen-ab-14042025-63985,"Einsatzkräfte der Polizei Bremen nahmen am Montagmorgen einen 16-Jährigen auf dem Bahnhofsplatz fest. Die Polizei geht davon aus, dass er ein junger Zuwanderer aus den Maghreb Staaten ist. Er ist verdächtig, am Freitag in der Neustadt mehrere Raubtaten und darüber hinaus weitere Eigentums- und Gewaltdelikte begangen zu haben. Er wurde in eine Justizvollzugsanstalt überstellt.
Am Freitagnachmittag kam es in der Neustadt zu diversen Raubtaten, dabei wurden mehrere Halsketten und Uhren entwendet. In zwei Fällen wurden zwei 85 und 87 Jahre alten Frauen in kurzen Abständen jeweils die Armbanduhren vom Handgelenk gerissen. Beide wurden dabei verletzt. Ermittler der Kriminalpolizei und der Soko Junge Räuber waren aufgrund vorangegangener Taten (Siehe Pressemitteilung 285) auf den 16-Jährigen aufmerksam geworden und hatten umfangreiche Ermittlungen eingeleitet. Ein Haftbefehl wurde über die Staatsanwaltschaft Bremen erwirkt. Am Freitag hatten nun aufmerksame Zeugen eine gute Täterbeschreibung abgegeben und den 16-Jährigen auf Lichtbildern wiedererkannt.
Am frühen Montagmorgen wurde der junge Räuber dann schließlich über die Videoleitstelle der Polizei Bremen am Bahnhofsplatz identifiziert und von Einsatzkräften gestellt. Laut Informationen befindet sich der Jugendliche seit Ende April in Bremen und ist nach eigenen Angaben marokkanischer Staatsangehöriger. Die genaue Identität wird derzeit geklärt. Er wurde noch am Morgen in eine Justizvollzugsanstalt überstellt.",53.0786741,8.8109045,district
29926.0,2026-04-29,30.04.2026,Mitte,False,Raub,Raubüberfall in der Bahnhofsvorstadt – Polizei ermittelt Verdächtige,"Bremen-Mitte, OT Bahnhofsvorstadt, Bahnhofstraße",https://www.polizei.bremen.de/news/pressestelle/pressemeldungen-ab-27042026-67751,"Am Mittwochabend attackierte eine Gruppe junger Männer einen 46 Jahre alten Mann und seinen 22-jährigen Sohn. Einsatzkräfte konnten die Tatverdächtigen im Alter zwischen 16 und 27 Jahren ermitteln.
Vater und Sohn waren gegen 19 Uhr in der Bahnhofstraße unterwegs, als vier junge Männer an die beiden herantraten und versuchten, dem 46-jährigen Mann das Smartphone zu stehlen. Hieraus entwickelte sich eine körperliche Auseinandersetzung, wobei die Täter auf den Vater mit verschiedenen Gegenständen (Fahrradschloss, Holzstiele, Gehhilfen) einschlugen und letztendlich sein Smartphone entwendeten. Der 22-jährige Sohn versuchte noch, seinem Vater zu helfen, konnte den Raub jedoch nicht verhindern. Beide wurde am Oberkörper und am Kopf verletzt und mussten später im Krankenhaus behandelt werden.
Die schnell eingetroffenen Einsatzkräfte konnten am Tatort noch drei der vier Täter stellen. Dabei handelte es sich um einen 16-jährigen Marokkaner, einen 16-jährigen Algerier und einen ebenfalls aus Algerien stammenden 27-jährigen Mittäter. Der vierte Täter flüchtete bereits vor dem Eintreffen der Polizei, konnte aber wenig später als 23-jähriger Libanese identifiziert werden.
Die weiteren Ermittlungen werden durch die Soko Junge Räuber geführt.",53.0817758,8.8117534,address
30025.0,2025-05-05,05.05.2025,Neustadt,False,Einbruch,Einbrecher durch Schaufenster gestoppt,"Bremen-Neustadt, OT Neustadt, Langemarckstraße",https://www.polizei.bremen.de/news/pressestelle/pressemeldungen-ab-14042025-63985,"In der Nacht zu Montag stellten Einsatzkräfte einen 33 Jahre alten Einbrecher in der Neustadt. Ein zuvor eingeschlagenes Schaufenster wurde ihm während seiner Flucht zum Verhängnis.
Gegen 03:35 Uhr wurden Zeugen auf ein lautes Klirren in der Langemarckstraße aufmerksam und sahen, wie ein Mann durch eine zerstörte Scheibe in einen Kiosk einstieg. Zuvor schlug er versehentlich mit einem Gullydeckel das Schaufenster einer neben liegenden Pizzeria ein. Als er seinen Fehler feststellte, zerstörte er die Fensterscheibe des Kiosks und gelangte so in den Verkaufsraum. Der 33-Jährige entnahm unter anderem mehrere Schachteln Zigaretten. Als er flüchten wollte, riss die Scheibe des Kiosks vom oberen Rahmen, sodass diese auf den Fuß des Einbrechers fiel und er sich dabei verletzte. Die alarmierten Einsatzkräfte stellten den 33 Jahre alten Mann noch vor Ort. Die Polizisten stellten bei ihm das Diebesgut sicher. Aufgrund der Verletzung am Fuß wurde er von Rettungskräften zu weiteren Behandlung in ein Krankenhaus gebracht.
Die Polizisten fertigten eine Anzeige wegen besonders schweren Diebstahls gegen den Bremer. Die weiteren Ermittlungen dauern an.",53.0679872,8.7843331,address
30026.0,2026-05-01,01.05.2026,Mitte,False,Koerperverletzung,Verkehrsunfall in der Innenstadt – Auto überschlägt sich und brennt aus,"Bremen-Mitte, OT Altstadt, Am Wall",https://www.polizei.bremen.de/news/pressestelle/pressemeldungen-ab-27042026-67751,"In der Bremer Innenstadt kam es in der Nacht von Donnerstag auf Freitag zu einem Verkehrsunfall mit erheblichem Sachschaden. Ein Fahrzeug überschlug sich und geriet anschließend in Brand.
In der Straße Am Wall in Fahrtrichtung Herdentorsteinweg verlor ein 27-jähriger Autofahrer nach bisherigen Zeugenaussagen aufgrund überhöhter Geschwindigkeit die Kontrolle über sein Fahrzeug. Der Wagen kam von der Fahrbahn ab und beschädigte mehrere Außenbestuhlungen, Verkehrszeichen sowie Blumenkübel.
Anschließend überschlug sich das Auto und kam auf dem Dach zum Liegen. Der Fahrer sowie die 30 und 31 Jahre alten Insassen konnten das Fahrzeug eigenständig verlassen und wurden nur leicht verletzt.
Das Fahrzeug geriet in Brand und brannte trotz eingeleiteter Löscharbeiten vollständig aus.
Bei dem Fahrer wurde ein positiver Atemalkoholtest festgestellt. Es wurde eine Blutentnahme durchgeführt und sein Führerschein sichergestellt. Die Ermittlungen dauern an.",53.0810445,8.8009342,address
30125.0,2025-05-05,06.05.2025,Mitte,False,Drogendelikt,Coda und Hudson stoppen Drogendealer,Bremen-Mitte/Östliche Vorstadt,https://www.polizei.bremen.de/news/pressestelle/pressemeldungen-ab-14042025-63985,"Zivile und uniformierte Einsatzkräfte führten am Montag intensive Kontrollmaßnahmen rund um den Bahnhof und im Viertel durch. Ziel war es gegen den Drogenhandel und die Straßenkriminalität vorzugehen, dabei kamen auch Diensthunde zum Einsatz.
In der Bahnhofsvorstadt sowie im Ostertor und Steintor führten die Einsatzkräfte ab dem Nachmittag bis in den Abend hinein Kontrollen in den jeweiligen Bereichen durch. Hierbei wurden mehrere Personen überprüft. Die Polizisten schritten bei mehreren Straßendeals ein. Im Viertel versuchte ein 35 Jahre alter mutmaßlicher Drogendealer vergeblich vor den Einsatzkräften zu flüchten und lief den Diensthunden Coda und Hudson direkt entgegen. Als er die Hunde sah, versuchte er zu stoppen und stürzte dabei zu Boden. Verletzt hat er sich dabei nicht. Die Polizisten nahmen den Mann vorläufig fest. In der Nähe erschnüffelte Coda zudem diverse Ecstasy-Pillen sowie Kokain. Entsprechende Strafanzeigen wurden gefertigt.
Über die Videoleitstelle wurde im Bereich des Bahnhofsvorplatzes ein Handtaschenraub gemeldet. Die Einsatzkräfte stellten noch vor Ort einen 30 Jahre alten Mann. Die Polizei fertigte eine Strafanzeige wegen Diebstahl. Die Ermittlungen dauern an.
Insgesamt wurden 20 Platzverweise ausgesprochen, vier Strafanzeigen gefertigt sowie Bargeld, Mobiltelefone und diverse Drogen sichergestellt.
Diese koordinierte Aktion war Teil der fortlaufenden Anstrengungen, die Sicherheit und Ordnung in diesem Bereich weiter zu verbessern. Die Polizei Bremen setzt sich seit vielen Wochen und Monaten verstärkt für die Bekämpfung der Straßenkriminalität ein und wird diese Bemühungen auch mit anderen Sicherheitsbehörden fortsetzen.",53.0786741,8.8109045,district
30125.0,2025-05-05,06.05.2025,Östliche Vorstadt,False,Drogendelikt,Coda und Hudson stoppen Drogendealer,Bremen-Mitte/Östliche Vorstadt,https://www.polizei.bremen.de/news/pressestelle/pressemeldungen-ab-14042025-63985,"Zivile und uniformierte Einsatzkräfte führten am Montag intensive Kontrollmaßnahmen rund um den Bahnhof und im Viertel durch. Ziel war es gegen den Drogenhandel und die Straßenkriminalität vorzugehen, dabei kamen auch Diensthunde zum Einsatz.
In der Bahnhofsvorstadt sowie im Ostertor und Steintor führten die Einsatzkräfte ab dem Nachmittag bis in den Abend hinein Kontrollen in den jeweiligen Bereichen durch. Hierbei wurden mehrere Personen überprüft. Die Polizisten schritten bei mehreren Straßendeals ein. Im Viertel versuchte ein 35 Jahre alter mutmaßlicher Drogendealer vergeblich vor den Einsatzkräften zu flüchten und lief den Diensthunden Coda und Hudson direkt entgegen. Als er die Hunde sah, versuchte er zu stoppen und stürzte dabei zu Boden. Verletzt hat er sich dabei nicht. Die Polizisten nahmen den Mann vorläufig fest. In der Nähe erschnüffelte Coda zudem diverse Ecstasy-Pillen sowie Kokain. Entsprechende Strafanzeigen wurden gefertigt.
Über die Videoleitstelle wurde im Bereich des Bahnhofsvorplatzes ein Handtaschenraub gemeldet. Die Einsatzkräfte stellten noch vor Ort einen 30 Jahre alten Mann. Die Polizei fertigte eine Strafanzeige wegen Diebstahl. Die Ermittlungen dauern an.
Insgesamt wurden 20 Platzverweise ausgesprochen, vier Strafanzeigen gefertigt sowie Bargeld, Mobiltelefone und diverse Drogen sichergestellt.
Diese koordinierte Aktion war Teil der fortlaufenden Anstrengungen, die Sicherheit und Ordnung in diesem Bereich weiter zu verbessern. Die Polizei Bremen setzt sich seit vielen Wochen und Monaten verstärkt für die Bekämpfung der Straßenkriminalität ein und wird diese Bemühungen auch mit anderen Sicherheitsbehörden fortsetzen.",53.07023,8.84098,district
30126.0,2026-05-01,02.05.2026,Häfen,False,Waffendelikt,Schüsse in die Luft - Polizei stoppt Hochzeitskorso,"Bremen-Häfen, OT Industriehäfen, Gröpelinger Fährweg",https://www.polizei.bremen.de/news/pressestelle/pressemeldungen-ab-27042026-67751,"Ein Hochzeitskorso mit etwa 20 Autos sorgte am Freitagnachmittag in Gröpelingen für einen Polizeieinsatz: Der Beifahrer eines weißen SUV feuerte mehrfach mit einer Waffe aus dem Fenster in die Luft.
Die Polizei stoppte den Korso im Gröpelinger Fährweg. Insgesamt waren rund 35 bis 40 Hochzeitsgäste vor Ort. Die Einsatzkräfte stellten eine Schreckschusswaffe sicher und leitete Ermittlungen wegen Verstoßes gegen das Waffengesetz ein. Ein Verantwortlicher des Korsos meldete sich vor Ort.
Die Polizei stellt klar: Feierlaune rechtfertigt keine gefährlichen Aktionen.
Autokorsos können andere Verkehrsteilnehmer gefährden. Wer während der Fahrt eine Waffe zeigt oder benutzt, handelt strafbar und muss mit Konsequenzen rechnen.",53.1100646,8.7514446,address
30226.0,2026-05-03,03.05.2026,Neustadt,False,Sonstiges,Polizeieinsatz in der Neustadt,"Bremen-Neustadt, OT Buntentor, Kornstraße",https://www.polizei.bremen.de/news/pressestelle/pressemeldungen-ab-27042026-67751,"Die Polizei ist derzeit vor einem leerstehenden Haus in der Bremer Neustadt im Einsatz, das zuletzt vor einigen Monaten von Aktivisten besetzt worden war.
Nach ersten Erkenntnissen hatte Aktivisten am Sonntagmorgen zu einem „Tag der offenen Tür“ in dem unbewohnten Haus an der Kornstraße aufgerufen. Einsatzkräfte trafen vor Ort auf eine offenstehende Haustür und unter anderem “Besetzt“-Transparente am Haus; im Gebäude befanden sich zu diesem Zeitpunkt keine Personen. Im Haus wurden bereitgelegte Schlafsäcke aufgefunden.
Die Polizei entfernte die Banner und sichert das Gebäude, bis zum Eintreffen des Eigentümers. Die polizeilichen Maßnahmen dauern an.",53.0528117,8.8173672,address
30325.0,2025-05-06,07.05.2025,Obervieland,False,Sachbeschaedigung,Reifen an mehreren Autos zerstochen,"Bremen-Obervieland, OT Kattenturm, Arsterdamm",https://www.polizei.bremen.de/news/pressestelle/pressemeldungen-ab-14042025-63985,"Unbekannte beschädigten in der Nacht zu Dienstag im Ortsteil Kattenturm mehrere Autos. Die Polizei Bremen hat die Ermittlungen aufgenommen und sucht nach Zeugen.
Zwischen 2 und 6 Uhr wurden in der Straße Arsterdamm die Reifen von insgesamt 45 Autos zerstochen. Es entstand ein Sachschaden von mehreren tausend Euro. Die Kriminalpolizei hat die Ermittlungen aufgenommen und sucht Zeugen, die in der Straße Arsterdamm oder der näheren Umgebung Beobachtungen gemacht haben.
Hinweise nimmt der Kriminaldauerdienst der Polizei Bremen unter 0421 362-3888 entgegen.",53.0375831,8.8378131,address
30425.0,2025-05-07,08.05.2025,Walle,False,Waffendelikt,24-Jähriger nach Schüssen in Walle festgenommen – Polizei sucht weitere Zeugen,"Bremen-Walle, OT Westend, Vegesacker Straße",https://www.polizei.bremen.de/news/pressestelle/pressemeldungen-ab-14042025-63985,"Am Mittwochabend kam es in Walle zu einem größeren Polizeieinsatz. Zunächst Unbekannte hatten mehrere Schüsse an einem Lokal und einem Restaurant abgegeben und auch Reizgas eingesetzt. Einsatzkräfte nahmen in Tatortnähe einen 24 Jahre alten Mann fest.
Gegen 20:40 Uhr meldeten Zeugen mehrere Schüsse im Bereich der Vegesacker Straße. In einem Restaurant wurde auf die Scheiben geschossen, verletzt wurde niemand. In einem benachbarten Lokal wurden mehrere Personen durch Reizgas leicht verletzt. Mitarbeiter des Lokals sahen daraufhin mehrere Männer flüchten und nahmen die Verfolgung auf. Bei der Flucht gab einer der bis dato unbekannten Täter mehrere Schüsse in Richtung der Zeugen ab. Verletzt wurde niemand. Die Zeugen überwältigten ihn und hielten den 24-Jährigen bis zum Eintreffen der Einsatzkräfte fest. Die schnell eingetroffenen Polizisten, die mit verstärkten Kräften vor Ort waren, nahmen den Tatverdächtigen fest. Bei einer Absuche stellten die Polizisten eine scharfe Schusswaffe und mehrere Patronenhülsen sicher.
Die Polizei ermittelt wegen gefährlicher Körperverletzung und versuchten Totschlags gegen den 24 Jahre alten Mann. Eine Haftprüfung dauert an.
Die Polizei sucht weitere Zeugen und fragt: „Wer hat im Bereich der Vegesacker Straße und Umgebung verdächtige Beobachtungen gemacht und kann Hinweise geben?“ Zeugenhinweise nimmt der Kriminaldauerdienst unter 0421 362-3888 entgegen. Wer Video- oder Fotoaufnahmen im Zusammenhang mit diesem Fall hat, kann diese der Polizei Bremen über das
Hinweisportal
zur Verfügung stellen.
Die Polizei weist in diesem Zusammenhang nochmal daraufhin, sich oder andere in solchen Situationen nicht selbst oder andere in Gefahr zu bringen, insbesondere, wenn Täter bewaffnet sind. Das Verhalten der Zeugen war sehr mutig, aber auch gefährlich. Prägen Sie sich stattdessen Tätermerkmale und Fluchtrichtung ein und wählen Sie umgehend den kostenlosen Notruf 110 der Polizei.",53.0969725,8.785241,address
30426.0,2026-05-02,03.05.2026,Östliche Vorstadt,False,Toetungsdelikt,Mit Messer verletzt - Jugendliche geraten im Viertel aneinander,"Bremen-Östliche Vorstadt, OT Steintor, Vor dem Steintor",https://www.polizei.bremen.de/news/pressestelle/pressemeldungen-ab-27042026-67751,"Am späten Samstagabend kam es im Steintorviertel zu einer Auseinandersetzung zwischen zwei Gruppen Jugendlicher, wobei ein 17-Jähriger mit einem Messer verletzt wurde.
Bereits im Vorfeld war es zwischen den rund 15 Beteiligten zu Streitigkeiten gekommen. Im Viertel im Bereich der Straße Vor dem Steintor gerieten dann ein 17-Jähriger und ein 16-Jähriger erneut aneinander. Der Jüngere zog dabei plötzlich ein Messer und stach dem 17-Jährigen in den Oberschenkel. Anschließend flüchtete der Angreifer mit seinen Freunden in Richtung Ziegenmarkt. Der 17-Jährige wurde von der Polizei erstversorgt, hierbei kam unter anderem ein Tourniquet zum Einsatz. Er wurde anschließend in ein Krankenhaus gebracht.
Der 16-jährige Tatverdächtige konnte noch am gleichen Abend an seiner Wohnanschrift vorläufig festgenommen werden. Die Ermittlungen wegen gefährlicher Körperverletzung dauern an.
Weitere Zeugen melden sich jederzeit beim Kriminaldauerdienst unter der Rufnummer 0421 362-3888.",53.0730116,8.8237464,address
30525.0,2025-05-08,08.05.2025,Obervieland,False,Brandstiftung,Zeugen gesucht nach Mülltonnenbrand,"Bremen-Obervieland, OT Kattenturm, Kattenturmer Heerstraße",https://www.polizei.bremen.de/news/pressestelle/pressemeldungen-ab-14042025-63985,"Am Donnerstagmorgen brannten in Kattenturm mehrere Mülltonnen sowie ein angrenzender Grünstreifen. Personen wurden nicht verletzt. Die Polizei geht derzeit von Brandstiftung aus und sucht Zeugen.
Am Donnerstagmorgen um 3:40 Uhr meldete eine aufmerksame Zeugin mehrere brennende Mülltonnen in der Kattenturmer Heerstraße. Ein in nahegelegener Grünstreifen brannte beim Eintreffen der Einsatzkräfte ebenfalls. Aufgrund der starken Hitzentwicklung wurde ein geparktes Auto beschädigt. Der Brand wurde durch Einsatzkräfte der Feuerwehr gelöscht. Niemand wurde verletzt.
Die Kriminalpolizei hat die Ermittlungen wegen Brandstiftung aufgenommen und fragt: ""Wer hat zur Tatzeit in der Kattenturmer Heerstraße verdächtige Beobachtungen gemacht?"" Hinweise nimmt der Kriminaldauerdienst jederzeit unter der Rufnummer 0421 362-3888 entgegen.",53.0481969,8.8188097,address
30526.0,2026-05-02,04.05.2026,Vegesack,False,Diebstahl,Diebstahl von Bronzefiguren,"Bremen-Vegesack, OT Schönebeck, Vegesacker Heerstraße",https://www.polizei.bremen.de/news/pressestelle/pressemeldungen-ab-27042026-67751,"Am Wochenende entwendeten drei Diebe vor einem ehemaligen Postgebäude in Bremen-Vegesack drei hochwertige Bronzefiguren in Form von Heidschnucken. Das Trio flüchtete unerkannt. Die Polizei konnte die Skulpturen noch in der Nacht sicherstellen und sucht Zeugen.
Anwohner beobachteten den Vorfall in der Nacht zu Samstag und alarmierten die Polizei. Nach bisherigen Ermittlungen wurden die drei Bronzefiguren an der Vegesacker Heerstraße von drei Tätern abgeflext und anschließend mit einem Bollerwagen zu einem Garagenhof auf der gegenüberliegenden Straßenseite transportiert. Durch Zeugenhinweise konnte die betreffende Garage lokalisiert werden. Dort fanden die Einsatzkräfte bei einer angeordneten Durchsuchung die entwendeten Skulpturen sowie Hinweise auf den 34 Jahre alten Mieter der Garage. Über die Staatsanwaltschaft Bremen wurde ein weiterer Durchsuchungsbeschluss für dessen Wohnung erwirkt. Weitere Beweismittel wurden dort nicht gefunden. Die umfangreichen Ermittlungen zu dem 34-jährigen Verdächtigen und seinen Mittätern dauern an.
Weitere Hinweisgeber melden sich jederzeit unter der Rufnummer 0421 362-3888 des Kriminaldauerdienstes.",53.1732012,8.6392049,address
30625.0,2025-05-07,08.05.2025,Neustadt,False,Toetungsdelikt,Tritte gegen den Kopf,"Bremen-Neustadt, OT Alte Neustadt, Am Neustadtsbahnhof",https://www.polizei.bremen.de/news/pressestelle/pressemeldungen-ab-14042025-63985,"Mehrere unbekannte Jugendliche attackierten am Mittwochnachmittag in der Neustadt einen 42 Jahre alten Mann. Dabei traten sie ihm auch gegen den Kopf und verletzten ihn schwer. Die Polizei sucht Zeugen.
Mehrere Zeugen befanden sich gegen 16:20 Uhr an den Gleisen des Bahnhofs Neustadt, als sie Geschrei aus der Unterführung hörten. Anschließend sahen sie den im Gesicht blutenden 42-Jährigen die Treppe herauflaufen. Als er sich hingehockt hatte kamen ihm zwei männliche Jugendliche hinterhergerannt. Einer schlug direkt auf den Mann ein und trat ihm auch gegen den Kopf, dadurch wurde er bewusstlos. Anschließend trat ihm der zweite Jugendliche erneut mindestens zweimal gegen den Kopf. Eine etwa 15 bis 18 Jahre alte Jugendliche stand dabei und sagte etwas zu dem Mann in einer Sprache, die die Zeugen nicht verstanden aber als osteuropäisch bezeichneten. Anschließend flüchtete das Trio durch die Unterführung in Richtung Straße. Der 42-Jährige wurde mit schweren aber nicht lebensgefährlichen Verletzungen in ein Krankenhaus gebracht. Die Kriminalpolizei hat die Ermittlungen aufgenommen und sucht weitere Zeugen.
Die Täter wurden wie folgt beschrieben: Die beiden männlichen Jugendlichen wurden als etwa 15-18 Jahre alt beschrieben. Einer soll etwas dicker gewesen sein, kurze, braune Haare einen Stoppelbart und Akne im Gesicht gehabt haben. Er war mit einer schwarzen Jacke bekleidet und trug eine Kappe. Der andere war schlank, hatte kurze, helle Haare und war mit einer hellen Stoffhose bekleidet. Die weibliche Jugendliche soll ebenfalls etwa 15-18 Jahre alt, klein und untersetzt gewesen sein. Außerdem hatte sie lange, dunkle Haare.
Hinweise nimmt der Kriminaldauerdienst unter 0421 362-3888 entgegen.
Jeder Tritt gegen den Kopf eines Menschen kann tödlich sein, wenige Zentimeter können entscheiden. Es hängt regelmäßig ausschließlich vom Zufall ab, ob durch die Tritte lebensgefährdende Verletzungen verursacht werden. Die Polizei Bremen verfolgt diese Delikte mit aller Konsequenz.",53.075629,8.7871346,address
30626.0,2026-05-03,03.05.2026,Mitte,False,Hasskriminalitaet,Trans* Person beleidigt und verletzt,"Bremen-Mitte, OT Ostertor, Am Dobben",https://www.polizei.bremen.de/news/pressestelle/pressemeldungen-ab-27042026-67751,"In Bremen-Mitte wurde am frühen Sonntagmorgen eine trans* Person und ihr Begleiter aufgrund ihrer sexuellen Orientierung von zwei bislang unbekannten Tätern beleidigt und angegriffen.
Das Duo sprach die 27-jährige trans* Person und ihren 29 Jahre alten, homosexuellen Begleiter im Bereich der Straße Am Dobben aufgrund ihres Aussehens und der sexuellen Orientierung an. Dabei kam es zum Streit zwischen ihnen. Anschließend beleidigten die Täter sie und schubsten beide zu Boden, wobei sie leichte Verletzungen erlitten. Als Zeugen sich einmischten, flüchteten die Angreifer unerkannt. Sie sollen etwa 25 bis 30 Jahre alt sein; mit normaler Statur, dunklen, lockigen Haaren und Oberlippenbart. Sie waren zur Tatzeit mit grünen Jacken, weißen Shirts, blauen Jeans und weißen Schuhen bekleidet.
Die Polizei ermittelt wegen Beleidigung sowie Körperverletzung und sucht Zeugen. Hinweisgeber melden sich jederzeit unter der Rufnummer 0421 362-3888.",53.0741678,8.8228206,address
30825.0,2025-05-08,09.05.2025,Vahr,False,Raub,39-Jähriger in der Vahr überfallen,"Bremen-Vahr, OT Gartenstadt Vahr, Beneckendorffallee/Uelzener Straße",https://www.polizei.bremen.de/news/pressestelle/pressemeldungen-ab-14042025-63985,"In der Vahr attackierte ein Unbekannter am späten Donnerstagabend einen 39 Jahre alten Mann mit einem Baseballschläger und forderte die Herausgabe von Geld. Der Mann wurde dabei leicht verletzt. Die Polizei sucht Zeugen.
Gegen 23:35 Uhr befand sich der 39-Jährige in der Beneckendorffallee, als an der Ecke Uelzener Straße plötzlich ein unbekannter Mann mit einem Baseballschläger vor ihm stand. Er verlangte die Herausgabe von Bargeld und der EC-Karte. Als der 39-Jährige sagte, dass er nichts dabei hätte, schlug der Angreifer ihm mit dem Baseballschläger auf den Rücken und in die Kniekehle und schubste ihn zu Boden. Anschließend flüchtete der Unbekannte in Richtung Zeppelinstraße. Der Bremer wurde leicht verletzt, lehnte einen Rettungswagen aber ab.
Der Täter wurde wie folgt beschrieben: Er soll zwischen 25 und 30 Jahre alt und ungefähr 1,80 Meter groß gewesen sein. Er trug eine Brille, eine hellblaue Jeans, eine helle Jacke sowie eine schwarze Kappe.
Die Kriminalpolizei hat die Ermittlungen aufgenommen und sucht Zeugen zum Vorfall. Hinweise nimmt der Kriminaldauerdienst jederzeit unter 0421 362-3888 entgegen.",53.078655,8.877569,district
30826.0,2026-05-01,,Hemelingen,False,Sonstiges,60 Fahrzeuge im Halteverbot,"Bremen-Hemelingen, OT Mahndorf, Bollener Kirchweg",https://www.polizei.bremen.de/news/pressestelle/pressemeldungen-ab-27042026-67751,"(04.05.26)
Im Rahmen eines Polizeieinsatzes wurden Einsatzkräfte in Bremen Mahndorf am frühen Freitagabend auf über 60 Fahrzeuge im absoluten Halteverbot aufmerksam, die ein Durchkommen für Rettungskräfte nahezu unmöglich machten.
Gegen 17:30 Uhr befuhren die Polizisten den Bollener Kirchweg in Richtung Mahndorfer See. Für die gesamte Straße besteht ein absolutes Halteverbot. Rund 60 Fahrzeuge, die dort verbotswidrig parkten, erschwerten die Anfahrt massiv. Größeren Einsatzfahrzeugen wäre die Durchfahrt nicht möglich gewesen. Als die Einsatzkräfte anfingen entsprechende Ordnungswidrigkeiten zu ahnden, entfernten einige Fahrzeughalter ihre Autos, während andere den Polizisten vorwarfen „das Volk abzuziehen“ und dass sie die Leute doch „den Feiertag genießen lassen sollen“.
Erfahrungsgemäß wird es jetzt mit Beginn der warmen Tage und insbesondere an Feiertagen rund um die Badeseen wieder voll. Bitte parken Sie Ihre Fahrzeuge ordnungsgemäß und behindern Sie nicht die Anfahrtswege für Rettungskräfte. Die Polizei Bremen weist in diesem Zusammenhang darauf hin, dass die Behinderung von Rettungsfahrzeugen Menschenleben kosten können, wenn diese nicht zum Einsatzort kommen.",53.0330859,8.9425093,address
30926.0,2026-05-04,05.05.2026,Mitte,False,Raub,Straßenräuber auf E-Scooter unterwegs – Polizei nimmt Täter fest,"Bremen-Mitte, OT Bahnhofsvorstadt, Bahnhofstraße",https://www.polizei.bremen.de/news/pressestelle/pressemeldungen-ab-27042026-67751,"Am Montag wurde eine 33-Jährige in der Bahnhofsvorstadt Opfer von zwei Straßenräubern auf einem E-Roller. Zivilpolizisten fassten das Duo rasch. Gegen einen 16-Jährigen aus Algerien werden aktuell Haftgründe geprüft.
Die Frau stand gegen 18 Uhr telefonierend an einer Ampel an der Bahnhofstraße, als sich zwei junge Männer auf einem E-Scooter von hinten näherten. Der 16-Jährige riss ihr das Mobiltelefon aus der Hand und flüchtete anschließend gemeinsam mit einem 26-jährigen Mittäter auf dem E-Roller. Auf der Flucht stießen die beiden mit einem Passanten zusammen, der sich ihnen in den Weg stellte. Dabei kamen alle zu Fall.
Das räuberische Duo aus den Maghreb-Staaten konnte nach kurzer Flucht zu Fuß von im Bahnhofsbereich eingesetzten Zivilkräften schnell gestellt werden. Das Mobiltelefon, das die Täter zuvor in ein Gebüsch geworfen hatten, wurde durch die Einsatzkräfte aufgefunden und der Frau wieder ausgehändigt.
Die Staatsanwaltschaft Bremen ordnete die Fortdauer der freiheitsentziehenden Maßnahmen für den 16-Jährigen an. Die weiteren Ermittlungen werden von der Soko Junge Räuber geführt. Weitere Zeugen melden sich jederzeit beim Kriminaldauerdienst unter der Rufnummer 0421 362-3888.",53.0817758,8.8117534,address
31025.0,2025-05-08,09.05.2025,Vegesack,False,Einbruch,Polizei stellt Einbrecher-Duo,"Bremen-Vegesack, OT Vegesack, Reeder-Bischoff-Straße",https://www.polizei.bremen.de/news/pressestelle/pressemeldungen-ab-14042025-63985,"In der Nacht zu Donnerstag stellten Einsatzkräfte der Polizei Bremen in Vegesack zwei mutmaßliche Einbrecher, die zuvor in ein Restaurant eingebrochen waren.
Zeugen hörten gegen 4:35 Uhr nachts laute Geräusche und ein Scheibenklirren aus einem Restaurant in der Reeder-Bischoff-Straße. Die schnell eingetroffenen Einsatzkräfte stellten an einem offenen Fenster sowie an der Eingangstür Hebelspuren fest. Im Zuge der Fahndung stellten die Polizisten eine 39 Jahre alte Frau und einen 32-Jährigen in einem nahliegenden Stadtpark. In ihrer Nähe waren mehrere Taschen mit Stehlgut in Form von alkoholischen Getränken in Gebüschen versteckt.
Die Polizei nahm das Duo vorläufig fest und fertigte eine entsprechende Strafanzeige. Die weiteren Ermittlungen dauern an.",53.1705946,8.6223299,address
31026.0,2026-05-05,05.05.2026,Hemelingen,False,Drogendelikt,Schwerer Lkw-Unfall in Hemelingen,"Bremen-Hemelingen, OT Hemelingen, Hannoversche Straße",https://www.polizei.bremen.de/news/pressestelle/pressemeldungen-ab-27042026-67751,"Am Dienstag kam es in Hemelingen zu einem schweren Verkehrsunfall zwischen einem Lkw und einem 87 Jahre alten Radfahrer.
Der 87-Jährige befuhr mittags den Radweg an der Hannoverschen Straße stadtauswärts, als ein 54-jähriger Lkw-Fahrer, vom Parkplatz eines dortigen Supermarktes kommend, den Radweg überqueren wollte. Dabei übersah der Lkw-Fahrer den vorrangberechtigten Radfahrer und fuhr ihn an. Durch den Zusammenstoß stürzte der 87-Jährige auf die Fahrbahn und verletzte sich dabei schwer. Es bestand zunächst Lebensgefahr.
Bei dem Lkw-Fahrer bestand der Verdacht auf Beeinflussung durch berauschende Mittel. Er gab an, am Abend zuvor Cannabis konsumiert zu haben. Sein Führerschein wurde zur Vorbereitung der Einziehung beschlagnahmt und eine Blutentnahme durchgeführt.
Die Polizei Bremen hat die Ermittlungen zur genauen Unfallursache aufgenommen.",53.0506024,8.888107,address
31125.0,2025-05-08,10.05.2025,Mitte,False,Hasskriminalitaet,13-Jährige rassistisch beleidigt,"Bremen-Mitte, OT Altstadt, Domsheide",https://www.polizei.bremen.de/news/pressestelle/pressemeldungen-ab-14042025-63985,"Ein unbekannter Mann hat am Donnerstagnachmittag in der Altstadt ein 13 Jahre altes Mädchen rassistisch beleidigt. Die Polizei sucht Zeugen.
Die 13-Jährige wartete gegen 18:05 Uhr an der Haltestelle Domsheide auf eine Straßenbahn, als ein unbekannter Mann auf sie zu ging und sie als „Nigger“ beleidigte. Das Mädchen reagierte nicht und stieg in die Straßenbahnlinie 4 in Richtung Kattenturm ein. Der Mann stieg ebenfalls dazu und setzte sich in unmittelbarer Nähe des Mädchens. Als die 13-Jährige an der Haltestelle Kattenturm-Mitte ausstieg, folgte der Mann ihr. Das Mädchen bekam Angst und rannte davon. Der Unbekannte verfolgte sie kurz, flüchtete anschließend in Richtung Theodor-Billrot-Straße.
Der Mann soll zwischen 30 und 40 Jahre alt und circa 1,85 Meter groß sein. Er trug kurze, blonde Haare, eine dunkelblaue Jacke und eine hellblaue Hose. Zeugenhinweise nimmt der Kriminaldauerdienst unter 0421 362-3888 entgegen.",53.074744,8.8089103,address
31126.0,2026-05-06,06.05.2026,Findorff,False,Diebstahl,Fahrraddiebe geschnappt,"Bremen-Findorff, OT Regensburger Straße, Münchener Straße",https://www.polizei.bremen.de/news/pressestelle/pressemeldungen-ab-27042026-67751,"Die Polizei Bremen konnte in der Nacht zu Mittwoch rasch zwei mutmaßliche Diebe nach einem Fahrraddiebstahl in Findorff fassen.
Aufmerksame Anwohner beobachteten nachts, wie zwei Männer in der Münchener Straße ein Fahrradschloss mithilfe eines Bolzenschneiders durchtrennten und das gesicherte Fahrrad entwendeten. Anschließend verluden sie das Rad in ein Auto und flüchteten.
Im Rahmen der sofort eingeleiteten Fahndungsmaßnahmen konnten alarmierte Einsatzkräfte zwei 19 und 36 Jahre alte Verdächtige noch im Nahbereich stellen. Bei der anschließenden, angeordneten Durchsuchung des Fahrzeugs fanden die Einsatzkräfte das entwendete Fahrrad, Teile des aufgebrochenen Schlosses sowie einen Bolzenschneider und weiteres Werkzeug auf. Sämtliche Gegenstände wurden sichergestellt, ebenso das Fluchtfahrzeug. Eine Überprüfung ergab zudem, dass der 36-jährige Fahrer nicht im Besitz einer gültigen Fahrerlaubnis ist.
Das Duo wurde mit aufs Revier genommen und erkennungsdienstlich behandelt. Die weiteren Ermittlungen dauern an.",53.0946365,8.798769,address
31226.0,2026-05-06,,Östliche Vorstadt,False,Sachbeschaedigung,Auto fährt gegen Juweliergeschäft,"Bremen-Östliche Vorstadt, OT Steintor, Vor dem Steintor",https://www.polizei.bremen.de/news/pressestelle/pressemeldungen-ab-27042026-67751,"(06.05.26)
Am frühen Mittwochmorgen fuhr ein Fahrzeug gegen die Front eines Juweliergeschäfts im Bremer Steintor. Die Insassen des Autos flüchteten anschließend mit einem weiteren Fahrzeug. Die Polizei Bremen sucht Zeugen.
Gegen 04:15 Uhr fuhr ein schwarzer Audi Q5 gegen das Rolltor eines Juweliergeschäfts in der Straße Vor dem Steintor. Laut Zeugenaussagen stiegen aus dem SUV vier maskierte Männer aus. Anschließend stiegen sie in einen weiteren schwarzen Audi und flüchteten in Richtung Sielwall/Am Dobben. Den beschädigten Q5 ließen sie zurück. Der Rollladen wurde durch den Aufprall beschädigt. Die Polizei geht davon aus, dass die Männer in das Geschäft einbrechen wollten, nach ersten Erkenntnissen gelang ihnen dies jedoch nicht. Eine umgehend eingeleitete Fahndung verlief ohne Erfolg.
Am Einsatzort und an dem Fahrzeug wurden umfangreich Spuren gesichert und Zeugen befragt. Die weiteren Ermittlungen zu den Tätern und auch zu den Fahrzeugen dauern aktuell an.
Weitere Zeugen werden gebeten, sich beim Kriminaldauerdienst unter 0421 362-3888 zu melden.",53.0730116,8.8237464,address
31326.0,2026-05-06,06.05.2026,Mitte,False,Einbruch,Erneuter Ermittlungserfolg: Haftbefehle in einem Betrugsverfahren vollstreckt,Bremen-Mitte/ Findorff/Gröpelingen/Walle,https://www.polizei.bremen.de/news/pressestelle/pressemeldungen-ab-27042026-67751,"Nachdem bereits in einem ähnlich gelagerten Ermittlungsverfahren am 24.02.2026 fünf Haftbefehle vollstreckt wurden (Siehe Pressemitteilung 0140), führten weitere gemeinsame, umfangreiche und verdeckte Ermittlungen der Staatsanwaltschaft Bremen und der Gemeinsamen Ermittlungsgruppe des Landeskriminalamtes Bremen und der Zentralen Kriminalinspektion Oldenburg in den heutigen Morgenstunden gegen mehrere Betrüger erneut zum Erfolg: Spezialkräfte und Polizistinnen und Polizisten aus Bremen und Niedersachsen durchsuchten sechs Wohnungen in Bremen. Hierbei vollstreckten sie zwei weitere Haftbefehle.
Über mehrere Monate erstreckten sich die Ermittlungen, dabei ging es vor allem um Straftaten, bei denen sich die Täter am Telefon als Polizeibeamte und Staatsanwälte ausgegeben haben. Durch die in ausländischen Call-Centern tätigen Anrufer wurde im Rahmen dieser Telefongespräche über einen längeren Zeitraum eine Legende vorgespielt, z.B., dass ein Einbruch kurz bevorstehe, somit die in der Wohnung gelagerten Wertgegenstände in Gefahr seien oder dass das Geld der Geschädigten aufgrund krimineller Aktivitäten bei ihrer Bank dort nicht mehr sicher sei. Auf Grundlage dieser gezielt durchgeführten Täuschungen wurden die Geschädigten dahingehend beeinflusst, ihre Wertgegenstände an weitere Mittäter auszuhändigen. Zielrichtung der Beschuldigten bei diesen Taten war es Bargeld, Schmuck, Gold, Münzen etc. übergeben zu bekommen, um diese anschließend für sich und weitere Mittäter zu verwenden. Die Übergabe der Wertgegenstände fand ausschließlich an den jeweiligen Wohnanschriften der Geschädigten statt.
Den festgenommenen Beschuldigten im Alter von 42 und 16 Jahren wird insbesondere vorgeworfen, die Abholung der Tatbeute in Deutschland zu organisieren und zu koordinieren. Hierbei wurden überwiegend minderjährige Personen zur Abholung der Tatbeute eingesetzt. Die Festgenommenen werden noch heute einem Haftrichter vorgeführt. An den Maßnahmen waren unter anderem Geldspürhunde und Finanzermittlerinnen und -ermittler beteiligt. Des Weiteren wurde ein Vermögensarrest von über 340000 Euro erwirkt. Bei den Durchsuchungsmaßnahmen fanden die Ermittlerinnen und Ermittler unter anderem Bargeld, Schmuck, Mobiltelefone und weitere Beweismittel und stellten diese sicher. Bei drei weiteren Verdächtigen im Alter von 16,17 und 23 Jahren dauern die Ermittlungen an.
Bei den Tatbegehungen kam es überwiegend zu hohen Schadenssummen. Durch die Ermittlungen wurden bis dato acht Taten in Norddeutschland aufgeklärt. Die Ermittlerinnen und Ermittler konnten weiterhin bei mehreren Taten erhebliche Schadenseintritte durch ihre Arbeit verhindern.
In diesem Zuge warnt die Polizei noch einmal eindrücklich davor, sich am Telefon nicht unter Druck setzen zu lassen. Die Polizei wird Sie niemals nach Ihren Geld- oder Wertsachen fragen und um deren Herausgabe bitten. Lassen Sie sich am Telefon auf keinen Fall zu kurzfristigen Entscheidungen verleiten, egal wie plausibel eine Situation zunächst dargestellt wird. Ziehen Sie eine Vertrauensperson hinzu oder rufen Sie Angehörige unter der Ihnen bekannten Nummer an. Übergeben Sie niemals Geld oder Wertsachen an unbekannte Personen. Sollten Sie sich unsicher fühlen, legen Sie einfach auf! Wenn Sie glauben, Opfer eines Betrugsversuchs zu sein, rufen Sie die Polizei unter der Nummer 110 an.
Wichtig: Beenden Sie das vorherige Gespräch, wählen Sie selbst und benutzen Sie auf keinen Fall die Rückruftaste.
Weitere Tipps und Hinweise gibt es beim Präventionszentrum der Polizei Bremen unter 0421 362-19003, bzw. unter www.polizei.bremen.de oder www.polizei-beratung.de.",53.0786741,8.8109045,district
31326.0,2026-05-06,06.05.2026,Findorff,False,Einbruch,Erneuter Ermittlungserfolg: Haftbefehle in einem Betrugsverfahren vollstreckt,Bremen-Mitte/ Findorff/Gröpelingen/Walle,https://www.polizei.bremen.de/news/pressestelle/pressemeldungen-ab-27042026-67751,"Nachdem bereits in einem ähnlich gelagerten Ermittlungsverfahren am 24.02.2026 fünf Haftbefehle vollstreckt wurden (Siehe Pressemitteilung 0140), führten weitere gemeinsame, umfangreiche und verdeckte Ermittlungen der Staatsanwaltschaft Bremen und der Gemeinsamen Ermittlungsgruppe des Landeskriminalamtes Bremen und der Zentralen Kriminalinspektion Oldenburg in den heutigen Morgenstunden gegen mehrere Betrüger erneut zum Erfolg: Spezialkräfte und Polizistinnen und Polizisten aus Bremen und Niedersachsen durchsuchten sechs Wohnungen in Bremen. Hierbei vollstreckten sie zwei weitere Haftbefehle.
Über mehrere Monate erstreckten sich die Ermittlungen, dabei ging es vor allem um Straftaten, bei denen sich die Täter am Telefon als Polizeibeamte und Staatsanwälte ausgegeben haben. Durch die in ausländischen Call-Centern tätigen Anrufer wurde im Rahmen dieser Telefongespräche über einen längeren Zeitraum eine Legende vorgespielt, z.B., dass ein Einbruch kurz bevorstehe, somit die in der Wohnung gelagerten Wertgegenstände in Gefahr seien oder dass das Geld der Geschädigten aufgrund krimineller Aktivitäten bei ihrer Bank dort nicht mehr sicher sei. Auf Grundlage dieser gezielt durchgeführten Täuschungen wurden die Geschädigten dahingehend beeinflusst, ihre Wertgegenstände an weitere Mittäter auszuhändigen. Zielrichtung der Beschuldigten bei diesen Taten war es Bargeld, Schmuck, Gold, Münzen etc. übergeben zu bekommen, um diese anschließend für sich und weitere Mittäter zu verwenden. Die Übergabe der Wertgegenstände fand ausschließlich an den jeweiligen Wohnanschriften der Geschädigten statt.
Den festgenommenen Beschuldigten im Alter von 42 und 16 Jahren wird insbesondere vorgeworfen, die Abholung der Tatbeute in Deutschland zu organisieren und zu koordinieren. Hierbei wurden überwiegend minderjährige Personen zur Abholung der Tatbeute eingesetzt. Die Festgenommenen werden noch heute einem Haftrichter vorgeführt. An den Maßnahmen waren unter anderem Geldspürhunde und Finanzermittlerinnen und -ermittler beteiligt. Des Weiteren wurde ein Vermögensarrest von über 340000 Euro erwirkt. Bei den Durchsuchungsmaßnahmen fanden die Ermittlerinnen und Ermittler unter anderem Bargeld, Schmuck, Mobiltelefone und weitere Beweismittel und stellten diese sicher. Bei drei weiteren Verdächtigen im Alter von 16,17 und 23 Jahren dauern die Ermittlungen an.
Bei den Tatbegehungen kam es überwiegend zu hohen Schadenssummen. Durch die Ermittlungen wurden bis dato acht Taten in Norddeutschland aufgeklärt. Die Ermittlerinnen und Ermittler konnten weiterhin bei mehreren Taten erhebliche Schadenseintritte durch ihre Arbeit verhindern.
In diesem Zuge warnt die Polizei noch einmal eindrücklich davor, sich am Telefon nicht unter Druck setzen zu lassen. Die Polizei wird Sie niemals nach Ihren Geld- oder Wertsachen fragen und um deren Herausgabe bitten. Lassen Sie sich am Telefon auf keinen Fall zu kurzfristigen Entscheidungen verleiten, egal wie plausibel eine Situation zunächst dargestellt wird. Ziehen Sie eine Vertrauensperson hinzu oder rufen Sie Angehörige unter der Ihnen bekannten Nummer an. Übergeben Sie niemals Geld oder Wertsachen an unbekannte Personen. Sollten Sie sich unsicher fühlen, legen Sie einfach auf! Wenn Sie glauben, Opfer eines Betrugsversuchs zu sein, rufen Sie die Polizei unter der Nummer 110 an.
Wichtig: Beenden Sie das vorherige Gespräch, wählen Sie selbst und benutzen Sie auf keinen Fall die Rückruftaste.
Weitere Tipps und Hinweise gibt es beim Präventionszentrum der Polizei Bremen unter 0421 362-19003, bzw. unter www.polizei.bremen.de oder www.polizei-beratung.de.",53.094685,8.808282,district
31326.0,2026-05-06,06.05.2026,Gröpelingen,False,Einbruch,Erneuter Ermittlungserfolg: Haftbefehle in einem Betrugsverfahren vollstreckt,Bremen-Mitte/ Findorff/Gröpelingen/Walle,https://www.polizei.bremen.de/news/pressestelle/pressemeldungen-ab-27042026-67751,"Nachdem bereits in einem ähnlich gelagerten Ermittlungsverfahren am 24.02.2026 fünf Haftbefehle vollstreckt wurden (Siehe Pressemitteilung 0140), führten weitere gemeinsame, umfangreiche und verdeckte Ermittlungen der Staatsanwaltschaft Bremen und der Gemeinsamen Ermittlungsgruppe des Landeskriminalamtes Bremen und der Zentralen Kriminalinspektion Oldenburg in den heutigen Morgenstunden gegen mehrere Betrüger erneut zum Erfolg: Spezialkräfte und Polizistinnen und Polizisten aus Bremen und Niedersachsen durchsuchten sechs Wohnungen in Bremen. Hierbei vollstreckten sie zwei weitere Haftbefehle.
Über mehrere Monate erstreckten sich die Ermittlungen, dabei ging es vor allem um Straftaten, bei denen sich die Täter am Telefon als Polizeibeamte und Staatsanwälte ausgegeben haben. Durch die in ausländischen Call-Centern tätigen Anrufer wurde im Rahmen dieser Telefongespräche über einen längeren Zeitraum eine Legende vorgespielt, z.B., dass ein Einbruch kurz bevorstehe, somit die in der Wohnung gelagerten Wertgegenstände in Gefahr seien oder dass das Geld der Geschädigten aufgrund krimineller Aktivitäten bei ihrer Bank dort nicht mehr sicher sei. Auf Grundlage dieser gezielt durchgeführten Täuschungen wurden die Geschädigten dahingehend beeinflusst, ihre Wertgegenstände an weitere Mittäter auszuhändigen. Zielrichtung der Beschuldigten bei diesen Taten war es Bargeld, Schmuck, Gold, Münzen etc. übergeben zu bekommen, um diese anschließend für sich und weitere Mittäter zu verwenden. Die Übergabe der Wertgegenstände fand ausschließlich an den jeweiligen Wohnanschriften der Geschädigten statt.
Den festgenommenen Beschuldigten im Alter von 42 und 16 Jahren wird insbesondere vorgeworfen, die Abholung der Tatbeute in Deutschland zu organisieren und zu koordinieren. Hierbei wurden überwiegend minderjährige Personen zur Abholung der Tatbeute eingesetzt. Die Festgenommenen werden noch heute einem Haftrichter vorgeführt. An den Maßnahmen waren unter anderem Geldspürhunde und Finanzermittlerinnen und -ermittler beteiligt. Des Weiteren wurde ein Vermögensarrest von über 340000 Euro erwirkt. Bei den Durchsuchungsmaßnahmen fanden die Ermittlerinnen und Ermittler unter anderem Bargeld, Schmuck, Mobiltelefone und weitere Beweismittel und stellten diese sicher. Bei drei weiteren Verdächtigen im Alter von 16,17 und 23 Jahren dauern die Ermittlungen an.
Bei den Tatbegehungen kam es überwiegend zu hohen Schadenssummen. Durch die Ermittlungen wurden bis dato acht Taten in Norddeutschland aufgeklärt. Die Ermittlerinnen und Ermittler konnten weiterhin bei mehreren Taten erhebliche Schadenseintritte durch ihre Arbeit verhindern.
In diesem Zuge warnt die Polizei noch einmal eindrücklich davor, sich am Telefon nicht unter Druck setzen zu lassen. Die Polizei wird Sie niemals nach Ihren Geld- oder Wertsachen fragen und um deren Herausgabe bitten. Lassen Sie sich am Telefon auf keinen Fall zu kurzfristigen Entscheidungen verleiten, egal wie plausibel eine Situation zunächst dargestellt wird. Ziehen Sie eine Vertrauensperson hinzu oder rufen Sie Angehörige unter der Ihnen bekannten Nummer an. Übergeben Sie niemals Geld oder Wertsachen an unbekannte Personen. Sollten Sie sich unsicher fühlen, legen Sie einfach auf! Wenn Sie glauben, Opfer eines Betrugsversuchs zu sein, rufen Sie die Polizei unter der Nummer 110 an.
Wichtig: Beenden Sie das vorherige Gespräch, wählen Sie selbst und benutzen Sie auf keinen Fall die Rückruftaste.
Weitere Tipps und Hinweise gibt es beim Präventionszentrum der Polizei Bremen unter 0421 362-19003, bzw. unter www.polizei.bremen.de oder www.polizei-beratung.de.",53.116711,8.7630483,district
31326.0,2026-05-06,06.05.2026,Walle,False,Einbruch,Erneuter Ermittlungserfolg: Haftbefehle in einem Betrugsverfahren vollstreckt,Bremen-Mitte/ Findorff/Gröpelingen/Walle,https://www.polizei.bremen.de/news/pressestelle/pressemeldungen-ab-27042026-67751,"Nachdem bereits in einem ähnlich gelagerten Ermittlungsverfahren am 24.02.2026 fünf Haftbefehle vollstreckt wurden (Siehe Pressemitteilung 0140), führten weitere gemeinsame, umfangreiche und verdeckte Ermittlungen der Staatsanwaltschaft Bremen und der Gemeinsamen Ermittlungsgruppe des Landeskriminalamtes Bremen und der Zentralen Kriminalinspektion Oldenburg in den heutigen Morgenstunden gegen mehrere Betrüger erneut zum Erfolg: Spezialkräfte und Polizistinnen und Polizisten aus Bremen und Niedersachsen durchsuchten sechs Wohnungen in Bremen. Hierbei vollstreckten sie zwei weitere Haftbefehle.
Über mehrere Monate erstreckten sich die Ermittlungen, dabei ging es vor allem um Straftaten, bei denen sich die Täter am Telefon als Polizeibeamte und Staatsanwälte ausgegeben haben. Durch die in ausländischen Call-Centern tätigen Anrufer wurde im Rahmen dieser Telefongespräche über einen längeren Zeitraum eine Legende vorgespielt, z.B., dass ein Einbruch kurz bevorstehe, somit die in der Wohnung gelagerten Wertgegenstände in Gefahr seien oder dass das Geld der Geschädigten aufgrund krimineller Aktivitäten bei ihrer Bank dort nicht mehr sicher sei. Auf Grundlage dieser gezielt durchgeführten Täuschungen wurden die Geschädigten dahingehend beeinflusst, ihre Wertgegenstände an weitere Mittäter auszuhändigen. Zielrichtung der Beschuldigten bei diesen Taten war es Bargeld, Schmuck, Gold, Münzen etc. übergeben zu bekommen, um diese anschließend für sich und weitere Mittäter zu verwenden. Die Übergabe der Wertgegenstände fand ausschließlich an den jeweiligen Wohnanschriften der Geschädigten statt.
Den festgenommenen Beschuldigten im Alter von 42 und 16 Jahren wird insbesondere vorgeworfen, die Abholung der Tatbeute in Deutschland zu organisieren und zu koordinieren. Hierbei wurden überwiegend minderjährige Personen zur Abholung der Tatbeute eingesetzt. Die Festgenommenen werden noch heute einem Haftrichter vorgeführt. An den Maßnahmen waren unter anderem Geldspürhunde und Finanzermittlerinnen und -ermittler beteiligt. Des Weiteren wurde ein Vermögensarrest von über 340000 Euro erwirkt. Bei den Durchsuchungsmaßnahmen fanden die Ermittlerinnen und Ermittler unter anderem Bargeld, Schmuck, Mobiltelefone und weitere Beweismittel und stellten diese sicher. Bei drei weiteren Verdächtigen im Alter von 16,17 und 23 Jahren dauern die Ermittlungen an.
Bei den Tatbegehungen kam es überwiegend zu hohen Schadenssummen. Durch die Ermittlungen wurden bis dato acht Taten in Norddeutschland aufgeklärt. Die Ermittlerinnen und Ermittler konnten weiterhin bei mehreren Taten erhebliche Schadenseintritte durch ihre Arbeit verhindern.
In diesem Zuge warnt die Polizei noch einmal eindrücklich davor, sich am Telefon nicht unter Druck setzen zu lassen. Die Polizei wird Sie niemals nach Ihren Geld- oder Wertsachen fragen und um deren Herausgabe bitten. Lassen Sie sich am Telefon auf keinen Fall zu kurzfristigen Entscheidungen verleiten, egal wie plausibel eine Situation zunächst dargestellt wird. Ziehen Sie eine Vertrauensperson hinzu oder rufen Sie Angehörige unter der Ihnen bekannten Nummer an. Übergeben Sie niemals Geld oder Wertsachen an unbekannte Personen. Sollten Sie sich unsicher fühlen, legen Sie einfach auf! Wenn Sie glauben, Opfer eines Betrugsversuchs zu sein, rufen Sie die Polizei unter der Nummer 110 an.
Wichtig: Beenden Sie das vorherige Gespräch, wählen Sie selbst und benutzen Sie auf keinen Fall die Rückruftaste.
Weitere Tipps und Hinweise gibt es beim Präventionszentrum der Polizei Bremen unter 0421 362-19003, bzw. unter www.polizei.bremen.de oder www.polizei-beratung.de.",53.1028746,8.783049,district
31425.0,2025-05-09,11.05.2025,Mitte,False,Drogendelikt,Polizei stellt Drogen bei Kontrollen sicher,"Bremen-Mitte/Östliche Vorstadt, OT Bahnhofsvorstadt/Steintor",https://www.polizei.bremen.de/news/pressestelle/pressemeldungen-ab-14042025-63985,"Einsatzkräfte der Polizei Bremen führten von Freitag auf Samstag intensive Kontrollmaßnahmen rund um den Bahnhof und im Viertel durch. Ziel war es gegen den Drogenhandel und die Straßenkriminalität vorzugehen.
Von den frühen Abendstunden bis in die Nacht kontrollierten die Einsatzkräfte vor allem rund um den Bahnhof und im Steintor eine Vielzahl von Personen. Die Polizisten schritten bei Straßendeals ein und stellten Drogen, wie Crack, Kokain, Ecstasy und Cannabis sowie Bargeld und ein Messer sicher. Nach einem Diebstahl im Bereich der Bahnhofstraße stellten die Einsatzkräfte zwei Tatverdächtige im Alter von 23 und 25 Jahren. Bei dem 23-Jährigen fanden die Polizisten neben Drogen auch ein Messer. Zudem stellte sich heraus, dass er sich unerlaubt in Deutschland aufhielt. Einsatzkräfte fertigten Strafanzeigen, unter anderem wegen des Verdachts des Handels mit Betäubungsmitteln und unerlaubtem Aufenthalts. Die Ermittlungen hierzu dauern an.
Insgesamt wurden 42 Personen kontrolliert und 21 Platzverweise ausgesprochen. Aufgrund der Verstöße gegen das Betäubungsmittelgesetz und des Mitführens eines Messers in der Waffenverbotszone wurden entsprechende Anzeigen gefertigt
Diese koordinierte Aktion war Teil der fortlaufenden Anstrengungen, die Sicherheit und Ordnung in diesem Bereich weiter zu verbessern. Die Polizei Bremen setzt sich seit vielen Wochen und Monaten verstärkt für die Bekämpfung der Straßenkriminalität ein und wird diese Bemühungen gemeinsam mit anderen Sicherheitsbehörden fortsetzen.",53.0786741,8.8109045,district
31425.0,2025-05-09,11.05.2025,Östliche Vorstadt,False,Drogendelikt,Polizei stellt Drogen bei Kontrollen sicher,"Bremen-Mitte/Östliche Vorstadt, OT Bahnhofsvorstadt/Steintor",https://www.polizei.bremen.de/news/pressestelle/pressemeldungen-ab-14042025-63985,"Einsatzkräfte der Polizei Bremen führten von Freitag auf Samstag intensive Kontrollmaßnahmen rund um den Bahnhof und im Viertel durch. Ziel war es gegen den Drogenhandel und die Straßenkriminalität vorzugehen.
Von den frühen Abendstunden bis in die Nacht kontrollierten die Einsatzkräfte vor allem rund um den Bahnhof und im Steintor eine Vielzahl von Personen. Die Polizisten schritten bei Straßendeals ein und stellten Drogen, wie Crack, Kokain, Ecstasy und Cannabis sowie Bargeld und ein Messer sicher. Nach einem Diebstahl im Bereich der Bahnhofstraße stellten die Einsatzkräfte zwei Tatverdächtige im Alter von 23 und 25 Jahren. Bei dem 23-Jährigen fanden die Polizisten neben Drogen auch ein Messer. Zudem stellte sich heraus, dass er sich unerlaubt in Deutschland aufhielt. Einsatzkräfte fertigten Strafanzeigen, unter anderem wegen des Verdachts des Handels mit Betäubungsmitteln und unerlaubtem Aufenthalts. Die Ermittlungen hierzu dauern an.
Insgesamt wurden 42 Personen kontrolliert und 21 Platzverweise ausgesprochen. Aufgrund der Verstöße gegen das Betäubungsmittelgesetz und des Mitführens eines Messers in der Waffenverbotszone wurden entsprechende Anzeigen gefertigt
Diese koordinierte Aktion war Teil der fortlaufenden Anstrengungen, die Sicherheit und Ordnung in diesem Bereich weiter zu verbessern. Die Polizei Bremen setzt sich seit vielen Wochen und Monaten verstärkt für die Bekämpfung der Straßenkriminalität ein und wird diese Bemühungen gemeinsam mit anderen Sicherheitsbehörden fortsetzen.",53.07023,8.84098,district
31426.0,2026-05-06,08.05.2026,Gröpelingen,False,Einbruch,Einbruch in Lagerhalle – Tatverdächtiger gestellt,"Bremen-Gröpelingen, OT Oslebshausen, Schragestraße",https://www.polizei.bremen.de/news/pressestelle/pressemeldungen-ab-27042026-67751,"Am Mittwochabend kam es in Bremen zu einem Einbruch in einer Lagerhalle in Gröpelingen. Die Polizei stellte kurze Zeit später einen 40 Jahre alten Tatverdächtigen.
Gegen 18:50 Uhr löste die Alarmanlage der Lagerhalle in der Schragestraße aus. Über Videoaufzeichnungen konnte später festgestellt werden, dass ein Mann mit seinem Auto vorgefahren war, ausstieg und mutmaßlich eine Tür der Halle aufbrach. Anschließend entwendete der Täter diverse Maschinen, darunter Akku-, Bohr- und Stemmmaschinen. Der Schaden wird auf rund 20.000 Euro geschätzt.
Anhand der Videoaufzeichnungen konnte der Tatverdächtige sowie das genutzte Fahrzeug identifiziert werden. Der Mann war bereits im vergangenen Jahr mehrfach wegen gleichgelagerter Taten in Erscheinung getreten.
Einsatzkräfte der Polizei suchten die Anschrift des 40 Jährigen auf. Währenddessen fuhr der auf dem Video erkennbare Wagen vor. Im Fahrzeug befand sich der Tatverdächtige und eine 38 Jahre alte Begleiterin. Die am Auto angebrachten Kennzeichen waren zuvor als gestohlen gemeldet worden und der Wagen war nicht zugelassen. Das Fahrzeug wurde sichergestellt.
Bei der Durchsuchung des Autos fanden die Einsatzkräfte diverses Werkzeug und Handschuhe. Die Gegenstände wurden als mögliche Beweismittel sichergestellt.
Die Ermittlungen dauern an.",53.1371338,8.7440874,address
31525.0,2025-05-09,11.05.2025,Mitte,False,Raub,Räuber erbeutet wertvolle Armbanduhr,"Bremen-Mitte, OT Altstadt, Knochenhauerstraße",https://www.polizei.bremen.de/news/pressestelle/pressemeldungen-ab-14042025-63985,"Am Freitag wurde ein 73-jähriger Mann in der Altstadt von einem unbekannten Täter überfallen und ausgeraubt. Die Polizei sucht Zeugen.
Ein 73 Jahre alter Mann befand sich mit seiner Frau gegen 15:20 Uhr in der Knochenhauerstraße, als ihnen sich ein Unbekannter von hinten näherte. Er packte den Senior an den Armen und drehte sie auf den Rücken, dabei entriss er ihm die Rolex-Uhr vom Handgelenk. Er ließ den 73-Jährigen los und flüchtete anschließend in Richtung Wallangalgen.
Der Räuber wurde wie folgt beschrieben: Er soll zwischen 30 und 35 Jahre alt und circa 1,90 Meter groß gewesen sein. Er war schlank und hatte einen dunklen Teint. Er hatte dunkle, kurze Haare und einen Drei-Tage-Bart. Er trug ein graues Oberteil, eine blaue Jeans, weiße Schuhe der Marke Nike mit einem schwarzen Streifen sowie einen grauen Rucksack und einer weißen Kappe mit einer Aufschrift vorne. Die gestohlene Armbanduhr der Marke Rolex ist gold und hat ein Lederarmband.
Zeugen, die Hinweise zu dem Vorfall geben können, werden gebeten, sich beim Kriminaldauerdienst der Polizei Bremen unter der Telefonnummer 0421 362-3888 zu melden.",53.0786028,8.8081765,address
31626.0,2026-08-08,,Walle,False,Toetungsdelikt,Tödlicher Verkehrsunfall in Walle,"Bremen-Walle, OT Westend, Utbremer Straße/Sankt-Magnus-Straße",https://www.polizei.bremen.de/news/pressestelle/pressemeldungen-ab-27042026-67751,"(09.05.26)
Am Freitagmittag überfuhr ein 49 Jahre alter Mann beim Abbiegen mit seinem Lkw in Walle eine 73
Jahre alte Fahrradfahrerin. Die Frau wurde dabei so schwer verletzt, dass sie noch vor Ort verstarb.
Ersten Ermittlungen zufolge fuhr der 49-Jährige in stadteinwärtige Richtung auf der Utbremer Straße
und wollte nach rechts in die Sankt-Magnus-Straße abbiegen. Dabei übersah er die 73-Jährige, die mit ihrem Fahrrad auf dem Radweg entlang der Utbremer Straße in stadteinwärtige Richtung unterwegs war und die Sankt-Magnus-Straße geradeaus überqueren wollte. Die Frau geriet unter den Lastkraftwagen und verstarb aufgrund der schweren Verletzungen unmittelbar.
Da bei dem 49 Jahren alten Fahrer der Verdacht bestand, dass dieser unter Alkoholeinfluss stand,
wurde eine Blutentnahme angeordnet.
Mehrere Zeugen, die den Unfall gesehen haben, standen deutlich unter dem Eindruck des Geschehens und wurden vor Ort durch hinzugezogene Kräfte der Johanniter seelsorgerisch betreut.
Für die Dauer der Unfallaufnahme musste die Sankt-Magnus-Straße sowie die Utbremer Straße
stadteinwärts gesperrt werden. Davon war auch der ÖPNV betroffen.
Das Verkehrskommissariat der Polizei Bremen hat die Ermittlungen aufgenommen.",53.1028746,8.783049,district
31726.0,2026-08-08,,Neustadt,False,Verkehrsunfall,Auto kollidiert mit Bus,"Bremen-Neustadt, OT Alte Neustadt, Langemarckstraße",https://www.polizei.bremen.de/news/pressestelle/pressemeldungen-ab-27042026-67751,"(09.05.26)
Am Freitagnachmittag kollidierten in der Neustadt ein Auto und ein Bus miteinander. Dabei wurden
mehreren Menschen verletzt.
Gegen 16:35 Uhr war der 25 Jahre alte Fahrer eines BMW auf der Bürgermeister-Smidt-Brücke in
Fahrtrichtung Neustadt unterwegs, als er offenbar verbotswidrig an der Kreuzung
Langemarckstraße/Am Deich über den Gleiskörper der BSAG wenden wollte. Der 33 Jahre alte Fahrer eines Busses, der ebenfalls in diese Richtung fuhr, machte noch eine Vollbremsung, konnte einen Zusammenstoß jedoch nicht mehr verhindern. Der 25-Jährige sowie seine 34 Jahre alte Beifahrerin wurden durch den Aufprall verletzt und mussten zur Behandlung in ein Krankenhaus. Ebenso ein 26-jähriger Insasse aus dem Bus und sein ein Jahr alter Sohn.
Laut Zeugenaussagen sollen noch weitere Personen aus dem Bus leichte Verletzungen davongetragen haben. Sie entfernten sich jedoch vom Umfallort. Die Polizei Bremen bittet diese Personen, sich bei der Verkehrsbereitschaft unter 0421 362-14850 zu melden
Für die Dauer der Unfallaufnahme musste ein Teil der Kreuzung gesperrt werden, was zu
Verkehrsbehinderungen führte.",53.0679872,8.7843331,address
31826.0,2026-05-09,11.05.2026,Vahr,False,Verkehrsunfall,Radfahrer lebensgefährlich verletzt,"Bremen-Vahr, OT Gartenstadt Vahr, In der Vahr",https://www.polizei.bremen.de/news/pressestelle/pressemeldungen-ab-27042026-67751,"Am Samstagabend stürzte ein 81 Jahre alter Mann in der Vahr mit dem Fahrrad. Er kam mit schweren Verletzungen in ein Krankenhaus. Es besteht Lebensgefahr.
Der 81-Jährige fuhr gegen 18.20 Uhr den Radweg an Straße ""In der Vahr"" in Richtung der Kreuzung Julius-Brecht-Allee, als er das Gleichgewicht verlor und auf die Straße stürzte. Ein vorbeifahrender Bus konnte dem gestürzten Radfahrer nur knapp ausweichen. Fahrgäste wurden dabei nicht verletzt.
Der Senior erlitt durch den Sturz schwere Verletzungen; er musste noch am Unfallort reanimiert werden. Anschließend wurde er in ein Krankenhaus gebracht. Es besteht Lebensgefahr.
Das Verkehrsunfallkommissariat hat die Ermittlungen aufgenommen.",53.0806163,8.8770146,address
31925.0,2025-05-12,12.05.2025,Mitte,False,Waffendelikt,Mit Messer verletzt,"Bremen-Mitte, OT Bahnhofsvorstadt, Bahnhofsplatz",https://www.polizei.bremen.de/news/pressestelle/pressemeldungen-ab-14042025-63985,"Am Montagmorgen attackierte ein 46 Jahre alter Mann am Bahnhofsplatz einen 35-Jährigen mit einem Messer und verletzte ihn schwer. Einsatzkräfte nahmen den Mann fest.
Gegen 10:00 Uhr wurden Einsatzkräfte zum Citygate gerufen, wo sie den 35-Jährigen mit Schnittverletzungen im Gesicht vorfanden. Sie leisteten umgehend erste Hilfe, weitere Kräfte nahmen den 46 Jahre alten Tatverdächtigen noch vor Ort fest. Er hatte vor sich ein Messer abgelegt, das die Polizisten sicherstellten. Laut erster Zeugenaussagen waren beide Männer in einem Geschäft aufeinandergetroffen, dabei hätte der 46-Jährige aus bisher noch ungeklärten Gründen den 35-Jährigen mit dem Messer angegriffen. Dieser wurde mit schweren aber nicht lebensgefährlichen Verletzungen in ein Krankenhaus gebracht.
Der 46-Jährige wurde vorläufig festgenommen. Die weiteren Ermittlungen der Kriminalpolizei dauern an.",53.082478,8.8127559,address
31926.0,2026-05-11,11.05.2026,Neustadt,False,Sonstiges,Banner aufgehängt – Polizei sucht Zeugen,"Bremen-Neustadt, OT Buntentor, Weserdeich",https://www.polizei.bremen.de/news/pressestelle/pressemeldungen-ab-27042026-67751,"Ein Zeuge entdeckte am Montagmorgen ein Banner mit einer politischen Parole zum Nahostkonflikt an einer Fußgängerbrücke am Werdersee. Die Kriminalpolizei ermittelt und sucht Zeugen.
Ein Jogger alarmierte die Polizei am frühen Morgen, nachdem er das ca. fünf Meter große Stoffbanner mit einer verbotenen pro-palästinensischen Parole an der Fußgängerbrücke in Höhe Deichschart während seiner Laufrunde bemerkt hatte. Es war mit Kabelbindern am Geländer befestigt und durch Plastikflaschen beschwert worden. Einsatzkräfte entfernten das Banner von der Brücke.
Die Kriminalpolizei hat Ermittlungen wegen Verwenden von terroristischer/verfassungswidriger Organisationen eingeleitet und sucht Zeugen. Hinweisgeber melden sich jederzeit beim Kriminaldauerdienst unter der Rufnummer 0421 362-3888.",53.0655499,8.8077326,address
32226.0,2026-05-11,12.05.2026,Walle,False,Sonstiges,Hakenkreuze geschmiert und Türschlösser verklebt,"Bremen-Walle, Bremen-Findorff",https://www.polizei.bremen.de/news/pressestelle/pressemeldungen-ab-27042026-67751,"Unbekannte beschmierten in der Nacht von Montag auf Dienstag mehrere Gebäude in Walle und Findorff mit Hakenkreuzen und verklebten Türschlösser. Der Staatsschutz der Polizei Bremen hat die Ermittlungen aufgenommen und prüft einen Zusammenhang der Taten.
In der Hans-Böckler-Straße verklebten die Täter insgesamt acht Türschlösser eines Sozialzentrums sowie ein weiteres Schloss am Theater im Volkshaus. Zudem wurde ein Hinweisschild am Gebäude mit Farbe beschmiert. Unter anderem brachten die Unbekannten ein Hakenkreuz sowie den Schriftzug „Nazischweine“ an.
Kurze Zeit später wurde festgestellt, dass auch das Schloss eines griechischen Restaurants in der Neukirchstraße mit Kleber verschmiert wurde. Darüber hinaus fanden Einsatzkräfte mehrere aufgemalte Hakenkreuze an der Hauswand sowie an weiteren Fassaden in der Neukirchstraße. Auch zwei Briefkästen wurde mit Kleber beschmiert.
Zeugenhinweise nimmt der Kriminaldauerdienst unter der Rufnummer 0421 362-3888 entgegen.",53.1028746,8.783049,district
32226.0,2026-05-11,12.05.2026,Findorff,False,Sonstiges,Hakenkreuze geschmiert und Türschlösser verklebt,"Bremen-Walle, Bremen-Findorff",https://www.polizei.bremen.de/news/pressestelle/pressemeldungen-ab-27042026-67751,"Unbekannte beschmierten in der Nacht von Montag auf Dienstag mehrere Gebäude in Walle und Findorff mit Hakenkreuzen und verklebten Türschlösser. Der Staatsschutz der Polizei Bremen hat die Ermittlungen aufgenommen und prüft einen Zusammenhang der Taten.
In der Hans-Böckler-Straße verklebten die Täter insgesamt acht Türschlösser eines Sozialzentrums sowie ein weiteres Schloss am Theater im Volkshaus. Zudem wurde ein Hinweisschild am Gebäude mit Farbe beschmiert. Unter anderem brachten die Unbekannten ein Hakenkreuz sowie den Schriftzug „Nazischweine“ an.
Kurze Zeit später wurde festgestellt, dass auch das Schloss eines griechischen Restaurants in der Neukirchstraße mit Kleber verschmiert wurde. Darüber hinaus fanden Einsatzkräfte mehrere aufgemalte Hakenkreuze an der Hauswand sowie an weiteren Fassaden in der Neukirchstraße. Auch zwei Briefkästen wurde mit Kleber beschmiert.
Zeugenhinweise nimmt der Kriminaldauerdienst unter der Rufnummer 0421 362-3888 entgegen.",53.094685,8.808282,district
32526.0,2026-05-12,13.05.2026,Hemelingen,False,Raub,Jugendlicher bei Straßenraub in Sebaldsbrück mit Messer angegriffen,"Bremen-Hemelingen, OT Sebaldsbrück, Esmarchstraße",https://www.polizei.bremen.de/news/pressestelle/pressemeldungen-ab-14052026-67909,"Ein 16 Jahre alter Jugendlicher wurde am späten Dienstagabend in Sebaldsbrück von einem bislang unbekannten Täter überfallen. Die Polizei sucht Zeugen.
Der Jugendliche war gegen 21.50 Uhr zu Fuß auf der Esmarchstraße in Richtung Einsteinstraße unterwegs, als ihn in Höhe der Virchowstraße ein Unbekannter von hinten mit einem Messer bedrohte und die Herausgabe von Geld forderte.
Nach Angaben des 16-Jährigen drehte er sich um und schubste den Täter zunächst weg. Daraufhin schlug der Unbekannte ihm mit der Faust gegen die Augenbraue. Der Jugendliche setzte sich ebenfalls zur Wehr und schlug zurück. Anschließend führte der Täter mit dem Messer eine Stichbewegung in Richtung des Oberkörpers aus. Das Messer beschädigte dabei die Jacke des Jugendlichen, verletzt wurde er nicht. Aus Angst händigte der 16-Jährige dem Räuber schließlich sein iPhone 14 aus. Der Täter flüchtete anschließend unerkannt.
Der Unbekannte wurde wie folgt beschrieben: schwarze Hautfarbe, etwa 1,70 bis 1,80 Meter groß, schwarzer Pullover, blaue Jeans, schwarze Mütze mit weißem Emblem, dunkle Augen, schwarzer Ziegenbart sowie zusammengewachsene Augenbrauen. Er sprach gebrochen Deutsch.
Zeugenhinweise nimmt der Kriminaldauerdienst unter der Rufnummer 0421 362-3888 entgegen.",53.0630399,8.8873738,address
32626.0,2026-04-21,15.05.2026,Schwachhausen,False,Toetungsdelikt,Festnahme nach Tötungsdelikt in Schwachhausen,"Bremen-Schwachhausen, OT Barkhof, Slevogtstraße",https://www.polizei.bremen.de/news/pressestelle/pressemeldungen-ab-14052026-67909,"Nach den tödlichen Messerstichen in Schwachhausen im April, bei dem ein 41-Jähriger verstarb (siehe unsere Pressemeldung Nr. 0275), haben Polizei und Staatsanwaltschaft einen Ermittlungserfolg erzielt und eine mutmaßliche Täterin festgenommen.
Im Zuge intensiver Ermittlungen der Mordkommission geriet die 29-jährige Ex-Lebensgefährtin als Tatverdächtige in den Fokus. Gegen sie konnte ein Haftbefehl erwirkt und in dieser Woche vollstreckt werden. Sie wurde widerstandslos in einer Wohnung in Gröpelingen festgenommen.
Die Motivlage und der konkrete Ablauf der Tat ist weiterhin Gegenstand der Ermittlungen durch Polizei und Staatsanwaltschaft.
Weitere Auskünfte erteilt die Staatsanwaltschaft Bremen.",53.0831458,8.8198538,address
32926.0,2026-05-15,16.05.2026,Obervieland,False,Toetungsdelikt,Hausbrand in Arsten – Bewohner tot geborgen,"Bremen-Arsten, OT Arsten, Hinter dem Vorwerk",https://www.polizei.bremen.de/news/pressestelle/pressemeldungen-ab-14052026-67909,"Am Freitagabend wurden Polizei und Feuerwehr zu einem Brand in einem Wohnhaus in Arsten gerufen. In dem Haus fanden die Einsatzkräfte eine Person, die nur noch tot geborgen werden konnte.
Aus bislang ungeklärter Ursache kam es in der Küche des Reihenendhauses an der Straße Hinter dem Vorwerk zu einem Brand. Einsatzkräfte fanden den 88 Jahre alten Bewohner leblos im Badezimmer vor; eine sofortige Reanimation durch Rettungskräfte verlief erfolglos. Die Feuerwehr löschte den Brand schnell.
Die Kriminalpolizei hat die Ermittlungen zur Brand- und Todesursache aufgenommen.",53.0325708,8.8478083,address
33026.0,2026-05-16,17.05.2026,Häfen,False,Verkehrsunfall,Auto prallt gegen Mauer,"Bremen-Häfen, OT Industriehäfen, Kap-Horn-Straße",https://www.polizei.bremen.de/news/pressestelle/pressemeldungen-ab-14052026-67909,"Am Samstagabend kam es in den Industriehäfen zu einem schweren Verkehrsunfall mit mehreren Verletzten.
Nach bisherigen Erkenntnissen befuhren zwei Autos hintereinander die Kap-Horn-Straße in Richtung Schleuse Oslebshausen, als der vordere Pkw, ein VW Golf, die Geschwindigkeit deutlich verringerte. Der nachfolgende Mercedesfahrer versuchte daraufhin, den Wagen links zu überholen.
Während des Überholvorgangs lenkte die 25-jährige Golf-Fahrerin nach eigenen Angaben nach links, um zu wenden. Der überholende 24 Jahre alte Fahrer erschrak hierbei so sehr, dass er offenbar Gas- und Bremspedal verwechselte und mit hoher Geschwindigkeit mit seinem Mercedes gegen eine angrenzende Wand fuhr.
Der 24-jährige Mercedesfahrer und seine beiden Insassen wurden zum Teil schwer verletzt und mussten zur Behandlung in Krankenhäuser gebracht werden. An dem Mercedes entstand durch den Aufprall ein Totalschaden. Die 25-Jährige und ihre Beifahrerin blieben unverletzt.
Zur genauen Unfallursache ermittelt nun das Verkehrsunfallkommissariat der Polizei Bremen.",53.1200485,8.7159201,address
33126.0,2026-05-17,17.05.2026,Osterholz,False,Koerperverletzung,Polizisten angegriffen und verletzt,"Bremen-Osterholz, OT Tenever, Walliser Straße",https://www.polizei.bremen.de/news/pressestelle/pressemeldungen-ab-14052026-67909,"In der Nacht zu Sonntag kam es nach Anwohnerbeschwerden über eine lärmende Jugendgruppe in Osterholz zu einem Polizeieinsatz.
Die rund 60 Jugendlichen und jungen Erwachsenen hielten sich nachts lärmend vor einem Kiosk an der Walliser Straße auf, spielten dabei laute Musik ab und entfachten kleine Feuer. Als die alarmierten Einsatzkräfte eintrafen, wurde sofort aus der Gruppe heraus Pyrotechnik in Richtung der Polizisten gezündet, die vor ihnen explodierte; auch wurde eine Getränkedose nach ihnen geworfen. Das volle Getränk traf dabei eine Polizistin am Kopf. Sie wurde leicht verletzt.
Mit Unterstützungskräften wurden Personenkontrollen durchgeführt und Platzverweise erteilt. Die Einsatzkräfte fertigten Anzeigen, unter anderem wegen tätlichen Angriffs auf Vollstreckungsbeamte. Die weiteren Ermittlungen dauern an. Zeugenhinweise gehen jederzeit an den Kriminaldauerdienst unter der Rufnummer 0421 362-3888.",53.0654076,8.9496841,address
33226.0,2026-05-16,18.05.2026,Walle,False,Einbruch,Polizisten stellen Einbrecher in Walle,"Bremen-Walle, OT Hohweg, Rosenheimer Straße",https://www.polizei.bremen.de/news/pressestelle/pressemeldungen-ab-14052026-67909,"Einsatzkräfte der Polizei stellten am Samstagabend zwei mutmaßliche Einbrecher in Walle. Der 43-Jährige und der 46-Jährige sind verdächtig, in ein Gartenbauunternehmen eingebrochen zu sein.
Gegen 23:20 Uhr meldete der Inhaber über den Notruf, dass er über eine Überwachungskamera zwei Männer auf dem Gelände seines Betriebes in der Rosenheimer Straße beobachten würde, wie sie versuchten, sich Zutritt zur Werkstatt zu verschaffen. Die alarmierten Einsatzkräfte waren schnell vor Ort und stellten die beiden 43 und 46 Jahre alten Verdächtigen mit Unterstützung der Diensthundeführer noch auf dem Gelände. Sie hatten sich im Gebüsch versteckt.
Die Polizisten fanden einen Kuhfuß sowie einen Schraubendreher in unmittelbarer Nähe der Verdächtigen. Bei dem 46 Jahre alten Tatverdächtigen konnte außerdem ein Autoschlüssel gefunden werden. Das dazugehörige Auto stand vermutlich als Fluchtwagen vor der Firma bereit. Es hatte gestohlene Kennzeichen. Alle gefundenen Gegenstände wurden sichergestellt. Das Auto wurde zur Beweissicherung abgeschleppt.
Die Einsatzkräfte nahmen die Männer mit auf die Wache, wo sie erkennungsdienstlich behandelt und entsprechende Strafanzeigen gefertigt wurden. Die weiteren Ermittlungen der Kriminalpolizei dauern an.",53.1094326,8.8015277,address
33326.0,2026-05-19,19.05.2026,Burglesum,False,Sonstiges,Stau nach Autobrand auf der Autobahn,"Bremen-Burglesum, OT Lesum, Autobahn 270 (A270)",https://www.polizei.bremen.de/news/pressestelle/pressemeldungen-ab-14052026-67909,"In der Nacht zu Dienstag geriet ein Ford Galaxy aus bisher ungeklärter Ursache auf der A 270, kurz vor der Anschlussstelle Lesum in Fahrtrichtung Farge, in Brand. Verletzte gab es bei dem Vorfall keine.
Für die Löscharbeiten sowie die anschließenden Reinigungsarbeiten wurde die A 270 in Fahrtrichtung Farge vorübergehend gesperrt, was zu Verkehrsbehinderungen führte.
Die Fahrbahnen konnte im Laufe des Dienstagmorgens wieder freigegeben werden. Der ausgebrannte Pkw wurde zur weiteren Brandursachenermittlung abgeschleppt.",53.1610926,8.691722,district
33426.0,2026-05-19,20.05.2026,Schwachhausen,False,Raub,Couragierter Radfahrer verfolgt Kettenräuber und bringt Beute zurück,"Bremen-Schwachhausen, OT Riensberg, Schwachhauser Heerstraße",https://www.polizei.bremen.de/news/pressestelle/pressemeldungen-ab-14052026-67909,"Dank des mutigen Einschreitens eines 26 Jahre alten Radfahrers konnte eine 90-jährige Bremerin nach einem Straßenraub in Schwachhausen ihre gestohlene Goldkette schnell zurückbekommen.
Die Seniorin war am Dienstagnachmittag gemeinsam mit ihrem Ehemann in der Schwachhauser Heerstraße spazieren, als sich plötzlich ein unbekannter Mann von hinten näherte und ihr die wertvolle Goldkette vom Hals riss. Anschließend flüchtete der Täter zunächst zu Fuß und setzte seine Flucht später mit einem E-Scooter fort.
Ein 26-jähriger Radfahrer wurde durch die Hilfeschreie der Frau auf die Situation aufmerksam und reagierte sofort. Er nahm die Verfolgung des Räubers auf, stellte ihn kurze Zeit später und forderte ihn auf, die gestohlene Goldkette herauszugeben. Der Täter kam dieser Aufforderung nach. Der couragierte Zeuge brachte die Kette anschließend zurück zu der 90-Jährigen.
Der Räuber flüchtete danach in Richtung Kurfürstenallee. Die Ermittlungen zu dem Mann dauern an, die Polizei hat hierzu bereits gute Ermittlungsansätze.
Die Polizei Bremen lobt den 26-jährigen Radfahrer für sein besonnenes und mutiges Verhalten. Solche Formen der Zivilcourage können helfen, Straftaten aufzuklären und Betroffenen schnell zu helfen – ohne sich dabei selbst unnötig in Gefahr zu bringen.",53.085986,8.8522351,address
33526.0,2026-05-19,,Mitte,False,Einbruch,Gemeinsamer Erfolg von Videoleitstelle und Zivilpolizisten: Zwei Einbrecher gestellt,"Bremen-Innenstadt, OT Bahnhofsvorstadt, Breitenweg",https://www.polizei.bremen.de/news/pressestelle/pressemeldungen-ab-14052026-67909,"20.05.2026
Nach einem Wohnungseinbruch in einem Mehrparteienhaus in der Bahnhofsvorstadt, konnten Einsatzkräfte der Polizei am Dienstagabend zwei Täter im Alter von 16 und 21 Jahren vorläufig festnehmen. Dabei spielte neben Hinweisen von Nachbarn insbesondere auch die Videoleitstelle der Polizei eine entscheidende Rolle.
Ein Nachbar hatte den Bewohner der betroffenen Wohnung im Breitenweg telefonisch darüber informiert, dass offenbar gerade in seine Wohnung eingebrochen wird. Der Bewohner machte sich sofort auf den Weg und verständigte die Polizei. Die zuerst eintreffenden Einsatzkräfte stellten eine aufgebrochene Wohnungstür fest.
Anhand der Meldung, dass zwei Täter mit möglichem Stehlgut aus der Wohnung flüchtig seien, konnte die Videoleitstelle der Polizei daraufhin zwei Männer beobachten, die einen Fernseher trugen und aus Richtung der betroffenen Wohnung kamen. Parallel erhielt der zivile Einsatzdienst ebenfalls die Meldung und entdeckte die beiden Männer im Bereich des Hauptbahnhofes. Die beiden Männer waren den Einsatzkräften aus zurückliegenden Straftaten bereits bekannt.
Der 21-jährige Tatverdächtige stieg in einen Linienbus ein, konnte jedoch nach kurzer Fahrt durch die Zivilpolizisten gestellt und festgenommen werden. Bei ihm wurde unter anderem Bargeld, zwei Smartphones, ein Fernseher sowie eine Fernbedienung aufgefunden. Die Gegenstände wurden später eindeutig dem Wohnungseinbruch zugeordnet.
Der 16-jährige Tatverdächtige wurde zeitgleich von weiteren zivilen Einsatzkräften verfolgt und ebenfalls gestellt.
Die beiden Männer verblieben für eine Haftprüfung im Polizeigewahrsam. Die weiteren Ermittlungen dauern an.",53.0856248,8.8037004,address
33726.0,2026-05-20,21.05.2026,Neustadt,False,Sachbeschaedigung,Autos in der Neustadt beschädigt,"Bremen-Neustadt, OT Buntentor, Gellertstraße",https://www.polizei.bremen.de/news/pressestelle/pressemeldungen-ab-14052026-67909,"Unbekannte beschädigten am späten Mittwochabend in der Bremer Neustadt mehrere Fahrzeuge. Die Polizei sucht nach Zeugen.
Innerhalb von einer halben Stunde wurden in der Gellertstraße im Bereich zwischen Buntentorsteinweg und Hardenbergstraße an bislang etwa 20 Autos der Lack zerkratzt. Die Kriminalpolizei hat die Ermittlungen aufgenommen und sucht Zeugen, die in den Straßen oder der näheren Umgebung verdächtige Beobachtungen gemacht haben.
Hinweise nimmt der Kriminaldauerdienst der Polizei Bremen jederzeit unter 0421 362-3888 entgegen.",53.0611941,8.8037595,address
33826.0,2026-05-21,22.05.2026,Mitte,False,Drogendelikt,Polizei schließt Kiosk und Restaurant nach Kontrollen,Bremen-Mitte-Östliche Vorstadt,https://www.polizei.bremen.de/news/pressestelle/pressemeldungen-ab-14052026-67909,"Die Polizei Bremen führte am Donnerstag unter anderem gemeinsam mit dem Ordnungsamt, dem Zoll, dem Finanzamt und Mitarbeitern der Landeshauptkasse sowie der Lebensmittelüberwachung im Bahnhofsquartier und im Viertel Kontrollen durch. Dabei wurden von nachmittags bis in den späten Abend Kioske, Imbisse, Restaurants und Bars überprüft und zum Teil gravierende Mängel festgestellt. Die Polizei konnte zudem Erfolge bei der Bekämpfung gegen die Drogen- und Straßenkriminalität verzeichnen.
Im Fokus der Einsatzkräfte standen insgesamt 16 Lokalitäten rund um den Bahnhof und das Steintorviertel. Dabei wurden Verstöße gegen das Jugendschutzgesetz, Hygienemängel und Baumängel, abgelaufene Lebensmittel, fehlende Ausschankgenehmigungen sowie fehlende Preisaushänge festgestellt und geahndet. Ein Kiosk und ein Gastrobetrieb mussten aufgrund von erheblichen Mängeln sofort von der Polizei geschlossen werden.
Gleichzeitig führten Polizisten, auch in zivil, Maßnahmen zur Bekämpfung der Drogenkriminalität im Bahnhofsquartier und Steintor durch. Bei den umfangreichen Kontrollen wurden mehrere Strafanzeigen gefertigt, unter anderem Kokain sowie Cannabis und Bargeld beschlagnahmt sowie Straßenhändler gefasst. Zudem wurden mehrere Platzverweise erteilt.
Seit vielen Wochen und Monaten setzt sich die Polizei Bremen verstärkt für die Bekämpfung der Straßenkriminalität ein und wird diese Bemühungen gemeinsam mit anderen Sicherheitsbehörden fortsetzen.",53.0786741,8.8109045,district
33826.0,2026-05-21,22.05.2026,Östliche Vorstadt,False,Drogendelikt,Polizei schließt Kiosk und Restaurant nach Kontrollen,Bremen-Mitte-Östliche Vorstadt,https://www.polizei.bremen.de/news/pressestelle/pressemeldungen-ab-14052026-67909,"Die Polizei Bremen führte am Donnerstag unter anderem gemeinsam mit dem Ordnungsamt, dem Zoll, dem Finanzamt und Mitarbeitern der Landeshauptkasse sowie der Lebensmittelüberwachung im Bahnhofsquartier und im Viertel Kontrollen durch. Dabei wurden von nachmittags bis in den späten Abend Kioske, Imbisse, Restaurants und Bars überprüft und zum Teil gravierende Mängel festgestellt. Die Polizei konnte zudem Erfolge bei der Bekämpfung gegen die Drogen- und Straßenkriminalität verzeichnen.
Im Fokus der Einsatzkräfte standen insgesamt 16 Lokalitäten rund um den Bahnhof und das Steintorviertel. Dabei wurden Verstöße gegen das Jugendschutzgesetz, Hygienemängel und Baumängel, abgelaufene Lebensmittel, fehlende Ausschankgenehmigungen sowie fehlende Preisaushänge festgestellt und geahndet. Ein Kiosk und ein Gastrobetrieb mussten aufgrund von erheblichen Mängeln sofort von der Polizei geschlossen werden.
Gleichzeitig führten Polizisten, auch in zivil, Maßnahmen zur Bekämpfung der Drogenkriminalität im Bahnhofsquartier und Steintor durch. Bei den umfangreichen Kontrollen wurden mehrere Strafanzeigen gefertigt, unter anderem Kokain sowie Cannabis und Bargeld beschlagnahmt sowie Straßenhändler gefasst. Zudem wurden mehrere Platzverweise erteilt.
Seit vielen Wochen und Monaten setzt sich die Polizei Bremen verstärkt für die Bekämpfung der Straßenkriminalität ein und wird diese Bemühungen gemeinsam mit anderen Sicherheitsbehörden fortsetzen.",53.07023,8.84098,district
34026.0,2026-05-22,23.05.2026,Walle,False,Raub,Räuber überfällt Tankstelle in Walle,"Bremen-Walle, OT Walle, Waller Heerstraße",https://www.polizei.bremen.de/news/pressestelle/pressemeldungen-ab-14052026-67909,"Ein maskierter Räuber überfiel am Freitagabend eine Tankstelle in der Waller Heerstraße. Die Polizei sucht Zeugen.
Der Unbekannte betrat gegen 21.30 Uhr die Tankstelle im Bereich zwischen Alter Winterweg und Waller Straße und ging direkt zum Kassenbereich. Dort bedrohte er die 19 Jahre alte Mitarbeiterin mit einem Messer und forderte sie auf, die Kasse zu öffnen. Anschließend nahm der Täter Bargeld an sich und flüchtete unerkannt.
Der Räuber wurde als etwa 1,75 bis 1,80 Meter groß beschrieben. Er trug schwarze Jeans, schwarze Sneaker, eine schwarze Strickjacke, eine schwarze Cappy sowie ein schwarzes Halstuch, mit dem er sein Gesicht maskiert hatte.
Die Polizei Bremen ermittelt. Zeugenhinweise nimmt der Kriminaldauerdienst jederzeit unter der Rufnummer 0421 362-3888 entgegen.",53.0991229,8.7879477,address
34126.0,2026-05-22,23.05.2026,Mitte,False,Raub,Räuber entreißt Frau Luxus-Uhr,"Bremen-Mitte, OT Altstadt, Bischofsnadel",https://www.polizei.bremen.de/news/pressestelle/pressemeldungen-ab-14052026-67909,"Ein bislang unbekannter Täter überfiel am Freitagabend in der Altstadt eine 60 Jahre alte Frau und raubte ihre hochwertige Armbanduhr. Die Polizei sucht Zeugen – insbesondere auch einen Fahrradfahrer, dessen Rad der Täter für seine Flucht nutzte.
Die 60-Jährige war gegen 20 Uhr gemeinsam mit einer 55 Jahre alten Begleiterin in der Straße Bischofsnadel unterwegs und ging dort eine Treppe hinauf, als der Täter sie plötzlich von hinten angriff. Der Mann zog an ihrem Arm und griff gleichzeitig nach der Rolex-Armbanduhr am Handgelenk der Frau. Diese versuchte gemeinsam mit ihrer Begleiterin zunächst noch, die Uhr festzuhalten. Dem Täter gelang es jedoch, die Schließe des Armbandes zu öffnen und die Uhr an sich zu nehmen. Anschließend flüchtete der Räuber zunächst zu Fuß in Richtung Herdentorswallstraße. Nach etwa 50 Metern griff er einen vorbeifahrenden Fahrradfahrer an, zog ihn vom Fahrrad und setzte seine Flucht mit dem Rad in Richtung Sögestraße fort. Der Radfahrer blieb unverletzt und nahm die Verfolgung des Täters zunächst zu Fuß auf.
Der Täter wurde als etwa 30 Jahre alt mit kräftiger Statur und dunklem Teint beschrieben. Er hatte kurze Locken und trug eine lange Cargohose mit Camouflagemuster sowie ein olivfarbenes T-Shirt.
Bei der gestohlenen Uhr handelt es sich um eine hochwertige Rolex Yachtmaster 42 in Schwarz und Weißgold. Die Polizei Bremen warnt in diesem Zusammenhang vor dem Ankauf hochwertiger Uhren unbekannter Herkunft. Der Erwerb solcher Gegenstände kann den Straftatbestand der Hehlerei erfüllen.
Zeugenhinweise nimmt der Kriminaldauerdienst unter der Rufnummer 0421 362-3888 entgegen. Insbesondere der Fahrradfahrer wird gebeten, sich bei der Polizei zu melden.",53.0770555,8.8114524,address
34226.0,2026-05-23,24.05.2026,Walle,False,Sonstiges,Kreisverkehr statt Kavalierstart: Polizei bremst Poserszene aus,"Bremen-Walle, OT Überseestadt",https://www.polizei.bremen.de/news/pressestelle/pressemeldungen-ab-14052026-67909,"Bei sommerlichem Wetter kam es am Samstagabend des Pfingstwochenendes zu einem erhöhten Aufkommen der Raser- und Poserszene in der Überseestadt. Die Polizei Bremen war mit zahlreichen Einsatzkräften vor Ort und setzte konsequent Maßnahmen zur Verkehrslenkung und Kontrolle um.
Ab den Abendstunden gingen erste Beschwerden von Anwohnerinnen und Anwohnern über hochmotorisierte Fahrzeuge, überhöhte Geschwindigkeiten, aufheulende Motoren sowie laute Musik ein. Im Bereich Kommodore-Johnsen-Boulevard, Konsul-Smidt-Straße und rund um den Waller Sand entwickelte sich zeitweise ein erhebliches Verkehrsaufkommen, mit über 100 Fahrzeugen, darunter viele aus dem Bremer Umland, die der Poser-Szene zuzuordnen waren. Teilweise waren auch Zufahrtswege blockiert, sodass die Anfahrt von Polizei, Feuerwehr und ÖPNV erschwert wurde.
Die Polizei reagierte frühzeitig mit Maßnahmen. Durch gezielte Verkehrslenkungen und Sperrungen an zentralen Zufahrten konnte der Verkehrsfluss wiederhergestellt und die Situation beruhigt werden. Für die Szene wurde dabei bewusst ein „frustrierender Verkehrsfluss“ geschaffen, um spontanes Rasen und Posen zu unterbinden. Ab etwa 22.30 Uhr waren deutliche Abwanderungstendenzen feststellbar, gegen Mitternacht hatte sich die Lage weitgehend normalisiert.
Im Rahmen der Maßnahmen kontrollierten Einsatzkräfte insgesamt 42 Fahrzeuge und 76 Personen. Zudem wurden 15 Ordnungswidrigkeitenverfahren eingeleitet. Klar erkannte Verstöße wurden konsequent geahndet, gleichzeitig führten die Einsatzkräfte zahlreiche verkehrserzieherische Gespräche.
Die Polizei Bremen wird weiter konsequent gegen gefährliches Fahrverhalten und provozierende Lärmbelästigungen vorgehen. Ziel der Maßnahmen ist es, Gefahren für Verkehrsteilnehmende zu verhindern, die Lebensqualität im Quartier zu schützen und das Sicherheitsgefühl der Anwohnerinnen und Anwohner zu stärken. Mehrere Bürgerinnen und Bürger bedankten sich noch während des Einsatzes ausdrücklich bei den Einsatzkräften für das polizeiliche Einschreiten.",53.1028746,8.783049,district
34526.0,2026-05-26,27.05.2026,Mitte,False,Hasskriminalitaet,Rechtsextreme Parolen und Hitlergruß in der Innenstadt,"Bremen-Mitte, OT Altstadt, Balgebrückstraße, Schlachte",https://www.polizei.bremen.de/news/pressestelle/pressemeldungen-ab-14052026-67909,"Rechtsextremistische und ausländerfeindliche Äußerungen riefen am Dienstagabend die Polizei Bremen in der Altstadt auf den Plan. Die Polizei ermittelt wegen Volksverhetzung und Körperverletzung.
Gegen 19 Uhr beleidigte eine 25 Jahre alte Frau an der Haltestelle Domsheide mehrere Menschen mit Migrationshintergrund mit rassistischen Parolen. Unter anderem schrie sie „Alle Schwarzen sollen raus aus Deutschland“ sowie weitere fremdenfeindliche Beleidigungen. Zudem schlug sie einen 17-Jährigen mit einem Hausschuh leicht gegen den Oberarm. Der Jugendliche blieb unverletzt. Auch im Beisein der Einsatzkräfte tätigte die Frau weitere entsprechende Äußerungen.
Kurz vor Mitternacht zeigte zudem ein 41 Jahre alter Mann auf der Terrasse einer Bar an der Schlachte mehrfach den Hitlergruß und rief lautstark „Ich bin der allmächtige Führer“. Einsatzkräfte stellten den Mann kurze Zeit später im Bereich des Hauptbahnhofes.
Die weiteren Ermittlungen dauern an.",53.0786741,8.8109045,district
34626.0,2025-05-26,,Mitte,False,Sonstiges,Lebensgefährlich verletzt – Zeugen gesucht,"Bremen-Mitte, OT Bahnhofsvorstadt, Falkenstraße",https://www.polizei.bremen.de/news/pressestelle/pressemeldungen-ab-14052026-67909,"(27.05.26)
Am Dienstagabend erlitt ein 25 Jahre alter Mann in der Bahnhofsvorstadt lebensgefährliche Verletzungen. Die Polizei Bremen sucht Zeugen.
Gegen 20:15 Uhr meldete ein Passant über den Notruf der Feuerwehr den schwer verletzen 25-Jährigen an der Haltestelle Falkenstraße. Zuvor befand sich offenbar noch ein weiterer Mann an der Haltestelle, der plötzlich in Richtung Daniel-von-Büren-Straße rannte. Der Zeuge leistete umgehend Erste Hilfe bis zum Eintreffen der Rettungskräfte. Der 25-Jährige musste noch vor Ort reanimiert werden und im Krankenhaus aufgrund von Kopfverletzungen notoperiert werden. Er schwebt weiterhin in Lebensgefahr.
Der zweite Mann an der Haltestelle wurde als etwa 165 Zentimeter groß, Anfang 20 und mit einer kurzen Hose und einem T-Shirt bekleidet beschrieben. Zudem soll er einen weißen Turnbeutel vermutlich mit einem Anker-Symbol getragen haben.
Die Polizei Bremen sucht Zeugen, die gegen kurz nach 20 Uhr im Bereich der Falkenstraße etwas beobachtet haben oder Hinweise zu dem geflüchteten Mann machen können. Hinweisgeber werden gebeten, sich beim Kriminaldauerdienst unter 0421 362-3888 zu melden.",53.0836282,8.8052099,address
34726.0,2026-05-26,26.05.2026,Osterholz,False,Drogendelikt,Gewerbekontrollen im Bremer Osten – Shisha-Bar geschlossen,"Bremen-Osterholz, OT Tenever",https://www.polizei.bremen.de/news/pressestelle/pressemeldungen-ab-14052026-67909,"Polizei, Zoll, Glücksspielaufsicht und Ordnungs- sowie Finanzamt führten am Dienstag behördenübergreifende Gewerbekontrollen im Bremer Osten durch. Dabei wurden Kioske, Imbisse, sowie Bars überprüft und diverse Mängel festgestellt. Eine Shisha-Bar musste geschlossen werden.
In Tenever kontrollierten die Kräfte ab 16 Uhr bis in den späten Abend insgesamt sieben Gewerbeobjekte. Dabei wurden mehre Verstöße, wie gegen Lebensmittelvorschriften, erhebliche Hygienemängel -in einem Imbiss wurde Ungeziefer und Kot entdeckt- sowie massive Kassenverstöße festgestellt und geahndet. Dazu konnten Steuerschulden eingefordert und in diesem Zusammenhang auch ein Transporter gepfändet werden. In einer Shisha-Bar fanden und beschlagnahmten Einsatzkräfte Cannabis-Harz und über 100 Gramm Marihuana. Die Bar wurde geschlossen, die Ermittlungen der Kriminalpolizei dauern an.
Die Polizei Bremen ist stadtweit behördenübergreifend verstärkt im Einsatz und wird diese Maßnahmen auch weiterhin gezielt fortsetzen.",53.055514,8.9507122,district
34826.0,2026-05-27,27.05.2026,Neustadt,False,Sonstiges,Schüsse in der Neustadt – Zeugenaufruf,"Bremen-Neustadt, OT Südervorstadt, Buntentorsteinweg",https://www.polizei.bremen.de/news/pressestelle/pressemeldungen-ab-14052026-67909,"In der Bremer Neustadt lief heute Vormittag ein größerer Polizeieinsatz, nachdem Zeugen Schüsse meldeten. Die Polizei Bremen war mit zahlreichen Kräften vor Ort und konnte Tatverdächtige stellen.
Gegen 10 Uhr meldeten Zeugen über den Notruf der Polizei Schüsse im Buntentorsteinweg im Bereich Osterstraße. Schnell eintreffende Einsatzkräfte trafen auf einen mutmaßlich durch Schüsse ins Bein verletzten Mann. Sie leisteten Erste-Hilfe und legten bis zum Eintreffen der Rettungskräfte ein Tourniquet an. Der Mann wurde umgehend in ein Krankenhaus gebracht. Ein Fahrzeug mit vier Tatverdächtigen konnte noch in Tatortnähe gestellt werden. Die Polizei Bremen war mit starken Kräften vor Ort, befragte Zeugen und sicherte Spuren. Die Ermittlungen, insbesondere zum genauen Tatablauf und den Hintergründen, dauern an. Zusammenhänge zur Soko Fokus werden geprüft.
Weitere Hinweisgeber, die gegen 10 Uhr im Buntentorsteinweg verdächtige Beobachtungen gemacht haben, melden sich jederzeit beim Kriminaldauerdienst unter der Rufnummer 0421 362-3888. Weitere Auskünfte erteilt die Staatsanwaltschaft Bremen.",53.0676537,8.8021467,address
34926.0,2026-05-27,27.05.2026,Neustadt,False,Sonstiges,Nach Schüssen: Polizei schaltet anonymes Hinweisportal,"Bremen-Neustadt, OT Südervorstadt, Buntentorsteinweg",https://www.polizei.bremen.de/news/pressestelle/pressemeldungen-ab-14052026-67909,"Nach den Schüssen auf einen 32 Jahre alten Mann in der Neustadt am heutigen Mittwoch, siehe Pressemeldung 0348, hat die Polizei Bremen ein anonymes Hinweisportal frei geschaltet.
Wer Hinweise, Video- oder Fotoaufnahmen im Zusammenhang mit diesem Fall hat, kann diese der Polizei Bremen unter https://hb.hinweisportal.de/schuesse_an_der_piepe zur Verfügung stellen. Wer seine Identität nicht preisgibt, bleibt anonym. Zeugenhinweise aus der Bevölkerung werden auch weiter vom Kriminaldauerdienst unter der Telefonnummer 0421 362-3888 entgegengenommen.",53.0676537,8.8021467,address
35326.0,2026-05-26,29.05.2026,Mitte,False,Toetungsdelikt,Mordkommission ermittelt nach Tod eines 25-Jährigen,"Bremen-Mitte, OT Bahnhofsvorstadt, Falkenstraße",https://www.polizei.bremen.de/news/pressestelle/pressemeldungen-ab-14052026-67909,"Die Mordkommission der Polizei Bremen ermittelt nach dem Tod eines 25 Jahre alten Mannes. Er war am 26. Mai in der Bahnhofsvorstadt bewusstlos und mit einer lebensgefährlichen Kopfverletzung aufgefunden worden (siehe Pressemitteilung Nr. 0346). Der 25-Jährige verstarb in der Nacht zu Freitag in einem Bremer Krankenhaus.
Der 25-Jährige wurde am Dienstagabend gegen 20.15 Uhr von einem Passanten nicht ansprechbar und mit einer Kopfplatzwunde auf dem Boden liegend an der Haltestelle Falkenstraße gefunden. Zuvor befand sich der mutmaßliche Täter noch an der Haltestelle, flüchtete dann aber in Richtung Daniel-von-Büren-Straße. Nach einer Erstversorgung musste der 25-Jährige in ein Krankenhaus gebracht werden, wo er sofort notoperiert wurde und nun verstarb.
Ermittlungen ergaben, dass der 25-Jährige geschlagen wurde, in der Folge auf den Kopf stürzte und dabei die lebensgefährliche Kopfverletzung erlitt.
Die Ermittler suchen weiterhin Zeugen und fragen: ""Wem ist am Dienstagabend gegen 20.15 Uhr etwas Verdächtiges im Bereich der Haltestelle Falkenstraße aufgefallen? Wer kann Angaben zum mutmaßlichen Täter machen?"". Er soll etwa 165 Zentimeter groß, Anfang 20 sein und war mit einer kurzen Hose und einem T-Shirt bekleidet. Zudem soll er einen schwarz-weißen Turnbeutel vermutlich mit einem Nike-Symbol getragen haben. Hinweise gehen jederzeit an den Kriminaldauerdienst unter der Rufnummer 0421 362-3888.",53.0836282,8.8052099,address
35426.0,2026-06-15,29.05.2026,Mitte,False,Sonstiges,Selbstbehauptungsseminar der Polizei Bremen,"Bremen-Mitte, OT Altstadt, Am Wall",https://www.polizei.bremen.de/news/pressestelle/pressemeldungen-ab-14052026-67909,"Sie fühlen sich in der Öffentlichkeit unsicher? Sie wissen nicht wie Sie sich verhalten sollen, wenn Sie von fremden Personen angesprochen werden? Sie würden gerne anderen Menschen in bedrohlichen Situationen helfen, wissen aber nicht wie?
Dann besuchen Sie das Selbstbehauptungsseminar ""Starkes Auftreten statt starker Fäuste!"". Hier zeigen wir Ihnen verschiedene Lösungsmöglichkeiten für Konfliktsituationen.
Das Seminar findet am Montag, 15.06.26 von 17.00 Uhr - 18.30 im Justizzentrum, Am Wall 198, 28195 Bremen statt. Eine Anmeldung ist erforderlich unter der Telefonnummer 0421 362-19003 oder per Email an praeventionszentrum@polizei.bremen.de.",53.0810445,8.8009342,address
35526.0,2026-05-29,,Walle,False,Sonstiges,Polizei stoppt Autorennen,"Bremen-Walle, OT Steffensweg, Nordstraße",https://www.polizei.bremen.de/news/pressestelle/pressemeldungen-ab-14052026-67909,"(30.05.26)
Am Freitagabend stoppten Einsatzkräfte der Polizei Bremen in Walle ein mutmaßliches Autorennen zwischen einem 20- und einem 22-Jährigen. Beide Führerscheine und ein Fahrzeug wurden sichergestellt.
Im Rahmen der Maßnahmen gegen Poser und Raser waren die Einsatzkräfte der spezialisierten Verkehrsüberwachung am Freitagabend unter anderem mit einem Zivilfahrzeug im Stadtgebiet unterwegs. Gegen 21:50 Uhr wurden sie in der Nordstraße/Bremerhavener Straße stadteinwärts auf zwei BMW‘s aufmerksam, die sich offenbar ein Rennen lieferten. Zwischen dem Waller Ring und der Grasberger Straße erreichten die beiden Männer Geschwindigkeiten bis zu 150 km/h bei erlaubten 50 km/h. Das gesamte Geschehen wurde durch das Zivilfahrzeug videografiert. Beide Fahrzeuge konnten schließlich schnell durch die Polizisten gestoppt werden. Die Führerscheine der jungen Männer wurden sichergestellt, ebenso wie das Auto des 22-Jährigen, nicht jedoch der BMW des 20-Jährigen, da es sich um ein Firmenfahrzeug handelt.
Gegen beide Männer wird jetzt wegen der Teilnahme an einem nicht erlaubten Kraftfahrzeugrennen ermittelt.
Die Polizei Bremen wird auch weiterhin konsequent gegen Raser und Poser vorgehen und mit uniformierten und zivilen Kräften im Stadtgebiet präsent sein.",53.0996081,8.775312,address
35626.0,2026-05-30,,Schwachhausen,False,Sonstiges,Pfefferspray in Straßenbahn versprüht – Zeugen gesucht,"Bremen-Schwachhausen, OT Gete, Konrad-Adenauer-Allee",https://www.polizei.bremen.de/news/pressestelle/pressemeldungen-ab-14052026-67909,"(30.05.26)
In der Nacht von Freitag auf Samstag versprühte ein bislang unbekannter Mann in einer Straßenbahnlinie in Schwachhausen Pfefferspray. Die Polizei Bremen sucht Zeugen.
Der Unbekannte versprühte gegen 01:40 Uhr in der Linie N1 in Richtung Mahndorf auf Höhe der Konrad-Adenauer-Allee mutmaßlich Pfefferspray. 16 Personen erlitten dadurch leichte Reizungen der Atemwege. Medizinisch behandelt werden musste niemand.
Es ist bislang weder eine Beschreibung des Mannes noch seine Fluchtrichtung bekannt. Die Polizei Bremen sucht daher weitere Zeugen der Tat und bittet diese, sich beim Kriminaldauerdienst unter 0421 362-3888 zu melden.",53.0802636,8.858552,address
35726.0,2026-05-30,,Burglesum,False,Raub,Supermarkt überfallen – Zeugen gesucht,"Bremen-Burglesum, OT St. Magnus, Richthofenstraße",https://www.polizei.bremen.de/news/pressestelle/pressemeldungen-ab-14052026-67909,"(31.05.26)
Am Samstagmorgen überfiel ein unbekannter Mann einen Supermarkt in Burglesum. Die Polizei Bremen sucht Zeugen.
Der Mann betrat gegen 8:40 Uhr das Lebensmittelgeschäft in der Richthofenstraße und forderte unter dem Vorhalt einer Schusswaffe von dem 60 Jahre alten Ladenbesitzer die Herausgabe von Bargeld. Nachdem der Täter das Geld in seine Tasche steckte, flüchtete er in unbekannte Richtung.
Der Täter soll etwa 180 Zentimeter groß, schlank und mit einer dunklen Jeans und einer schwarzen Kapuzenjacke bekleidet gewesen sein.
Die Polizei Bremen sucht Zeugen, die am Samstagmorgen gegen 8:40 Uhr im Bereich Richthofenstraße/Blumenkamp etwas Auffälliges beobachtet haben und Hinweise zum Täter geben können. Hinweisgeber werden gebeten, sich beim Kriminaldauerdienst unter 0421 362-3888 zu melden.",53.1701012,8.6611143,address
35826.0,2026-05-29,,Schwachhausen,False,Sonstiges,Farbschmierereien an Schule,"Bremen-Schwachhausen, OT Schwachhausen, Schwachhauser Heerstraße",https://www.polizei.bremen.de/news/pressestelle/pressemeldungen-ab-14052026-67909,"(31.05.26)
Am Wochenende besprühten Unbekannte eine Schule in Schwachhausen umfangreich mit Farbschmierereien. Die Polizei Bremen sucht Zeugen.
Der oder die Unbekannten brachten in der Zeit von Freitag, 19 Uhr bis Samstag, 13 Uhr mehrere Farbschmierereien an diversen Gebäuden des Gymnasiums in der Schwachhauser Heerstraße an. In roter Farbe sprühten sie neben politisch motivierten Schriftzügen wie „Free Palestina“ oder „Scheiss Nazis“ auch Ausdrücke wie „67“ oder sonstige Zeichnungen.
Die Polizei Bremen hat die Ermittlungen aufgenommen und bittet mögliche Zeugen, sich beim Kriminaldauerdienst unter 0421 362-3888 zu melden.",53.085986,8.8522351,address
35926.0,2026-06-01,01.06.2026,Gröpelingen,False,Raub,Räuber überfällt Tankstelle in Gröpelingen,"Bremen-Gröpelingen, OT Lindenhof, Stapelfeldtstraße",https://www.polizei.bremen.de/news/pressestelle/pressemeldungen-ab-14052026-67909,"Ein bislang unbekannter Täter überfiel in der Nacht von Sonntag auf Montag eine Tankstelle in Gröpelingen. Die Polizei sucht Zeugen.
Nach bisherigen Erkenntnissen beschädigte der Mann gegen 3 Uhr mit einem Hammer die Fensterscheibe eines Büroraums und gelangte durch das Fenster in die Innenräume der Tankstelle in der Stapelfeldstraße. Anschließend begab er sich in den Verkaufsraum, bedrohte den 24 Jahre alten Mitarbeiter mit einem Messer und forderte die Öffnung der Kasse. Der Räuber entnahm Bargeld und flüchtete anschließend durch das zuvor eingeschlagene Fenster in unbekannte Richtung.
Der Täter trug eine schwarze Jacke, eine braune Hose sowie eine Sturmhaube und führte einen Stoffbeutel mit sich. Zudem sprach er gebrochen Deutsch.
Die Polizei Bremen ermittelt wegen schweren Raubes. Zeugenhinweise nimmt der Kriminaldauerdienst jederzeit unter der Rufnummer 0421 362-3888 entgegen.",53.1198695,8.7523427,address
36026.0,2026-06-01,01.06.2026,Osterholz,False,Drogendelikt,Drogendealer hinter Gittern,"Bremen-Osterholz, OT Ellernerbrook-Schevemoor, Oewerweg",https://www.polizei.bremen.de/news/pressestelle/pressemeldungen-ab-14052026-67909,"Zivile Einsatzkräfte der Polizei Bremen nahmen am Samstagabend einen 27 Jahre alten mutmaßlichen Drogendealer fest. Bei anschließenden Durchsuchungen stellten die Ermittler knapp ein Kilogramm Kokain, weitere Betäubungsmittel, Bargeld und Verpackungsmaterial sicher.
Der 27-Jährige wurde während einer Verkehrskontrolle in Bremen-Osterholz überprüft. In seinem Fahrzeug fanden die Einsatzkräfte mehrere Verkaufseinheiten von Haschisch und Kokain sowie eine größere Menge Bargeld. Zudem führte der Mann ein Messer griffbereit bei sich.
Im Verlauf der Ermittlungen ergaben sich Hinweise auf einen Drogenbunker. Noch während der Kontrolle versuchte der Tatverdächtige, Beweismittel vernichten zu lassen. Durch das schnelle Eingreifen der Einsatzkräfte konnte dies verhindert werden. Bei einer anschließenden Durchsuchung einer Wohnung fanden die Polizisten knapp ein Kilogramm Kokain sowie weiteres Verpackungsmaterial für den Drogenhandel.
Durch die Staatsanwaltschaft wurde die Fortdauer der Freiheitsentziehung angeordnet, ein Richter erließ heute einen Haftbefehl gegen den 27-Jährigen.",53.0604973,8.9410912,address
36226.0,2026-05-31,01.06.2026,Mitte,False,Koerperverletzung,Raubtaten in Mitte und Schwachhausen,"Bremen-Mitte/ Schwachhausen, OT Bahnhofsvorstadt/ Neu-Schwachhausen, Falkenstraße/ Parkallee",https://www.polizei.bremen.de/news/pressestelle/pressemeldungen-ab-14052026-67909,"In Mitte und Schwachhausen kam es im Verlauf des Sonntags zu zwei Raubtaten: Am Morgen riss ein Unbekannter einem 79-Jährigen in der Straßenbahn eine Goldkette vom Hals und verletze diesen. Am Abend versuchte ein Täter einem 45 Jahre alten Mann am Bürgerpark eine Goldkette zu entwenden. Die Polizei sucht Zeugen.
Gegen 09:25 Uhr war der 79-Jährige mit einem Freund in einer Straßenbahn der Linie 10 nach Sebaldsbrück unterwegs. In der Bahn näherte sich der Unbekannte und versuchte, in die Tasche des Seniors zu greifen, offenbar um ihm das Portemonnaie zu entwenden. Als dies misslang, entriss er ihm die Halskette aus Gold woraufhin der 79-Jährige stürzte und sich verletzte. Der Täter verließ die Straßenbahn an der Haltestelle Falkenstraße flüchtete anschließend mit einem E-Scooter.
Der Täter wurde wie folgt beschrieben: Er soll etwa 30 Jahre alt und 180 bis 185 cm groß gewesen sein. Bekleidet war er mit einer hellen Hose und einem grauen Pullover. Er soll eine kräftige Statur gehabt haben, außerdem trug er eine weiße Kappe.
Etwa gegen 21:05 Uhr unterhielt sich ein 45 Jahre alter Mann in der Parkallee mit dem Besitzer eines Wohnmobils, als er unvermittelt von hinten von einem Unbekannten attackiert wurde. Dieser schlug und biss ihn. Während des folgenden Gerangels fiel die Goldkette zu Boden, die der 45-Jährige aber wieder an sich nehmen konnte. Anschließend flüchtete der Täter In Richtung Stern. Der 45-Jährige erlitt mehrere blutende Verletzungen im Gesicht, die in einem Krankenhaus behandelt werden mussten.
Der Täter soll etwa 40 bis 45 Jahre alt und 170 bis 175 cm groß gewesen sein. Er hatte kurze braune Haare und war mit einem blauen Pullover und einer hellen Hose bekleidet.
Zeugenhinweise nimmt für beide Fälle der Kriminaldauerdienst der Polizei Bremen jederzeit unter 0421 362-3888 entgegen.",53.0786741,8.8109045,district
36226.0,2026-05-31,01.06.2026,Schwachhausen,False,Koerperverletzung,Raubtaten in Mitte und Schwachhausen,"Bremen-Mitte/ Schwachhausen, OT Bahnhofsvorstadt/ Neu-Schwachhausen, Falkenstraße/ Parkallee",https://www.polizei.bremen.de/news/pressestelle/pressemeldungen-ab-14052026-67909,"In Mitte und Schwachhausen kam es im Verlauf des Sonntags zu zwei Raubtaten: Am Morgen riss ein Unbekannter einem 79-Jährigen in der Straßenbahn eine Goldkette vom Hals und verletze diesen. Am Abend versuchte ein Täter einem 45 Jahre alten Mann am Bürgerpark eine Goldkette zu entwenden. Die Polizei sucht Zeugen.
Gegen 09:25 Uhr war der 79-Jährige mit einem Freund in einer Straßenbahn der Linie 10 nach Sebaldsbrück unterwegs. In der Bahn näherte sich der Unbekannte und versuchte, in die Tasche des Seniors zu greifen, offenbar um ihm das Portemonnaie zu entwenden. Als dies misslang, entriss er ihm die Halskette aus Gold woraufhin der 79-Jährige stürzte und sich verletzte. Der Täter verließ die Straßenbahn an der Haltestelle Falkenstraße flüchtete anschließend mit einem E-Scooter.
Der Täter wurde wie folgt beschrieben: Er soll etwa 30 Jahre alt und 180 bis 185 cm groß gewesen sein. Bekleidet war er mit einer hellen Hose und einem grauen Pullover. Er soll eine kräftige Statur gehabt haben, außerdem trug er eine weiße Kappe.
Etwa gegen 21:05 Uhr unterhielt sich ein 45 Jahre alter Mann in der Parkallee mit dem Besitzer eines Wohnmobils, als er unvermittelt von hinten von einem Unbekannten attackiert wurde. Dieser schlug und biss ihn. Während des folgenden Gerangels fiel die Goldkette zu Boden, die der 45-Jährige aber wieder an sich nehmen konnte. Anschließend flüchtete der Täter In Richtung Stern. Der 45-Jährige erlitt mehrere blutende Verletzungen im Gesicht, die in einem Krankenhaus behandelt werden mussten.
Der Täter soll etwa 40 bis 45 Jahre alt und 170 bis 175 cm groß gewesen sein. Er hatte kurze braune Haare und war mit einem blauen Pullover und einer hellen Hose bekleidet.
Zeugenhinweise nimmt für beide Fälle der Kriminaldauerdienst der Polizei Bremen jederzeit unter 0421 362-3888 entgegen.",53.0854265,8.8363055,district
36326.0,2026-06-01,02.06.2026,Walle,False,Drogendelikt,Größerer Drogenfund nach Wohnungsdurchsuchung,"Bremen-Walle, OT Utbremen, Schifferstraße 21",https://www.polizei.bremen.de/news/pressestelle/pressemeldungen-ab-14052026-67909,"Zivile Einsatzkräfte der Polizei Bremen konnten am Montagmittag in Walle im Hanse Garten einen Drogenhandel beobachten und daraufhin zwei Tatverdächtige im Alter von 22 und 29 Jahren vorläufig festnehmen. Bei einer anschließenden Wohnungsdurchsuchung konnten die Ermittler eine nicht unerhebliche Menge weiterer Betäubungsmittel auffinden.
Nachdem die Einsatzkräfte den Drogenhandel beobachtet hatten, konnten die Beteiligten von den Einsatzkräften gestellt werden. Man fand bei ihnen mehrere Verkaufseinheiten Marihuana und eine größere Summe Bargeld auf. Die beiden Tatverdächtigen wurden im Anschluss mit zur Wache genommen und die Durchsuchung einer Wohnung wurde richterlich angeordnet. Dabei fanden die Ermittler unter anderem mehrere Gramm Kokain sowie knapp zwei Kilogramm Marihuana und stellten dieses sicher. Die beiden Tatverdächtigen wurden nach Abschluss der Maßnahmen entlassen. Die weiteren Ermittlungen dauern an.",53.0901355,8.7887234,address
36426.0,2026-06-01,02.06.2026,Obervieland,False,Sonstiges,Alarm statt Arabica,"Bremen-Obervieland, OT Habenhausen, Steinsetzerstraße",https://www.polizei.bremen.de/news/pressestelle/pressemeldungen-ab-14052026-67909,"Manchmal scheitert der Weg zum perfekten Kaffee schon vor dem ersten Aufbrühen.
Ein 37 Jahre alter Mann betrat am Montagabend einen Supermarkt in Habenhausen und lud kurzerhand zwei Kaffeevollautomaten in seinen Einkaufswagen. Mit seiner Beute steuerte er anschließend einen Notausgang an, brachte die Kartons ins Freie und deponierte sie dort für die spätere Abholung.
Allerdings hatte der Plan einen kleinen Haken: Die Türsicherung war anderer Meinung und machte lautstark auf den Vorgang aufmerksam. Als der Mann anschließend versuchte, den Markt über einen anderen Ausgang zu verlassen, warteten dort bereits aufmerksame Mitarbeiter und die Polizei.
Von der Kontrolle zeigte sich der 37-Jährige wenig begeistert. Er versuchte noch, mehrere Cracksteine loszuwerden und widersetzte sich den weiteren Maßnahmen. Statt eines gemütlichen Kaffeegenusses wurden ihm schließlich polizeiliche „Freundschaftsarmbänder“ angelegt.
Die beiden Kaffeevollautomaten blieben im Markt, der 37-Jährige kam mit.  Die weiteren Ermittlungen dauern an.",53.0474586,8.8465925,address
36526.0,2026-06-01,03.06.2026,Vahr,False,Brandstiftung,Anwohner löschen Brand,"Bremen-Vahr, OT Gartenstadt Vahr, Wilseder-Berg-Straße",https://www.polizei.bremen.de/news/pressestelle/pressemeldungen-ab-14052026-67909,"Am späten Montagabend brannten an einem Supermarkt in der Vahr mehrere Holzpalletten. Anwohner löschten das Feuer größtenteils und verhinderten so Schlimmeres. Die Polizei sucht Zeugen.
Gegen 21:30 Uhr wurden Polizei und Feuerwehr in die Wilseder-Berg-Straße gerufen. Anwohner hatten dort brennende Palletten an einem dortigen Supermarkt entdeckt. Bei Eintreffen der Kräfte hatte ein 27 Jahre alter Nachbar den Brand fast gelöscht und so das vollständige Übergreifend der Flammen auf das Gebäude verhindert. Die Feuerwehr übernahm dann die weiteren Löscharbeiten. An der Fassade und am Dach entstand Sachschaden. Die Kriminalpolizei ermittelt jetzt wegen Brandstiftung.
Zeugen, die in der Wilseder-Berg-Straße oder der näheren Umgebung Beobachtungen gemacht haben, werden gebeten, sich beim Kriminaldauerdienst der Polizei Bremen unter 0421 362-3888 zu melden.",53.0747011,8.8773172,address
36626.0,2026-06-02,02.06.2026,Hemelingen,False,Einbruch,Polizei stellt Kupferdiebe,"Bremen-Hemelingen, OT Hemelingen, An der Grenzpappel",https://www.polizei.bremen.de/news/pressestelle/pressemeldungen-ab-14052026-67909,"Nach der Meldung eines aufmerksamen LKW-Fahrers konnten in der Nacht von Montag auf Dienstag durch Einsatzkräfte der Polizei drei Tatverdächtige in Zusammenhang mit einem Einbruchsdiebstahl auf dem Recycling-Hof Hemelingen gestellt werden. Bei dem Stehlgut handelte es sich um diverse Kupferkabel.
Gegen 03:21 Uhr fiel dem LKW-Fahrer ein für diese Uhrzeit ungewöhnliches, geschäftiges Treiben auf dem Recycling-Hof Hemelingen auf und meldete dies der Polizei. Während eine Person mutmaßlich Schmiere stand, hielt sich eine zweite Person auf dem Recycling-Hof auf und transportierte Kabel aus einer Gitterbox zum Zaun. Eine dritte Person verbrachte diese Kabel mithilfe eines Einkaufswagens zu einem abgesetzt geparkten Pkw. Die alarmierten Einsatzkräfte konnten alle drei Beteiligten vorläufig festnehmen sowie das bereits mit Kabeln beladene Fahrzeug in unmittelbarer Nähe zum Tatort auffinden und sicherstellen. Die angebrachten Kennzeichen gehörten nicht zu dem Fahrzeug. Es wird in diesem Zusammenhang wegen einer Urkundenfälschung ermittelt. An einem Rolltor konnten Aufbruchsspuren festgestellt werden.",53.0586919,8.8817426,address
36726.0,2026-06-02,02.06.2026,Vahr,False,Sonstiges,Von Müllwagen überrollt,"Bremen-Vahr, OT Neue Vahr Südwest, Adam-Stegerwald-Straße",https://www.polizei.bremen.de/news/pressestelle/pressemeldungen-ab-14052026-67909,"Am Dienstagmittag wurde eine 95 Jahre alte Frau in der Vahr von einem Müllfahrzeug überrollt und lebensgefährlich verletzt. Die Polizei sucht Zeugen.
Gegen 13:30 Uhr hielt der 42 Jahre alte Fahrer in der Adam-Stegerwald-Straße, um mit seinen Kollegen Müll einzuladen. Währenddessen wollte die 95-Jährige die Straße vor dem Wagen überqueren. Aus bisher noch ungeklärter Ursache erfasste der 42-Jährige die Seniorin beim Wiederanfahren mit dem Müllwagen und überrollte sie. Die Frau erlitt dabei lebensgefährliche Verletzungen und wurde in ein Krankenhaus gebracht. Das Verkehrskommissariat der Polizei Bremen hat jetzt die Ermittlungen zur genauen Unfallursache aufgenommen.
Zeugenhinweise nimmt die Verkehrsbereitschaft der Polizei Bremen unter 0421 362-14850 entgegen.",53.0776873,8.8891147,address
36826.0,2026-06-02,03.06.2026,Vegesack,False,Einbruch,Einbrecher überrascht Bewohner in gleich zwei Fällen,"Bremen-Vegesack, OT Vegesack, Weserstraße und Albrecht-Roth-Straße",https://www.polizei.bremen.de/news/pressestelle/pressemeldungen-ab-14052026-67909,"Am Dienstagabend kam es in Vegesack in kurzer Abfolge zu zwei Einbrüchen, bei
denen der Täter die anwesenden Bewohner überraschte und im Anschluss unerkannt
flüchtete. Aufgrund einer übereinstimmenden Beschreibung, geht die Polizei
derzeit von demselben Täter aus. Es wurde niemand verletzt und der Täter konnte,
dank der Zivilcourage eines aufmerksamen Nachbarn, nichts erbeuten.
In die erste Wohnung stieg der Täter gegen 20:45 Uhr über ein angekipptes
Fenster der Waschküche ein. Er begab sich in den Flur, wo er auf das dort
lebende Ehepaar traf. Obwohl diese versuchten, ihn davon abzuhalten, durchsuchte
er mehrere Schränke. Ohne etwas zu erbeuten, verließ er schließlich das Gebäude.
Das Ehepaar wurde dabei nicht verletzt.
Kurz darauf verschaffte sich der Täter über ein Badezimmerfenster Zugang in ein
weiteres Haus und überraschte dort die Familie beim Abendessen. Der Täter
bedrohte diese verbal und verließ das Haus erst, nachdem er eine Handtasche samt
Portemonnaie an sich genommen hatte. Die Flucht des Täters wurde von einem
29-jährigen Nachbarn beobachtet, welcher die Hilferufe gehört hatte und
daraufhin die Verfolgung aufnahm. Er forderte den Täter auf, das Stehlgut
herauszugeben, was dieser auch tat. Der Nachbar übergab es im Anschluss der
Eigentümerin.
Das Einschreiten des Nachbarn war sehr mutig, dennoch rät die Polizei: Bringen
Sie sich durch gewagte Aktionen nicht unnötig selbst in Gefahr, sondern prägen
Sie sich lieber Tätermerkmale und Fluchtrichtung ein und rufen Sie die 110 an.
Je schneller die Polizei informiert wird, desto besser können die Täter
ermittelt werden.
Der Täter soll kurze, dunkle Haare gehabt haben, circa 170 cm groß und 30 bis 40
Jahre alt gewesen sein. Zur Tatzeit soll er ein helles Oberteil und eine dunkle
Hose getragen haben. Zeugenhinweise nimmt der Kriminaldauerdienst unter der
Rufnummer 0421 362-3888 entgegen",53.1705249,8.6238803,district
36926.0,2026-06-02,03.06.2026,Vahr,False,Sonstiges,Frau verstirbt nach Unfall mit Müllwagen,"Bremen-Vahr, OT Neue Vahr Südwest, Adam-Stegerwald-Straße",https://www.polizei.bremen.de/news/pressestelle/pressemeldungen-ab-14052026-67909,"Am Dienstagmittag wurde eine 93 Jahre alte Frau* in der Vahr von einem Müllfahrzeug überrollt und zunächst lebensgefährlich verletzt (siehe Pressemitteilung 0367). Im Krankenhaus erlag sie ihren Verletzungen.
Die Frau wollte gegen 13:30 Uhr die Adam-Stegerwald-Straße vor einem wartenden Müllauto überqueren. Als der Fahrer anfuhr, überrollte er die 93 Jahre alte Frau. Sie wurde mit lebensgefährlichen Verletzungen in ein Krankenhaus gebracht und verstarb dort am späten Dienstagabend. Die Ermittlungen des Verkehrskommissariats der Polizei Bremen zur genauen Unfallursache dauern an.
Zeugenhinweise nimmt die Verkehrsbereitschaft der Polizei Bremen unter 0421 362-14850 entgegen.
*Hinweis: In der Pressemitteilung mit der Nummer 0367 wurde das Alter der Frau mit 95 angegeben. Dies war ein Fehler. Sie war 93 Jahre alt.",53.0776873,8.8891147,address
37026.0,2026-06-02,03.06.2026,Woltmershausen,False,Einbruch,Polizeirevier Woltmershausen durch Gullydeckel-Wurf beschädigt,"Bremen-Woltmershausen, OT Woltmershausen, Dötlinger Straße",https://www.polizei.bremen.de/news/pressestelle/pressemeldungen-ab-14052026-67909,"In der Nacht zu Mittwoch wurde die Haupteingangstür des Polizeireviers Woltmershausen durch Würfe mit einem Gullydeckel beschädigt. Das Gebäude wurde nicht von dem Täter betreten.
Gegen 22:40 Uhr wurden durch den Täter insgesamt drei Versuche unternommen, die gläserne Schiebetür des Polizeireviers Woltmershausen mit einem Gullydeckel einzuwerfen. Obwohl sich die Schiebetür daraufhin kurz öffnete, betrat der Täter das Gebäude nicht. Die Polizei geht daher aktuell nicht von einem Einbruchsversuch, sondern von einer Sachbeschädigung aus. Der Gullydeckel war unmittelbar vor dem Revier von einem Abwasserschacht entnommen worden. Der Schaden beläuft sich auf einen niedrigen vierstelligen Betrag. Der Täter wurde durch die Videoüberwachungsanlage des Objektes aufgezeichnet. Es liegen erste Hinweise auf die Identität des Täters vor.",53.0807838,8.7712717,address
37126.0,2026-06-03,04.06.2026,Schwachhausen,False,Diebstahl,Täter geben sich als Wasserwerker aus,"Bremen-Schwachhausen, OT Schwachhausen, Schwachhauser Ring",https://www.polizei.bremen.de/news/pressestelle/pressemeldungen-ab-14052026-67909,"Am Mittwochabend gaben sich im Schwachhauser Ring zwei Männer gegenüber einer 86-jährigen Seniorin als Wasserwerker aus und gelangten unter einem Vorwand in ihre Wohnung. Die Polizei Bremen sucht Zeugen und gibt wichtige Hinweise, wie Sie sich schützen können.
Die 86-Jährige kehrte gegen 18 Uhr von einem Besuch bei der Sparkasse zurück, als sie vor ihrer Haustür von zwei Männern angesprochen wurde. Diese präsentierten sich ihr gegenüber als Wasserwerker. Unter dem Vorwand, man müsse aufgrund eines Wasserrohrbruchs in der Nachbarschaft den Wasserdruck in der Wohnung überprüfen, verschafften sie sich Zugang zur Wohnung. Während einer der Täter die Dame ablenkte und sie aufforderte, in der Küche den Wasserhahn aufzudrehen, durchsuchte der zweite Täter das Wohnzimmer, wo er Bargeld entwendete. Im Anschluss verließen beide Täter die Wohnung und flüchteten unerkannt. Die Dame merkte den Verlust schnell und wandte sich an eine vorbeifahrende Streifenwagenbesatzung.
Beide Täter wurden als männlich, mit dunklen Haaren beschrieben und wurden auf 25 Jahre geschätzt. Zudem sollen beide mit einem dunkelblauen, langärmligen Oberteil und einer Jogginghose bekleidet gewesen sein. Zeugenhinweise nimmt der Kriminaldauerdienst unter der Rufnummer 0421 362-3888 entgegen.
Die Polizei rät: Schützen Sie sich und andere - so geht's:
-	Lassen Sie nur Personen in Ihre Wohnung, die Sie selbst bestellt oder die Ihnen durch die Hausverwaltung angekündigt wurden.
-	Holen Sie sich Hilfe von Nachbarn oder Vertrauenspersonen.
-	Rufen Sie bei Unsicherheiten sofort die Polizei unter 110 an.
Weitere Tipps und Ratschläge gibt es beim Präventionszentrum der Polizei Bremen, Tel.: 0421 362 19003, oder unter www.polizei.bremen.de.",53.0854011,8.8498285,address
44426.0,2026-07-02,03.07.2026,Östliche Vorstadt,False,Drogendelikt,Drogendealer festgenommen,"Bremen-Östliche Vorstadt, OT Steintor, Vor dem Steintor",https://www.polizei.bremen.de/news/pressestelle/pressemeldungen-ab-03072026-68314,"Donnerstagabend nahm die Polizei einen mutmaßlichen Straßenhändler vorläufig fest. Bei dem 25-Jährigen fanden sie Marihuana und Bargeld.
Einsatzkräfte der Taskforce, die schwerpunktmäßig zur Bekämpfung der Drogen- und Straßenkriminalität im Bahnhofsumfeld unterwegs waren, wurden am Abend auf den polizeibekannten Drogendealer aufmerksam. Als er die Einsatzkräfte erblickte, versuchte er zu flüchten, konnte aber schnell gefasst werden. Bei einer anschließenden Kontrolle fanden die Polizisten in drei großen Plastiktüten diverse Verkaufseinheiten Marihuanakraut, zwei Mobiltelefone sowie Bargeld in szenetypischer Stückelung. Der mutmaßliche Straßendealer wurde vorläufig festgenommen.
Gegen den 25-Jährigen wurden Ermittlungen wegen des Handeltreibens mit Cannabis eingeleitet. Die weiteren Ermittlungen dauern an.",53.0730116,8.8237464,address
44526.0,2026-07-02,03.07.2026,Mitte,False,Waffendelikt,Polizisten stoppen mit Messer bewaffneten Mann,"Bremen-Mitte, OT Bahnhofsvorstadt, An der Weide",https://www.polizei.bremen.de/news/pressestelle/pressemeldungen-ab-03072026-68314,"Einsatzkräfte der Polizei Bremen, der Bundespolizei und Mitarbeiter von Ordnungsamt und DB-Sicherheit stoppten im Rahmen der so genannten Quattro-Streife am Donnerstagmorgen einen 21 Jahre alten Mann in der Nähe des Hauptbahnhofes. Er war zuvor mit gezogenem Cuttermesser herumgelaufen und hatte die Polizisten damit bedroht.
Etwa um 10:35 Uhr wollte die Quattro Streife den 21-Jährigen am Bahnhofsplatz aufgrund von Vorerkenntnissen kontrollieren, woraufhin dieser ein Cuttermesser zog, aufstand und wegging. Die Kräfte stoppten den Mann in der Nähe des Alten Postamtes, dort ging er mehrfach auf sie zu und bedrohte sie. Aus diesem Grund musste ein Polizist der Bundespolizei seine Dienstwaffe ziehen und den Gebrauch androhen. Daraufhin warf der 21-Jährige das Messer weg und ließ sich festnehmen. Verletzt wurde niemand. Er wurde in eine psychiatrische Klinik gebracht und dort vorläufig zwangsweise untergebracht.",53.0806887,8.8188283,address
44626.0,2026-07-03,04.07.2026,Östliche Vorstadt,False,Einbruch,Einbruch in Parteibüro,"Bremen-Östliche Vorstadt, OT Steintor, Friesenstraße",https://www.polizei.bremen.de/news/pressestelle/pressemeldungen-ab-03072026-68314,"Freitagnachmittag brachen bislang unbekannte Täter in die Geschäftsräume der Partei ""Die Linke"" im Bremer Steintorviertel ein. Die Polizei sucht Zeugen.
Nachdem die Einbrecher die Eingangstür zum Parteibüro an der Friesenstraße aufgehebelt hatten, durchsuchten sie sämtliche Räume und durchwühlten Schränke und Schubladen. Aus einem Besprechungsraum entwendeten die Eindringlinge einen Beamer. Die Tür eines angrenzenden Tattoo-Studios wurde ebenfalls aufgehebelt.
Anschließend flüchteten die Täter unerkannt.
Die Polizei sucht Zeugen und fragt, wer zur Tatzeit in diesem Zusammenhang verdächtige Beobachtungen gemacht hat. Hinweise nimmt der Kriminaldauerdienst jederzeit unter der Rufnummer 0421 362-3888 entgegen.",53.0724769,8.8328327,address
44726.0,2026-07-03,04.07.2026,Horn-Lehe,False,Sonstiges,Polizeieinsatz in Horn-Lehe,"Bremen-Horn-Lehe, OT Lehesterdeich, Leher Heerstraße",https://www.polizei.bremen.de/news/pressestelle/pressemeldungen-ab-03072026-68314,"Am Freitagabend kam es in Horn-Lehe zu einem größeren Polizeieinsatz.
Ein 32-jähriger Mann bedrohte sich selbst mit einem Messer in seiner Wohnung an der Leher Heerstraße und äußerte, sich umzubringen, wenn sich ihm jemand nähert. Dabei hielt er ein Messer in der Hand. Ein Mitbewohner alarmierte daraufhin die Polizei über den Notruf. Trotz Ansprache trat der Mann aggressiv den Einsatzkräften entgegen; die Wohnung hatte er mit Möbelstücken verbarrikadiert. Er schrie wirr herum und drohte, neben dem Messer auch eine Waffe zu haben.
Hinzugerufene Spezialeinsatzkräfte überwältigten den Mann schließlich mittels Distanz-Elektro-Impuls-Gerät (DEIG, sog. Taser). Der 32-Jährige wurde anschließend zwangsweise in ein psychiatrisches Krankenhaus überführt.
Bei dem Einsatz trat der Mann um sich und traf dabei eine Polizistin im Gesicht. Sie und unbeteiligte Personen blieben unverletzt. Die weiteren Ermittlungen dauern an.",53.0977858,8.8703357,address
44826.0,2026-07-04,04.07.2026,Neustadt,False,Sachbeschaedigung,Betrunken am Steuer: Mehrere Autos in der Neustadt beschädigt,"Bremen-Neustadt, OT Neustadt, Neuenlander Straße",https://www.polizei.bremen.de/news/pressestelle/pressemeldungen-ab-03072026-68314,"In der Nacht zu Samstag verlor ein betrunkener 32-Jähriger die Kontrolle über sein Auto und beschädigte dabei mehrere Fahrzeuge in der Neustadt. Der Fahrer und sein 20 Jahre alter Beifahrer verletzten sich dabei leicht.
Gegen 1 Uhr war der Skoda-Fahrer auf der Neuenlander Straße mit überhöhter Geschwindigkeit unterwegs. Er verlor die Kontrolle, rammte mehrere parkende Autos und schob dabei ein weiters Fahrzeug auf den Radweg, bis der Unfallwagen nach einer weiteren Kollision schließlich auf dem Gehweg zum Stehen kam. Durch herumfliegende Trümmerteile wurde noch ein Auto beschädigt. Fahrer und Beifahrer wurden leicht verletzt und mussten von Rettungskräften behandelt werden. Der 32-Jährige stand unter Alkoholeinfluss und musste sich einer Blutentnahme unterziehen.
Sein verlorener Führerschein konnte nicht eingezogen werden. Der Unfallwagen und zwei weitere Autos mussten abgeschleppt werden. Gegen ihn wurden unter anderem Strafanzeigen wegen Straßenverkehrsgefährdung und Trunkenheit im Straßenverkehr gefertigt. Die weiteren Ermittlungen dauern an. Unfallzeugen melden sich jederzeit bei der Verkehrsbereitschaft unter der Rufnummer 0421 362-14850.",53.0579498,8.7948935,address
44926.0,2026-07-04,05.07.2026,Mitte,False,Sonstiges,Kino nach Hinweis auf Gefahrenlage vorsorglich geräumt – Polizei gibt Entwarnung,"Bremen-Mitte, OT Bahnhofsvorstadt, Breitenweg",https://www.polizei.bremen.de/news/pressestelle/pressemeldungen-ab-03072026-68314,"Ein Hinweis auf mehrere Personen mit einem verdächtigen Gegenstand führte am späten Samstagabend zu einem Polizeieinsatz in einem Kino in Bremen-Mitte. Eine konkrete Gefährdung bestätigte sich nicht.
Nach bisherigen Erkenntnissen wandten sich vier Frauen an Mitarbeitende des Kinos und berichteten, dass sich in einem Kinosaal vier Männer aufhalten würden, die eine Tasche mit sich führten, aus der Kabel herausragen sollten. Zudem gaben die Frauen an, die Männer hätten gebetet und dabei die Hände zum Himmel gehoben. Anschließend verließen sie das Kino und konnten nicht mehr angetroffen werden.
Der Kinobetreiber überprüfte den betroffenen Saal, in dem sich etwa 150 Zuschauer befanden, konnte zunächst nichts feststellen und alarmierte anschließend die Polizei. In Abstimmung mit den Einsatzkräften wurde vorsorglich ein Feueralarm ausgelöst, um das Gebäude kontrolliert zu räumen. Alle 300 bis 350 Gäste verließen daraufhin ohne besondere Vorkommnisse das Kino.
Bei der anschließenden Durchsuchung des Kinos konnten keine verdächtigen Personen oder Gegenstände gefunden werden. Hinweise auf eine konkrete Gefahr ergaben sich nicht. Nach Abschluss des Einsatzes wurde der Kinobetrieb nach etwa einer Stunde wieder freigegeben.
Die Polizei nimmt Hinweise auf mögliche Gefahrenlagen ernst und überprüft diese konsequent. Die Kriminalpolizei hat die Ermittlungen wegen Störung des öffentlichen Friedens durch Androhung von Straftaten aufgenommen. Hinweisgeber und insbesondere auch die vier Frauen melden sich jederzeit beim Kriminaldauerdienst unter der Rufnummer 0421 362-3888.",53.0856248,8.8037004,address
45026.0,2026-07-05,05.07.2026,Mitte,False,Sonstiges,400 Personen blockieren Sielwallkreuzung,"Bremen-Mitte, OT Ostertor, Sielwall",https://www.polizei.bremen.de/news/pressestelle/pressemeldungen-ab-03072026-68314,"Die Polizei war in der Nacht zu Sonntag im Viertel im Einsatz, nachdem sich rund 400 Menschen auf der Sielwallkreuzung aufhielten und ein Musikkonzert feierten.
Gegen 2 Uhr versammelten sich in Folge eines Spontankonzerts eines Musikers ca. 300 bis 400 Personen auf der Sielwallkreuzung und blockierten diese. Zeitweise skandierten diese auch Sprechchöre, wie unter anderem „Ganz Bremen hasst die Polizei!“. Zudem wurden diverse Mülltonen auf die Kreuzung gezogen. Der Individualverkehr sowie der ÖPNV kamen hierdurch zum Erliegen. Der Ostertorsteinweg musste durch Einsatzkräfte zeitweise komplett gesperrt werden.
Alarmierte Einsatzkräfte räumten die Kreuzung wieder frei, die Menschenansammlung begab sich daraufhin auf die Fußwege. Nach ca. einer Stunde konnte die Fahrbahn wieder freigegeben werden. Es kam zu keinen weiteren besonderen Vorkommnissen. Die weiteren Ermittlungen dauern an.",53.0692446,8.8241172,address
45226.0,2026-07-04,05.07.2026,Burglesum,False,Raub,Zeugenaufruf: Räuber nach Überfall auf Einkaufsmarkt flüchtig,"Bremen-Burglesum, OT St. Magnus, Richthofenstraße",https://www.polizei.bremen.de/news/pressestelle/pressemeldungen-ab-03072026-68314,"Am Samstagmorgen überfiel ein bislang noch unbekannter Täter ein Geschäft in Burglesum. Die Polizei Bremen sucht Zeugen.
Der Mann betrat morgens den Lebensmittelladen an der Richthofenstraße, packte den 60 Jahre alten Betreiber am Nacken, bedrohte ihn mit einer Schusswaffe und forderte Bargeld. Nachdem der 60-Jährige ihm mehrere Geldscheine aus der Kasse übergab, flüchtete der Räuber mit seiner Beute in Richtung „Vor den Kampen“.
Er soll etwa 180 Zentimeter groß, schlank und mit einer blauen Jeans und einem schwarzen Kapuzenpullover bekleidet gewesen sein. Zur Tatzeit trug er eine schwarze Maske, eine schwarze Sonnenbrille und hatte eine schwarze Pistole bei sich.
Die Polizei sucht Zeugen. Hinweisgeber melden sich jederzeit beim Kriminaldauerdienst unter der Rufnummer 0421 362-3888.",53.1701012,8.6611143,address
45326.0,2026-07-05,06.07.2026,Mitte,False,Raub,Überfall auf Hotel,"Bremen-Mitte, OT Bahnhofsvorstadt, Bahnhofsplatz",https://www.polizei.bremen.de/news/pressestelle/pressemeldungen-ab-03072026-68314,"Ein unbekannter Mann überfiel in der Nacht von Samstag auf Sonntag ein Hotel am Bahnhof, bedrohte die Mitarbeiter mit einer Schusswaffe, erbeutete Bargeld und flüchtete. Die Polizei sucht Zeugen.
Gegen 04:25 Uhr bemerkten die beiden 28 und 41 Jahre alten Mitarbeiter den Täter in der Hotellobby des Hotels gegenüber den Straßenbahnhaltestellen. Dieser hatte eine Schusswaffe in der Hand und hielt sie beiden Männern vor. Lautstark forderte er sie auf, die Kasse zu öffnen, daraufhin flüchtete der 28-Jährige. Dem 41-Jährigen drückte der Räuber die Schusswaffe gegen den Körper und schrie ihn an, er solle die Kasse öffnen. Dem kam der Mitarbeiter nach, anschließend flüchtete auch er. Der Täter verließ das Hotel ebenfalls, vermutlich über einen Seiteneingang. Beide Mitarbeiter blieben unverletzt, der 41-Jährige erlitt einen Schock, lehnte aber einen Rettungswagen ab. Eine umgehend eingeleitete Fahndung verlief zunächst ergebnislos. Die Kriminalpolizei hat die Ermittlungen aufgenommen und geht ersten Hinweisen auf den Täter nach, sucht aber weitere Zeugen. Der Mann wurde wie folgt beschrieben:
Er soll etwa 180 bis 190 cm groß, 20 bis 30 Jahre alt und schlank gewesen sein. Er war mit einer dunklen Trainingshose mit hellen Streifen und einer Jacke in Camouflage bekleidet, außerdem trug er eine dunkle Wollmütze und einen schwarzen Mund-Nase-Schutz mit Totenkopf-Logo. Weiterhin trug er weiße Halbfinger-Handschuhe. Er sprach Deutsch mit starkem Akzent und zwischendurch in einer Sprache, die die Mitarbeiter als Russisch identifizierten.
Hinweise nimmt der Kriminaldauerdienst der Polizei Bremen unter 0421 362-3888 entgegen.",53.082478,8.8127559,address
45426.0,2026-07-06,,Östliche Vorstadt,False,Koerperverletzung,Vandalismus im Viertel,"Bremen-Östliche Vorstadt, OT Steintor, Friesenstraße",https://www.polizei.bremen.de/news/pressestelle/pressemeldungen-ab-03072026-68314,"(08.07.26)
Ein 18 Jahre alter Mann beschädigte am Montagmittag im Bremer Viertel offenbar wahllos mehrere geparkte Autos sowie die Fensterscheiben eines Jugendzentrums. Einsatzkräfte der Polizei stellten den Heranwachsenden kurze Zeit später.
Nach bisherigen Erkenntnissen zog der 18-Jährige mit einem Nothammer durch die Wielandstraße und schlug dort die Scheiben mehrerer geparkter Fahrzeuge sowie eines Jugendzentrums ein. Anschließend setzte er seinen Weg über die Friesenstraße, die Grundstraße und die Römerstraße fort und beschädigte weitere Autos.
Im Rahmen der Fahndung konnten Einsatzkräfte den Tatverdächtigen stellen und vorläufig festnehmen. Er wurde für weitere Maßnahmen zur Wache gebracht, psychiatrisch begutachtet und nach Abschluss der polizeilichen Maßnahmen entlassen. Die Ermittlungen, unter anderem wegen Sachbeschädigung, dauern an.",53.0724769,8.8328327,address
45526.0,2026-07-07,08.07.2026,Vahr,False,Sonstiges,Mann löst größeren Polizeieinsatz aus,"Bremen-Vahr, OT Neue Vahr Nord, Otto-Braun-Straße",https://www.polizei.bremen.de/news/pressestelle/pressemeldungen-ab-03072026-68314,"Ein Mann in einer psychischen Ausnahmesituation bedrohte am Dienstagnachmittag zunächst seine Mitbewohner in der Vahr mit einer Schere, verschanzte sich anschließend im Badezimmer und löste so einen größeren Polizeieinsatz aus. Spezialkräfte nahmen ihn schließlich fest. Der 32-Jährige hatte bereits am vergangenen Freitag in Horn-Lehe für einen Polizeieinsatz gesorgt (Siehe Pressemitteilung 0447).
Gegen 14:00 Uhr alarmierte ein 26 Jahre alter Mann über den Notruf die Polizei, da sein 32-jähriger Bekannter ihn in seiner Wohnung in der Otto-Braun-Straße mit einer Schere bedroht und gesagt hätte, dass er ihn umbringen würde. Dann hätte dieser sich im Badezimmer eingeschlossen. Einsatzkräfte der Polizei Bremen sicherten den Bereich daraufhin mit einem größeren Aufgebot ab, da der Mann auch drohte, sich selbst etwas anzutun. Spezialisten der Verhandlungsgruppe versuchten mehrfach, den Mann zum Verlassen der Wohnung zu bringen. Rettungskräfte und Feuerwehr standen bereit. Schließlich nahmen Spezialeinsatzkräfte den Mann fest.
Dabei leistete er massiv Widerstand, auch in der psychiatrischen Klinik, in die er zwangsweise untergebracht wurde, setzte er dieses Verhalten fort. Der Mann hatte sich bereits am Freitag mit einem Messer in einer Wohnung in Horn-Lehe verbarrikadiert.  Auch hier wurde er von Spezialkräften unter Einsatz eines Tasers festgenommen und in eine psychiatrische Klinik gebracht. Bei dem Einsatz hatte er einer Polizistin ins Gesicht getreten.",53.084673,8.8861538,address
45626.0,2026-07-08,,Neustadt,False,Einbruch,Alarmanlage überführt Einbrecher,"Bremen-Neustadt, OT Alte Neustadt, Friedrich-Ebert-Straße",https://www.polizei.bremen.de/news/pressestelle/pressemeldungen-ab-03072026-68314,"(09.07.26)
Am Mittwochmorgen stellten Einsatzkräfte der Polizei Bremen in einem Restaurant in der Neustadt einen 33 Jahre alten Einbrecher, nachdem das Alarmsystem auslöste.
Um kurz nach 6 Uhr meldete der Geschäftsinhaber über den Notruf der Polizei einen Einbrecher in seinem Lokal in der Friedrich-Ebert-Straße. Die Alarmlage des Restaurants hatte ausgelöst und der Mann konnte den Eindringling auf den Überwachungskameras beobachten. Schnell eintreffende Einsatzkräfte stellten den 33-Jährigen, der sich in einem Abstellraum versuchte unter einer Decke zu verstecken. Er hatte sich bereits diverse Lebensmittel und Alkohol zum Abtransport bereitgestellt. Der 33-Jährige wurde für die weiteren polizeilichen Maßnahmen mit zu einer Wache genommen. Eine Haftprüfung verlief negativ.
Vor dem Lokal fanden die Einsatzkräfte zudem sein mutmaßlich mitgeführtes Fahrrad, welches nach Überprüfung der polizeilichen Systeme aus einem Diebstahl stammte. Das Fahrrad wurde sichergestellt.",53.0715904,8.8016695,address
45726.0,2026-07-09,09.07.2026,Woltmershausen,False,Toetungsdelikt,Erneuter Zeugenaufruf nach Tötungsdelikt in Woltmershausen – 5.000 Euro Belohnung ausgelobt,"Bremen-Woltmershausen, OT Woltmershausen, Auf dem Bohnenkamp",https://www.polizei.bremen.de/news/pressestelle/pressemeldungen-ab-03072026-68314,"Die Mordkommission der Polizei Bremen ermittelt weiterhin mit Hochdruck in einem Tötungsdelikt, das sich in der Nacht vom 6. auf den 7. April 2025 in Woltmershausen ereignete. Zur Aufklärung der Tat bittet die Polizei erneut um Hinweise aus der Bevölkerung.
Ein 32 Jahre alter Mann wurde damals gegen Mitternacht in der Straße Auf dem Bohnenkamp auf Höhe eines Tankstellengeländes durch mehrere Schüsse tödlich verletzt. Trotz sofort eingeleiteter Rettungsmaßnahmen verstarb er noch am Tatort.
Nach dem derzeitigen Stand der Ermittlungen geht die Mordkommission von der Beteiligung von mindestens drei Tätern aus. Nach bisherigen Erkenntnissen flüchteten diese anschließend mit einer dunklen Limousine.
Für Hinweise, die zur weiteren Aufklärung der Tat und rechtskräftigen Verurteilung der Täter führen, hat die Staatsanwaltschaft Bremen eine Belohnung in Höhe von 5.000 Euro ausgelobt.
Der getötete Senegalese war Vater eines zum Tatzeitpunkt einjährigen Kindes und gehörte der afrikanischen Community in Bremen an. Der 32-Jährige war bereits mehrfach polizeilich in Erscheinung getreten und wegen eines Gewaltdelikts zu einer mehrjährigen Freiheitsstrafe verurteilt worden. Darüber hinaus ergaben die bisherigen Ermittlungen Bezüge des Mannes zur Drogenszene. Die Mordkommission prüft sämtliche Zusammenhänge und bittet insbesondere Personen aus dem persönlichen oder geschäftlichen Umfeld des Getöteten, auch vermeintlich unbedeutende Hinweise mitzuteilen.
Die Polizei fragt:
Wer hat in der Tatnacht verdächtige Personen oder Fahrzeuge im Bereich Auf dem Bohnenkamp, der Ochtumstraße oder der näheren Umgebung beobachtet?
Wer kann Angaben zu der dunklen Limousine machen?
Wer verfügt über Informationen zu den beteiligten Tätern oder zu deren Aufenthaltsorten?
Wer hat bislang keine Angaben gemacht und möchte diese nun nachholen?
Hinweise nimmt der Kriminaldauerdienst der Polizei Bremen unter 0421 362-3888 entgegen. Auf Wunsch werden Hinweise vertraulich behandelt. Jede Information kann für die weiteren Ermittlungen von entscheidender Bedeutung sein.
Für weitere Rückfragen wenden Sie sich bitte an die Staatsanwaltschaft.",53.0833131,8.7641245,address
46026.0,2026-07-10,10.07.2026,Walle,False,Raub,Räuber überfällt Bäckerei,"Bremen-Walle, OT Osterfeuerberg, Fleetstraße",https://www.polizei.bremen.de/news/pressestelle/pressemeldungen-ab-03072026-68314,"Ein bewaffneter Räuber überfiel am Freitagmorgen eine Bäckerei in Bremen-Walle und flüchtete anschließend zu Fuß mit der Beute.
Der Mann betrat gegen 6.15 Uhr die Filiale in der Fleetstraße, bedrohte die 55 Jahre alte Verkäuferin mit einer Schusswaffe und ließ sich Geld aus der Kasse aushändigen. Anschließend flüchtete der Räuber zu Fuß durch die Brinkstraße in Richtung Holsteiner Straße.
Er wurde als 175 Zentimeter groß und dünn beschrieben. Bei der Tatausführung trug der Täter eine schwarze Kapuzenjacke mit der Aufschrift ""Anniversary"" am Rücken, eine dunkle Jogginghose und war mit einer FFP2-Maske getarnt.  Der Räuber sprach mit einem Akzent, der von der Verkäuferin als osteuropäisch eingeschätzt wurde und hatte markante blau-graue Augen und blonde Augenbrauen.
Zeugenhinweise nimmt der Kriminaldauerdienst unter 0421 362-3888 entgegen.",53.1147494,8.7930485,address
46126.0,2026-07-08,10.07.2026,Neustadt,False,Diebstahl,Trickbetrüger gestellt – Polizei warnt erneut,Bremen-Neustadt,https://www.polizei.bremen.de/news/pressestelle/pressemeldungen-ab-03072026-68314,"Zivile Einsatzkräfte der Polizei Bremen stellten am Donnerstagnachmittag in der Neustadt zwei Männer im Alter von 33 und 38 Jahren. Sie sind verdächtig, sich einen Tag zuvor bei einem Ehepaar als Gärtner ausgegeben und in der Folge Schmuck und Bargeld entwendet zu haben.
Am Mittwochmorgen klingelten ebenfalls in der Neustadt mehrere Männer an der Haustür eines Ehepaares im Alter von 90 und 94 Jahren. Diese hatten zuvor auf eine Annonce in der Zeitung reagiert, weil sie Hilfe bei der Gartenarbeit benötigten. Die Männer arbeiteten auch tatsächlich für einige Stunden, lenkten die Senioren aber immer wieder ab, so dass sich Täter unerkannt in der Wohnung bewegen konnten. Dabei wurde unter anderem Schmuck und Bargeld entwendet. Das Ehepaar reagierte richtig und alarmierte die Polizei, da für den Folgetag die Übergabe des Arbeitslohns vereinbart war.
Am Donnerstag positionierten sich Zivilkräfte der Polizei vor Ort und stellten zunächst den 38-Jährigen. Bei einer anschließenden Wohnungsdurchsuchung wurden Schmuck und Bargeld sichergestellt und der 33-Jährige angetroffen und mit auf die Wache genommen. Die weiteren Ermittlungen, auch zu den anderen Tätern, dauern an.
Die Polizei Bremen registriert derzeit eine Häufung von Betrugstaten mit unterschiedlichen Vorgehensweisen. Vor allem geben sich immer wieder Betrüger an der Haustür als Polizeibeamte oder Wasserwerker aus und gelangen so an Wertgegenstände und Bargeld. Aus diesem Grund warnt die Polizei Bremen erneut:
Bleiben Sie wachsam, lassen und binden Sie bei der geringsten Unsicherheit Nachbarn oder Vertrauenspersonen ein. Lassen Sie generell nur Handwerker hinein, die Sie selbst bestellt haben oder die von der Hausverwaltung angekündigt worden sind.
Seien Sie immer aufmerksam und misstrauisch bei Geldforderungen. Vergewissern Sie sich immer noch einmal, ob es sich bei Ihrem Gegenüber auch um die vorgegebene Person handelt. Rufen Sie beim geringsten Zweifel die Polizei unter 110 an. Mehr Tipps und Hinweise gibt es beim Präventionszentrum der Polizei Bremen unter 0421 362-19003, bzw. unter www.Polizei.Bremen.de oder www.polizei-beratung.de.",53.0695355,8.7928381,district
46226.0,2026-07-11,11.07.2026,Mitte,False,Sonstiges,18-Jähriger nach Schwimmversuch in der Weser vermisst,"Bremen-Mitte, OT Ostertor, Osterdeich",https://www.polizei.bremen.de/news/pressestelle/pressemeldungen-ab-03072026-68314,"Einsatzkräfte der Polizei und der Feuerwehr Bremen suchten mit umfangreichen Maßnahmen in der Nacht von Freitag auf Samstag einen 18 Jahre alten Heranwachsenden. Dieser hatte kurz zuvor versucht, die Weser gemeinsam mit einem Bekannten zu durchschwimmen. Die Suche verlief bisher erfolglos.
Gegen 01:50 Uhr alarmierte ein 20 Jahre alter Freund des 18-Jährigen über den Notruf die Polizei und die Feuerwehr. Er gab vor Ort an, dass der Heranwachsende kurz zuvor mit einem weiteren Bekannten etwa auf Höhe des Anlegers der Sielwallfähre versucht hatte, durch den Fluss zu schwimmen. Der Bekannte sei, nachdem er wieder aus dem Wasser kam, weggelaufen. Der 18-Jährige blieb verschwunden.
Umfangreiche Suchmaßnahmen von Einsatzkräften von Polizei und Feuerwehr in der Nacht verliefen erfolglos. Im Laufe des Tages soll die Suche fortgesetzt werden.",53.0718932,8.8109939,address
46326.0,2026-07-10,12.07.2026,Walle,False,Diebstahl,Polizei erneut gegen Raser und Poser unterwegs,Bremen-Walle/ Obervieland/Stadtgebiet,https://www.polizei.bremen.de/news/pressestelle/pressemeldungen-ab-03072026-68314,"Die Polizei Bremen begleitete in der Nacht von Samstag auf Sonntag erneut ein über soziale Medien angekündigtes Treffen der Raser- und Poserszene in Habenhausen. Durch gezielte Maßnahmen und eine direkte Ansprache wurden größere Verstöße verhindert. Bei mobilen und stationären Verkehrskontrollen im Stadtgebiet ahndeten Einsatzkräfte zusätzlich diverse Verkehrsverstöße, die zum Teil hohe Bußgelder und Fahrverbote nach sich zogen.
Zum wiederholten Male war über einen Social-Media-Account für den Samstagabend zu einem Treffen der Raser- und Poserszene auf dem Parkplatz eines Einkaufsmarktes in Habenhausen aufgerufen worden. Aus diesem Grund waren Einsatzkräfte verstärkt vor Ort präsent und sprachen die Anwesenden direkt an, wenn sie beispielsweise die Motoren aufheulen ließen. Dadurch blieben größere Verstöße aus. Zwischenzeitlich waren bis zu 80 Fahrzeuge vor Ort.
Am Rande stoppten die Polizisten zwei Motorradfahrer, die mit deutlich über 130 km/h unterwegs waren. Führerscheine und Maschinen wurden noch vor Ort beschlagnahmt. Außerdem kontrollierten die Einsatzkräfte ein Auto, bei dem der Fahrer keinen gültigen Führerschein vorweisen konnte, das Auto keine Zulassung hatte und die Kennzeichen als gestohlen gemeldet waren. In beiden Fällen wurden entsprechende Strafanzeigen gefertigt und weitere Ermittlungen eingeleitet.
Zusätzlich zu diesen Maßnahmen waren Einsatzkräfte in zivil und uniformiert am Freitag und am Samstag in der Überseestadt unterwegs und führten Verkehrskontrollen aufgrund von gemeldeten Lärmbelästigungen durch. Hier kontrollierten sie über 30 Autos und mehr als 60 Personen, führten Geschwindigkeitsmessungen durch, fertigten diverse Ordnungswidrigkeits- und Strafanzeigen und erteilten Platzverweise.
Weiterhin führten Kräfte der spezialisierten Verkehrsüberwachung in der Nacht von Freitag auf Samstag im Stadtgebiet und auf den A27 mobile Geschwindigkeitskontrollen durch. Hier wurden zum Teil erhebliche Überschreitungen der erlaubten Höchstgeschwindigkeit festgestellt und geahndet. Negativer Spitzenreiter war ein 20-Jähriger, der mit 184 km/h auf der A27 unterwegs war, hier sind 120 km/h erlaubt. Der Fahranfänger muss nun mit 1200 Euro Bußgeld und einem mehrmonatigen Fahrverbot rechnen. Fünf weitere Fahrer erwarten insgesamt teilweise mehrmonatige Fahrverbote und empfindliche Bußgelder.
Die Polizei Bremen wird auch künftig konsequent weiter gegen verbotene Kraftfahrzeugrennen, gefährliche Fahrmanöver sowie unnötigen Lärm und Kolonnenfahrten vorgehen.",53.1028746,8.783049,district
46326.0,2026-07-10,12.07.2026,Obervieland,False,Diebstahl,Polizei erneut gegen Raser und Poser unterwegs,Bremen-Walle/ Obervieland/Stadtgebiet,https://www.polizei.bremen.de/news/pressestelle/pressemeldungen-ab-03072026-68314,"Die Polizei Bremen begleitete in der Nacht von Samstag auf Sonntag erneut ein über soziale Medien angekündigtes Treffen der Raser- und Poserszene in Habenhausen. Durch gezielte Maßnahmen und eine direkte Ansprache wurden größere Verstöße verhindert. Bei mobilen und stationären Verkehrskontrollen im Stadtgebiet ahndeten Einsatzkräfte zusätzlich diverse Verkehrsverstöße, die zum Teil hohe Bußgelder und Fahrverbote nach sich zogen.
Zum wiederholten Male war über einen Social-Media-Account für den Samstagabend zu einem Treffen der Raser- und Poserszene auf dem Parkplatz eines Einkaufsmarktes in Habenhausen aufgerufen worden. Aus diesem Grund waren Einsatzkräfte verstärkt vor Ort präsent und sprachen die Anwesenden direkt an, wenn sie beispielsweise die Motoren aufheulen ließen. Dadurch blieben größere Verstöße aus. Zwischenzeitlich waren bis zu 80 Fahrzeuge vor Ort.
Am Rande stoppten die Polizisten zwei Motorradfahrer, die mit deutlich über 130 km/h unterwegs waren. Führerscheine und Maschinen wurden noch vor Ort beschlagnahmt. Außerdem kontrollierten die Einsatzkräfte ein Auto, bei dem der Fahrer keinen gültigen Führerschein vorweisen konnte, das Auto keine Zulassung hatte und die Kennzeichen als gestohlen gemeldet waren. In beiden Fällen wurden entsprechende Strafanzeigen gefertigt und weitere Ermittlungen eingeleitet.
Zusätzlich zu diesen Maßnahmen waren Einsatzkräfte in zivil und uniformiert am Freitag und am Samstag in der Überseestadt unterwegs und führten Verkehrskontrollen aufgrund von gemeldeten Lärmbelästigungen durch. Hier kontrollierten sie über 30 Autos und mehr als 60 Personen, führten Geschwindigkeitsmessungen durch, fertigten diverse Ordnungswidrigkeits- und Strafanzeigen und erteilten Platzverweise.
Weiterhin führten Kräfte der spezialisierten Verkehrsüberwachung in der Nacht von Freitag auf Samstag im Stadtgebiet und auf den A27 mobile Geschwindigkeitskontrollen durch. Hier wurden zum Teil erhebliche Überschreitungen der erlaubten Höchstgeschwindigkeit festgestellt und geahndet. Negativer Spitzenreiter war ein 20-Jähriger, der mit 184 km/h auf der A27 unterwegs war, hier sind 120 km/h erlaubt. Der Fahranfänger muss nun mit 1200 Euro Bußgeld und einem mehrmonatigen Fahrverbot rechnen. Fünf weitere Fahrer erwarten insgesamt teilweise mehrmonatige Fahrverbote und empfindliche Bußgelder.
Die Polizei Bremen wird auch künftig konsequent weiter gegen verbotene Kraftfahrzeugrennen, gefährliche Fahrmanöver sowie unnötigen Lärm und Kolonnenfahrten vorgehen.",53.03885,8.837961,district
46526.0,2026-07-12,13.07.2026,Huchting,False,Koerperverletzung,Mann zusammengeschlagen,"Bremen-Huchting, OT Mittelshuchting, Antwerpener Straße",https://www.polizei.bremen.de/news/pressestelle/pressemeldungen-ab-03072026-68314,"Ein 25 Jahre alter Mann wurde am Sonntagnachmittag in Huchting von mehreren Männern zusammengeschlagen und lebensgefährlich verletzt. Die Polizei sucht Zeugen.
Etwa um 16:25 Uhr beobachteten Passanten in der Antwerpener Straße, wie neben dem 25-Jährigen ein Auto hielt, mehrere Personen ausstiegen und ihn umgehend attackierten. Dabei schlugen sie auf ihn ein und traten ihn auch, als er bereits am Boden lag. Anschließend stiegen sie wieder in das Auto und fuhren weg. Kurz darauf kam eine weitere Gruppe zu Fuß auf den noch am Boden Liegenden zu und mehrere Beteiligte traten erneut auf den Mann ein, anschließend flüchtete auch diese Gruppe. Alarmierte Einsatzkräfte leisteten vor Ort umgehend Erste Hilfe. Er wurde mit potentiell lebensgefährlichen Kopfverletzungen in ein Krankenhaus gebracht.
Parallel wurden Fahndungsmaßnahmen eingeleitet, die schnell zu einem ersten Erfolg führten: In der Nähe stellten die Einsatzkräfte einen 20-Jährigen und nahmen ihn mit auf die Wache. Die konkrete Tatbeteiligung ist jetzt Bestandteil der Ermittlungen. Nach ersten Erkenntnissen kannten sich die Beteiligten.
Zeugen, die die Attacke beobachtet haben, werden gebeten, sich beim Kriminaldauerdienst der Polizei Bremen unter 0421 362-3888 zu melden.",53.0513748,8.7141722,address
46625.0,2025-07-17,18.07.2025,Mitte,False,Drogendelikt,Gemeinsame Kontrollen zur Bekämpfung der Straßenkriminalität,"Bremen-Mitte, Östliche Vorstadt",https://www.polizei.bremen.de/news/pressestelle/pressemeldungen-ab-18072025-64821,"Am Donnerstag führte die Polizei Bremen gemeinsam mit dem Ordnungsamt, der Handwerkskammer sowie der Kassenprüfung des Finanzamtes umfangreiche behördenübergreifende Kontrollen durch. Ziel der Maßnahmen war die Bekämpfung öffentlich wahrnehmbarer Kriminalität sowie die Überprüfung gewerblicher Betriebe im Bereich des Bahnhofsquartiers, der Innenstadt sowie im Ostertor-/Steintorviertel.
Insgesamt wurden 14 Gewerbeeinheiten kontrolliert. Parallel dazu führten zivile und uniformierte Polizeikräfte intensive Maßnahmen gegen den Straßenhandel mit Betäubungsmitteln durch. Dabei kam es zu rund 50 Personenkontrollen und Identitätsfeststellungen, bei denen unter anderem Betäubungsmittel und Bargeld aufgefunden und sichergestellt wurden. In der Folge leitete die Polizei elf Strafanzeigen, hauptsächlich wegen Verstößen gegen das Betäubungsmittelgesetz, sowie zwei Ordnungswidrigkeitenverfahren ein. Darüber hinaus wurden mehrere Platzverweise ausgesprochen: drei Personen erhielten ein 14-tägiges Verbot, sich in bestimmten Bereichen aufzuhalten, acht weitere mussten den Einsatzort für einen Tag verlassen. Insgesamt wurden rund 200 Euro mutmaßliches Dealgeld sowie 18,8 Kilogramm unversteuerter Tabak beschlagnahmt. Zudem stellten die Einsatzkräfte 37 verkaufsfertige Einheiten Cannabis sicher.
Die Polizei Bremen wird auch künftig mit starken Partnern an ihrer Seite konsequent gegen Drogenhandel und ordnungswidriges Verhalten im öffentlichen Raum vorgehen. Solche Maßnahmen tragen nachhaltig zur Erhöhung der Sicherheit und des Sicherheitsgefühls in der Stadt bei.",53.0786741,8.8109045,district
46725.0,2025-07-17,18.07.2025,Neustadt,False,Brandstiftung,Polizei ermittelt nach Fahrzeugbrand,"Bremen-Neustadt, OT Südervorstadt, Schleiermacherstraße",https://www.polizei.bremen.de/news/pressestelle/pressemeldungen-ab-18072025-64821,"In der Bremer Neustadt brannte in der Nacht zu Freitag ein Auto. Die Polizei ermittelt wegen Brandstiftung und sucht Zeugen.
Gegen kurz nach 23 Uhr stand in der Schleiermacherstraße ein VW Polo in Flammen. Die Feuerwehr löschte den Brand, an dem Wagen entstand Totalschaden. Durch die Hitze wurde ein dahinterstehender Nissan ebenfalls in Mitleidenschaft gezogen, aufgrund der hohen Temperaturen entstanden Lack- und Karosserieschäden an der Fahrzeugfront.
Die Kriminalpolizei ermittelt wegen Brandstiftung. Zeugenhinweise nimmt der Kriminaldauerdienst unter 0421 362-3888 entgegen.",53.0623865,8.7902975,address
46726.0,2026-03-27,,Findorff,False,Raub,Öffentlichkeitsfahndung nach Raub auf Kiosk,"Bremen-Findorff, OT Findorff-Bürgerweide, Hemmstraße",https://www.polizei.bremen.de/news/pressestelle/pressemeldungen-ab-03072026-68314,"(14.07.26)
Die Polizei Bremen und die Staatsanwaltschaft fahnden mit Fotos nach einem Mann, der im März dieses Jahres einen Kiosk in Findorff überfallen hat (siehe PM Nr.: 0214).
Der Mann betrat am Freitagabend, 27.03.2026 gegen 20:20 Uhr das Geschäft in der Hemmstraße Ecke Eickedorfer Straße und forderte von dem Mitarbeiter die Herausgabe von Geld. Dabei bedrohte er ihn mit einer Schusswaffe. Der Angestellte übergab ihm Bargeld, woraufhin er zu Fuß in Richtung Fürther Straße flüchtete. Die bisherigen Ermittlungen führten bislang nicht zum Erfolg, sodass Polizei und Staatsanwaltschaft jetzt die Bevölkerung um Mithilfe bitten.
Der Täter ist zwischen 25 und 35 Jahre alt, hat dunkle kurze Haare, einen dunklen Oberlippen- und Kinnbart, sowie zwei Tattoos im Nacken, eines davon vermutlich der griechische Buchstabe „Lambda“. Bei der Tat trug er eine dunkle Jacke, eine graue Cargo-Hose, weiße Turnschuhe und ein gelbes Cappy. Zudem hatte er eine helle/silberne quadratische Umhängetasche dabei. Der Mann soll mit einem osteuropäischen Akzent gesprochen haben.
Die Polizei Bremen fragt, wer Hinweise zu dem Mann geben kann und bittet die Hinweisgeber, sich beim Kriminaldauerdienst unter 0421 362-3888 zu melden.
Über
diesen Link
geht es zu weiteren Fahndungsfotos.",53.1019074,8.8149464,address
46825.0,2025-07-19,19.07.2025,Mitte,False,Verkehrsunfall,Schwerverletzte Fußgängerin bei Unfall in der Bremer Innenstadt,"Bremen-Mitte, OT Altstadt, Bürgermeister-Smidt-Straße",https://www.polizei.bremen.de/news/pressestelle/pressemeldungen-ab-18072025-64821,"Am späten Freitagnachmittag kam es in der Bremer Innenstadt zu einem schweren Verkehrsunfall, bei dem eine Fußgängerin von einem Linienbusfahrer erfasst und schwer verletzt wurde.
Gegen 17.40 Uhr fuhr ein 60-jähriger Fahrer mit einem Gelenkbus in den Haltestellenbereich ""Am Brill"" in der Bürgermeister-Smidt-Straße in Richtung Neustadt ein. Vor dem Bus befand sich ein weiterer Linienbus. Als beide Fahrzeuge zeitgleich aus dem Haltestellenbereich losfuhren, überquerte eine 27 Jahre alte Frau zwischen den Bussen die dortigen Gleise. Dabei geriet sie unter den anfahrenden Bus, wobei ihre Füße überrollt wurden.
Die Frau erlitt dabei schwere Verletzungen und wurde umgehend in ein Krankenhaus gebracht. Der Busfahrer erlitt einen Schock und wurde betreut.
Die weiteren Ermittlungen zum genauen Unfallhergang dauern an und werden durch das Verkehrskommissariat geführt.",53.0832266,8.8088173,address
46826.0,2026-07-14,14.07.2026,Mitte,False,Toetungsdelikt,Leiche in der Weser gefunden,"Bremen-Mitte, Weser",https://www.polizei.bremen.de/news/pressestelle/pressemeldungen-ab-03072026-68314,"Am Dienstagmorgen wurde in der Weser eine männliche Leiche entdeckt. Derzeit geht die Polizei Bremen davon aus, dass es sich um den vermissten 18-Jährigen handelt, der am Wochenende versucht hatte, durch den Fluss zu schwimmen (siehe Pressemitteilung 0462).
In der Nacht von Freitag auf Samstag hatte der 18-Jährige gemeinsam mit einem Bekannten versucht, die Weser etwa auf Höhe des Sielwalls zu durchschwimmen. Er war anschließend nicht zum Ufer zurückgekehrt. Umfangreiche Suchmaßnahmen blieben erfolglos. Die Identifizierung der Leiche ist noch nicht vollständig abgeschlossen, die Polizei Bremen geht aber nach Rücksprache mit den Angehörigen davon aus, dass es sich um den 18-Jährigen handelt. Hinweise auf Fremdverschulden liegen derzeit nicht vor.",53.0786741,8.8109045,district
46925.0,2025-07-18,19.07.2025,Hemelingen,False,Drogendelikt,Zivilkräfte stellen mutmaßlichen Drogenhändler in Hastedt,"Bremen-Hemelingen, OT Hastedt, Föhrenstraße",https://www.polizei.bremen.de/news/pressestelle/pressemeldungen-ab-18072025-64821,"Im Rahmen wiederkehrender Schwerpunktmaßnahmen zur Bekämpfung des Betäubungsmittelhandels hat der Zivile Einsatzdienst der Polizei Bremen am Freitagnachmittag einen mutmaßlichen Drogenhändler in Hastedt gestellt.
Gegen 14:30 Uhr kontrollierten zivile Einsatzkräfte in der Föhrenstraße einen Mann, der mutmaßlich kurz zuvor Betäubungsmittel erworben hatte. Bei ihm wurde Kokain sichergestellt. Im Zuge der weiteren Maßnahmen geriet ein Anwohner ins Visier der Ermittlungen, der dem Betroffenen zuvor begegnet war. Kurz darauf wurde auch dieser Mann kontrolliert. Bei ihm fanden die Einsatzkräfte weitere Drogen in identischen Verpackungen sowie Bargeld außerhalb seines Geldbeutels. Im Rahmen einer Wohnungsdurchsuchung fanden die Einsatzkräfte weitere Beweismittel.
Die Polizei Bremen setzt ihre Kontrollen zur Bekämpfung des Drogenhandels fort – auch in Wohngebieten. Ziel ist es, den öffentlichen Raum sicher zu halten und den Betäubungsmittelhandel nachhaltig zu unterbinden.",53.0650936,8.8790928,address
46926.0,2026-07-14,15.07.2026,Vegesack,False,Einbruch,Die Leiden des jungen Staubsaugers,"Bremen-Vegesack, OT Fähr-Lobbendorf, Hammersbecker Straße",https://www.polizei.bremen.de/news/pressestelle/pressemeldungen-ab-03072026-68314,"Ein 39 Jahre alter Einbrecher hatte sich in der Nacht zu Mittwoch in Vegesack offenbar mehr für Sauberkeit als für hochwertige Beute interessiert. Seine Flucht endete jedoch bereits wenige Meter vom Tatort entfernt.
Der 39-Jährige entwendete zunächst ein Fahrrad aus einem Hinterhof in der Hammersbecker Straße und stellte es vor einem Wohnhaus griffbereit ab. Anschließend hebelte er die Hauseingangstür auf und verschaffte sich Zugang zum Keller. Dort packte er einen Staubsauger ein. Auch einen Generator wollte er offenbar mitnehmen – der war ihm dann aber wohl doch eine Nummer zu schwer und blieb am Tatort zurück.
Was der Mann nicht ahnte: Der Hausbewohner verfolgte das Geschehen live über seine Überwachungskamera auf dem Handy. Gemeinsam mit einem Nachbarn nahm er die Verfolgung auf. Wenige Meter vom Wohnhaus entfernt konnten die beiden den Mann bis zum Eintreffen der alarmierten Einsatzkräfte festhalten.
In seinem Rucksack fanden die Polizistinnen und Polizisten den entwendeten Staubsauger, er war unversehrt und es ging ihm den Umständen entsprechend gut.
Der 39-Jährige wurde zur Wache gebracht. Die weiteren Ermittlungen dauern an.",53.1841787,8.6164549,address
47025.0,2025-07-19,20.07.2025,Mitte,False,Raub,Wertvolle Uhr geraubt,"Bremen-Mitte, OT Altstadt, Schlachte",https://www.polizei.bremen.de/news/pressestelle/pressemeldungen-ab-18072025-64821,"Ein Straßenräuber riss einem 77 Jahre alten Mann am Samstagabend in der Bremer Altstadt eine wertvolle Uhr vom Arm. Die Polizei sucht nach Zeugen.
Der 77-Jährige saß gegen 20.45 Uhr im Außenbereich eines Restaurants an der Schlachte, als sich der Unbekannte ihm näherte und plötzlich die Uhr vom Handgelenk riss. Reflexartig warf der 77-Jährige dem Räuber ein Glas ins Gesicht, der aber dennoch flüchten konnte. Der Senior erlitt leichte Schürfwunden.
Der Räuber rannte mit der Beute in Richtung Martinistraße. Er wurde als etwa 30 Jahre alt, 180 Zentimeter groß und schlank beschrieben. Der Täter hatte einen dunklen Teint, 3-Tage-Bart, eine spitze Nase und war mit einer weißen Cap, einem grau/weißen T-Shirt mit Nike-Aufschrift bekleidet und trug kurze, beigefarbene Shorts. Auf seinem Shirt waren Weinflecken vom geworfenen Glas erkennbar. Zeugenhinweise nimmt der Kriminaldauerdienst unter 0421 362-3888 entgegen.
Bei der Uhr handelt es sich um die Marke Jaeger-LeCoultre, Geographic gold, mit einem schwarzen Lederarmband in Krokodil-Optik. Die Polizei warnt ausdrücklich vor dem Ankauf hochwertiger Uhren aus dubioser Quelle. Wer gestohlene Ware erwirbt, macht sich strafbar und kann wegen Hehlerei belangt werden.",53.0769907,8.8013932,address
47026.0,2026-07-15,15.07.2026,Gröpelingen,False,Raub,Mann in Gröpelingen ausgeraubt,"Bremen-Gröpelingen OT Lindenhof, Stapelfeldstraße",https://www.polizei.bremen.de/news/pressestelle/pressemeldungen-ab-03072026-68314,"Vier unbekannte Männer raubten einem 56 Jahre alten Mann in Gröpelingen Bargeld, dabei attackierten sie ihn mit einem Messer und schlugen ihn unter anderem mit einer Flasche. Die Polizei sucht Zeugen.
Etwa um 00:45 Uhr war der 56-Jährige in der Stapelfeldstraße unterwegs, als sich ihm die vier Männer näherten und ihm zunächst Drogen anboten. Er lehnte ab und wollte weitergehen, als sie Geld forderten und ihn dann umgehend mit Tritten attackierten. Dabei fuchtelte einer der Männer mit einem Messer herum und zerschnitt ihm Teile der Kleidung. Außerdem wurde dem 56-Jährigen eine Bierflasche auf den Kopf geschlagen. Anschließend nahmen sie Bargeld aus seiner Tasche und flüchteten in Richtung Depot. Passanten alarmierten Polizei und Rettungskräfte, der 56-Jährige wurde mit Prellungen ein Krankenhaus gebracht. Die Kriminalpolizei hat die Ermittlungen aufgenommen. Die Täter wurden wie folgt beschrieben:
Alle vier waren etwa 20 bis 25 Jahre alt, ungefähr 180 cm groß und hatten schwarze Hautfarbe. Der Täter mit dem Messer trug einen blauen Trainingsanzug der Marke „Adidas“ und hatte einen kurzen Bart und kurze lockige Haare. Der zweite Mann hatte ebenfalls kurze lockige Haare und trug ein dunkles T-Shirt und weiße Turnschuhe. Die beiden anderen Männer konnten nur oberflächlich beschrieben werden, sollen aber ebenfalls kurze lockige Haare gehabt haben und mit dunklen T-Shirts bekleidet gewesen sein. Einer der beiden soll außerdem eine auffällig dicke Goldkette um den Hals getragen haben.
Zeugen, die in der Stapelfeldstraße oder der näheren Umgebung Beobachtungen gemacht haben, werden gebeten, sich beim Kriminaldauerdienst der Polizei Bremen unter 0421 362-3888 zu melden.",53.116711,8.7630483,district
47125.0,2025-07-19,20.07.2025,Neustadt,False,Sachbeschaedigung,Sachbeschädigung an Parteibüro,"Bremen-Neustadt, OT Buntentor, Buntentorsteinweg",https://www.polizei.bremen.de/news/pressestelle/pressemeldungen-ab-18072025-64821,"In der Nacht zu Samstag wurde das Stadtteil- und Abgeordnetenbüro der Partei Die Linke in der Neustadt Ziel einer Sachbeschädigung.
Ein unbekannter Täter verursachte einen großflächigen Sprung in der Schaufensterscheibe des Büros im Buntentorsteinweg. Ein Zeuge wurde gegen 1 Uhr nachts durch den Lärm auf die Situation aufmerksam und konnte eine dunkel gekleidete Person flüchten sehen.
Zeugenhinweise werden vom Kriminaldauerdienst unter der Rufnummer 0421 362-3888 entgegengenommen.",53.0676537,8.8021467,address
47126.0,2026-07-15,16.07.2026,Neustadt,False,Raub,Luxusuhr geraubt,"Bremen-Neustadt, OT Alte Neustadt, Am Deich",https://www.polizei.bremen.de/news/pressestelle/pressemeldungen-ab-03072026-68314,"Zwei bislang unbekannte Täter überfielen am Mittwochnachmittag in der Bremer Neustadt einen 66 Jahre alten Mann und raubten ihm eine hochwertige Armbanduhr. Der Mann erlitt dabei leichte Verletzungen. Die Polizei sucht Zeugen.
Der 66-Jährige war nach einem Einkauf in der Bremer Innenstadt zu Fuß auf dem Weg zu seinem geparkten Fahrzeug in der Straße Am Deich. Dort näherten sich ihm die beiden Unbekannten von hinten und drückten ihn zu Boden. Anschließend rissen sie ihm eine hochwertige Armbanduhr der Marke Rolex Yacht-Master mit schwarzem Gehäuse und Edelstahlarmband vom Handgelenk. Das Duo flüchtete anschließend auf einem E-Scooter in Richtung Stephanibrücke.
Die beiden Räuber waren jeweils etwa 20 bis 25 Jahre alt, hatten einen dunklen Teint sowie einen schwarzen Drei-Tage-Bart. Einer trug ein schwarz-weiß kariertes Shirt, schwarze Shorts und einen schwarz-weiß gestreiften Fischerhut. Er sprach Deutsch mit Akzent. Sein Komplize war mit einem blau-weiß gestreiften Shirt sowie einer blau-weiß gestreiften Shorts bekleidet.
Die Polizei warnt ausdrücklich vor dem Ankauf hochwertiger Uhren unbekannter Herkunft. Wer solche Gegenstände erwirbt, kann sich unter Umständen wegen Hehlerei strafbar machen.
Zeugen, die Hinweise zu den Tätern oder zum Verbleib der Uhr geben können, werden gebeten, sich beim Kriminaldauerdienst unter der Telefonnummer 0421 362-3888 zu melden.",53.0778013,8.7941785,address
47226.0,2026-07-15,,Vegesack,False,Waffendelikt,Auseinandersetzung mit Messer,"Bremen-Vegesack, OT Vegesack, Aumunder Heerweg",https://www.polizei.bremen.de/news/pressestelle/pressemeldungen-ab-03072026-68314,"(16.07.26)
Am Mittwochabend verletzte in Vegesack mutmaßlich ein 49 Jahre alter Mann einen 62-Jährigen durch Messerstiche.
Einer Streifenwagenbesatzung fiel um kurz nach 21 Uhr eine blutende Person im Aumunder Heerweg beim dortigen Szenetreff auf. Der 62-Jährige gab an, einen Streit zwischen dem 49 Jahre alten Tatverdächtigen und einer weiteren Person schlichten zu wollen. Während der 49-Jährige sich zunächst entfernte, kam er kurze Zeit später zurück und verletzte den 62-Jährigen mit einem Messer im Bereich des Gesichts und am Bein. Der Verletzte kam zur Behandlung in ein Krankenhaus, welches er noch am Abend wieder verlassen konnte.
Ersten Ermittlungen zufolge handelt es sich beim Tatverdächtigen um einen 49 Jahre alten Mann aus dem Obdachlosenmilieu. Die Fahndung nach ihm dauert aktuell an.",53.171967,8.6269751,address
47326.0,2026-07-15,,Mitte,False,Raub,Räubertrio gestellt,"Bremen-Mitte, OT Bahnhofsvorstadt, An der Weide",https://www.polizei.bremen.de/news/pressestelle/pressemeldungen-ab-03072026-68314,"(16.07.26)
Zivile Einsatzkräfte der Polizei Bremen stellten am späten Mittwochnachmittag in der Bahnhofsvorstadt drei Männer, nachdem diese zuvor einen 85 Jahre alten Mann ausgeraubt haben.
Der 85-Jährige befand sich gerade in der Straße ‚An der Weide‘, als drei Männer auf ihn zukamen und ihn umzingelten. Einer der Männer griff in die Hosentasche des Seniors und nahm sein Portmonee daraus. Der 85-Jährige versuchte noch den Täter festzuhalten, sodass ein Gerangel entstand. Schließlich rannten die drei Männer in Richtung Löhningstraße davon.
Womit das Trio vermutlich nicht gerechnet hatet: Das ganze Geschehen wurde von zivilen Einsatzkräften beobachtet, die unmittelbar die Verfolgung aufnahmen und die Männer im Alter von 27, 28 und 36 Jahren in der Nähe stellten. Das Raubgut konnte entsprechend sichergestellt werden.
Gegen das Trio wird nun wegen räuberischen Diebstahls ermittelt.",53.0806887,8.8188283,address
47425.0,2025-07-20,21.07.2025,Mitte,False,Raub,Videoleitstelle identifiziert Räuber,"Bremen-Mitte, OT Bahnhofsvorstadt, Löningstraße",https://www.polizei.bremen.de/news/pressestelle/pressemeldungen-ab-18072025-64821,"Ein Räuber bedrohte am Sonntag in der Bahnhofsvorstadt einen 18-Jährigen und raubte ihm Kopfhörer und Münzgeld. Dank der Videoüberwachung der Polizei Bremen konnte der mutmaßliche Täter identifiziert und festgenommen werden. Ein Richter erließ Haftbefehl gegen den 27-Jährigen.
Der 18 Jahre alte Mann wurde in der Löningstraße von einem unbekannten Mann angesprochen und nach Bargeld gefragt. Als der 18-Jährige dies verneinte, griff der Unbekannte in dessen Pullovertasche und entnahm daraus Kopfhörer und Münzen.
Daraufhin hielt der 18-Jährige den Mann fest, ließ ihn aber wieder los, als der Täter drohte, er habe ein Messer bei sich und werde ihn abstechen. Anschließend flüchtete der Räuber zunächst unerkannt. Die Polizei konnte den Täter wenig später über ihre Videoleitstelle im Bereich Rembertiring identifizieren und schnell festnehmen. Die zuvor geraubten Kopfhörer und Kleingeld sowie ein Messer trug er noch bei sich.
Gegen den 27-Jährigen wurde ein Haftbefehl erlassen. Die weiteren Ermittlungen dauern an.",53.0804492,8.816444,address
47426.0,2026-06-08,16.07.2026,Neustadt,False,Einbruch,Polizei fahndet mit Fotos nach Tageswohnungseinbrecher,"Bremen-Neustadt, OT Neustadt, Neustadtscontrescarpe",https://www.polizei.bremen.de/news/pressestelle/pressemeldungen-ab-03072026-68314,"Nach einem Tageswohnungseinbruch im Juni in der Neustadt fahndet die Polizei Bremen mit Fotos nach einem bislang unbekannten Mann und bittet die Bevölkerung um Hinweise zu seiner Identität.
Der Einbrecher verschaffte sich gemeinsam mit einer bereits ermittelten Komplizin Zutritt zu einer Wohnung in der Neustadtscontrescarpe. Dort durchsuchten sie die Räume und entwendeten unter anderem einen Rucksack, Bargeld, Uhren sowie Goldschmuck.
Der Wohnungsinhaber befand sich zur Tatzeit im Urlaub und bemerkte über eine Überwachungskamera, dass sich ein fremder Mann in seinem Wohnzimmer aufhielt. Er verständigte daraufhin einen Nachbarn, der vor der Wohnung die bereits identifizierte Komplizin antraf. Zudem nahm er eine weitere Person in der Wohnung wahr, die über das Wohnzimmerfenster aus dem Haus sprang und anschließend flüchtete.
Der Gesuchte trug zum Tatzeitpunkt auffällige Sneaker mit pinkfarbenen Schnürsenkeln sowie eine schwarze Baseballkappe mit einem Totenkopf-Symbol.
Die Polizei fragt: Wer kennt den abgebildeten Mann oder kann Hinweise zu seiner Identität oder seinem Aufenthaltsort geben?
Hinweise nimmt der Kriminaldauerdienst jederzeit unter der Telefonnummer 0421 362-3888 entgegen.
Über
diesen Link
geht es zu den Fahndungsfotos.",53.070834,8.7922953,address
47525.0,2025-07-22,22.07.2025,Gröpelingen,False,Einbruch,Polizei erwischt Supermarkt-Einbrecher,"Bremen-Gröpelingen, OT Oslebshausen, Kalmsweg",https://www.polizei.bremen.de/news/pressestelle/pressemeldungen-ab-18072025-64821,"Einsatzkräfte der Polizei stellten in der Nacht zu Dienstag einen 53-jährigen Tatverdächtigen. Zuvor hatte ein Zeuge einen Einbruch in einem Supermarkt in Oslebshausen gemeldet.
Gegen 2.20 Uhr schlug der Täter eine Scheibe ein und gelangte so in den Einkaufsmarkt am Kalmsweg. Dabei löste er die Alarmanlage aus. Durch den Lärm wurde ein Passant aufmerksam, der beobachtete, wie der Mann durch das Loch in der Glasscheibe kroch und flüchtete. Daraufhin alarmierte der Zeuge die Polizei. Die Einsatzkräfte stellten den 53-Jährigen kurze Zeit später in Tatortnähe. In seinem Rucksack fanden die Polizisten neben insgesamt 44 Zigarettenschachteln auch zwei Messer und diverse Einbruchwerkzeuge.
Gegen den bereits einschlägig in Erscheinung getretenen Mann wurden Ermittlungen aufgenommen. Eine Haftprüfung soll noch im Laufe des Tages erfolgen.
Rufen Sie über 110 (kostenlos) die Polizei, wenn Sie verdächtige Personen, abgelaufene Alarmanlagen (wie in diesem Fall richtigerweise geschehen) oder Hilferufe wahrnehmen. Mehr Tipps unter www.Polizei.Bremen.de.",53.1363166,8.740884,address
47526.0,2026-07-16,,Horn-Lehe,False,Raub,Zeugen nach Goldkettenraub in Horn-Lehe gesucht,"Bremen-Horn-Lehe, OT Lehesterdeich, Am Lehester Deich",https://www.polizei.bremen.de/news/pressestelle/pressemeldungen-ab-03072026-68314,"(17.07.26)
Am späten Donnerstagnachmittag raubte ein bislang unbekannter Mann einem 53-Jährigen in Horn-Lehe eine Goldkette vom Hals. Die Polizei Bremen sucht Zeugen.
Der 53-Jährige verließ gegen 17:13 Uhr die Straßenbahnlinie 4 (in Richtung Borgfeld/Lilienthal) an der Haltestelle ‚Am Lehester Deich‘ und lief anschließend die Straße ‚Am Lehester Deich‘ entlang in Richtung Blockland, als ein Mann ihn von hinten ansprach. Noch bevor er sich umdrehen konnte, fasste der Unbekannte ihm an die Schulter und riss ihm die Goldkette vom Hals. Der Täter rannte anschließend in Richtung ‚Lilienthaler Heerstraße‘ davon. Bei dem Versuch dem Räuber hinterherzurennen, stürzte der 53-Jährige, wobei er sich leichte Verletzungen zuzog.
Der Täter soll etwa zwischen 25 und 35 Jahren alt gewesen sein, 180 bis 190 Zentimeter groß, mit kurzen dunklen Haaren und einem dunklen Schnäuzer. Bei der Tat trug er ein rosa/pinkes T-Shirt und eine kurze schwarze Hose.
Die Polizei Bremen sucht Zeugen der Tat und fragt, wer Hinweise zum dem Täter geben kann. Möglicherweise ist dieser auch bereits zuvor mit der Straßenbahn gefahren. Zeugen werden gebeten, sich beim Kriminaldauerdienst unter 0421 362-3888 zu melden.",53.1185116,8.8963011,address
47625.0,2025-07-21,22.07.2025,Gröpelingen,False,Diebstahl,Falsche Wasserwerker unterwegs – Polizei Bremen rät zu Aufmerksamkeit und gibt Tipps zur Vorbeugung,"Bremen-Gröpelingen, Woltmershausen",https://www.polizei.bremen.de/news/pressestelle/pressemeldungen-ab-18072025-64821,"Am Montagnachmittag verschafften sich in Gröpelingen und Woltmershausen Personen unter dem Vorwand, Wasserwerker zu sein, Zugang zu Wohnungen. Die Polizei Bremen ruft zur Wachsamkeit auf und gibt wichtige Hinweise, wie Sie sich schützen können.
Gegen 14 Uhr bemerkte eine 82-jährige Bremerin beim Heimkommen einen fremden Mann im Treppenhaus der Selsinger Straße. Er behauptete, Wartungsarbeiten durchführen zu müssen. Obwohl kein Termin bekannt war, drängte sich der Unbekannte beim Öffnen der Wohnungstür an ihr vorbei, sodass die Seniorin stürzte. Kurz darauf hielt sich ein zweiter Mann in der Wohnung auf. Während einer die Frau ins Badezimmer begleitete, begab sich der andere unbemerkt ins Schlafzimmer. Anschließend verließen beide Männer fluchtartig die Wohnung. Drei Goldketten wurden entwendet.
Wenig später, gegen 17:15 Uhr, betraten ein Mann und eine Frau durch eine offenstehende Tür das Treppenhaus eines Mehrparteienhauses in der Straße Auf dem Grünen. Sie klingelten bei einer 86-jährigen Bewohnerin und gaben sich ebenfalls als Wasserwerker aus. In der Wohnung lenkte die Frau die Bewohnerin mit einem angeblichen Kontrolltermin am Durchlauferhitzer ab. Währenddessen durchsuchte der Mann offenbar unbeobachtet das Schlafzimmer und nahm Schmuck mit.
Die Polizei rät: Schützen Sie sich und andere – so geht’s:
•	Lassen Sie nur Personen in Ihre Wohnung, die Sie selbst bestellt oder die Ihnen durch die Hausverwaltung angekündigt wurden.
•	Seien Sie besonders vorsichtig, wenn Fremde unangemeldet erscheinen – auch wenn sie sich offiziell geben.
•	Halten Sie Haustüren stets geschlossen, und lassen Sie nur bekannte Personen ins Gebäude.
•	Reagieren Sie selbstbewusst und lautstark, wenn jemand sich aufdrängt – das kann abschrecken.
•	Holen Sie sich Hilfe von Nachbarn oder Vertrauenspersonen.
•	Rufen Sie bei Unsicherheiten sofort die Polizei unter 110 an.
Trickdiebstahl ist kein Einzelfall – gemeinsam können wir verhindern, dass sich Fremde unter falschem Vorwand Zugang zu Wohnungen verschaffen. Weitere Tipps und Ratschläge gibt es beim Präventionszentrum der Polizei Bremen, Am Wall 196, oder hier unter der Rubrik Prävention.",53.116711,8.7630483,district
47626.0,2026-07-17,,Neustadt,False,Sachbeschaedigung,Wohnhaus von Parteimitglied mit Farbe beschmiert,Bremen-Neustadt,https://www.polizei.bremen.de/news/pressestelle/pressemeldungen-ab-03072026-68314,"(17.07.26)
In der Nacht zu Freitag warfen in der Neustadt Unbekannte mit Farbe gefüllte Christbaumkugeln an das Wohnhaus eines Mitgliedes des AfD Landesverbandes Bremen. Die Polizei Bremen sucht Zeugen.
Zwischen Mitternacht und 8 Uhr am Morgen warfen der oder die Täter mehrere Kugeln mit brauner Farbe gefüllt an die Hausfassade des Politikers. Auch zwei Nachbarhäuser wurden dabei durch Farbspritzer beschädigt.
Der Staatsschutz der Polizei Bremen hat die Ermittlungen aufgenommen. Die Polizei bittet Zeugen, die in der Nacht zu Freitag im Bereich der Bremer Neustadt verdächtige Beobachtungen gemacht haben, sich beim Kriminaldauerdienst unter 0421 362-3888 zu melden.",53.0695355,8.7928381,district
47725.0,2025-07-22,23.07.2025,Schwachhausen,False,Koerperverletzung,Radfahrer nach Vorfahrtsstreit in Schwachhausen angegriffen,"Bremen-Schwachhausen, OT Schwachhausen, Schwachhauser Heerstraße",https://www.polizei.bremen.de/news/pressestelle/pressemeldungen-ab-18072025-64821,"Vier Männer haben am Dienstagnachmittag in Schwachhausen einen 26-jährigen Radfahrer nach einem Streit über die Vorfahrt angegriffen und verletzt.
Der Radfahrer war gegen 16.15 Uhr auf der Schwachhauser Heerstraße unterwegs und hatte im Bereich der Carl-Schurz-Straße mit dem Fahrer eines grauen Peugeot einen Disput bezüglich der Vorfahrt. Wenig später hielt der Peugeot etwa 100 Meter weiter in einer Einfahrt – teils auf dem dort verlaufenden Radweg. Der Radfahrer musste anhalten und stieg ab. Aus dem Auto stiegen vier Männer, die den 26-Jährigen zunächst beleidigten und anschließend gemeinschaftlich auf ihn einschlugen. Danach flüchteten die Angreifer. Ein Rettungsdienst brachte den Verletzten zur ambulanten Behandlung in ein Krankenhaus.
Die Kriminalpolizei Bremen ermittelt wegen gefährlicher Körperverletzung und sucht Zeuginnen und Zeugen. Hinweise nimmt der Kriminaldauerdienst unter der Telefonnummer 0421 362-3888 entgegen.",53.085986,8.8522351,address
47726.0,2026-07-17,,Obervieland,False,Sonstiges,Raubüberfälle in Kattenturm und Findorff,"Bremen-Obervieland, OT Kattenturm, Theodor-Billroth-Straße / Bremen-Findorff, OT Findorff-Bürgerweide, Admiralstraße",https://www.polizei.bremen.de/news/pressestelle/pressemeldungen-ab-03072026-68314,"(18.07.26)
Am Freitagnachmittag raubte ein bislang unbekannter Mann einer 71 Jahre alten Frau in Kattenturm die Halskette. In Findorff wurde am Abend ebenfalls einer Frau Schmuck geraubt. Hier konnte ein 26-jähriger Tatverdächtiger ermittelt werden.
Gegen 15:20 Uhr lief die 71-Jährige gerade die Theodor-Billroth-Straße auf Höhe des dortigen Klinikums entlang, als sich der Unbekannte ihr von hinten näherte und unvermittelt ihre Goldkette vom Hals riss. Der Mann flüchtete zu Fuß über eine Rasenfläche in Richtung Kattenturm Mitte. Der Täter war etwa 180 Zentimeter groß, hatte einen dunklen Bart und trug ein beiges Cappy und eine beige Jeans.
Die Polizei Bremen bittet Zeugen, denen in diesem Bereich etwas aufgefallen ist oder beobachtet haben, sich beim Kriminaldauerdienst unter 0421 362-3888 zu melden.
Später am Abend gegen 21:20 Uhr raubte ein Mann einer 34 Jahre alten Frau den Anhänger ihrer Goldkette in Findorff. Die Frau befand sich gemeinsam mit ihrem Ehemann in der Admiralstraße, als der Täter sie überholte und dabei nach ihrer Kette griff. Einsatzkräfte konnten schnell einen 26 Jahre alten marokkanischen Tatverdächtigen ermitteln.
In beiden Fällen dauern die weiteren Ermittlungen an.",53.03885,8.837961,district
47726.0,2026-07-17,,Findorff,False,Sonstiges,Raubüberfälle in Kattenturm und Findorff,"Bremen-Obervieland, OT Kattenturm, Theodor-Billroth-Straße / Bremen-Findorff, OT Findorff-Bürgerweide, Admiralstraße",https://www.polizei.bremen.de/news/pressestelle/pressemeldungen-ab-03072026-68314,"(18.07.26)
Am Freitagnachmittag raubte ein bislang unbekannter Mann einer 71 Jahre alten Frau in Kattenturm die Halskette. In Findorff wurde am Abend ebenfalls einer Frau Schmuck geraubt. Hier konnte ein 26-jähriger Tatverdächtiger ermittelt werden.
Gegen 15:20 Uhr lief die 71-Jährige gerade die Theodor-Billroth-Straße auf Höhe des dortigen Klinikums entlang, als sich der Unbekannte ihr von hinten näherte und unvermittelt ihre Goldkette vom Hals riss. Der Mann flüchtete zu Fuß über eine Rasenfläche in Richtung Kattenturm Mitte. Der Täter war etwa 180 Zentimeter groß, hatte einen dunklen Bart und trug ein beiges Cappy und eine beige Jeans.
Die Polizei Bremen bittet Zeugen, denen in diesem Bereich etwas aufgefallen ist oder beobachtet haben, sich beim Kriminaldauerdienst unter 0421 362-3888 zu melden.
Später am Abend gegen 21:20 Uhr raubte ein Mann einer 34 Jahre alten Frau den Anhänger ihrer Goldkette in Findorff. Die Frau befand sich gemeinsam mit ihrem Ehemann in der Admiralstraße, als der Täter sie überholte und dabei nach ihrer Kette griff. Einsatzkräfte konnten schnell einen 26 Jahre alten marokkanischen Tatverdächtigen ermitteln.
In beiden Fällen dauern die weiteren Ermittlungen an.",53.094685,8.808282,district
47825.0,2025-07-22,23.07.2025,Häfen,False,Sonstiges,Schwerer Betriebsunfall,"Bremen-Häfen, OT Industriehäfen",https://www.polizei.bremen.de/news/pressestelle/pressemeldungen-ab-18072025-64821,"Am Dienstagmorgen fiel ein 31 Jahre alter Mann von einem Dach eines Gebäudes im Stadtteil Häfen und zog sich dabei lebensgefährliche Verletzungen zu.
Gegen 9:30 Uhr betrat der 31-Jährige gemeinsam mit dem 58-jährigen Eigentümer einer Kunststofffirma das Dach des Gebäudes im Ortsteil Industriehäfen, um die Photovoltaik-Anlagen zu besichtigen, da diese gereinigt werden sollten. Aus bisher noch ungeklärter Ursache stürzte der 31-Jährige durch das angrenzende Plastikdach rund sieben Meter in die Tiefe und erlitt dabei lebensgefährliche Verletzungen. Die schnell eingetroffenen Rettungskräfte reanimierten den 31 Jahre alten Mann. Er wurde anschließend mit einem Hubschrauber zur weiteren Behandlung in ein Krankenhaus gebracht, wo er notoperiert wurde.
Die Polizei Bremen und die Gewerbeaufsicht haben die weiteren Ermittlungen zur Unfallursache aufgenommen.",53.1125,8.734167,district
47925.0,2025-07-23,24.07.2025,Hemelingen,False,Toetungsdelikt,19-Jährige von Zug erfasst,"Bremen-Hemelingen, OT Mahndorf, Eppenhainer Straße",https://www.polizei.bremen.de/news/pressestelle/pressemeldungen-ab-18072025-64821,"Eine 19 Jahre alter Fußgängerin überquerte am Mittwochabend einen Bahnübergang in Mahndorf. Die junge Frau wurde dabei von einem Zug erfasst und verstarb noch vor Ort an ihren schweren Verletzungen.
Die 19-Jährige betrat den Bahnübergang an der Eppenhainer Straße Richtung Ehlersdamm bei geschlossenen Schranken. Als sie die Schienen überquerte, wurde sie von einer herannahenden Regionalbahn erfasst und tödlich verletzt. Der Zugführer leitete sofort eine Notbremsung ein.
Für die Bergungsmaßnahmen und die Unfallaufnahme wurde vorübergehend der Bahnverkehr gesperrt. Die weiteren Ermittlungen zum Unfallhergang dauern an.",53.0417109,8.933398,address
47926.0,2026-07-18,,Burglesum,False,Hasskriminalitaet,Rassistisch beleidigt – Zeugen gesucht,"Bremen-Burglesum, OT Burg-Grambke, Grambker Heerstraße",https://www.polizei.bremen.de/news/pressestelle/pressemeldungen-ab-03072026-68314,"(19.07.26)
Am Samstagnachmittag beleidigte ein bislang unbekannter Mann in einem Bus in Burglesum einen 30-Jährigen und eine weitere Frau mehrfach mit rassistischen Begriffen. Die Polizei Bremen sucht Zeugen.
Der 30-Jährige befand sich mit seinen zwei Kindern gegen 17 Uhr in der Buslinie 90 in Richtung Gröpelingen als der mutmaßlich stark alkoholisierte Mann ihn und eine weitere unbekannte Frau rassistisch beleidigte. Der Mann stieg anschließend an der Haltestelle ‚Mittelsbürener Landstraße‘ aus und lief in Richtung Grambker Kirchweg.
Der Unbekannte war etwa 185 Zentimeter groß und zwischen 45 und 55 Jahren alt. Bekleidet war er mit einem Camouflage T-Shirt, einer braun-grünen Hose und einem weißen Cappy. Zudem trug er einen grün-schwarzen Rucksack bei sich.
Die Polizei Bremen sucht Zeugen des Vorfalls und bittet insbesondere auch die noch unbekannte Frau, die von dem Mann ebenfalls beleidigt worden sein soll, sich beim Kriminaldauerdienst unter 0421 362-3888 zu melden.",53.1496337,8.7107747,address
48025.0,2025-07-23,24.07.2025,Mitte,False,Raub,Polizei nimmt bewaffnete Räuber fest,"Bremen-Mitte/Schwachhausen, OT Bahnhofsvorstadt/Neu Schwachhausen, Falkenstraße/Bürgerpark",https://www.polizei.bremen.de/news/pressestelle/pressemeldungen-ab-18072025-64821,"Am Mittwoch kam es in den Stadtteilen Mitte und Schwachhausen zu zwei Raubtaten, bei denen jeweils ein Messer eingesetzt wurde. In einem Fall stellten die Einsatzkräfte zwei Männer im Alter von 23 und 29 Jahren.
Gegen 20:15 Uhr meldeten mehrere Zeugen der Polizei einen Mann in der Hollerallee, der mit einem Messer schwer verletzt worden sein soll. Die alarmierten Einsatzkräfte trafen vor Ort auf einen 33 Jahre alten Mann, der schwere Schnittverletzungen an der Hand aufwies. Er berichtete, dass er zuvor von zwei Männern im Bürgerpark ausgeraubt wurde. Dabei wurde er mit einem Messer verletzt, zudem wurde ihm mit einer Glasflasche gegen die Schulter geschlagen. Der Verletzte wurde von Rettungskräften in ein Krankenhaus gebracht und dort notoperiert. Die beiden Angreifer entkamen zunächst, konnten aber aufgrund der guten Beschreibung von Einsatzkräften der Polizei nur kurze Zeit später in Bahnhofsnähe gestellt und vorläufig festgenommen werden. Nach ersten Erkenntnissen kannten sich die drei Männer.
Gegen die beiden Männer im Alter von 23 und 29 Jahren fertigten die Polizisten Strafanzeigen wegen schweren Raubes und wegen schwerer Körperverletzung. Die weiteren Ermittlungen dauern an. Die Polizei sucht weitere Zeugen und fragt: ""Wer hat im Bereich Bürgerpark und Umgebung verdächtige Beobachtungen gemacht und kann Hinweise geben?"" Zeugenhinweise nimmt der Kriminaldauerdienst unter 0421 362-3888 entgegen. Wer
Gegen 17:20 Uhr befuhr ein 17-Jähriger mit seinem E-Roller die Falkenstraße, als er von einem Unbekannten aufgefordert wurde, stehen zu bleiben und ihm die Umhängetasche zu geben. Als der Jugendliche dies verneinte, zückte der Mann ein Messer und versuchte die Umhängetasche zu entreißen. Der 17-Jährige hielt seine Tasche fest, woraufhin der Unbekannte zustach. Anschließend flüchtete er in Richtung Hauptbahnhof. Der Jugendliche zog sich eine Stichverletzung zu und wurde anschließend von Rettungskräften in ein Krankenhaus gebracht. Eine Lebensgefahr bestand nicht.
Der Mann mit dem Messer soll circa 1,60 Meter groß und um die 20 Jahre alt sein. Er trug eine graue oder hellgrüne Jacke und eine dunkle lange Hose. Er soll schmächtig sein, dunkle kurze Haare tragen und einen dunklen Teint haben.
Zeugenhinweise nimmt der Kriminaldauerdienst jederzeit unter 0421 362-3888 entgegen.",53.0786741,8.8109045,district
48025.0,2025-07-23,24.07.2025,Schwachhausen,False,Raub,Polizei nimmt bewaffnete Räuber fest,"Bremen-Mitte/Schwachhausen, OT Bahnhofsvorstadt/Neu Schwachhausen, Falkenstraße/Bürgerpark",https://www.polizei.bremen.de/news/pressestelle/pressemeldungen-ab-18072025-64821,"Am Mittwoch kam es in den Stadtteilen Mitte und Schwachhausen zu zwei Raubtaten, bei denen jeweils ein Messer eingesetzt wurde. In einem Fall stellten die Einsatzkräfte zwei Männer im Alter von 23 und 29 Jahren.
Gegen 20:15 Uhr meldeten mehrere Zeugen der Polizei einen Mann in der Hollerallee, der mit einem Messer schwer verletzt worden sein soll. Die alarmierten Einsatzkräfte trafen vor Ort auf einen 33 Jahre alten Mann, der schwere Schnittverletzungen an der Hand aufwies. Er berichtete, dass er zuvor von zwei Männern im Bürgerpark ausgeraubt wurde. Dabei wurde er mit einem Messer verletzt, zudem wurde ihm mit einer Glasflasche gegen die Schulter geschlagen. Der Verletzte wurde von Rettungskräften in ein Krankenhaus gebracht und dort notoperiert. Die beiden Angreifer entkamen zunächst, konnten aber aufgrund der guten Beschreibung von Einsatzkräften der Polizei nur kurze Zeit später in Bahnhofsnähe gestellt und vorläufig festgenommen werden. Nach ersten Erkenntnissen kannten sich die drei Männer.
Gegen die beiden Männer im Alter von 23 und 29 Jahren fertigten die Polizisten Strafanzeigen wegen schweren Raubes und wegen schwerer Körperverletzung. Die weiteren Ermittlungen dauern an. Die Polizei sucht weitere Zeugen und fragt: ""Wer hat im Bereich Bürgerpark und Umgebung verdächtige Beobachtungen gemacht und kann Hinweise geben?"" Zeugenhinweise nimmt der Kriminaldauerdienst unter 0421 362-3888 entgegen. Wer
Gegen 17:20 Uhr befuhr ein 17-Jähriger mit seinem E-Roller die Falkenstraße, als er von einem Unbekannten aufgefordert wurde, stehen zu bleiben und ihm die Umhängetasche zu geben. Als der Jugendliche dies verneinte, zückte der Mann ein Messer und versuchte die Umhängetasche zu entreißen. Der 17-Jährige hielt seine Tasche fest, woraufhin der Unbekannte zustach. Anschließend flüchtete er in Richtung Hauptbahnhof. Der Jugendliche zog sich eine Stichverletzung zu und wurde anschließend von Rettungskräften in ein Krankenhaus gebracht. Eine Lebensgefahr bestand nicht.
Der Mann mit dem Messer soll circa 1,60 Meter groß und um die 20 Jahre alt sein. Er trug eine graue oder hellgrüne Jacke und eine dunkle lange Hose. Er soll schmächtig sein, dunkle kurze Haare tragen und einen dunklen Teint haben.
Zeugenhinweise nimmt der Kriminaldauerdienst jederzeit unter 0421 362-3888 entgegen.",53.0854265,8.8363055,district
48026.0,2026-07-19,,Findorff,False,Raub,Raubüberfall auf Kiosk in Findorff,"Bremen-Findorff, OT Regensburger Straße, Utbremer Ring",https://www.polizei.bremen.de/news/pressestelle/pressemeldungen-ab-03072026-68314,"(20.07.26)
Am frühen Sonntagabend überfiel ein 35 Jahre alter Mann unter Vorhalt einer Schreckschusswaffe einen Kiosk in Findorff. Wenige Stunden später stellten Einsatzkräfte den Tatverdächtigen, nachdem er eine weitere Person bedroht haben soll.
Ersten Erkenntnissen zufolge betrat der 35-Jährige gegen 17:45 Uhr maskiert und mit einer Waffe in der Hand den Kiosk im Utbremer Ring. Er bedrohte den 26 Jahre alten Mitarbeiter und forderte die Herausgabe von Bargeld. Als der Angestellte der Forderung nicht nachkam, schlug der Täter ihm mit der Waffe auf den Kopf. Anschließend entstand zwischen den Männern ein Gerangel, im Verlauf dessen mehrere Schüsse fielen. Der 35-Jährige flüchtete schließlich aus dem Kiosk. Im Rahmen einer groß angelegten Fahndung wurden mehrere Personen kontrolliert und vorläufig mit zu einer Wache genommen. Gegen keine dieser Person konnte sich der Tatverdacht jedoch erhärten. Der 26-Jährige kam mit einer Kopfplatzwunde in ein Krankenhaus, konnte dieses aber am Abend wieder verlassen.
Um kurz vor 2 Uhr in der Nacht wurden Einsatzkräfte in die Utbremer Straße gerufen. Dort trafen die Polizisten auf zwei Personen. Ein 44-Jähriger gab gegenüber den Beamten an, von der weiteren Person soeben mit einer Waffe bedroht worden zu sein. Der zweite Mann versuchte noch zu flüchten, Einsatzkräfte konnten den 35-Jährigen aber schnell stellen.
Ersten Ermittlungen zufolge handelt es sich bei dem Mann auch um den Tatverdächtigen nach dem Raubüberfall am Utbremer Ring. Sowohl die vermeintliche Tatwaffe, eine Schreckschusswaffe, als auch weitere Beweismittel konnten bei ihm sichergestellt werden.
Gegen den Mann wird jetzt unter anderem wegen schweren Raubes ermittelt. Ob der 35-Jährige auch für weitere Taten in Frage kommt, ist jetzt ebenfalls Bestandteil der Ermittlungen. Haftgründe werden aktuell geprüft.",53.0981313,8.8131066,address
48125.0,2025-07-24,25.07.2025,Findorff,False,Drogendelikt,Behördenübergreifende Kontrollen im Bremer Westen,Bremen-Findorff/Walle/Gröpelingen,https://www.polizei.bremen.de/news/pressestelle/pressemeldungen-ab-18072025-64821,"Die Polizei Bremen führte am Donnerstag unter anderem mit dem Zoll, Ordnungsdienst, Finanzamt sowie der Gewerbeaufsicht im Bremer Westen Kontrollen durch. Dabei wurden Kioske, Imbisse und Bars überprüft und diverse Mängel festgestellt. Die Polizei reagierte damit auch auf Bürgerbeschwerden. Zudem konnten die Einsatzkräfte Erfolge in der Bekämpfung gegen die Drogen- und Straßenkriminalität verzeichnen.
In Findorff, Walle und Gröpelingen standen 13 Lokalitäten von nachmittags bis in den späten Abend im Fokus aller Beteiligten. Insgesamt wurden 52 Verstöße, wie Hygienemängel, massive Kassenmängel, die Kennzeichnungspflicht und das Verpackungsgesetz sowie Verstöße gegen das Jugendschutzgesetz festgestellt. Durch die Glücksspielaufsicht wurden ebenfalls diverse Verstöße festgestellt, die insgesamt Bußgelder im fünfstelligen Bereich erwarten lassen. Entsprechende Anzeigen wurden gefertigt. Eine Shisha Bar in Walle und eine Bar in Gröpelingen wurden aufgrund von mehreren Verstößen geschlossen.
Gleichzeitig wurden offene sowie verdeckte Maßnahmen zur Bekämpfung des Drogenhandels durchgeführt. Bei den umfangreichen Kontrollen wurden Strafanzeigen gefertigt, Cannabis und Kokain und Bargeld beschlagnahmt sowie Straßenhändler gefasst. In einem Fall beobachteten zivile Einsatzkräfte einen Drogenhandel in der Gnesener Straße. Bei einer anschließenden Kontrolle wurden mehrere Verkaufseinheiten Kokain sowie Bargeld, mehrere Mobiltelefone und ein Baseballschläger sichergestellt. Eine entsprechende Anzeige wurde gefertigt. Die weiteren Ermittlungen hierzu dauern an.
Seit vielen Wochen und Monaten setzt sich die Polizei Bremen verstärkt für die Bekämpfung der Straßenkriminalität ein und wird diese Bemühungen gemeinsam mit anderen Sicherheitsbehörden mit offenen und verdeckten Maßnahmen fortsetzen.",53.094685,8.808282,district
48125.0,2025-07-24,25.07.2025,Walle,False,Drogendelikt,Behördenübergreifende Kontrollen im Bremer Westen,Bremen-Findorff/Walle/Gröpelingen,https://www.polizei.bremen.de/news/pressestelle/pressemeldungen-ab-18072025-64821,"Die Polizei Bremen führte am Donnerstag unter anderem mit dem Zoll, Ordnungsdienst, Finanzamt sowie der Gewerbeaufsicht im Bremer Westen Kontrollen durch. Dabei wurden Kioske, Imbisse und Bars überprüft und diverse Mängel festgestellt. Die Polizei reagierte damit auch auf Bürgerbeschwerden. Zudem konnten die Einsatzkräfte Erfolge in der Bekämpfung gegen die Drogen- und Straßenkriminalität verzeichnen.
In Findorff, Walle und Gröpelingen standen 13 Lokalitäten von nachmittags bis in den späten Abend im Fokus aller Beteiligten. Insgesamt wurden 52 Verstöße, wie Hygienemängel, massive Kassenmängel, die Kennzeichnungspflicht und das Verpackungsgesetz sowie Verstöße gegen das Jugendschutzgesetz festgestellt. Durch die Glücksspielaufsicht wurden ebenfalls diverse Verstöße festgestellt, die insgesamt Bußgelder im fünfstelligen Bereich erwarten lassen. Entsprechende Anzeigen wurden gefertigt. Eine Shisha Bar in Walle und eine Bar in Gröpelingen wurden aufgrund von mehreren Verstößen geschlossen.
Gleichzeitig wurden offene sowie verdeckte Maßnahmen zur Bekämpfung des Drogenhandels durchgeführt. Bei den umfangreichen Kontrollen wurden Strafanzeigen gefertigt, Cannabis und Kokain und Bargeld beschlagnahmt sowie Straßenhändler gefasst. In einem Fall beobachteten zivile Einsatzkräfte einen Drogenhandel in der Gnesener Straße. Bei einer anschließenden Kontrolle wurden mehrere Verkaufseinheiten Kokain sowie Bargeld, mehrere Mobiltelefone und ein Baseballschläger sichergestellt. Eine entsprechende Anzeige wurde gefertigt. Die weiteren Ermittlungen hierzu dauern an.
Seit vielen Wochen und Monaten setzt sich die Polizei Bremen verstärkt für die Bekämpfung der Straßenkriminalität ein und wird diese Bemühungen gemeinsam mit anderen Sicherheitsbehörden mit offenen und verdeckten Maßnahmen fortsetzen.",53.1028746,8.783049,district
48125.0,2025-07-24,25.07.2025,Gröpelingen,False,Drogendelikt,Behördenübergreifende Kontrollen im Bremer Westen,Bremen-Findorff/Walle/Gröpelingen,https://www.polizei.bremen.de/news/pressestelle/pressemeldungen-ab-18072025-64821,"Die Polizei Bremen führte am Donnerstag unter anderem mit dem Zoll, Ordnungsdienst, Finanzamt sowie der Gewerbeaufsicht im Bremer Westen Kontrollen durch. Dabei wurden Kioske, Imbisse und Bars überprüft und diverse Mängel festgestellt. Die Polizei reagierte damit auch auf Bürgerbeschwerden. Zudem konnten die Einsatzkräfte Erfolge in der Bekämpfung gegen die Drogen- und Straßenkriminalität verzeichnen.
In Findorff, Walle und Gröpelingen standen 13 Lokalitäten von nachmittags bis in den späten Abend im Fokus aller Beteiligten. Insgesamt wurden 52 Verstöße, wie Hygienemängel, massive Kassenmängel, die Kennzeichnungspflicht und das Verpackungsgesetz sowie Verstöße gegen das Jugendschutzgesetz festgestellt. Durch die Glücksspielaufsicht wurden ebenfalls diverse Verstöße festgestellt, die insgesamt Bußgelder im fünfstelligen Bereich erwarten lassen. Entsprechende Anzeigen wurden gefertigt. Eine Shisha Bar in Walle und eine Bar in Gröpelingen wurden aufgrund von mehreren Verstößen geschlossen.
Gleichzeitig wurden offene sowie verdeckte Maßnahmen zur Bekämpfung des Drogenhandels durchgeführt. Bei den umfangreichen Kontrollen wurden Strafanzeigen gefertigt, Cannabis und Kokain und Bargeld beschlagnahmt sowie Straßenhändler gefasst. In einem Fall beobachteten zivile Einsatzkräfte einen Drogenhandel in der Gnesener Straße. Bei einer anschließenden Kontrolle wurden mehrere Verkaufseinheiten Kokain sowie Bargeld, mehrere Mobiltelefone und ein Baseballschläger sichergestellt. Eine entsprechende Anzeige wurde gefertigt. Die weiteren Ermittlungen hierzu dauern an.
Seit vielen Wochen und Monaten setzt sich die Polizei Bremen verstärkt für die Bekämpfung der Straßenkriminalität ein und wird diese Bemühungen gemeinsam mit anderen Sicherheitsbehörden mit offenen und verdeckten Maßnahmen fortsetzen.",53.116711,8.7630483,district
48126.0,2026-07-18,20.07.2026,Vahr,False,Sexualdelikt,Kinder auf Spielplatz angesprochen – Polizei sucht Zeugen,"Bremen-Vahr, OT Neue Vahr Südwest, Franz-Mehring-Straße",https://www.polizei.bremen.de/news/pressestelle/pressemeldungen-ab-03072026-68314,"Die Polizei Bremen ermittelt nach einem Vorfall auf einem Spielplatz am Samstagabend in der Neuen Vahr Südwest und sucht Zeugen.
Nach bisherigen Erkenntnissen spielten am Samstagabend drei Kinder auf einem Spielplatz in der Franz-Mehring-Straße, als sie von einem bislang unbekannten Mann angesprochen wurden. Der Unbekannte fragte die Kinder, ob sie mit ihm befreundet sein wollten. Nachdem diese dies verneinten, baute der Mann ein buntes Kinderzelt auf und forderte die Kinder auf, mit ihm hineinzugehen. Eines der Kinder betrat das Zelt kurzzeitig, konnte dieses jedoch unmittelbar wieder verlassen und weglaufen. Nach derzeitigen Erkenntnissen kam es aufgrund des schnellen Fluchtverhaltens des Kindes zu keinen sexuellen Übergriffen. Anschließend flüchtete der Unbekannte mit einem älteren grauen Fahrrad in unbekannte Richtung.
Der Gesuchte ist etwa 17 bis 18 Jahre alt, 160 bis 165 Zentimeter groß, hat schwarze, vorne leicht gewellte Haare, einen leichten Oberlippenbart sowie ein auffälliges Muttermal oder einen größeren Pickel am Hals. Er sprach gebrochen Deutsch und trug eine enge blaue Jeans, ein grün-schwarz-grau kariertes Hemd, schwarze Hiking-Schuhe sowie eine silberne Armbanduhr.
Die Polizei hat die Ermittlungen aufgenommen und bittet Zeugen, die Hinweise zu dem beschriebenen Mann oder dem Vorfall geben können, sich beim Kriminaldauerdienst unter der Telefonnummer 0421 362-3888 zu melden.",53.080147,8.8884988,address
48225.0,2025-07-24,25.07.2025,Horn-Lehe,False,Einbruch,Kellereinbrecher geschnappt,"Bremen-Horn-Lehe, OT Lehe, Mary-Astell-Straße",https://www.polizei.bremen.de/news/pressestelle/pressemeldungen-ab-18072025-64821,"Einsatzkräfte der Polizei stellten am Donnerstagabend einen 46 Jahre alten Mann in Lehe. Er soll zuvor in einen Keller eines Mehrfamilienhauses eingebrochen sein.
Am späten Abend wurde der Eindringling von einem Anwohner überrascht, als dieser sich an einem Kellerabteil des Hauses an der May-Astell-Straße zu schaffen machte. Der Täter ergriff daraufhin die Flucht und wurde von alarmierten Einsatzkräften noch in der Nähe gestellt. Bei ihm fanden sie Einbruchswerkzeug und weitere Beweismittel, wie hochwertiges Werkzeug. Eine Nachschau zeigte, dass eine Tür zu den Kellerräumen bereits aufgehebelt worden war.
Die Polizisten nahmen den 46-jährigen Mann mit auf die Wache. Gegen ihn werden nun Ermittlungen wegen Besonders schweren Diebstahls geführt.",53.1046659,8.8629887,address
48226.0,2026-07-20,21.07.2026,Neustadt,False,Einbruch,Einbrecher eröffnet Kuchenfiliale im Park,"Bremen-Neustadt, OT Alte Neustadt, Am Neustadtsbahnhof",https://www.polizei.bremen.de/news/pressestelle/pressemeldungen-ab-03072026-68314,"Ein 31 Jahre alter Mann brach in der Nacht zu Montag in ein Eiscafé in der Neustadt ein. Seine Beute, unter anderem Kuchen, lagerte er zunächst in einem nahegelegenen Park – und machte sich anschließend daran, Teile davon zu verschenken. Die Polizei nahm ihn fest.
Der 31-Jährige verschaffte sich über eine Hintertür Zugang zu dem Gebäude in der Straße Am Neustadtsbahnhof. Im videoüberwachten Treppenhaus führte sein Weg immer wieder in den Keller des Cafés, wo Getränke und Lebensmittel gelagert wurden. In mindestens neun Touren transportierte er Einkaufstaschen voller Kaffee, Alkohol, Eiszutaten, Kuchen und Softdrinks aus dem Gebäude. Der entstandene Schaden beläuft sich nach ersten Schätzungen auf mehrere tausend Euro.
Seine Beute versteckte der Mann anschließend an verschiedenen Stellen im nahegelegenen Hohentorspark. Dort endete der nächtliche ""Lieferservice"" jedoch wenig später: Als der 31-Jährige gestohlenen Kuchen verschenkte, wurden Passanten aufmerksam und die Polizei wurde informiert. Einsatzkräfte konnten den Tatverdächtigen wenig später im Rahmen der Fahndung stellen und festnehmen.
Die Moral der Geschichte: Auch wer seine Beute großzügig verschenkt, macht aus einem Einbruch keine gute Tat. Die Ermittlungen dauern an.",53.075629,8.7871346,address
48325.0,2025-07-25,26.07.2025,Horn-Lehe,False,Sonstiges,Falsche Polizisten betrügen 64-Jährigen,"Bremen-Horn-Lehe, OT Lehe, Millstätter Straße",https://www.polizei.bremen.de/news/pressestelle/pressemeldungen-ab-18072025-64821,"Am Freitag wurde ein 64 Jahre alte Bremer in Horn-Lehe von Trickbetrügern um seine Sammlermünzen gebracht. Die Polizei sucht Zeugen und gibt Präventionstipps.
Der 64-Jährige erhielt einen Anruf von falschen Polizeibeamten, welche ihn aufforderten, seine Münzen aus dem Schließfach der Bank zu holen und anschließend vor seinem Haus an der Millstätter Straße zu deponieren. Angeblich seien seine Münzen in dem Schließfach nicht sicher und die Polizei würde sie zur Spurensicherung abholen. Dem kam der Bremer nach. Währenddessen blieb der Anrufer ständig am Telefon. Kurz darauf holte ein Unbekannter die Sammlung ab. Als der 64-Jährige sich wenig später an einem Polizeirevier nach seinen Münzen erkundigen wollte, flog der Schwindel auf.
Der Abholer soll barfuß mit Badelatschen und mit einer langen, dunklen Jacke mit Kapuze vorm Gesicht unterwegs gewesen sein. Er hat eine normale Figur und wird als etwa 1,80 bis 1,90 Meter groß beschrieben. Hinweise gehen an den Kriminaldauerdienst unter der Rufnummer 0421 362-3888.
Präventionshinweise der Polizei Bremen: Lassen Sie sich nicht täuschen - die Polizei wird Sie niemals bitten Ihre Wertsachen zur ""Abholung"" außerhalb der Wohnung zu deponieren oder Sie am Telefon zu finanziellen Details ausfragen! Seien Sie misstrauisch bei unbekannten Anrufen! Legen Sie einfach auf, wenn Ihnen etwas seltsam vorkommt! Wählen Sie selbst die 110, wenn Sie unsicher sind - echte Polizisten helfen Ihnen weiter!
Weitere Infos und Präventionstipps erhalten Sie beim Präventionszentrum der Polizei Bremen unter (0421) 362-19003.",53.1017944,8.8634135,address
48326.0,2026-07-22,22.07.2026,Obervieland,False,Sachbeschaedigung,Böller an Spielhalle,"Bremen-Obervieland, OT Kattenturm, Alfred-Faust-Straße",https://www.polizei.bremen.de/news/pressestelle/pressemeldungen-ab-03072026-68314,"In Kattenturm zündeten in der Nacht zu Mittwoch Unbekannte mehrere Böller an der Außenfassade einer Spielothek. Verletzt wurde niemand. Die Polizei sucht Zeugen.
Gegen 1.30 Uhr hörten Zeugen in der Alfred-Faust-Straße einen lauten Knall und riefen die Polizei über den Notruf. Die alarmierten Einsatzkräfte fanden beschädigte Fensterscheiben an einer dortigen Spielhalle vor. An den Fenstern waren Böller explodiert, so dass Splitterungen und ein kleineres Loch entstanden. Sprengstoffexperten wurden alarmiert, der Bereich abgesperrt und Anwohner aus dem Obergeschoss vorsorglich evakuiert. Die Delaborierer der Bundespolizei stellten einen nicht gezündeten Sprengkörper sicher. Nach ersten Ermittlungen flüchteten zwei dunkel gekleidete Personen vom Tatort.
Die Polizei ermittelt wegen des Herbeiführens einer Sprengstoffexplosion. Zeugenhinweise nimmt der Kriminaldauerdienst jederzeit unter 0421 362-3888 entgegen.
Die weiteren Ermittlungen dauern an.",53.0341394,8.8299613,address
48425.0,2025-07-25,26.07.2025,Walle,False,Sonstiges,Unbekannter entreißt Frau die Handtasche,"Bremen-Walle, OT Westend, Utbremer Straße",https://www.polizei.bremen.de/news/pressestelle/pressemeldungen-ab-18072025-64821,"Am Freitagnachmittag kam es im Bremer Stadtteil Walle zu einem Handtaschenraub. Ein bislang unbekannter Täter entriss einer 66-jährigen Frau ihre Handtasche, nachdem sie an einem Geldautomaten Bargeld abgehoben hatte. Anschließend flüchtete er mit einem Pkw. Die Frau wurde leicht verletzt.
Die 66-Jährige hatte gegen 16.30 Uhr an einem Geldautomaten in der Nähe der Haltestelle ""Utbremer Straße"" Bargeld abgehoben und sich anschließend zu Fuß in Richtung der Haltestelle begeben. Dort trat ein unbekannter Mann an sie heran und riss unvermittelt an ihrer Handtasche. Die Frau hielt die Tasche zunächst fest, stürzte jedoch auf die Knie. Bei einem weiteren Ruck fiel sie nach vorn und musste die Tasche loslassen. Der Täter flüchtete anschließend mit der Beute in Richtung Zütphenstraße und stieg in Höhe der Hausnummer 14 in ein dunkles Auto, mit dem er davonfuhr. Die Frau erlitt Schürfwunden.
Der ca. 25 bis 35 Jahre alte Täter soll sehr kurze dunkle Haare (fast Glatze) haben. Er wurde als etwa 1,80 Meter groß, schlank und mit dunkler Jeans und weißem T-Shirt beschrieben.
Hinweisgeber, die am Freitagnachmittag im Bereich Utbremer Straße oder Zütphenstraße verdächtige Beobachtungen gemacht haben oder Hinweise zu dem Täter oder dem Fluchtfahrzeug geben können, melden sich jederzeit beim Kriminaldauerdienst unter 0421 362-3888.",53.0913574,8.7946655,address
48426.0,2026-07-21,22.07.2026,Walle,False,Raub,Schmuckraub in Walle,"Bremen-Walle, OT Westend, Calvinstraße",https://www.polizei.bremen.de/news/pressestelle/pressemeldungen-ab-03072026-68314,"Nach einem Halskettenraub am Dienstagnachmittag im Waller Westend sucht die Polizei nach Zeugen.
Gegen 15 Uhr entriss ein bislang unbekannter Täter einer 82 Jahre alten Frau im Bereich der Calvinstraße eine teure Goldkette vom Hals. Dabei versuchte der Räuber auch, ihr das Armband zu entreißen. Als dies misslang, flüchtete der Unbekannte in Richtung Wartburgplatz. Die Frau erlitt eine leichte Schürfwunde.
Der Täter soll mit etwa 1,60 Meter auffallend klein, schlank und ca. 25 Jahre alt gewesen sein. Er trug einen Oberlippenbart und war dunkel gekleidet. Zeugenhinweise gehen jederzeit an den Kriminaldauerdienst unter der Rufnummer 0421 362-3888.
Straßenräuber haben es oft auf Handys, Schmuck, Uhren und Bargeld abgesehen. Die Polizei rät: Bewahren Sie Wertsachen sicher in verschließbaren Innentaschen auf und achten Sie auf Ihren Schmuck sowie wertvolle Uhren. Weitere Tipps: www.Polizei.Bremen.de und www.Polizei-Beratung.de.",53.0935922,8.7905482,address
48525.0,2025-07-26,27.07.2025,Mitte,False,Raub,Jugendliche geben sich als Zivilpolizisten aus und überfallen 16-Jährigen,"Bremen-Mitte, OT Bahnhofsvorstadt, Theodor-Heuss-Allee",https://www.polizei.bremen.de/news/pressestelle/pressemeldungen-ab-18072025-64821,"Am Samstagabend wurde ein 16 Jahre alter Jugendlicher in der Bahnhofsvorstadt ausgeraubt. Die jungen Täter gaben sich als Zivilpolizei aus und wollten den 16-Jährigen angeblich nach Drogen durchsuchen.
Der 16-Jährige wurde von zwei jungen Männern, die sich als Zivilpolizisten ausgaben, an den Gleisen im Hauptbahnhof angesprochen, ob er ein Dealer sei und führten ihn zum Nordausgang. Hier sollte er angeblich nach Drogen durchsucht werden. Noch bevor der Jugendliche reagieren konnte, schlug einer der beiden unvermittelt mit der Faust in seine Richtung. Der 16-Jährige wich dem Schlag aus, wurde jedoch zu Boden gestoßen und dort mehrfach getreten. Während der eine Täter zuschlug, sicherte der zweite das Geschehen ab. Auf Aufforderung übergab der 16-Jährige schließlich sein Mobiltelefon an den Angreifer. Anschließend flüchtete das Duo vom Tatort. Der 16-Jährige wurde leicht verletzt.
Durch die Videoleitstelle konnte ein 17 Jahre alter Tatverdächtiger identifiziert und sein mutmaßlicher 16-jähriger Komplize ermittelt werden. Die weiteren Ermittlungen der Kriminalpolizei dauern an.
Hinweis der Polizei Bremen: Immer wieder geben sich Täter als falsche Polizisten aus, um an Wertgegenstände zu gelangen. Echte Polizeibeamte, insbesondere in Zivil, weisen sich mit einem Dienstausweis aus. Im Zweifel: Sprechen Sie Umstehende an und verständigen Sie über den Notruf 110 die Polizei.",53.0848079,8.8151677,address
48526.0,2026-07-22,23.07.2026,Walle,False,Diebstahl,Autodieb legt ungeplanten Powernap ein,"Bremen-Walle, OT Überseestadt, Cuxhavener Straße",https://www.polizei.bremen.de/news/pressestelle/pressemeldungen-ab-22072026-68493,"Ein kurzes Nickerchen zur Mittagszeit soll bekanntlich neue Energie bringen. Für einen 45 Jahre alten Autodieb endete der vermeintliche Powernap am Mittwoch in Bremen-Walle allerdings direkt mit einer Begegnung mit der Polizei.
Der Mann hatte sich Zugang zu einer Garage in der Cuxhavener Straße verschafft, in der ein verschlossener Fiat Seicento stand. Mit einer Miniflex öffnete er die Tür und zerlegte anschließend das Zündschloss, um den Wagen kurzzuschließen. Doch der Diebstahl scheiterte an einer leeren Autobatterie – der Kleinwagen sprang nicht an.
Offenbar kostete der erfolglose Versuch mehr Kraft als gedacht: Als der Eigentümer die geöffnete Garage bemerkte und die Polizei alarmierte, fanden die Einsatzkräfte den 45-Jährigen schlafend auf dem Fahrersitz vor.
Bei dem Mann, der augenscheinlich unter dem Einfluss von Drogen stand, fanden die Polizisten eine Akku-Miniflex in seiner Bauchtasche sowie ein Klappmesser in seiner Hosentasche. Außerdem stellten sie ein E-Bike sicher, für das er keinen Eigentumsnachweis vorlegen konnte.
Gegen den 45-Jährigen wurden entsprechende Strafanzeigen gefertigt. Seinen Mittagsschlaf wird er so schnell wohl nicht vergessen.",53.1051734,8.7652029,address
48625.0,2025-07-28,28.07.2025,Mitte,False,Einbruch,Einbruch in Souvenirshop,"Bremen-Mitte, OT Altstadt, Am Markt",https://www.polizei.bremen.de/news/pressestelle/pressemeldungen-ab-18072025-64821,"In der Nacht zu Montag brachen zwei Jugendliche in einen Kiosk in der Bremer Altstadt ein. Sie schlugen mit einem unbekannten Gegenstand die Glasscheibe einer Vitrine ein und stahlen mehrere Souvenirs.
Mitarbeitende eines Sicherheitsdienstes alarmierten die Polizei. Die beiden Tatverdächtigen flüchteten vom Markt in Richtung Hauptbahnhof. Einsatzkräfte stellten die 14 und 17 Jahre alten Jugendlichen im Bereich der Wallanlagen und nahmen sie vorläufig fest.
Nach Abschluss der polizeilichen Maßnahmen entließ die Polizei die beiden Jugendlichen. Die weiteren Ermittlungen dauern an.",53.0759677,8.8068883,address
48626.0,2026-07-22,,Neustadt,False,Brandstiftung,Brandstiftungen beschädigen Bäume in der Neustadt – Polizei sucht Zeugen,"Bremen-Neustadt, OT Alte Neustadt, Am Deich",https://www.polizei.bremen.de/news/pressestelle/pressemeldungen-ab-22072026-68493,"23.07.2026
In der Nacht von Mittwoch auf Donnerstag kam es in der Bremer Neustadt zu drei Bränden, bei denen jeweils Bäume beschädigt wurden. Die Polizei ermittelt wegen Sachbeschädigung und bittet um Zeugenhinweise.
Der erste Einsatz erfolgte gegen 22:15 Uhr im Neustadtspark. Durch einen unbekannten Täter wurden Unrat und ein defekter Autoreifen an einem Baumstamm in Brand gesetzt. Die alarmierte Feuerwehr löschte das Feuer. Der Baumstamm wurde durch das Feuer und die Hitze beschädigt.
Nur kurz darauf wurde in etwa 150 Metern Entfernung in der Straße Neustadtswall ein weiterer Brand festgestellt. Dort brannte ein Busch unmittelbar an einem Baumstamm. Die Feuerwehr löschte die Flammen und stellte zudem eine schwarze, zähe Masse fest. Auch hier wurde der Baum in Mitleidenschaft gezogen.
Gegen 00:30 Uhr kam es zu einem dritten Einsatz in der Straße Am Deich, Höhe einer Brauerei. Hier wurde eine Baustellenbake an einem Baumstamm in Brand gesetzt. Auch in diesem Fall wurde der Baum durch das Feuer beschädigt.
Die Polizei hat die Ermittlungen aufgenommen und prüft einen Zusammenhang zwischen den Taten.
Wer in den genannten Bereichen verdächtige Personen oder Fahrzeuge beobachtet hat oder sonstige Hinweise zu den Bränden geben kann, wird gebeten, sich beim Kriminaldauerdienst der Polizei Bremen unter der Telefonnummer 0421 362-3888 zu melden.",53.0778013,8.7941785,address
48725.0,2025-07-27,28.07.2025,Mitte,False,Raub,20 Jahre alter Straßenräuber geht in Haft,"Bremen-Mitte, OT Bahnhofsvorstadt, Breitenweg",https://www.polizei.bremen.de/news/pressestelle/pressemeldungen-ab-18072025-64821,"Einsatzkräfte der Polizei Bremen nahmen am Sonntagmorgen in der Bahnhofsvorstadt einen 20 Jahre alten Mann fest. Er hatte zuvor einer 30-Jährigen das Handy entrissen.
Gegen 6:40 Uhr befand sich die 30 Jahre alte Frau gemeinsam mit einer Freundin in der Straße Breitenweg, als ihr ein Unbekannter an den Armen packte, ihr ein Bein stellte und sie zu Boden warf. Der Mann riss ihr anschließend das Mobiltelefon aus der Hand und flüchtete. Hinzugezogene Einsatzkräfte stellten in Tatortnähe einen 20 Jahre alten Mann und nahmen ihn fest. Das Mobiltelefon konnte ebenfalls in Tatortnähe aufgefunden werden.
Eine Haftprüfung gegen den 20-Jährigen verlief positiv. Er wurde einer Justizvollzugsanstalt überstellt.",53.0856248,8.8037004,address
48726.0,2026-07-23,23.07.2026,Gröpelingen,False,Raub,Zeugenaufruf nach Überfall auf Spielhalle,"Bremen-Gröpelingen, OT Ohlenhof, Gröpelinger Heerstraße",https://www.polizei.bremen.de/news/pressestelle/pressemeldungen-ab-22072026-68493,"Ein vermutlich bewaffneter Täter raubte in der Nacht zu Donnerstag eine Spielhalle in Gröpelingen aus. Anschließend flüchtete er unerkannt. Die Polizei sucht Zeugen.
Gegen 1.10 Uhr betrat der Mann die Spielothek an der Gröpelinger Heerstraße. Er bedrohte eine 54-jährige Kassiererin mit einem Gegenstand, eventuell einem Messer, und verlangte Bargeld. Nachdem die Frau der Aufforderung nachkam, flüchtete der Räuber in unbekannte Richtung.
Der Räuber soll etwa 1,75 Meter groß und blass gewesen sein, mit schwarzen Haaren. Er war mit einer schwarzen Lederjacke, blauen Jeans, weißen Handschuhen und weißen Schuhen bekleidet. Zur Tatzeit trug er ein weißes Halstuch ins Gesicht gezogen.
Zeugen, die in der Gröpelinger Heerstraße Straße im Umfeld der Spielhalle etwas Verdächtiges beobachtet haben, melden sich jederzeit beim Kriminaldauerdienst unter der Rufnummer 0421 362-3888.",53.1190553,8.7553786,address
48825.0,2025-07-28,29.07.2025,Hemelingen,False,Sonstiges,Trio greift Jugendlichen in Hemelingen an – Polizei nimmt alle Täter fest,"Bremen-Hemelingen, OT Hemelingen, Godehardstraße",https://www.polizei.bremen.de/news/pressestelle/pressemeldungen-ab-18072025-64821,"Am späten Montagnachmittag griffen drei 15, 18 und 24-Jährige, die aus Syrien und Afghanistan stammen, einen 17 Jahre alten Jugendlichen aus dem Libanon mutmaßlich mit verschiedenen Schlagwerkzeugen in der Godehardstraße in Hemelingen an.
Der 17-Jährige konnte sich zunächst aus der Situation befreien und flüchtete in ein zufällig in der Nähe geparktes Fahrzeug, das gerade vom Fahrzeughalter aufgeschlossen wurde. Die Angreifer setzten ihre Attacke jedoch fort und zwangen den Jugendlichen damit, das Auto zu verlassen. Auch nach der Flucht aus dem Fahrzeug verfolgten sie den 17-Jährigen weiter und griffen ihn erneut am Bürgerhaus Hemelingen an. In diesem Moment wurde ein Zeuge auf die Situation aufmerksam und stellte sich dazwischen, wodurch es dem Jugendlichen gelang, zu entkommen. Die Täter flüchteten daraufhin, konnten jedoch dank einer sofort eingeleiteten Fahndung alle drei vorläufig festgenommen werden. Der 24-jährige Verdächtige wies Verletzungen am Arm auf und musste zur Behandlung ins Krankenhaus gebracht werden. Der 17-Jährige wurde bei dem Angriff leicht verletzt.
Die Polizei sicherte zahlreiche Spuren und beschlagnahmte mehrere Beweismittel. Die Kriminalpolizei hat die Ermittlungen aufgenommen, um die genauen Hintergründe der Tat zu klären. Zeugen, die sachdienliche Hinweise geben können, werden gebeten, sich beim Kriminaldauerdienst unter der Rufnummer 0421 362-3888 zu melden.",53.0584836,8.8875167,address
48826.0,2026-07-23,24.07.2026,Huchting,False,Koerperverletzung,Nachbarschaftsstreit – Polizei mit großem Kräfteaufgebot im Einsatz,"Bremen-Huchting, OT Mittelshuchting, Robinsbalje",https://www.polizei.bremen.de/news/pressestelle/pressemeldungen-ab-22072026-68493,"Ein Nachbarschaftsstreit zwischen zwei Familien ist am Donnerstagabend im Bremer Stadtteil Huchting aus dem Ruder gelaufen. Die Polizei Bremen war mit einem größeren Kräfteaufgebot im Einsatz, um die Situation zu beruhigen und die Beteiligten zu trennen.
Nach bisherigen Erkenntnissen traf eine Gruppe von Kindern und Jugendlichen auf einen 32 Jahre alten Mann. Im Verlauf der zunächst verbalen Auseinandersetzung soll der Mann die Kinder bedroht und einem Kind ins Gesicht geschlagen haben. Als die Kinder um Hilfe riefen, kam der Vater eines Kindes hinzu. Der 32-Jährige zog sich daraufhin in ein Wohnhaus zurück und soll von dort einen Aschenbecher aus einem Fenster auf den Mann geworfen haben. Dieser konnte den Wurf abwehren und erlitt eine leichte Verletzung an der Hand.
Während der polizeilichen Maßnahmen versammelten sich zeitweise bis zu 80 Personen beider Familien, die teilweise durch Telefonanrufe mobilisiert wurden, am Einsatzort. Die Einsatzkräfte trennten die Beteiligten, sprachen mehrere Platzverweise aus und nahmen eine Person aufgrund der Störung der Maßnahmen vorübergehend in Gewahrsam.
Die Polizei fertigte Strafanzeigen unter anderem wegen gefährlicher Körperverletzung, Bedrohung und Beleidigung.",53.056652,8.7308961,address
48925.0,2025-07-29,30.07.2025,Neustadt,False,Raub,Bitte lächeln! Polizei schnappt Fotoräuber,"Bremen-Neustadt, OT Alte Neustadt, Große Annenstraße",https://www.polizei.bremen.de/news/pressestelle/pressemeldungen-ab-18072025-64821,"Ein ungewöhnlicher „Fototermin“ endete am Dienstagabend in der Bremer Neustadt nicht wie geplant – zumindest nicht aus Sicht zweier mutmaßlicher junger Räuber. Die Polizei konnte einen der Täter noch in Tatortnähe vorläufig festnehmen.
Ein 64-jähriger Porschefahrer wollte gegen 18.30 Uhr in der Großen Annenstraße gerade losfahren, als ihn zwei junge Männer freundlich darum baten, ein Foto seines Sportwagens machen zu dürfen. Der Besitzer stieg aus, das Bild wurde geschossen – bis hierhin alles harmlos. Doch als der Mann wieder einsteigen wollte, packte ihn einer der „Fotografen“ unvermittelt am Arm. Offenbar zielten die beiden weniger auf ein gutes Motiv als auf Autoschlüssel und wertvolle Armbanduhr. Der 64-Jährige wehrte sich resolut und trat nach dem Angreifer. Eine aufmerksame Passantin rief lautstark um Hilfe – das Duo suchte daraufhin schleunigst das Weite.
Die Polizei leitete umgehend eine Fahndung ein. Mit Erfolg: Kurz darauf konnten Einsatzkräfte einen 17-jährigen Jugendlichen als Tatverdächtigen stellen. Nach seinem Komplizen wird weiter ermittelt.",53.0723001,8.7975782,address
48926.0,2026-07-23,26.07.2026,Neustadt,False,Drogendelikt,Schlag gegen den Drogenhandel in der Neustadt – Kiloweise Betäubungsmittel und Bargeld sichergestellt,"Bremen-Neustadt, OT Buntentor",https://www.polizei.bremen.de/news/pressestelle/pressemeldungen-ab-22072026-68493,"Nach mehrwöchigen, intensiven Ermittlungen hat die Polizei Bremen Ende der vergangenen Woche einen empfindlichen Schlag gegen den organisierten Drogenhandel in der Neustadt erzielt. Am Freitag erließ ein Gericht Haftbefehle für zwei Haupttäter.
Im Rahmen der Maßnahmen des Zivilen Ermittlungsdienstes und der EG-Straßendeal wurden Strukturen des dortigen Straßenhandels aufgeklärt. Die Ermittler identifizierten mehrere mutmaßliche Drogenlieferanten, Bunkerwohnungen sowie Rückzugsorte. Nach gezielten Kontrollen zweier Männer im Alter von 23 und 37 Jahren und dem Fund nicht geringer Mengen Heroin und Crack wurden am Donnerstag mehrere Durchsuchungsbeschlüsse in der Neustadt vollstreckt.
Dabei stellten die Einsatzkräfte unter anderem rund ein Kilogramm Heroin, etwa 40 Gramm ungestrecktes Kokain, rund 170 Gramm Crack, etwa 100.000 Euro Bargeld, über ein Kilogramm Streckmittel sowie eine schusssichere Weste sicher.
Die Ermittlungen ergaben, dass die Drogen von konspirativen Wohnungen aus an verschiedene Verkaufsorte im Stadtteil verteilt wurden. Die Straßenhändler wurden dabei mutmaßlich von Hintermännern mit Betäubungsmitteln versorgt und überwacht.
Die zwei Männer im Alter von 23 und 37 Jahren wurden festgenommen. Auf Antrag der Staatsanwaltschaft erließ ein Richter am Freitagnachmittag Haftbefehle für die beiden.
Die umfangreichen Ermittlungen dauern an.",53.0695355,8.7928381,district
49025.0,2025-07-28,30.07.2025,Mitte,False,Diebstahl,Berauschter Autodieb von Polizei gestoppt,"Bremen-Mitte, OT Altstadt, Wilhelm-Kaisen-Brücke",https://www.polizei.bremen.de/news/pressestelle/pressemeldungen-ab-18072025-64821,"Einsatzkräfte der Polizei Bremen wollten am Montagabend in der Altstadt einen 58 Jahre alten Fahrer eines als gestohlen gemeldeten Autos kontrollieren. Dabei versuchte er zu flüchten, konnte wenig später aber gestellt werden.
Gegen 19:25 Uhr meldete ein Anrufer, dass er auf der Wilhelm-Kaisen-Brücke ein gestohlenes Auto wiedererkannt habe. Als Einsatzkräfte eine Verkehrskontrolle durchführen wollten, raste der Mann zunächst in Richtung Innenstadt davon. Während der Fahrt fuhr der 54-Jährige mit überhöhter Geschwindigkeit, teilweise entgegengesetzter Fahrtrichtung und missachtete mehrere rote Ampeln.
Anschließend fuhr er in eine Sackgasse. Der Mann stieg aus dem Auto aus und versuchte fußläufig zu flüchten, konnte von den Polizisten in der Wandschneiderstraße gestellt werden. Der 54 Jahre alte Mann gab an, zuvor Alkohol und Crack konsumiert zu haben. Erste Tests verliefen positiv. Zudem stellte sich heraus, dass er nicht über eine gültige Fahrerlaubnis verfügt. Er wurde vorläufig festgenommen und zur Wache gebracht.
Die Einsatzkräfte fertigten diverse Strafanzeigen, unter anderem wegen Unfallflucht, Fahren ohne Fahrerlaubnis und Gefährdung des Straßenverkehrs. Derzeit wird geprüft, ob der 54-Jährige für den Autodiebstahl verantwortlich ist. Die weiteren Ermittlungen dauern an",53.0717883,8.8025203,address
49026.0,,,Mitte,False,Drogendelikt,"Waffen, Drogen und Haftbefehl","Bremen-Mitte, Östliche Vorstadt",https://www.polizei.bremen.de/news/pressestelle/pressemeldungen-ab-22072026-68493,"(25.07.26)
Die Polizei Bremen führte in der Nacht von Freitag auf Sonnabend gemeinsam mit dem Ordnungsdienst Bremen erneut umfangreiche Kontroll-, Präsenz- und Präventionsmaßnahmen im Bereich des Hauptbahnhofs sowie im Steintorviertel durch. Ziel der Maßnahmen war die konsequente Bekämpfung der Betäubungsmittel- und Waffenkriminalität sowie die Stärkung des Sicherheitsgefühls der Bürgerinnen und Bürger.
Im Rahmen des Einsatzes kontrollierten die Einsatzkräfte 40 Personen. Dabei wurde ein 47 Jahre alter Mann festgenommen, der per Haftbefehl gesucht wurde. Zudem erteilten die Einsatzkräfte acht Platzverweise.
Bei den Kontrollen stellten die Polizistinnen und Polizisten mehrere Verkaufseinheiten Heroin, Kokain und Ecstasy sicher. Darüber hinaus beschlagnahmten sie eine Machete, ein Messer sowie ein Tomahawk.
Ein 21 Jahre alter Mann fiel auf dem Bahnhofsplatz durch sein aggressives Verhalten gegenüber Passanten auf. Er wurde in Gewahrsam genommen und anschließend vorläufig in einer psychiatrischen Einrichtung untergebracht.
Die Polizei Bremen wird die gemeinsamen Kontroll- und Präventionsmaßnahmen mit dem Ordnungsdienst auch künftig konsequent und unermüdlich fortsetzen.",53.0786741,8.8109045,district
49125.0,2025-07-29,30.07.2025,Burglesum,False,Koerperverletzung,Auto überschlägt sich bei Unfall in St. Magnus,"Bremen-Burglesum, OT St. Magnus, Raschenkampsweg",https://www.polizei.bremen.de/news/pressestelle/pressemeldungen-ab-18072025-64821,"In Burglesum ereignete sich am Dienstagmorgen ein Verkehrsunfall, bei dem der Autofahrer sowie zwei Insassen leicht verletzt wurden.
Einsatzkräfte der Polizei Bremen erhielten am Dienstag gegen 5 Uhr einen automatisierten Notruf, der von einem Fahrzeug im Raschenkampsweg abgesetzt wurde. Vor Ort fanden sie einen Mercedes mit dänischem Kennzeichen, der auf dem Dach liegend in voller Ausdehnung brannte. Einsatzkräfte der Feuerwehr löschten den Brand. Im weiteren Verlauf trafen die Polizisten auf drei Insassen, ein zwölfjähriges Mädchen, einen 15 Jahre alten Junge und den 51 Jahre alten Mercedes-Fahrer, die glücklicherweise nur leicht verletzt wurden. Sie wurden von Rettungskräften vor Ort versorgt. Nach ersten Erkenntnissen übersah der 51-Jährige das Ende der Straße. Aufgrund einer Fahrbahnerhöhung kam es zu einem Sprung des Autos. Beim Aufsetzen verlor der Mercedes-Fahrer die Kontrolle, das Auto überschlug sich und prallte gegen eine Straßenlaterne und gegen einen massiven Steinpfahl, welcher aufgrund der Wucht des Aufpralls mehrere Meter mitgerissen wurde. Das Auto kam zum Stehen und fing kurze Zeit später Feuer. Es entstand hoher Sachschaden.
Das Verkehrskommissariat der Polizei Bremen hat die Ermittlungen zur genauen Unfallursache übernommen.",53.1680537,8.6684658,address
49225.0,2025-08-04,31.07.2025,Obervieland,False,Sonstiges,78 Schulwegbanner für mehr Sicherheit im Straßenverkehr,Bremen-Obervieland/Vegesack,https://www.polizei.bremen.de/news/pressestelle/pressemeldungen-ab-18072025-64821,"In Bremen neigen sich die Ferien langsam dem Ende. Das neue Schuljahr beginnt am 14. August 2025 und mit ihm die Einschulungen der ABC-Schützen am 16. August 2025. Wie auch in den vergangenen Jahren werden Schulwegbanner in Bremen angebracht, um auf die erhöhte Verkehrssituation hinzuweisen und die Sicherheit der jungen Verkehrsteilnehmenden zu gewährleisten.
Die insgesamt 78 Banner tragen die Aufschrift „Achtung Schulbeginn!“. Autofahrende sollen mit den Bannern dazu sensibilisiert werden, sich in der Nähe von Schulen rücksichtsvoll und verkehrsgerecht zu verhalten.
Zu den offiziellen Auftaktveranstaltungen laden wir Medienvertreter herzlich ein:
Am Montag, den 4. August 2025, um 11 Uhr
Ort: Kattenturmer Heerstraße 196, 28277 Bremen-Kattenturm
Am Mittwoch, den 6. August 2025, um 11 Uhr
Ort: Fährgrund 16-18, 28757 Bremen-Vegesack
Anwesend sein werden in Kattenturm unter anderem der Senator für Inneres und Sport, Herr Mäurer, der stellvertretende Leiter der Direktion Einsatz, Herr Löwe sowie der Amtsleiter der Feuerwehr Herr Heßemer und der Ortsamtsleiter Herr Radolla. Die Sponsoren ADAC und Verkehrswacht haben ihre Teilnahme ebenfalls zugesagt.
Bei der Veranstaltung in Vegesack werden Herr Wulf vom Bildungsressort, der Ortsamtsleiter Herr Sgolik erwartet sowie die Sponsoren der Schulwegbanner, darunter Verkehrswacht, ÖVB Versicherungen und die Sparkasse Bremen. Für den Bremer Norden wurden neue, farbenfrohe und ausdrucksstarke Banner gestaltet.
In den kommenden Wochen plant die Polizei Bremen präventive Verkehrskontrollen in Form von Geschwindigkeitsmessungen und Überprüfungen der Rückhaltesysteme, um die Sicherheit rund um Schulen weiter zu erhöhen.
Medienvertreterinnen und Medienvertreter können sich direkt beim Präventionszentrum der Polizei Bremen per E-Mail praeventionszentrum@polizei.bremen.de zu den beiden Veranstaltungen anmelden.",53.03885,8.837961,district
49225.0,2025-08-04,31.07.2025,Vegesack,False,Sonstiges,78 Schulwegbanner für mehr Sicherheit im Straßenverkehr,Bremen-Obervieland/Vegesack,https://www.polizei.bremen.de/news/pressestelle/pressemeldungen-ab-18072025-64821,"In Bremen neigen sich die Ferien langsam dem Ende. Das neue Schuljahr beginnt am 14. August 2025 und mit ihm die Einschulungen der ABC-Schützen am 16. August 2025. Wie auch in den vergangenen Jahren werden Schulwegbanner in Bremen angebracht, um auf die erhöhte Verkehrssituation hinzuweisen und die Sicherheit der jungen Verkehrsteilnehmenden zu gewährleisten.
Die insgesamt 78 Banner tragen die Aufschrift „Achtung Schulbeginn!“. Autofahrende sollen mit den Bannern dazu sensibilisiert werden, sich in der Nähe von Schulen rücksichtsvoll und verkehrsgerecht zu verhalten.
Zu den offiziellen Auftaktveranstaltungen laden wir Medienvertreter herzlich ein:
Am Montag, den 4. August 2025, um 11 Uhr
Ort: Kattenturmer Heerstraße 196, 28277 Bremen-Kattenturm
Am Mittwoch, den 6. August 2025, um 11 Uhr
Ort: Fährgrund 16-18, 28757 Bremen-Vegesack
Anwesend sein werden in Kattenturm unter anderem der Senator für Inneres und Sport, Herr Mäurer, der stellvertretende Leiter der Direktion Einsatz, Herr Löwe sowie der Amtsleiter der Feuerwehr Herr Heßemer und der Ortsamtsleiter Herr Radolla. Die Sponsoren ADAC und Verkehrswacht haben ihre Teilnahme ebenfalls zugesagt.
Bei der Veranstaltung in Vegesack werden Herr Wulf vom Bildungsressort, der Ortsamtsleiter Herr Sgolik erwartet sowie die Sponsoren der Schulwegbanner, darunter Verkehrswacht, ÖVB Versicherungen und die Sparkasse Bremen. Für den Bremer Norden wurden neue, farbenfrohe und ausdrucksstarke Banner gestaltet.
In den kommenden Wochen plant die Polizei Bremen präventive Verkehrskontrollen in Form von Geschwindigkeitsmessungen und Überprüfungen der Rückhaltesysteme, um die Sicherheit rund um Schulen weiter zu erhöhen.
Medienvertreterinnen und Medienvertreter können sich direkt beim Präventionszentrum der Polizei Bremen per E-Mail praeventionszentrum@polizei.bremen.de zu den beiden Veranstaltungen anmelden.",53.1705249,8.6238803,district
49226.0,2026-07-26,26.07.2026,Östliche Vorstadt,False,Raub,Bargeld am Geldautomaten entwendet – Täter bedroht Verfolger mit Messer,"Bremen-Östliche Vorstadt, OT Steintor, Vor dem Steintor",https://www.polizei.bremen.de/news/pressestelle/pressemeldungen-ab-22072026-68493,"Zwei bislang unbekannte Männer entwendeten in der Nacht von Sonnabend auf Sonntag einem 51-Jährigen Bargeld an einem Geldautomaten in der Straße Vor dem Steintor. Im Anschluss bedrohte ihn einer der Täter mit einem Messer. Die Polizei sucht Zeugen.
Der 51-Jährige wurde während des Geldabhebens von einem der Männer in ein Gespräch verwickelt. Gleichzeitig nahm dessen Komplize das ausgegebene Bargeld aus dem Automaten und beide flüchteten. Drei Mitarbeiter eines Sicherheitsdienstes verfolgten das Duo, das während der Flucht Steine und Flaschen nach ihnen warf. Ein 45 Jahre alter Security-Mitarbeiter wurde dabei an der Wade getroffen, blieb jedoch unverletzt.
Auch der 51-Jährige nahm die Verfolgung auf und griff einen der Täter an der Kapuze. Dieser zog daraufhin ein Messer und bedrohte ihn. Als der zweite Räuber seinem Komplizen zu Hilfe kam, stürzte der Mann zu Boden und brach die Verfolgung ab. Er erlitt eine leichte Schürfwunde an der Hand.
Die beiden wurden mit schwarzer Hautfarbe beschrieben. Einer soll etwa 170 Zentimeter groß gewesen sein und einen schwarzen Kapuzenpullover, eine helle Jeans sowie helle Schuhe getragen haben. Der zweite war etwa 160 Zentimeter groß und vollständig dunkel gekleidet.
Zeugenhinweise nimmt der Kriminaldauerdienst unter 0421 362-3888 entgegen.",53.0730116,8.8237464,address
49325.0,2025-07-30,31.07.2025,Woltmershausen,False,Waffendelikt,Mann mit Axt durch Taser-Androhung gestoppt,"Bremen-Woltmershausen, OT Woltmershausen, Auf dem Bohnenkamp",https://www.polizei.bremen.de/news/pressestelle/pressemeldungen-ab-18072025-64821,"In Woltmershausen nahmen Einsatzkräfte der Polizei Bremen am Mittwoch einen 41 Jahre alten Mann vorläufig fest. Er hatte zuvor seinen Nachbarn mit einer Axt bedroht. Durch Androhung eines Schusswaffen- und Tasergebrauchs konnte die Gefahrenlage unter Kontrolle gebracht werden.
Gegen 22:50 Uhr kam es in der Straße Auf dem Bohnenkamp zunächst zu einer verbalen Auseinandersetzung zwischen zwei Männern im Alter von 41 und 54 Jahren. Im weiteren Verlauf ging der 41-Jährige in seine Wohnung und holte eine Axt. Der 54 Jahre alte Nachbar griff ihm daraufhin direkt an dem Arm und es kam zu einer Rangelei. Beide trugen leichte Verletzungen davon. Kurz danach zog sich der 41-Jährige in seine Wohnung zurück. Als die Einsatzkräfte vor Ort antrafen, forderten sie ihn auf, die Tür zu öffnen. Dem kam er teilweise nach und öffnete die Tür nur um einen Spalt. Zu diesem Zeitpunkt konnte nicht ausgeschlossen werden, dass der Mann eine Axt oder einen anderen, waffenähnlichen Gegenstand in der Hand hielt. Erst nachdem der Einsatz einer Schusswaffe und eines Tasers angedroht wurde, öffnete der 41-Jährige die Tür und lies sich widerstandslos festnehmen. Bei einer Durchsuchung stellten die Einsatzkräfte einen Axtkopf, eine Axt sowie ein Beil sicher.
Die Polizei Bremen hat die Ermittlungen wegen gefährlicher Körperverletzung aufgenommen.",53.0833131,8.7641245,address
49426.0,2026-07-23,28.07.2026,Hemelingen,False,Brandstiftung,Brandanschläge auf Wohnhaus in Sebaldsbrück,"Bremen-Hemelingen, OT Sebaldsbrück, Zeppelinstraße",https://www.polizei.bremen.de/news/pressestelle/pressemeldungen-ab-22072026-68493,"Nach zwei versuchten schweren Brandstiftungen an einem Wohnhaus in Bremen-Sebaldsbrück ermittelt die Kriminalpolizei.
Am 23. Juli, gegen 23 Uhr, warfen zwei bislang unbekannte Täter zwei Molotowcocktails gegen eine Hauswand in der Zeppelinstraße. Vorbeifahrende Zeugen beobachteten die Tat und machten durch Hupen auf das Feuer aufmerksam. Die Täter flüchteten anschließend zu Fuß in unbekannte Richtung. Das Feuer wurde durch Anwohner gelöscht, die Feuerwehr musste nicht eingesetzt werden. Durch den Brand entstanden Rußablagerungen an der Fassade, größere Gebäudeschäden entstanden nicht. Verletzt wurde niemand.
In der gestrigen Nacht, etwa zur selben Zeit, nahm ein Zeuge einen lauten Knall wahr. Beim Blick aus dem Fenster sah er im Kiesbett vor dem besagten Haus eine etwa einen Meter hohe Flamme, die kurze Zeit später kleiner wurde und von alarmierten Polizeikräften gelöscht werden konnte. Der Anwohner beobachtete zudem zwei Personen, die vom Tatort wegliefen.
Die Kriminalpolizei hat die Ermittlungen aufgenommen und prüft verschiedene Arbeitshypothesen zu den Hintergründen der Taten.
Zeugen, die Hinweise zu den Vorfällen oder den flüchtigen Personen geben können, werden gebeten, sich beim Kriminaldauerdienst der Polizei Bremen unter der Rufnummer 0421 362-3888 zu melden.",53.063659,8.8841823,address
49725.0,2025-08-01,02.08.2025,Mitte,False,Waffendelikt,Frau mit Messer löst Polizeieinsatz aus,"Bremen-Mitte, Bahnhofsvorstadt, Bornstraße",https://www.polizei.bremen.de/news/pressestelle/pressemeldungen-ab-18072025-64821,"Eine Frau mit einem Messer löste am Freitagnachmittag einen Polizeieinsatz in der Bahnhofsvorstadt aus. Sie konnte von alarmierten Einsatzkräften überwältigt werden. Die Frau verhielt sich psychisch auffällig und wurde entsprechend begutachtet.
Gegen 15:45 Uhr wurden Einsatzkräfte in die Bornstraße gerufen, nachdem eine Frau mit einem Messer die Straße auf und ab lief und herumgeschrien hatte. Vor Ort trafen die Polizisten auf die Frau, die das Messer in der Hand hielt und damit hektisch hin und her schwenkte. Sie forderten die 45-Jährige auf, das Messer fallen zu lassen. Dem kam sie zunächst nicht nach und schwenkte weiterhin mit dem Messer umher, auch in Richtung der Polizisten. Erst als die Einsatzkräfte den Schusswaffengebrauch androhten, ließ die 45-Jährige das Messer fallen, flüchtete in einen nahliegenden Dönerladen, wo sie auf dem Boden liegend von den Polizisten gestellt und festgenommen werden konnte. Bei einer anschließenden Durchsuchung stellten sie zudem eine griffbereite Schere sicher.
Die Einsatzkräfte nahmen die psychisch auffällige Frau mit auf die Wache. Anschließend wurde sie zur Begutachtung in eine psychiatrische Einrichtung gebracht.",53.0786741,8.8109045,district
49726.0,2026-07-28,29.07.2026,Neustadt,False,Koerperverletzung,Messer auf Spielplatz entdeckt – Polizei bittet um Aufmerksamkeit,"Bremen-Neustadt, OT Huckelriede, Mittelweg",https://www.polizei.bremen.de/news/pressestelle/pressemeldungen-ab-22072026-68493,"Ein bislang Unbekannter hat zwei Messer auf einem Spielplatz im Bremer Ortsteil Huckelriede deponiert. Ein zehnjähriges Kind entdeckte die Gegenstände am Dienstag beim Spielen in einem Sandkasten auf dem Spielplatz im Mittelweg. Das Kind informierte umgehend seinen Vater, der die Messer sicherte und die Polizei verständigte.
Nach bisherigen Erkenntnissen wurde niemand verletzt.
Die Kriminalpolizei hat die Ermittlungen wegen des Verdachts der versuchten gefährlichen Körperverletzung aufgenommen und sucht Zeugen.
Die Polizei Bremen nimmt den Vorfall sehr ernst und sensibilisiert insbesondere Eltern sowie andere Begleitpersonen: Sprechen Sie mit Ihren Kindern darüber, unbekannte oder gefährliche Gegenstände nicht anzufassen und stattdessen sofort Erwachsene zu informieren. Wer auf Spielplätzen oder an anderen öffentlichen Orten verdächtige oder gefährliche Gegenstände entdeckt, sollte diese möglichst nicht berühren und umgehend die Polizei verständigen.
Zeugen, die Hinweise dazu geben können, wer die Messer auf dem Spielplatz abgelegt hat oder verdächtige Beobachtungen im Bereich des Mittelwegs gemacht haben, werden gebeten, sich beim Kriminaldauerdienst unter 0421 362-3888 zu melden.",53.1239215,8.8276366,address
49825.0,2025-08-02,03.08.2025,Neustadt,False,Raub,Trio überfällt 19-Jährigen in der Neustadt,"Bremen-Neustadt, OT Neustadt, Neustadtswall",https://www.polizei.bremen.de/news/pressestelle/pressemeldungen-ab-18072025-64821,"Drei Unbekannte raubten in der Nacht zu Samstag einen 19-Jährigen in der Neustadt aus. Dabei bedrohten sie ihn mit einem Messer. Die Polizei sucht Zeugen.
Der 19 Jahre alte Mann befand sich gegen 03:15 Uhr in den Neustadtswallanlagen und wurde von drei jungen Männern bedrängt. Zwei von ihnen hielten ihn am Nacken fest und bedrohten ihn mit einem Messer. Der Dritte trat dem 19-Jährigen in die Kniekehle. Das Trio forderte ihn auf, alles herauszugeben, was er hat. Daraufhin gab er ihnen seine Geldbörse und sein Mobiltelefon. Anschließend flüchteten die drei Männer in Richtung Neustadtscontrescarpe.
Die Angreifer wurden als etwa 19 Jahre beschrieben. Alle hatten schwarze Haare und einen dunklen Teint. Sie trugen jeweils dunkle Jogginganzüge. Zeugenhinweise nimmt der Kriminaldauerdienst unter 0421 3623888 entgegen.",53.0718675,8.7945819,address
49826.0,2026-07-28,,Neustadt,False,Brandstiftung,Brandlegungen in der Neustadt und in Schwachhausen,"Bremen-Neustadt, Donaustraße und Lahnstraße",https://www.polizei.bremen.de/news/pressestelle/pressemeldungen-ab-22072026-68493,"29.07.2026
Am Dienstagabend kam es zunächst in der Neustadt und in der Nacht zu Mittwoch auch in Schwachhausen zu mehreren Bränden. Die Polizei sucht Zeugen.
Zunächst bemerkte eine Anwohnerin gegen 17 Uhr in der Donaustraße, dass vor ihrem Küchenfenster Restmülltonnen brannten. Die alarmierte Feuerwehr löschte das Feuer. Durch den Brand wurden die Mülltonnen sowie das Vordach eines dortigen Reihenhauses beschädigt.
Kurz darauf, gegen 17:45 Uhr, brannte in der Lahnstraße ein Sperrmüllhaufen. Ein Zeuge wurde auf das Feuer aufmerksam und löschte es selbstständig. Die Kriminalpolizei geht von Brandstiftungen aus.
In der Nacht zu Mittwoch wurden zwei weitere Brandorte gemeldet.
In der Parkallee wurden Polizeikräfte durch eine Autofahrerin auf ein brennendes Sofa aufmerksam gemacht, das als Sperrmüll am Straßenrand unter einem Baum abgestellt worden war. Die Feuerwehr wurde alarmiert und begann mit den Löscharbeiten.
Währenddessen konnte ein Passant in etwa 100 Metern Entfernung einen weiteren Brand unterhalb eines Balkons feststellen. Die Bewohner mussten das Gebäude für die Dauer der Löscharbeiten verlassen. Es entstand ein Sachschaden am Balkon, an der Hausfassade und an den Mülltonnen des Hauses.
Die Kriminalpolizei hat die Ermittlungen wegen Brandstiftung aufgenommen und prüft mögliche Zusammenhänge der Taten.
Zeugen werden gebeten, sich bei Kriminaldauerdienst unter der Telefonnummer 0421 362-3888 zu melden.",53.0695355,8.7928381,district
49925.0,2025-08-03,03.08.2025,Neustadt,False,Einbruch,Einbrecher-Duo gestellt,"Bremen-Neustadt, OT Gartenstadt Süd, Thedinghauser Straße",https://www.polizei.bremen.de/news/pressestelle/pressemeldungen-ab-18072025-64821,"Zwei Männer im Alter von 30 und 47 Jahren versuchten in der Nacht zu Sonntag in eine Wohnung in der Neustadt einzubrechen. Das Duo scheiterte jedoch an einem aufmerksamen Zeugen. Einsatzkräfte der Polizei Bremen stellten die Tatverdächtigen noch vor Ort.
Die beiden Männer gelangten aus bisher noch ungeklärter Ursache nachts in ein Mehrparteienhaus in der Thedinghauser Straße. Sie versuchten anschließend eine Wohnungstür aufzuhebeln. Ein aufmerksamer Nachbar hörte den Lärm und alarmierte daraufhin die Polizei über den Notruf. Die schnell eingetroffenen Einsatzkräfte stellten das Duo noch vor dem Hauseingang und nahmen sie vorläufig fest. Bei einer Durchsuchung fanden die Polizisten Aufbruchwerkzeug. Das Duo muss sich jetzt wegen Versuchs des Einbruchdiebstahls verantworten.
Dieser Fall zeigt erneut, dass aufmerksame Zeugen helfen, Einbrecher zu überführen oder einen Einbruch zu verhindern. Melden Sie der Polizei unter dem kostenlosen Notruf 110, wenn Ihnen Personen auf Grundstücken oder an Gebäuden auffallen, die sich verdächtig verhalten.",53.0605447,8.7985184,address
49926.0,2026-07-29,31.07.2026,Vegesack,False,Waffendelikt,Ladendieb bedroht Zeugen mit Messer – Diensthund Django spürt Tatwaffe auf,"Bremen-Vegesack, OT Aumund-Hammersbeck, Hammersbecker Straße",https://www.polizei.bremen.de/news/pressestelle/pressemeldungen-ab-22072026-68493,"Nach einem Ladendiebstahl in Vegesack hat die Polizei am Mittwochnachmittag einen 44 Jahre alten Mann festgenommen. Ihm wird unter anderem Diebstahl mit Waffen und Körperverletzung vorgeworfen.
Der Dieb entwendete in einem Discounter in der Hammersbecker Straße Hygieneartikel und ergriff anschließend die Flucht. Als ihn ein Zeuge auf dem Parkplatz stellte, zog der 44-Jährige ein Messer und machte Stichbewegungen in dessen Richtung. Im weiteren Verlauf wurde der Mann erneut von Zeugen erkannt. Bei seiner erneuten Flucht brachte er einen 47 Jahre alten Verfolger zu Boden und schlug dessen Kopf gegen eine Bahnschiene. Der Verletzte musste anschließend ambulant in einem Krankenhaus behandelt werden. Dank einer guten Personenbeschreibung konnten Einsatzkräfte den Täter im Rahmen der Fahndung in der Beckstraße stellen und vorläufig festnehmen. Das zunächst nicht aufgefundene Messer wurde später von Polizeihund Django auf dem Fluchtweg erschnüffelt und sichergestellt.
Die Staatsanwaltschaft ordnete die Fortdauer der freiheitsentziehenden Maßnahmen an. Ein Haftrichter erließ Haftbefehl. Die weiteren Ermittlungen dauern an.",53.1841787,8.6164549,address
50026.0,2026-07-31,31.07.2026,Vegesack,False,Raub,Kiosk-Einbrecher gefasst,"Bremen-Vegesack, OT Vegesack, Zur Vegesacker Fähre",https://www.polizei.bremen.de/news/pressestelle/pressemeldungen-ab-22072026-68493,"Ein Zeuge beobachtete in der Nacht zu Freitag, wie vier Unbekannte in den Lagerraum eines Kiosks in Vegesack einbrachen und alarmierte die Polizei. Schnell eintreffende Einsatzkräfte konnten noch einen Tatverdächtigen stellen.
Die Einbrecher schraubten zunächst eine Holzplatte vor einem Fenster des Kiosks an der Straße Zur Vegesacker Fähre ab und schlugen danach die dahinterliegende Glasscheibe mit einem Pflasterstein ein, um in den Lagerraum zu gelangen. Dabei verletzte sich einer der flüchtigen Täter offenbar leicht. Bevor sie flüchteten, transportieren die Eindringlinge mehrere Getränkekisten mit einem Rollstuhl nach draußen. Ein 18-jähriger Verdächtiger konnte noch auf der Flucht von der Polizei gestellt, zwei Bierkisten in Tatortnähe sichergestellt werden.
Die Ermittlungen gegen ihn und seine bislang noch unbekannten Mittäter wegen schweren Einbruchsdiebstahls dauern an. Weitere Hinweisgeber melden sich jederzeit beim Kriminaldauerdienst unter der Rufnummer 0421 362-3888.",53.1693499,8.6230458,address
50125.0,2025-08-03,04.08.2025,Gröpelingen,False,Einbruch,Einbruch in Postfiliale,"Bremen-Gröpelingen, OT Oslebshausen, Schragestraße",https://www.polizei.bremen.de/news/pressestelle/pressemeldungen-ab-18072025-64821,"In der Nacht zu Sonntag brachen Unbekannte in eine Postfiliale im Ortsteil Oslebshausen ein. Die Polizei sucht Zeugen.
Der Inhaber der Postfiliale in der Schragerstraße meldete sich am frühen Sonntagmorgen gegen 5 Uhr bei der Polizei und berichtete, dass in seine Filiale eingebrochen wurde. Nach ersten Erkenntnissen kletterten die Unbekannten mittels Leiter auf das Dach eines danebenstehenden Einkaufszentrums und gelangten über eine Fensteröffnung, die sie gewaltsam öffneten, in die Postfiliale. Die Einbrecher durchsuchten die Räumlichkeiten, durchwühlten mehrere Schränke und entwendeten zwei leere Geldeinwurfboxen, die sie während ihrer Flucht auf dem Dach zurückließen.
Die Polizei sucht Zeugen und fragt: „Wer hat in der Nacht zu Sonntag in der Schragestraße und Umgebung verdächtige Beobachtungen gemacht?“ Hinweise nimmt der Kriminaldauerdienst unter der Rufnummer 0421 362-3888 jederzeit entgegen.",53.1371338,8.7440874,address
50225.0,2025-08-04,05.08.2025,Mitte,False,Waffendelikt,Schüsse in die Luft – Polizei nimmt Verdächtigen fest,"Bremen-Mitte, OT Bahnhofsvorstadt, Hillmannplatz",https://www.polizei.bremen.de/news/pressestelle/pressemeldungen-ab-18072025-64821,"Am Montagabend sorgte ein Mann mit einer Schreckschusswaffe in der Bahnhofsvorstadt für einen größeren Polizeieinsatz. Zwei couragierte Zeugen konnten den 33-Jährigen bis zum Eintreffen der Polizei festhalten.
Kurz vor 23 Uhr meldeten mehrere Passanten über den Notruf einen Mann, der auf dem Hillmannplatz mit einer Waffe in die Luft schoss. Der Verdächtige bewegte sich anschließend in Richtung Bahnhofsplatz und zeigte dort weiteren Vorbeigehenden die Waffe. In einem günstigen Moment konnte er von zwei Passanten zu Boden gebracht werden, wo ihn zeitgleich eintreffende Einsatzkräfte der Bundespolizei fixierten. Währenddessen entwendete der Tatverdächtige einem der Helfer 50 Euro aus der Jackentasche.
Der 33 Jahre alten Bremer wurde anschließend vorläufig festgenommen. Er führte neben der Schreckschusswaffe auch ein Einhandmesser sowie eine geringe Menge Kokain mit sich. Er gab an, zuvor Alkohol und Drogen konsumiert zu haben. Zudem fanden die Polizisten den zuvor gestohlenen 50-Euro-Schein bei ihm. Die Sachen wurden als Beweismittel sichergestellt.
Gegen den Mann wurden Ermittlungen unter anderem wegen Verstößen gegen das Waffengesetz, das Betäubungsmittelgesetz und Störung des öffentlichen Friedens durch Androhung von Straftaten eingeleitet.
Die Polizei weist in diesem Zusammenhang nochmal daraufhin, dass Schreckschusswaffen in der Öffentlichkeit nur mit einem gültigen „Kleinen Waffenschein“ geführt werden dürfen. Und auch dann nicht in der Art und Weise, wie sie hier zur Schau gestellt wurde. Wer eine solche Waffe abfeuert, riskiert strafrechtliche Konsequenzen und gefährdet die Sicherheit anderer.
Das Verhalten der Zeugen war sehr mutig, aber auch gefährlich. Bringen Sie jedoch sich oder andere in solchen Situationen nicht in Gefahr Prägen Sie sich stattdessen Tätermerkmale und Fluchtrichtung ein und wählen Sie umgehend den kostenlosen Notruf 110 der Polizei.",53.0807344,8.8096775,address
50325.0,2025-08-04,05.08.2025,Walle,False,Drogendelikt,Drogendealer in Walle gestellt,"Bremen-Walle, OT Westend, Wartburgplatz/Zwinglistraße",https://www.polizei.bremen.de/news/pressestelle/pressemeldungen-ab-18072025-64821,"Zivile Einsatzkräfte der Polizei Bremen nahmen am Montagabend einen 32 Jahre alten Drogendealer fest. Bei einer anschließenden Wohnungsdurchsuchung fanden die Polizisten unter anderem diverse Drogen sowie Bargeld.
Gegen 19:50 Uhr fiel zivilen Einsatzkräften an der Kreuzung Wartburgstraße/Zwinglistraße auf, wie ein Mann mutmaßlich Betäubungsmittel aus einem Auto heraus verkauft hatte. Kurz danach stellten die Einsatzkräfte den 32-Jährigen. Bei einer Durchsuchung seines Autos fanden sie Bargeld, mehrere Mobiltelefone sowie Kokain und Marihuana. Die weiteren Ermittlungen führten zu einer Wohnung in Walle, in der sich zwei weitere Männer befanden. Sie gaben an, lediglich auf den Hund des 32-Jährigen aufgepasst zu haben. Im Rahmen einer Durchsuchung fanden die Einsatzkräfte über drei Kilo Marihuana, Kokain, Ecstasy sowie Ketamin und weitere Betäubungsmittel, Bargeld und weitere Beweismittel (siehe Foto).
Der 32 Jahre alte Mann wurde vorläufig festgenommen. Ihn erwartet nun eine Strafanzeige wegen Handels mit Betäubungsmitteln. Die weiteren Ermittlungen dauern an.",53.1028746,8.783049,district
50425.0,2025-08-04,05.08.2025,Woltmershausen,False,Koerperverletzung,Auseinandersetzung auf Supermarktparkplatz,"Bremen-Woltmershausen, OT Woltmershausen, Dötlinger Straße",https://www.polizei.bremen.de/news/pressestelle/pressemeldungen-ab-18072025-64821,"In Woltmerhausen gerieten am Montag auf einem Supermarktparkplatz eine 45 Jahre alte Frau und ein 55-Jähriger in einen Streit. Wie sich herausstellte, lagen gegen den Mann zwei offene Haftbefehle vor.
Etwa um 20:50 Uhr wurden Einsatzkräfte in die Dötlinger Straße gerufen, da mehrere Zeugen meldeten, dass ein Auto mehrfach gegen ein weiteres Fahrzeug gefahren sei. Vor Ort trafen die Einsatzkräfte auf eine 45 Jahre alte Frau und einen 55-Jährigen. Die Frau hatte zuvor den Mann aus einer Betrugsstraftat wiedererkannt und parkte ihn ein, um die Weiterfahrt zu verhindern. Der 55-Jährige fuhr trotzdem los und beschädigte zunächst den BMW der 45-Jährigen. Als er nicht aufhörte, stellte sie sich zwischen die Autos, doch der 55-Jährige machte weiter und fuhr mehrmals gegen ihr Knie. Dabei zog sie sich Verletzungen zu. Die Frau wurde von Rettungskräften nach einer Erstversorgung in ein Krankenhaus gebracht und dort stationär aufgenommen. Im weiteren Verlauf stellte sich heraus, dass gegen den 55-Jährigen zwei noch offene Haftbefehle aus Hannover und Dortmund vorlagen. Zudem wurde der Mercedes, mit dem er fuhr, wegen Unterschlagung zur Fahndung ausgeschrieben. Außerdem war der 55-Jährige nicht im Besitz einer gültigen Fahrerlaubnis. Während der polizeilichen Maßnahmen klagte der Mann über Schmerzen in der Brust und wurde im weiteren Verlauf ebenfalls in ein Krankenhaus gebracht. Nach Abschluss der medizinischen Versorgung wurde er in eine Justizvollzugsanstalt überstellt.
Gegen den 55 Jahre alten Mann wurden diverse Strafanzeigen, unter anderem wegen gefährlicher Körperverletzung, Sachbeschädigung und Unterschlagung gefertigt. Die weiteren Ermittlungen dauern an.",53.0807838,8.7712717,address
50525.0,2025-08-04,05.08.2025,Woltmershausen,False,Waffendelikt,Nachbarschaftsstreit eskaliert – Mann feuert Reizgaswaffe ab,"Bremen-Woltmershausen, OT Rablinghausen, Roccoweg",https://www.polizei.bremen.de/news/pressestelle/pressemeldungen-ab-18072025-64821,"In der Nacht zu Dienstag kam es in Woltmershausen aufgrund zu lauter Musik zu Nachbarschaftsstreitigkeiten. Ein 60 Jahre alter Mann schoss daraufhin mit einer Reizgaspistole auf seine Nachbarn.
Zwei 23 und 50 Jahre alte Anwohner des Roccowegs in Rablinghausen suchten im Laufe des Abends mehrmals ihren Nachbarn auf, um ihn auf seine lautstarke Musik aufmerksam zu machen. Als sie sich gegen 23.30 Uhr erneut beschwerten, feuerte der 60-jährige Bewohner beim Öffnen der Wohnungstür unvermittelt mit einer Reizgaspistole in Richtung der beiden Personen. Diese erlittenen Augenreizungen und Atembeschwerden.
Der Tatverdächtige konnte noch an seiner Wohnanschrift von alarmierten Einsatzkräften angetroffen werden. Auf Anordnung der Staatsanwaltschaft wurde eine Wohnungsdurchsuchung durchgeführt. Dabei wurden die eingesetzte Reizgaspistole, versteckt in einem Tiefkühlfach, zwei weitere Schreckschusswaffen sowie eine Armbrust aufgefunden und sichergestellt.
Die weiteren Ermittlungen gegen ihn wegen gefährlicher Körperverletzung dauern an.",53.093928,8.7467774,address
50625.0,2025-08-05,05.08.2025,Schwachhausen,False,Sonstiges,Fußgängerin bei Unfall mit Straßenbahn verletzt,"Bremen-Schwachhausen, OT Bürgerpark, Am Stern",https://www.polizei.bremen.de/news/pressestelle/pressemeldungen-ab-18072025-64821,"In Schwachhausen wurde am Dienstag eine Fußgängerin von einer Straßenbahn erfasst. Die 76 Jahre alte Frau kam mit schweren Verletzungen in ein Krankenhaus.
Nach derzeitigen Erkenntnissen wollte die 76-Jährige, die aus dem Bürgerpark kam, die Straße Am Stern überqueren und übersah dabei offenbar eine rote Ampel und eine heranfahrende Straßenbahn.  Der 59-jährige Straßenbahnfahrer leitete noch eine Gefahrenbremsung ein, konnte jedoch einen Zusammenstoß nicht mehr verhindern. Die Frau wurde von Rettungskräften mit schweren, aber nicht lebensgefährlichen Kopfverletzungen in ein Krankenhaus gebracht und dort stationär aufgenommen. Für die Dauer der Unfallaufnahme kam es zwischenzeitlich zu erheblichen Verkehrsbehinderungen, die vor allem den Straßenbahnverkehr auf der Strecke betrafen.
Das Verkehrskommissariat der Polizei Bremen hat die Ermittlungen zur genauen Unfallursache aufgenommen.",53.0844318,8.825097,address
50725.0,2025-08-05,06.08.2025,Hemelingen,False,Drogendelikt,Polizei stellt zwei Drogendealer,"Bremen- Hemelingen/Gröpelingen, OT Hemelingen/Lindenhof, Bultstraße/Gröpelinger Heerstraße",https://www.polizei.bremen.de/news/pressestelle/pressemeldungen-ab-18072025-64821,"In Hemelingen und Gröpelingen stellten zivile Einsatzkräfte der Polizei zwei Drogendealer im Alter von 35 und 40 Jahren. In beiden Fällen stellten die Polizisten diverse Drogen sicher.
Etwa gegen 14:30 Uhr beobachteten Zivilpolizisten in der Gröpelinger Heerstraße wie der 35-Jährige einer unbekannten Person etwas übergab. Als sie sich als Polizisten zu erkennen gaben, versuchte der Mann mit seinem Fahrrad zu flüchten. Im einem Grünzug in einem nahliegenden Park konnte der 35-Jährige gestellt werden. In seinem Rucksack fanden die Einsatzkräfte Cannabis, Bargeld und mehrere Mobiltelefone. Während seiner Flucht warf er noch mehrere Verkaufseinheiten Cannabis und Kokain ins Gebüsch, die von den Diensthunden im Nachhinein aufgefunden wurden.
Gegen den 35 Jahre alten Mann wurde eine Strafanzeige unter anderem wegen Handels mit Betäubungsmitteln gefertigt. Die weiteren Ermittlungen dauern an.
Nach Hinweisen aus der Bevölkerung führten zivile Einsatzkräfte in Hemelingen am Dienstagabend verdeckte Maßnahmen zur Bekämpfung des Drogenhandels durch. Währenddessen beobachteten sie in der Bultstraße einen Drogenhandel aus einem Auto heraus. Bei einer Verkehrskontrolle stellten die Polizisten Marihuana fest. Die weiteren Ermittlungen führten sie in eine Wohnung in der Bultstraße zu einem 40 Jahre alten Mann, von wo aus ihnen ein starker Cannabisgeruch entgegenkam. Es stellte sich heraus, dass der Geruch aus einer dortigen Garage kam. Bei der Durchsuchung fanden die Einsatzkräfte Haschisch, über 4,5 Kilogramm Marihuana und diverses Verpackungsmaterial.
Den 40-Jährigen erwartet nun eine Anzeige wegen des Handeltreibens mit Cannabis in nicht geringer Menge. Die weiteren Ermittlungen dauern an.",53.0555687,8.8843106,district
50725.0,2025-08-05,06.08.2025,Gröpelingen,False,Drogendelikt,Polizei stellt zwei Drogendealer,"Bremen- Hemelingen/Gröpelingen, OT Hemelingen/Lindenhof, Bultstraße/Gröpelinger Heerstraße",https://www.polizei.bremen.de/news/pressestelle/pressemeldungen-ab-18072025-64821,"In Hemelingen und Gröpelingen stellten zivile Einsatzkräfte der Polizei zwei Drogendealer im Alter von 35 und 40 Jahren. In beiden Fällen stellten die Polizisten diverse Drogen sicher.
Etwa gegen 14:30 Uhr beobachteten Zivilpolizisten in der Gröpelinger Heerstraße wie der 35-Jährige einer unbekannten Person etwas übergab. Als sie sich als Polizisten zu erkennen gaben, versuchte der Mann mit seinem Fahrrad zu flüchten. Im einem Grünzug in einem nahliegenden Park konnte der 35-Jährige gestellt werden. In seinem Rucksack fanden die Einsatzkräfte Cannabis, Bargeld und mehrere Mobiltelefone. Während seiner Flucht warf er noch mehrere Verkaufseinheiten Cannabis und Kokain ins Gebüsch, die von den Diensthunden im Nachhinein aufgefunden wurden.
Gegen den 35 Jahre alten Mann wurde eine Strafanzeige unter anderem wegen Handels mit Betäubungsmitteln gefertigt. Die weiteren Ermittlungen dauern an.
Nach Hinweisen aus der Bevölkerung führten zivile Einsatzkräfte in Hemelingen am Dienstagabend verdeckte Maßnahmen zur Bekämpfung des Drogenhandels durch. Währenddessen beobachteten sie in der Bultstraße einen Drogenhandel aus einem Auto heraus. Bei einer Verkehrskontrolle stellten die Polizisten Marihuana fest. Die weiteren Ermittlungen führten sie in eine Wohnung in der Bultstraße zu einem 40 Jahre alten Mann, von wo aus ihnen ein starker Cannabisgeruch entgegenkam. Es stellte sich heraus, dass der Geruch aus einer dortigen Garage kam. Bei der Durchsuchung fanden die Einsatzkräfte Haschisch, über 4,5 Kilogramm Marihuana und diverses Verpackungsmaterial.
Den 40-Jährigen erwartet nun eine Anzeige wegen des Handeltreibens mit Cannabis in nicht geringer Menge. Die weiteren Ermittlungen dauern an.",53.116711,8.7630483,district
50726.0,2026-08-05,05.08.2026,Neustadt,False,Raub,Fahndung nach Räubern,"Bremen-Neustadt, OT Huckelriede, Kornstraße",https://www.polizei.bremen.de/news/pressestelle/pressemeldungen-ab-22072026-68493,"Die Staatsanwaltschaft und die Polizei Bremen fahnden mit Fotos nach zwei Räubern, die im November 2023 einen 26 Jahre alten Mann in der Neustadt ausraubten.
Der 26-Jährige war am 15.11.23 gegen Mitternacht mit dem Bus der Nachtlinie N9 vom Hauptbahnhof in Richtung Kattenturm unterwegs. Beim Aussteigen an der Haltestelle Willigstraße im Bereich der Kornstraße wurde er von zwei unbekannten Fahrgästen aus dem Bus geschubst. Anschließend plünderten sie seine Geldbörse. Mit der Beute flüchtete das Duo unerkannt in Richtung Werdersee.
Nachdem die bisherigen Ermittlungen nicht zur Identifizierung der mutmaßlichen Täter führten, fahnden die Polizei und Staatsanwaltschaft mit Bildern nach ihnen und fragen: ""Wer kann Angaben zu den beiden Männern auf den Fotos machen, wer erkennt diese wieder?"" Hinweise nimmt der Kriminaldauerdienst jederzeit unter der Rufnummer 0421 362-3888 entgegen.",53.0528117,8.8173672,address
50826.0,2026-08-06,06.08.2026,Mitte,False,Verkehrsunfall,89-jährige Fußgängerin bei Verkehrsunfall mit Linienbus lebensgefährlich verletzt,"Bremen-Mitte, OT Bahnhofsvorstadt, Bahnhofsplatz",https://www.polizei.bremen.de/news/pressestelle/pressemeldungen-ab-22072026-68493,"Bei einem schweren Verkehrsunfall zwischen einer Fußgängerin und einem Linienbus in Bremen-Mitte ist am Donnerstagmittag eine 89 Jahre alte Frau lebensgefährlich verletzt worden.
Nach bisherigen Erkenntnissen befuhr ein 43 Jahre alter Fahrer mit einem leeren Linienbus den Gleiskörper am Bahnhofsplatz aus Richtung Gustav-Deetjen-Tunnel und wollte nach rechts auf den Bahnhofsplatz abbiegen. In der Einmündung kam es aus bislang nicht abschließend geklärten Gründen zum Zusammenstoß mit einer 89-jährigen Fußgängerin, die den Bereich querte. Die Frau stürzte und wurde von der Vorderachse des Busses überrollt.
Die Seniorin erlitt schwerste Verletzungen. Sie wurde in ein Krankenhaus gebracht. Lebensgefahr kann derzeit nicht ausgeschlossen werden.
Der Bus war zum Unfallzeitpunkt als Leerfahrt unterwegs, Fahrgäste befanden sich nicht an Bord. Der 43-jährige Busfahrer erlitt einen Schock und wurde im Anschluss betreut.
Für die Rettungsmaßnahmen sowie die Spurensicherung musste der Bereich am Bahnhofsplatz zeitweise gesperrt werden. Die Polizei errichtete Sichtschutzwände, um die Rettungsmaßnahmen abzuschirmen.
Die Ermittlungen zum genauen Unfallhergang dauern an.",53.082478,8.8127559,address
50925.0,2025-08-05,07.08.2025,Walle,False,Sonstiges,Polizei stoppt Autorennen und beschlagnahmt Führerschein,"Bremen-Walle, OT Steffensweg, Nordstraße",https://www.polizei.bremen.de/news/pressestelle/pressemeldungen-ab-18072025-64821,"Einsatzkräften der Polizei Bremen stoppten am Dienstagabend in Walle einen 33 Jahre alten Mann in seinem Porsche. Er ist verdächtig, sich kurz zuvor ein illegales Rennen mit einem Audi geliefert zu haben.
Gegen 20 Uhr beobachtete ein Zeuge, wie der 33-Jährige auf der Nordstraße mit seinem Porsche stark beschleunigte, durch riskante Fahrmanöver auffiel und sich offenbar ein Rennen mit einem Audi lieferte. Die alarmierten Einsatzkräfte stoppten den 33-Jährigen in der Nähe und konfrontierten ihn mit dem Vorwurf des illegalen Straßenrennens und fertigten eine entsprechende Anzeige.
Der Führerschein und der Porsche des 33-Jährigen wurden noch vor Ort beschlagnahmt. Die weiteren Ermittlungen, auch zu dem Fahrer des Audis, dauern an.",53.0996081,8.775312,address
50926.0,2026-08-06,07.08.2026,Neustadt,False,Brandstiftung,41-Jähriger nach Brandlegung in der Neustadt gestellt,"Bremen-Neustadt, OT Alte Neustadt, Hohentorstraße",https://www.polizei.bremen.de/news/pressestelle/pressemeldungen-ab-22072026-68493,"Zeugen beobachteten am Donnerstagnachmittag einen 41 Jahre alten Mann in der Neustadt dabei, wie er in den Neustadtswallanlagen Laubhaufen anzündete. Es kam kurzzeitig zu einem Brand, der von der Feuerwehr gelöscht werden konnte.
Im Rahmen der Fahndung stellten Einsatzkräfte den 41-Jährigen. Bei seiner Durchsuchung wurden mehrere Feuerzeuge sichergestellt.
Die Ermittler prüfen nun, ob der Mann auch für ähnlich gelagerte Fälle in jüngerer Vergangenheit verantwortlich ist. Die weiteren Ermittlungen dauern an.",53.075041,8.7918655,address
51026.0,2026-08-06,07.08.2026,Neustadt,False,Raub,93-Jährige in der Neustadt ausgeraubt - Polizei sucht Zeugen,"Bremen-Neustadt, OT Neustadt, Donaustraße",https://www.polizei.bremen.de/news/pressestelle/pressemeldungen-ab-22072026-68493,"Am gestrigen Donnerstag wurde eine 93-Jährige Bremerin in der Neustadt Opfer eines Überfalls.
Die Rentnerin verließ nach einem Termin die Sparkassenfiliale in der Pappelstraße und ging fußläufig die Donaustraße entlang. In Höhe der Hausnummer
41 riss plötzlich jemand an ihrer Umhängetasche und es wurde der Gurt der Tasche durchgeschnitten. Als die Dame sich umdrehte, stellte sie fest, dass ein unbekannter Täter die Handtasche bereits in der Hand hielt, ein weiterer Täter auf diesen wartetet. Beide rannten mit der Tasche davon. Bei der geraubten Tasche handelt es sich um eine braune Umhängetasche mit drei Reißverschlüssen.
In dieser befanden sich eine kleine braune Geldbörse, ein Tastenhandy, Ausweisdokumente, verschiedene Bankkarten sowie einen Schlüsselbund der 93-Jährigen.
Die Täter werden als männlich, circa 170 cm groß und grau bekleidet beschrieben.
Beide Täter hatten ihre Kapuzen ihre Gesichter gezogen, so dass diese nicht zu erkennen waren.
Zeugen, die in der in der Donaustraße, in der Pappelstraße oder im Umfeld der Sparkassenfiliale etwas Verdächtiges beobachtet haben, melden sich bitte jederzeit beim Kriminaldauerdienst der Polizei Bremen unter der Rufnummer 0421 362-3888.",53.0676438,8.7891979,address
51125.0,2025-08-09,08.08.2025,Östliche Vorstadt,False,Diebstahl,Tach der Fans,"Bremen-Östliche Vorstadt, OT Peterswerder, Franz-Böhmert-Straße",https://www.polizei.bremen.de/news/pressestelle/pressemeldungen-ab-18072025-64821,"Am Samstag findet am Weserstadion der so genannte ""Tach der Fans"" statt. Die Polizei wird die Veranstaltung begleiten und rät zur Anreise mit öffentlichen Verkehrsmitteln.
Der Veranstalter rechnet bei diesem Familienfest mit bis zu 30.000 Besuchern.
Parallel findet auf der Bremer Bürgerweide von 12 Uhr bis ca. 22 Uhr das Schlager-Event ""Bremen Olé"" statt. Hier werden bis zu 12.500 Besucher erwartet.
Mit Verkehrsbehinderungen, insbesondere rund ums Weserstadion, ist zu rechnen.
Der Bereich sollte entsprechend weiträumig umfahren werden. Die Polizei Bremen rät allen Besucherinnen und Besuchern die Anreise zu Fuß, mit Fahrrädern oder öffentlichen Verkehrsmitteln.
Erfahrungsgemäß nutzen Taschendiebe Menschenmengen aus, um unbemerkt Wertgegenstände zu stehlen. Die Polizei empfiehlt allen Besuchern deshalb, ihr Portemonnaie und andere Wertsachen in verschlossenen Taschen eng am Körper zu tragen. Nehmen Sie nur so viel Bargeld mit, wie Sie benötigen.",53.0661598,8.8394956,address
51126.0,2026-08-06,07.08.2026,Neustadt,False,Raub,Nach Raub gestellt,"Bremen-Neustadt OT Südervorstadt, Gastfeldstraße",https://www.polizei.bremen.de/news/pressestelle/pressemeldungen-ab-22072026-68493,"Einsatzkräfte nahmen am späten Donnerstagabend einen 51 Jahre alten Mann in der Neustadt fest. Er ist verdächtig, zuvor Geld aus einer Moschee entwendet zu haben. Dabei soll er auch Pfefferspray gegen Zeugen eingesetzt haben.
Etwa um 22:10 Uhr wurden Einsatzkräfte in die Gastfeldstraße gerufen, weil Zeugen dort einen Mann festhielten, der zuvor Geld aus einer Spendenbox einer Moschee entwendet haben sollte. Vor Ort trafen die Polizisten auf die Zeugen und den 51-jährigen Verdächtigen. Ein Mann klagte über Augenreizungen. Die Polizisten leisteten zunächst Erste Hilfe, alarmierte Rettungskräfte übernahmen dann.
Nach ersten Erkenntnissen hatten Zeugen den 51-Jährigen nach dem Diebstahl verfolgt, woraufhin er diese mit Pfefferspray besprühte. Die Einsatzkräfte nahmen den Mann mit auf die Wache, zuvor hatte er die Tat zugegeben. Bei ihm fanden sie ein Pfefferspray und ein Cuttermesser. Er soll noch im Laufe des Tages einem Haftrichter vorgeführt werden.",53.061932,8.8007054,address
51225.0,2025-08-07,08.08.2025,Östliche Vorstadt,False,Waffendelikt,26-Jähriger nach Drohung mit Messer festgenommen,"Bremen-Östliche Vorstadt, OT Steintor, Vor deim Steintor",https://www.polizei.bremen.de/news/pressestelle/pressemeldungen-ab-18072025-64821,"Ein 26 Jahre alter Mann bedrohte am Donnerstag im Steintor einen Mann mit einem Messer. Die Polizei nahm den Angreifer vorläufig fest und sucht nach dem Geschädigten.
Die Einsatzkräfte befanden sich gegen 13:30 Uhr im Rahmen der Streife auf dem Ziegenmarkt als sie von dem 26 Jahre alten Mann angesprochen wurden. Er erzählte ihnen, dass es zu einem Streit mit einem Mitarbeiter eines dortigen Verkaufstandes gekommen sei. Als die Polizisten den Vorfall aufklären wollte, griff der 26-Jährige nach einem Messer, welches in der Auslage des Standes lag, und machte mehrere Stichbewegungen in Richtung des unbekannten Mitarbeiters. Verletzt wurde er dabei nicht. Die Einsatzkräfte forderten den Angreifer mit gezogener Schusswaffe lautstark auf, dass Messer abzulegen. Der Aufforderung kam er nach und ließ sich festnehmen. Im weiteren Verlauf stellte sich heraus, dass dem 26-Jährigen ein Platzverweis für den Bereich erteilt wurde. Er wurde in Gewahrsam genommen. Die Polizei ermittelt nun wegen versuchter gefährlicher Körperverletzung.
Der Mann, der von dem 26-Jährigen bedroht worden ist, wird gebeten, sich beim Kriminaldauerdienst der Polizei Bremen unter 0421 362-3888 zu melden.",53.07023,8.84098,district
51226.0,2026-07-31,07.08.2026,Horn-Lehe,False,Sonstiges,Schule in Horn beschmiert,"Bremen-Horn-Lehe, OT Lehe, Ronzelenstraße",https://www.polizei.bremen.de/news/pressestelle/pressemeldungen-ab-22072026-68493,"In der letzten Woche wurde eine Schule in Horn-Lehe mit Farbe beschmiert. Die Kriminalpolizei ermittelt und sucht Zeugen.
Unbekannte brachten mit roter Farbe ein Hakenkreuz sowie den Schriftzug ""ACAB 1312 FCK DEUTSCHLAND"" an eine Außenfassade der Turnhalle der Oberschule an der Ronzelenstraße an.
Die Schmierereien wurden durch einen Mitarbeiter entdeckt, der die Polizei alarmierte.
Die Kriminalpolizei hat die Ermittlungen aufgenommen. Zeugenhinweise nimmt der Kriminaldauerdienst jederzeit unter 0421-362-3888 jederzeit entgegen.",53.095456,8.8757878,address
51326.0,2026-08-07,08.08.2026,Neustadt,False,Sachbeschaedigung,Farbvandalismus an Schule,"Bremen-Neustadt, OT Alte Neustadt, Schulstraße",https://www.polizei.bremen.de/news/pressestelle/pressemeldungen-ab-22072026-68493,"Unbekannte beschmierten am Freitag die Außenfassade eines Schulgebäudes in der Neustadt mit unter
anderen polizeifeindlichen Parolen. Die Polizei ermittelt wegen Sachbeschädigung und sucht nach
Zeugen.
Einsatzkräfte entdeckten am späten Freitagabend eine Sachbeschädigung in der Schulstraße. Bislang
unbekannte Täter beschmierten Außenwände einer dortigen Schule großflächig mit „FCKNZS“ und
polizeifeindlichen Schriftzügen wie „ACAB“ mit silberner Farbe.
Die Kriminalpolizei hat die Ermittlungen aufgenommen. Zeugenhinweise nimmt der Kriminaldauerdienst
jederzeit unter 0421 362-3888 entgegen.
Seite 1 von 1",53.0693446,8.7966982,address
51426.0,2026-08-07,08.08.2026,Mitte,False,Drogendelikt,Taskforce sorgt für Sicherheit im Bahnhofsquartier,"Bremen-Mitte, OT Bahnhofsvorstadt",https://www.polizei.bremen.de/news/pressestelle/pressemeldungen-ab-22072026-68493,"Die Polizei Bremen führte am Freitag im Bahnhofsquartier erneut Kontrollen durch. Dabei wurden
mehrere Personen überprüft und Messer sowie Rauschgift beschlagnahmt.
Im Fokus der Taskforce, die schwerpunktmäßig zur Bekämpfung der wahrnehmbaren Drogen- und
Straßenkriminalität in der Bahnhofsvorstadt eingesetzt ist, stand auch die Kontrolle der
Waffenverbotszone. Es wurden vom Nachmittag bis späten Abend 25 Personen kontrolliert, diverse
Verstöße festgestellt und Platzverweise erteilt. Die Einsatzkräfte beschlagnahmten ein Einhandmesser
und bei einem Straßendealer mehrere Verkaufseinheiten Cannabis und Ecstasy. Im Bereich
Hillmannplatz und Philosophenweg entdeckte die Einheit mehrere Drogenbunker mit diversen
Verkaufseinheiten Kokain, Heroin, Crack und Cannabis.
Es wurden entsprechende Strafanzeigen gefertigt. Die weiteren Ermittlungen hierzu dauern an.
Die Polizei macht deutlich: Die Maßnahme ist Teil einer langfristig angelegten Strategie zur nachhaltigen
Erhöhung der Sicherheit im Bereich Bahnhofsvorstadt und Viertel. Auch in Zukunft werden gemeinsam
mit Partnerbehörden gezielte Kontrollen - sowohl offen als auch verdeckt - fortgesetzt.",53.0786741,8.8109045,district
51526.0,2026-08-08,08.08.2026,Neustadt,False,Toetungsdelikt,Mann tödlich verletzt,"Bremen-Neustadt, OT Gartenstadt Süd, Kirchweg",https://www.polizei.bremen.de/news/pressestelle/pressemeldungen-ab-22072026-68493,"Am Samstagnachmittag wurde ein 56 Jahre alter Mann bei einer Auseinandersetzung in der Neustadt tödlich verletzt. Die Polizei fahndet nach dem flüchtigen Täter und sucht Zeugen.
Nach ersten Erkenntnissen kam es am Nachmittag im Kirchweg zu einem Streit zwischen dem 56-jährigen Mann und einem Autofahrer. Im weiteren Verlauf stieg der Fahrer aus seinem Fahrzeug, versetzte dem Fußgänger Faustschläge ins Gesicht, woraufhin dieser stürzte und mit dem Kopf auf dem Boden aufschlug. Der Angegriffene erlitt dabei schwere Verletzungen und verstarb trotz sofortiger Reanimationsmaßnahmen vor Ort.
Der Täter flüchtete in einem weißen Kleinwagen. Er soll graue kurze Haare haben, etwa 180 bis 190 cm groß und ca. 55 Jahre alt sein. Zur Tatzeit trug er ein enges, graues Hemd und dunkle Jeans.
Die Polizei konnte Beweismittel sichern und erste Zeugen vernehmen, die weiteren Maßnahmen der Mordkommission laufen auf Hochtouren. Die Hintergründe der Tat sind derzeit unklar und Gegenstand der laufenden Ermittlungen.
Zeugenhinweise nimmt der Kriminaldauerdienst jederzeit unter 0421 362-3888 entgegen.",53.0622074,8.8100994,address
51626.0,2026-08-08,09.08.2026,Walle,False,Sonstiges,Überseestadt: Polizei kontrolliert nach Anwohnerbeschwerden,Bremen-Überseestadt,https://www.polizei.bremen.de/news/pressestelle/pressemeldungen-ab-22072026-68493,"Nach Beschwerden durch Anwohnerinnen und Anwohner überprüfte die Polizei am Samstagabend Kraftfahrzeugführer in der Überseestadt.
Die Nachbarschaft hatte sich mehrfach in der Samstagnacht über hochmotorisierte Sportwagen und Motorräder beschwert, sodass die Polizei wiederholt ausrückte. Während der nächtlichen Kontroll- und Präsenzmaßnahmen des stark frequentierten Quartiers wurden nur vereinzelt bzw. keine relevanten Lärmbelästigungen oder Geschwindigkeitsüberschreitungen festgestellt. Allerdings ahndeten die Polizeikräfte mehrere Parkverstöße.
Zudem gingen um 19 Uhr sowie später gegen 22:45 Uhr Meldungen von Passanten und Anwohnern über driftende Fahrzeuge im Bereich Stephanikirchenweide ein. Vor Ort wurde eine private Veranstaltung bzw. ein Szenetreffen mit mehreren Importfahrzeugen festgestellt. In einer Halle auf dem betreffenden Gelände wurden diese driftend bewegt. Verkehrsrechtlich relevantes Verhalten im öffentlichen Verkehrsraum konnte nicht festgestellt werden.
Die Polizei wird auch künftig mit Maßnahmen präsent sein und bei Verstößen konsequent einschreiten.",53.1028746,8.783049,district
51726.0,2026-08-09,10.08.2026,Mitte,False,Waffendelikt,Antänzer greift Gruppe mit Messer an,"Bremen-Mitte, OT Bahnhofsvorstadt, Herdentorsteinweg",https://www.polizei.bremen.de/news/pressestelle/pressemeldungen-ab-22072026-68493,"Am Sonntagabend griffen mehrere Männer eine vierköpfige Gruppe in der Bahnhofsvorstadt an und beschädigten deren Auto. Zuvor hatte einer der Täter offenbar versucht, einem 38-Jährigen eine Halskette zu entwenden. Die Polizei sucht Zeugen.
Die vier Männer im Alter zwischen 23 und 38 Jahren hielten sich in Höhe eines Imbisses im Herdentorsteinweg auf, als ein Unbekannter den 38-Jährigen euphorisch umarmte und antanzte. Als der Mann nach dessen Halskette griff, wich der 38-Jährige zurück und forderte ihn auf, zu gehen. Der Täter holte daraufhin aus dem Imbiss ein Messer und führte damit Stichbewegungen in Richtung des Quartetts aus, als diese ihn entwaffnen wollten. Anschließend flüchtete der Angreifer zunächst in Richtung Hillmannplatz.
Kurze Zeit später kehrte er mit mehreren Männern zurück. Die vier Freunde hatten sich inzwischen in ihren Mietwagen zurückgezogen und die Türen verriegelt. Die Angreifer schlugen und traten gegen das Fahrzeug und versuchten, in den Wagen zu gelangen. Einer der Männer warf eine Glasflasche durch die Heckscheibe. Anschließend flüchtete die Gruppe in Richtung Wallanlagen. Verletzt wurde niemand.
Der Haupttäter wurde als etwa 35 Jahre alt, 165 bis 170 Zentimeter groß, mit dunklem Teint und kräftig beschrieben. Er hatte dunkle, zu einem Zopf gebundene Haare und trug ein dunkelgrünes T-Shirt sowie eine dunkelgraue Jeans. Auffällig waren mehrere frische Narben am linken Oberarm. Ein weiterer Täter war etwa 25 bis 30 Jahre alt und von dünner Statur mit schmalem Gesicht und kurzen dunklen Haaren. Er trug ein weißes beziehungsweise helles Poloshirt und eine Jeans. Auffällig waren seine schiefen Zähne.
Die Polizei ermittelt und sucht Zeugen. Hinweise nimmt der Kriminaldauerdienst unter 0421 362-3888 entgegen.",53.0806345,8.81229,address
51826.0,2026-08-09,10.08.2026,Häfen,False,Sonstiges,Rennradfahrer schwer verletzt – Polizei sucht Zeugen,"Bremen-Häfen, Neustädter Hafen, Senator-Blase-Straße",https://www.polizei.bremen.de/news/pressestelle/pressemeldungen-ab-22072026-68493,"Ein Radfahrer stürzte am Sonntagmittag im Neustädter Hafen mit seinem Rennrad und zog sich dabei schwere Verletzungen zu. Es bestand zunächst Lebensgefahr.
Der 59 Jahre alte Mann befuhr mit seinem Rennrad die Senator-Blase-Straße. Dabei übersah er offenbar einen am Fahrbahnrand abgestellten Lkw-Anhänger und fuhr frontal dagegen. Der 59-Jährige stürzte auf den Asphalt und zog sich dabei mehrere Frakturen zu. Er wurde nach einer notärztlichen Behandlung umgehend in ein Krankenhaus gebracht.
Die weiteren Ermittlungen zum Unfallhergang dauern an. Mögliche Unfallzeugen melden sich jederzeit bei der Verkehrsbereitschaft der Polizei Bremen unter 0421 362-14850.",53.1125,8.734167,district
51926.0,2026-08-09,10.08.2026,Woltmershausen,False,Waffendelikt,Nach Schüssen gestellt,"Bremen-Woltmershausen, OT Woltmershausen, Woltmershauser Straße",https://www.polizei.bremen.de/news/pressestelle/pressemeldungen-ab-22072026-68493,"Einsatzkräfte stellten am Sonntagabend einen 25 Jahre alten Mann in Woltmershausen, nachdem Anwohner Schüsse gemeldet hatten. Bei ihm fanden sie eine Schreckschusswaffe und ein Messer.
Gegen 21:45 Uhr hörten Anwohner in der Woltmershauser Straße mehrere Schüsse und sahen einen Mann in einen Hinterhof laufen. Daraufhin alarmierten sie über den Notruf die Polizei. Vor Ort stellten die Einsatzkräfte aufgrund der Beschreibung den 25-Jährigen. Bei der Durchsuchung fanden sie eine geladene Schreckschusswaffe, mehrere Schuss Munition und ein Messer, die verdeckt in einer Tasche unter der Kleidung getragen wurden. Auf der Straße lagen mehrere leere Patronenhülsen. Die Waffen wurden beschlagnahmt. Den 25-Jährigen erwarten jetzt mehrere Anzeigen, unter anderem wegen des illegalen Erwerbens und Führens einer Schusswaffe. Die weiteren Ermittlungen dauern an.
Die Polizei warnt aus diesem Anlass noch einmal ausdrücklich vor dem Umgang mit Schreckschuss- und sogenannten Anscheinswaffen. Auf die Distanz oder bei Dunkelheit kann unter Umständen nicht immer sofort eine unechte Waffe erkannt werden und einen polizeilichen Einsatz auslösen. Die Polizei muss Hinweise auf derartige Vorfälle sehr ernst nehmen und folglich zur Abwehr von Gefahren für andere und sich selbst so handeln, als sei die Waffe echt.",53.0868834,8.762796,address
52026.0,2026-08-08,11.08.2026,Neustadt,False,Toetungsdelikt,Tödliche Auseinandersetzung im Kirchweg – Polizei richtet Hinweisportal ein,"Bremen-Neustadt, OT Gartenstadt Süd, Kirchweg",https://www.polizei.bremen.de/news/pressestelle/pressemeldungen-ab-22072026-68493,"Nach dem Tod eines 56 Jahre alten Mannes am Samstagnachmittag im Kirchweg in der Bremer Neustadt dauern die Ermittlungen der Mordkommission und die Fahndung nach dem mutmaßlichen Täter an. Die Polizei Bremen hat nun ein Hinweisportal eingerichtet und bittet die Bevölkerung weiterhin um Mithilfe.
Nach bisherigen Erkenntnissen war der 56-Jährige am Samstagnachmittag mit einem Autofahrer in Streit geraten. Im weiteren Verlauf soll der Mann aus seinem Fahrzeug ausgestiegen sein und dem 56-Jährigen Faustschläge ins Gesicht versetzt haben. Dieser stürzte daraufhin zu Boden und erlitt schwere Kopfverletzungen. Trotz sofort eingeleiteter Reanimationsmaßnahmen verstarb er noch vor Ort.
Der Tatverdächtige flüchtete anschließend mit einem weißen Kleinwagen. Er wurde von Zeugen als etwa 55 Jahre alt, 180 bis 190 Zentimeter groß und mit kurzen grauen Haaren beschrieben. Zur Tatzeit soll er ein enges graues Hemd und eine dunkle Jeans getragen haben.
Im Zusammenhang mit der Fahndung nach dem mutmaßlichen Täter hat die Polizei Bremen ab sofort ein Hinweisportal eingerichtet.
Im
Hinweisportal
können Zeuginnen und Zeugen Hinweise zu dem gesuchten Mann oder dem weißen Kleinwagen sowie Fotos und Videos direkt an die Ermittlerinnen und Ermittler übermitteln. Die Übermittlung ist auf Wunsch auch anonym möglich.
Die Mordkommission fragt insbesondere:
Wer hat die Auseinandersetzung am Samstagnachmittag im Kirchweg beobachtet?
Wer kann Angaben zu dem beschriebenen Mann oder dem weißen Kleinwagen machen?
Wem ist in der Gartenstadt Süd ein weißer Kleinwagen aufgefallen, der eventuell mit hoher Geschwindigkeit durch die Straßen fuhr?
Wer hat im Zusammenhang mit dem Geschehen Foto- oder Videoaufnahmen gefertigt?
Jeder Hinweis kann für die laufenden Ermittlungen von Bedeutung sein.
Weitere Hinweise nimmt weiterhin auch der Kriminaldauerdienst der Polizei Bremen unter der Rufnummer (0421) 362-3888 entgegen.
Die Ermittlungen zu den Hintergründen und zum genauen Tatablauf dauern an.",53.0622074,8.8100994,address
52126.0,2026-08-10,11.08.2026,Schwachhausen,False,Hasskriminalitaet,Nach rassistischen Schmierereien gestellt,"Bremen-Schwachhausen, OT Bürgerpark, Im Bürgerpark",https://www.polizei.bremen.de/news/pressestelle/pressemeldungen-ab-22072026-68493,"Einsatzkräfte stellten am späten Montagabend in der Nähe des Bürgerparks zwei junge Männer im Alter von 20 und 22 Jahren. Sie sind verdächtig, kurz zuvor in einem Hotel im Bürgerpark die Toiletten mit rassistischen und rechtsextremistischen Parolen beschmiert zu haben.
Gegen 22:40 Uhr bemerkten Mitarbeiter des Hotels in den Toiletten die großflächigen rassistischen und rechtsextremistischen Schmierereien, darunter die Parole „Sieg Heil“ und Hakenkreuze, an Spiegeln und Wänden. Außerdem hatten sie zwei zunächst unbekannte Männer weglaufen sehen. Die alarmierten Einsatzkräfte stellten aufgrund der guten Beschreibung kurz drauf die beiden 20- und 22-Jährigen in der Nähe der Bürgerweide und nahmen sie zur erkennungsdienstlichen Behandlung mit auf die Wache. Die weiteren Ermittlungen dauern an.",53.0931322,8.8238007,address
52326.0,2026-08-11,12.08.2026,Gröpelingen,False,Sonstiges,Spezialeinsatzkräfte überwältigen Mann,"Bremen-Gröpelingen, OT Lindenhof",https://www.polizei.bremen.de/news/pressestelle/pressemeldungen-ab-22072026-68493,"Ein 35 Jahre alter Mann randalierte am Dienstagabend in seiner Wohnung in Gröpelingen und bedrohte die Nachbarschaft. Als die Polizei eintraf griff er zu einem Beil und musste daraufhin mit dem Taser überwältigt werden.
Der 35-Jährige schrie aus dem Fenster, dass er alle umbringen werde. Im Anschluss hörten Zeugen Knallgeräusche aus seiner Wohnung. Als Spezialeinsatzkräfte diese betraten, schnappte sich der Mann sofort ein Beil. Durch den Einsatz des Distanz-Elektro-Impuls-Gerätes konnte Schlimmeres verhindert werden. Der Bremer wurde anschließend zwangsweise in einer Psychiatrie untergebracht.
Gegen ihn wird nun wegen einer Störung des öffentlichen Friedens durch Androhen von Straftaten ermittelt.",53.116711,8.7630483,district
52526.0,2026-08-11,12.08.2026,Neustadt,False,Brandstiftung,Mehrere Brände in der Neustadt,Bremen-Neustadt,https://www.polizei.bremen.de/news/pressestelle/pressemeldungen-ab-22072026-68493,"In der Nacht von Dienstag auf Mittwoch kam es zu mehreren Bränden in der Neustadt. Einsatzkräfte stellten einen mutmaßlichen Tatverdächtigen. Die Polizei sucht Zeugen.
Ab etwa 23:20 Uhr wurden von mehreren Anrufern an unterschiedlichen Stellen Feuer gemeldet, unter anderem brannten am Neustadtswall mehrere Pappkartons, dadurch wurde eine Hausfassade in Mitleidenschaft gezogen. Einsatzkräfte der Polizei setzten einen Feuerlöscher bis zum Eintreffen der Feuerwehr ein. Bis ca. 23:55 Uhr brannten in insgesamt sechs Straßen unter anderem Sperrmüll und Unrat. In der Oldenburger Straße beschädigten Flammen einen abgestellten Linienbus, hier löschten Einsatzkräfte den Brand und verhindertes ein Übergreifen auf den Bus. In der Friedrich-Ebert-Straße wurde eine Litfaßsäule stark beschädigt. Menschen wurde nicht verletzt, es entstand insgesamt ein höherer Sachschaden. Mehrere Zeugen sahen einen Mann weglaufen.
Aufgrund der Täterbeschreibung stellten Einsatzkräfte in der Nähe einen 41 Jahre alten Mann und nahmen ihn mit auf die Wache. Insgesamt wurden diverse Strafanzeigen gefertigt, unter anderem wegen schwerer Brandstiftung. Ob der Mann für die Taten in Frage kommt, ist jetzt Bestandteil der weiteren Ermittlungen. Er wurde bereits vor gut einer Woche in Folge eines Brandes in der Neustadt von Einsatzkräften gestellt (siehe Pressemitteilung 0509).
Außerdem wurde gegen 01:45 Uhr aus der Straße Wasserkunst ein brennender Tesla gemeldet. Die Flammen wurden durch die Feuerwehr gelöscht. Bei dem Auto entstand hoher Sachschaden. Anwohner hatten zuvor einen Knall gehört und Polizei und Feuerwehr alarmiert.
Weitere Zeugen, die in der Zentaurenstraße, der Großen Johannisstraße, der Friedrich-Ebert-Straße, der Helene-Kaisen-Straße, Am Neustadtsbahnhof, am Neustadtswall, der Straße Wasserkunst oder der Umgebung Beobachtungen gemacht haben, werden gebeten, sich beim Kriminaldauerdienst der Polizei Bremen unter 0421 362-3888 zu melden.",53.0695355,8.7928381,district
52726.0,2026-08-12,13.08.2026,Walle,False,Sonstiges,Sonnenfinsternis sorgt für Verkehrsfinsternis,"Bremen-Walle, OT Überseestadt",https://www.polizei.bremen.de/news/pressestelle/pressemeldungen-ab-22072026-68493,"Die Sonnenfinsternis hat am Mittwochabend nicht nur für zahlreiche Blicke in den Himmel, sondern auch für einen größeren Polizeieinsatz in Walle gesorgt. Mehrere hundert Schaulustige hatten sich offenbar einen besonders guten Blick auf das Himmelsspektakel erhofft – bei der Parkplatzsuche verdunkelte sich die Stimmung allerdings stellenweise.
Die Polizei registrierte ein erheblich erhöhtes Verkehrsaufkommen im Bereich des Fahrwiesendamms und der Zufahrten der Autobahn 27. Die dortige Mülldeponie hatte sich kurzfristig zu einem der offenbar begehrtesten Aussichtspunkte Bremens entwickelt.
Die Zuwegungen waren beidseitig nahezu vollständig zugeparkt. Gleichzeitig waren zahlreiche Menschen zu Fuß oder mit dem Fahrrad unterwegs. Da dort kein Gehweg vorhanden ist, teilten sich Fußgänger, Radfahrer und Autofahrer den vorhandenen Verkehrsraum – mit überschaubarem Erfolg. Zeitweise ging schließlich gar nichts mehr.
Auf dem Autobahnzubringer Überseestadt staute sich der Verkehr bis zum Utbremer Kreisel zurück, auf der A27 zeitweise bis zum Ausfädelungsstreifen der Anschlussstelle Überseestadt. Besonders problematisch: Mehr als 50 Fahrzeuge wurden im Bereich oberhalb der A27 auf der Kraftfahrstraße beziehungsweise Autobahn abgestellt.
Einige Verkehrsteilnehmer zeigten bei der Suche nach einer alternativen Route zudem bemerkenswerte Kreativität. Mehrfach mussten Einsatzkräfte verhindern, dass Autofahrer entgegen der Fahrtrichtung auf die Autobahn auffahren wollten. Auch der Rastplatz Fahrwiesen war zeitweise so stark frequentiert, dass eine Zufahrt nicht mehr möglich war. Auf den Brücken über der A27 versammelten sich teilweise bis zu 70 Menschen, dort blieb es jedoch friedlich.
Die Polizei fertigte insgesamt mehr als 110 Ordnungswidrigkeitenanzeigen, darunter rund 80 wegen verbotswidrigen Parkens auf einer Kraftfahrstraße beziehungsweise Autobahn. Bei mehreren Fahrzeugführern wurde von vorsätzlichem Handeln ausgegangen. Sie ignorierten zunächst wiederholte Aufforderungen der Einsatzkräfte, ihre Fahrzeuge zu entfernen. Erst die Aussicht, dass nicht nur die Sonne, sondern möglicherweise auch das eigene Auto vorübergehend aus dem Blickfeld verschwinden könnte, sorgte schließlich für Bewegung.
Für drei Fahrzeuge wurde aufgrund erheblicher Verkehrsbehinderungen ein Abschleppdienst angefordert.
Nach dem Ende der Sonnenfinsternis setzte gegen 20.15 Uhr eine starke Abwanderung ein. Die Folge waren erneut erhebliche Verkehrsverzögerungen.
Die Polizei zieht daher ein gemischtes Fazit: Die Sonnenfinsternis war nur vorübergehend – einige Verkehrsverstöße dürften ihre Besitzer in Form eines Bußgeldbescheides noch etwas länger begleiten.",53.1028746,8.783049,district
52826.0,2026-08-12,13.08.2026,Woltmershausen,False,Sachbeschaedigung,Schule in Woltmershausen beschmiert,"Bremen-Woltmershausen, OT Woltmershausen, Roter Sand",https://www.polizei.bremen.de/news/pressestelle/pressemeldungen-ab-22072026-68493,"Am Mittwochabend wurde eine Schule in Woltmershausen mit Farbe beschmiert. Die Kriminalpolizei ermittelt und sucht Zeugen.
Ein Zeuge meldete der Polizei über Notruf gegen 22 Uhr zunächst eine verdächtige Person auf einem Baustellengelände in der Nähe der Oberschule an der Straße Roter Sand. Dort stellten die Einsatzkräfte mehrere beschädigte Fensterscheiben und Graffitis fest. An dem Mensagebäude der ansässigen Oberschule entdeckte die Streife polizeifeindliche Schriftzüge wie „ACAB“ sowie „AFD“ und „1161“, die mit schwarzer Farbe aufgesprüht worden waren. Beweismittel, wie Sprühdosen, konnten sichergestellt werden. Eine Fahndung nach dem Verdächtigen verlief erfolglos.
Er soll etwa 20 bis 25 Jahre alt sein und wurde mit kurzen Haaren beschrieben. Zur Tatzeit trug er eine schwarze, lange Hose und ein schwarzes Shirt.
Hinweise gehen jederzeit an den Kriminaldauerdienst unter der Rufnummer 0421 362-3888.",53.0803853,8.7616845,address
53026.0,2026-08-12,13.08.2026,Neustadt,False,Raub,Polizei fasst Räubertrio auf E-Scooter,"Bremen-Neustadt, OT Alte Neustadt, Am Deich",https://www.polizei.bremen.de/news/pressestelle/pressemeldungen-ab-22072026-68493,"Im Rahmen einer Schwerpunktmaßnahme zur Bekämpfung der Raubkriminalität konnte die Polizei am gestrigen Mittwoch gegen 18:20 Uhr ein Räubertrio fassen. Alle drei Personen befinden sich in Haft.
Das polizeibekannte Trio auf E-Scootern fiel den Beamten bereits im Viertel auf und wurde im Weiteren beobachtet wie es sich über die Straße Am Brill in Richtung Neustadt bewegte. Einer der Drei fuhr hier zunächst die Straße Am Deich entlang, um dann die beiden anderen Mitglieder zu sich zu winken. Die Drei raubten sodann einem 61-jährigen Mann eine vergoldete Halskette. Hierzu lenkten zwei Mitglieder Trios den Mann ab, in dem sie ihn ansprachen und behaupteten, er habe etwas verloren. Während dessen näherte sich das dritte Mitglied der Gruppe, stieß dem Mann gegen die Brust, riss dem Mann die Kette vom Hals und rannte davon. Allerdings rannte er hierbei den eingesetzten Polizeikräften im Vollsprint direkt in Arme. Auch die beiden anderen Mittäter konnten im Nahbereich des Tatortes gestellt und festgenommen werden. Bei einem der drei wurde Pfefferspray und ein Taschenmesser gefunden. Aufgrund einer positiven Haftprüfung befindet sich das gesamte Trio derzeit in Haft.
Die Polizei warnt: Seien Sie aufmerksam, wenn Sie von fremden Personen angesprochen werden. Zudem sind die Tätergruppen immer häufiger und auf E-Scootern unterwegs. Weitere Hinweise und Tipps finden sie unter www.polizei.bremen.de und www.polizei-beratung.de.
Rückfragen bitte an:",53.0778013,8.7941785,address
53126.0,2026-08-13,14.08.2026,Huchting,False,Sachbeschaedigung,Sachbeschädigung an Kraftfahrzeug,"Bremen-Huchting, OT Mittelshuchting",https://www.polizei.bremen.de/news/pressestelle/pressemeldungen-ab-22072026-68493,"Unbekannte beschädigten in der Nacht von Donnerstag auf Freitag in Huchting das Fahrzeug eines Vorstandsmitgliedes der Bremer AfD.
Bei dem vom 28-Jährigen regelmäßig genutzten Fahrzeug wurden Reifen zerstochen, die Seitenscheibe eingeschlagen und zudem bespritzten der oder die Täter das Auto mit einer säureartigen Flüssigkeit. Der Staatsschutz der Polizei Bremen ermittelt.
Wer im Bereich Limburger Straße, Flämische Straße, Antwerpener Straße verdächtige Beobachtungen gemacht hat: Zeugenhinweise nimmt der Kriminaldauerdienst unter 0421 362-3888 entgegen.",53.0519445,8.7422973,district
53226.0,2026-08-14,14.08.2026,Hemelingen,False,Sonstiges,Entschärfung einer Weltkriegsbombe,"Bremen-Hemelingen, OT Hastedt, Steubenstraße",https://www.polizei.bremen.de/news/pressestelle/pressemeldungen-ab-22072026-68493,"Bei Sondierungsarbeiten im Ortsteil Hastedt wurde ein 250 Kilogramm schwerer Bombenblindgänger aus dem Zweiten Weltkrieg entdeckt. Dieser soll am Freitagnachmittag entschärft werden. Dazu sind in einem Radius von 500 Metern um den Fundort Evakuierungen notwendig.
Die Fliegerbombe wurde am Fundort in der Steubenstraße im Zuge von Sondierungsarbeiten an einer Baustelle gefunden. Sprengmeister Hans Mohr wird die Bombe am Freitag, 14. August voraussichtlich ab 15 Uhr entschärfen.
Alle Gebäude in direkter Umgebung des Fundortes werden ab 13 Uhr evakuiert. Betroffen von den Maßnahmen sind in jedem Fall die Steubenstraße, Teile der Stresemannstraße, der Konrad-Adenauer-Allee, der Beneckendorffallee und der angrenzenden Straßen. Aus diesem Grund wird es auch Einschränkungen und Ausfälle im Bahnverkehr und im ÖPNV geben. Die Polizei empfiehlt, den Bereich weiträumig zu umfahren.",53.0714764,8.8645097,address
53426.0,2026-08-14,14.08.2026,Hemelingen,False,Sonstiges,Fliegerbombe erfolgreich entschärft,"Bremen-Hemelingen, OT Hastedt, Steubenstraße",https://www.polizei.bremen.de/news/pressestelle/pressemeldungen-ab-22072026-68493,"Eine bei Sondierungsarbeiten im Stadtteil Hemelingen gefundene 250-Kilogramm-Bombe aus dem Zweiten Weltkrieg wurde durch den Kampfmittelräumdienst der Bremer Polizei erfolgreich entschärft. Die Anwohnerinnen und Anwohner können nun in ihre Häuser und Wohnungen zurückkehren.
Sprengmeister Hans Mohr entschärfte gegen 17:20 Uhr die Fliegerbombe im Baustellenbereich in der Steubenstraße.
Die Sicherheit der Bevölkerung hatte bei allen Maßnahmen oberste Priorität.
Die Polizei Bremen dankt allen Einsatzkräften, den beteiligten Behörden sowie der Bevölkerung für ihre Geduld und Kooperation während der Evakuierungsmaßnahmen",53.0714764,8.8645097,address
53526.0,2026-08-14,,Burglesum,False,Raub,Versuchter Raub – Polizei sucht Zeugen,"Bremen-Burglesum, OT Lesum, Blauholzmühle",https://www.polizei.bremen.de/news/pressestelle/pressemeldungen-ab-22072026-68493,"15.08.2026
Am Freitagvormittag wurde eine 83-jährige Bremerin in Lesum Opfer eines versuchten Raubes.
Die Geschädigte befand sich auf der Straße Blauholzmühle in Lesum gegen 10:30 Uhr auf dem
Heimweg, als sie plötzlich von einer unbekannten männlichen Person an der Schulter berührt wurde.
Dieser griff sodann nach dem Goldring an der linken Hand der 83-Jährigen und versuchte ihn von
ihrem Finger zu ziehen. Dies misslang dem Täter allerdings, woraufhin er in Richtung Bördestraße die
Flucht ergriff.
Der Täter wird als männlich, dunkle Hautfarbe, jünger als 30 Jahre, 180 cm groß und schlank
beschrieben. Zum Tatzeitpunkt habe er eine graue Kapuzenjacke mit Reißverschluss und
pinkfarbenem Schriftzug auf dem Rücken, sowie ein Cap und eine Sonnenbrille getragen.
Zeugen, die zum Tatzeitpunkt im Bereich der Straße Blauholzmühle oder Bördestraße Beobachtungen
gemacht haben, oder Angaben zum Täter machen können, werden gebeten, sich mit Hinweisen
jederzeit an den Kriminaldauerdienst der Polizei Bremen unter 0421 362-3888 wenden.",53.1718732,8.688231,address
53626.0,2026-08-16,16.08.2026,Gröpelingen,False,Raub,Hochwertige Uhr und Goldkette geraubt,"Bremen-Gröpelingen, OT Lindenhof, Gröpelinger Heerstraße",https://www.polizei.bremen.de/news/pressestelle/pressemeldungen-ab-22072026-68493,"Zwei unbekannte Männer raubten einem 28-Jährigen in der Nacht von Samstag auf Sonntag in Gröpelingen eine teure Luxusuhr und eine Goldkette. Die Polizei sucht Zeugen.
Gegen 03:30 Uhr hielt der 28 Jahre alte Mann vor einer Pizzeria in der Gröpelinger Heerstraße zwischen der Elbinger Straße und der Bersestraße und stieg aus seinem Auto. Die beiden Täter näherten sich und fragten ihn zunächst nach Kleingeld. Nachdem der 28-Jährige Geld aus dem Auto nahm und sich wieder umdrehte, hielt ihm einer der beiden ein Messer vor und forderte die Herausgabe der Armbanduhr der Marke Rolex Submariner, der goldenen Halskette und von weiterem Bargeld. Anschließend flüchteten sie mit der Beute in unbekannte Richtung. Die Männer wurden wie folgt beschrieben:
Sie sollen beide etwa 20 bis 25 Jahre alt und schlank gewesen sein. Ein Täter soll etwa 190 cm groß gewesen sein. Dieser war dunkel gekleidet, trug eine Regenjacke und hatte sich seine Kapuze ins Gesicht gezogen. Der zweite Mann soll einen schwarzen Pullover und eine helle Hose getragen haben. Beide sollen schwarze Hautfarbe gehabt haben.
Die Polizei warnt ausdrücklich vor dem Ankauf hochwertiger Uhren unbekannter Herkunft. Wer solche Gegenstände erwirbt, kann sich unter Umständen wegen Hehlerei strafbar machen.
Die Kriminalpolizei hat die Ermittlungen aufgenommen und sucht Zeugen, die in der Gröpelinger Heerstraße zwischen der Elbinger Straße und der Bersestraße oder der näheren Umgebung, Beobachtungen gemacht haben. Hinweise nimmt der Kriminaldauerdienst der Polizei Bremen unter 0421 362-3888 entgegen.",53.1190553,8.7553786,address
53726.0,2026-08-16,17.08.2026,Mitte,False,Verkehrsunfall,Schwerer Unfall vor Parkhaus,"Bremen-Mitte, OT Altstadt, Balgebrückstraße",https://www.polizei.bremen.de/news/pressestelle/pressemeldungen-ab-22072026-68493,"Am Sonntagnachmittag kam es vor einem Parkhaus in der Bremer Altstadt zu einem schweren Verkehrsunfall, bei dem ein 58 Jahre alter Autofahrer schwer verletzt wurde.
Nach derzeitigen Erkenntnissen befuhr der 58-Jährige mit seinem Ford Mustang die Balgebrückstraße und hielt vor dem Tor eines dortigen Parkhauses. Der Fahrer stieg aus, um das Tor über ein elektronisches Schloss zu öffnen. Dabei vergaß er offenbar, den Schalthebel des Fahrzeugs auf die Parkstellung „P“ zu stellen.
Als der Ford weiter rollte, lief er zurück, um den Wagen durch Betätigen der Bremse anzuhalten. Hierbei verwechselte er offenbar die Bremse mit dem Gaspedal. Das Fahrzeug beschleunigte daraufhin und fuhr durch das Tor des Parkhauses. Dabei wurde der 58-Jährige von seinem Auto mitgeschleift. Anschließend kollidierte der Mustang mit der Schrankenanlage und kam schließlich an einem Geländer zum Stillstand.
Der Mann erlitt schwere Verletzungen und wurde zur stationären Behandlung in ein Krankenhaus gebracht. An dem Fahrzeug sowie an den Einrichtungen des Parkhauses entstand hoher Sachschaden.
Die weiteren Ermittlungen des Verkehrskommissariats zum Unfallhergang dauern an.",53.0747296,8.8084356,address
53826.0,2026-08-17,17.08.2026,Mitte,False,Raub,Täter nach schwerem Raub in Haft,"Bremen-Mitte, OT Bahnhofsvorstadt, Herdentorsteinweg/Loriotplatz",https://www.polizei.bremen.de/news/pressestelle/pressemeldungen-ab-22072026-68493,"In der Nacht von Sonntag auf Montag raubte ein Täter einem 23-jährigen Bremer sein Smartphone. Die Polizei nahm den mutmaßlichen Täter, einen 23-jährigen Mann, nach kurzer Fahndung fest. Dieser verbleibt in Untersuchungshaft.
Der Räuber näherte sich dem 23-jährigen Bremer, welcher zu Fuß im Bereich des Herdentorsteinwegs/Loriotplatz unterwegs war, von hinten.  Unvermittelt sprühte er diesem Pfefferspray in die Augen und zog diesem das Smartphone aus der Jackentasche. Im Anschluss floh der Räuber in Richtung Rembertiring. Die verständigte Polizei fasste den 23-jährigen Tatverdächtigen bereits nach kurzer Fahndung.
Bei dem bereits polizeibekannten Marokkaner wurde sowohl das Pfefferspray, als auch das geraubte Smartphone aufgefunden. Im Anschluss an die polizeilichen Maßnahmen wurde dieser nach positiver Haftprüfung in Untersuchungshaft genommen.",53.0786741,8.8109045,district
53926.0,2026-08-16,17.08.2026,Mitte,False,Sonstiges,Mann mit abgebrochener Bierflasche verletzt,"Bremen-Mitte, OT Bahnhofsvorstadt, Auf der Brake / Schillerstraße",https://www.polizei.bremen.de/news/pressestelle/pressemeldungen-ab-22072026-68493,"Am Sonntag gegen 13:20 Uhr wurde ein 24-jähriger Mann mit einer abgebrochenen Bierflasche in der Bahnhofsvorstadt leicht verletzt. Auf der Flucht raubte der Täter in der Schillerstraße noch ein Fahrrad. Die Polizei sucht Zeugen.
Der 24-Jährige wurde auf der Straße Auf der Brake von einem ihm unbekannten Mann angesprochen. Allerdings konnten die beiden sich aufgrund sprachlicher Barrieren nicht verständigen. Dies machte den bislang unbekannten Täter so aggressiv, dass er eine Bierflasche zerbrach und auf den linken Oberarm des Mannes einstach. Daraufhin flüchtete er in Richtung Schillerstraße, wo er einem weiteren Mann das Fahrrad entriss und damit seine Flucht in unbekannte Richtung fortsetzte.
Der Täter wird als männlich, zwischen 30-35 Jahre alt beschrieben und soll dunkle, lockige Haare haben. Zum Tatzeitpunkt habe er ein schwarzes Cap, schwarze Schuhe, eine schwarze Hose mit grünen, gelben und roten Streifen an der Hüfte sowie eine schwarze Jacke getragen.
Hinweise von Zeugen, die zum Tatzeitpunkt im Bereich der Straße Auf der Brake, in der Schillerstraße oder näheren Umgebung Beobachtungen gemacht haben, oder Angaben zum Täter machen können, nimmt der Kriminaldauerdienst der Polizei Bremen unter 0421 362-3888 jederzeit entgegen.",53.0786741,8.8109045,district
54026.0,2026-07-05,18.08.2026,Mitte,False,Raub,Ermittlungserfolg nach Überfällen,"Bremen-Mitte, OT Bahnhofsvorstadt, Bahnhofsplatz",https://www.polizei.bremen.de/news/pressestelle/pressemeldungen-ab-22072026-68493,"Nachdem ein bewaffneter Täter Anfang Juli ein Hotel in der Bremer Bahnhofsvorstadt überfallen hatte, konnte die Polizei nun einen 35 Jahre alten Mann als Tatverdächtigen ermitteln. Der Mann steht zudem im dringenden Tatverdacht, für weitere Überfälle verantwortlich zu sein (siehe unsere Meldungen Nr. 0453 und 0480). Er befindet sich mittlerweile in Untersuchungshaft.
Bei dem Überfall betrat der Täter am 5. Juli früh morgens ein Hotel am Bahnhof, bedrohte die Mitarbeiter in der Lobby mit einer Schusswaffe, erbeutete Bargeld und flüchtete zunächst unerkannt.
Am 19. Juli kam es zu einer weiteren Raubtat. Unter Vorhalt einer Schusswaffe überfiel ein maskierter Täter abends einen Kiosk in Findorff. Wenig später konnten Einsatzkräfte den geflüchteten Räuber stellen. Sowohl die vermeintliche Tatwaffe, eine Schreckschusswaffe, als auch weitere Beweismittel konnten bei ihm sichergestellt werden. Er wurde festgenommen.
Durch intensive Ermittlungen konnte dem 35-Jährigen nun auch der Überfall auf das Hotel nachgewiesen werden. Ob der 35-Jährige auch noch für andere Taten in Frage kommt, ist Bestandteil der weiterführenden Ermittlungen. Zeugen melden sich jederzeit beim Kriminaldauerdienst unter der Rufnummer 0421 362-3888.",53.082478,8.8127559,address
54126.0,2026-08-17,18.08.2026,Mitte,False,Diebstahl,Diebe geben sich als Polizisten aus,"Bremen-Mitte, OT Altstadt, Martinistraße",https://www.polizei.bremen.de/news/pressestelle/pressemeldungen-ab-22072026-68493,"Zwei unbekannte Männer entwendeten in der Nacht von Sonntag auf Montag einem 50 Jahre alten Mann in der Innenstadt unter anderem Ec-Karten und Mobiltelefon. Dabei gaben sie vor, Polizisten zu sein. Die Polizei sucht Zeugen.
Der 50 Jahre alte Mann zeigte am Montagmorgen den Diebstahl an einer Polizeiwache an. Er gab an, am Vortag seinen Zug verpasst zu haben, woraufhin er sich vor eine Kirche in der Martinistraße begab, um dort die Nacht zu verbringen. Dabei sei er eingeschlafen und gegen 3 Uhr wach geworden, weil er zwei Männer bemerkte. Diese gaben an, sie seien von der Kriminalpolizei, hielten ihm einen vermeintlichen Dienstausweis vor und durchsuchten ihn und seine Sachen. Zwischenzeitlich taten sie so, als würden sie Funksprüche absetzen.  Anschließend entfernten sie sich in Richtung Schlachte. Der 50-Jährige stellte hinterher fest, dass ihm Mobiltelefon, Ec-Karte und eine Musikbox fehlten. Die Einsatzkräfte fertigten Strafanzeigen wegen Amtsanmaßung und Diebstahl.
Einer der Täter soll eine Glatze gehabt haben und mit einem grauen Pullover mit schwarzer Aufschrift, einer dunklen Hose und hellen Turnschuhen bekleidet gewesen sein. Der zweite Mann trug eine dunkle Jacke mit hellem Muster, darunter ein weißes Shirt und eine hellblaue Hose und weiße Turnschuhe. Auf dem Kopf trug er eine hellblaue Kappe.
Die Kriminalpolizei hat die Ermittlungen aufgenommen, wertet erste Beweise aus und sucht Zeugen, die in der Martinistraße, der Schlachte oder der näheren Umgebung, Beobachtungen gemacht haben. Hinweise nimmt der Kriminaldauerdienst der Polizei Bremen unter 0421 362-3888 entgegen.",53.0744053,8.8052867,address
54226.0,2026-08-18,18.08.2026,Mitte,False,Einbruch,Streit im Drogenmilieu eskaliert – Mann schwer verletzt,"Bremen-Mitte, OT Bahnhofsvorstadt, Bahnhofsvorplatz",https://www.polizei.bremen.de/news/pressestelle/pressemeldungen-ab-22072026-68493,"In der Nacht von Montag auf Dienstag eskalierte ein Streit in der Bahnhofsvorstadt. Für einen 34-jährigen Mann endete dieser mit einem Nasenbeinbruch und einer gespaltenen Kniescheibe. Der Täter ist flüchtig.
Gegen 00:30 Uhr wurde eine körperliche Auseinandersetzung auf der Brücke vor dem Gustav-Deetjen-Tunnel durch die Videoleitstelle der Polizei beobachtet. Zunächst war zu erkennen wie der später verletzte 34-Jährige mit zwei weiteren bislang unbekannten Personen auf zwei am Boden liegende Personen einwirkte. Hierauf hin erschien eine weitere männliche Person. Diese begann nach kurzer Zeit mit den Fäusten, dem Griff einer kleinen Machete, Tritten sowie einer Krücke auf den 34-jährigen Mann einzuschlagen. Insgesamt sind bis zu 30 Schläge und Tritte zu erkennen gewesen. Abschließend hackte der unbekannte Täter mit der Machete einmal auf das linke Knie des 34-Jährigen ein und flüchtete in Richtung der Straße An der Weide. Alle Beteiligten sollen der Drogenszene am Hauptbahnhof angehören.
Der Haupttäter soll ca. 190cm groß und hellhäutig sein. Er habe zum Tatzeitpunkt ein dunkles Oberteil, eine kurze schwarze Hose, graue Schuhe und eine dunkle Kopfbedeckung getragen. Zeugen, die zum Tatzeitpunkt in der Nähe des Gustav-Deetjen-Tunnels oder im Bahnhofsumfeld entsprechende Beobachten gemacht haben oder Hinweise zum Täter geben können, können sich jederzeit bei dem Kriminaldauerdienst der Polizei Bremen unter 0421 362-3888 melden.",53.0786741,8.8109045,district
54326.0,2026-08-17,18.08.2026,Walle,False,Sachbeschaedigung,Farbattacke auf KI-Unternehmen,"Bremen-Walle, OT Überseestadt, Konsul-Smidt-Straße",https://www.polizei.bremen.de/news/pressestelle/pressemeldungen-ab-22072026-68493,"Unbekannte beschmierten in der Nacht von Montag auf Dienstag das Gebäude eines KI-Unternehmens in der Überseestadt mit Farbe und verschütteten eine übelriechende Flüssigkeit. Es entstand Sachschaden. Die Polizei sucht Zeugen.
Die Fassade der Firma an der Konsul-Smidt-Straße wurde mit blauer Farbe beschmiert, ein Werbeaufsteller mit einem Antifa-Symbol besprüht. Neben der beschmierten Gebäudewand wurde auch eine übelriechende, säureartige Flüssigkeit vergossen.
Der Staatsschutz der Polizei Bremen ermittelt wegen Sachbeschädigung. Zeugenhinweise nimmt der Kriminaldauerdienst unter 0421 362-3888 entgegen.",53.0873507,8.7822074,address
54526.0,2026-08-18,19.08.2026,Osterholz,False,Drogendelikt,Gewerbekontrollen im Bremer Osten – illegales Glücksspiel aufgedeckt,"Bremen-Osterholz, OT Tenever",https://www.polizei.bremen.de/news/pressestelle/pressemeldungen-ab-22072026-68493,"Polizei, Zoll, Lebensmittelaufsicht, Finanz- und Ordnungsamt führten am Dienstagabend behördenübergreifende Gewerbekontrollen im Bremer Osten durch. Dabei wurden Kulturvereine, Bars sowie ein Kiosk überprüft und diverse Mängel festgestellt. In einem Kulturverein wurde ein Raum für illegales Glücksspiel entdeckt.
Ab 17:00 Uhr bis in den späten Abend kontrollierten die Kräfte in Tenever insgesamt fünf Gewerbeobjekte. Dabei wurden mehrere Verstöße, wie massive Kassenverstöße, erhebliche Hygienemängel, sowie Mängel bei Preisauszeichnungen festgestellt und geahndet. Ein Kiosk verkaufte illegales Pfefferspray. Eine entsprechende Strafanzeige wurde gefertigt. In einem der kontrollierten Kulturvereine wurde weiter ein versteckter Raum mit sieben illegalen Glückspielautomaten entdeckt. Ein Drogenspürhund entdeckte hier zudem mehr als 500 Gramm einer bislang unbekannten Substanz und es konnte ein mittlerer vierstelliger Geldbetrag aufgefunden beschlagnahmt werden. Es wurden Strafverfahren wegen illegalen Glücksspiels und Verstößen gegen das Betäubungsmittelgesetz eingeleitet.
Die Polizei Bremen ist stadtweit behördenübergreifend verstärkt im Einsatz und wird diese Maßnahmen auch weiterhin gezielt fortsetzen.",53.055514,8.9507122,district
54626.0,2026-08-19,19.08.2026,Östliche Vorstadt,False,Einbruch,Polizei schnappt Einbrecherduo,"Bremen-Östliche Vorstadt, OT Steintor, Vor dem Steintor/Horner Straße",https://www.polizei.bremen.de/news/pressestelle/pressemeldungen-ab-22072026-68493,"In der Nacht von Dienstag auf Mittwoch scheiterten zwei Männer beim Versuch in eine Bar im Steintor einzubrechen. Zwei Tatverdächtige wurden nach kurzer Flucht von der Polizei gestellt.
Gegen 03:45 Uhr hörte eine Anwohnerin der Horner Straße ein lautes Geräusch. Als sie aus dem Fenster sah, erkannte sie, dass die Rollläden der Bar geöffnet waren und einer der beiden Männer gegen die Tür der Bar trat. Als die Alarmanlage der Bar auslöste, ergriffen die beiden Männer die Flucht. Die verständigte Polizei konnte zwei 42-jährige Tatverdächtige in unmittelbarer Nähe des Tatorts stellen. Ebenfalls in Tatortnähe fanden die Kräfte einen herrenlosen Rucksack in dem sich Werkzeuge befanden.
Dieser Erfolg ist Ergebnis der erfolgreichen Zusammenarbeit zwischen aufmerksamer Bevölkerung und der Polizei. Die Polizei ruft daher dazu auf verdächtige Beobachtungen unverzüglich über den kostenlosen Notruf 110 zu melden und sich beobachtete Personen möglichst gut einzuprägen. Weitere Hinweise sind unter www.polizei.bremen.de zu finden.",53.07023,8.84098,district
54726.0,2026-08-20,20.08.2026,Neustadt,False,Sachbeschaedigung,Polizei stellt mutmaßlichen Sprayer,"Bremen-Neustadt/Bremen-Mitte, OT Neustadt/Altstadt, Stephanibrücke",https://www.polizei.bremen.de/news/pressestelle/pressemeldungen-ab-19082026-68769,"In der Nacht von Mittwoch auf Donnerstag stellten Einsatzkräfte der Polizei einen 29-jährigen Mann, der im Verdacht steht ein Graffiti auf der Stephanibrücke gesprüht zu haben. Ein zweiter Tatverdächtiger konnte entkommen.
Gegen 00:50 fuhren zwei Polizeibeamte im Fußgänger- und Fahrradbereich der Stephanibrücke Streife. Nachdem die Polizisten auf die Brücke eingebogen waren, sahen diese zwei Männer, die eine Einkaufstasche mit sich führten und die Brückenwand mit Spraydosen besprühten. Die beiden Männer ergriffen beim Erblicken des Streifenwagens die Flucht. Zunächst flüchteten sie mit Fahrrädern in Richtung des Neustadtsbahnhofs. Die Einkaufstasche, in der sich insgesamt acht Sprühdosen befanden, ließen sie zurück. Im weiteren Verlauf trennten die beiden Männer ihre Fluchtrouten auf. Einer flüchtete weiter in Richtung Neustadt der andere zurück in Richtung Brücke.
Im Rahmen einer sofort eingeleiteten Fahndung nahm eine weitere Streifenwagenbesatzung einen 29-Jährigen fest, der sich in einem nahegelegenen Park in einem Gebüsch versteckte. In der Nähe fanden sich zudem Arbeitshandschuhe mit Farbanhaftungen. Insgesamt entstand ein höherer Sachschaden.",53.0800299,8.7904263,address
54726.0,2026-08-20,20.08.2026,Mitte,False,Sachbeschaedigung,Polizei stellt mutmaßlichen Sprayer,"Bremen-Neustadt/Bremen-Mitte, OT Neustadt/Altstadt, Stephanibrücke",https://www.polizei.bremen.de/news/pressestelle/pressemeldungen-ab-19082026-68769,"In der Nacht von Mittwoch auf Donnerstag stellten Einsatzkräfte der Polizei einen 29-jährigen Mann, der im Verdacht steht ein Graffiti auf der Stephanibrücke gesprüht zu haben. Ein zweiter Tatverdächtiger konnte entkommen.
Gegen 00:50 fuhren zwei Polizeibeamte im Fußgänger- und Fahrradbereich der Stephanibrücke Streife. Nachdem die Polizisten auf die Brücke eingebogen waren, sahen diese zwei Männer, die eine Einkaufstasche mit sich führten und die Brückenwand mit Spraydosen besprühten. Die beiden Männer ergriffen beim Erblicken des Streifenwagens die Flucht. Zunächst flüchteten sie mit Fahrrädern in Richtung des Neustadtsbahnhofs. Die Einkaufstasche, in der sich insgesamt acht Sprühdosen befanden, ließen sie zurück. Im weiteren Verlauf trennten die beiden Männer ihre Fluchtrouten auf. Einer flüchtete weiter in Richtung Neustadt der andere zurück in Richtung Brücke.
Im Rahmen einer sofort eingeleiteten Fahndung nahm eine weitere Streifenwagenbesatzung einen 29-Jährigen fest, der sich in einem nahegelegenen Park in einem Gebüsch versteckte. In der Nähe fanden sich zudem Arbeitshandschuhe mit Farbanhaftungen. Insgesamt entstand ein höherer Sachschaden.",53.0800299,8.7904263,address
54826.0,2026-08-08,21.08.2026,Neustadt,False,Toetungsdelikt,Täter nach tödlicher Auseinandersetzung im Kirchweg ermittelt,"Bremen-Neustadt, OT Gartenstadt Süd, Kirchweg",https://www.polizei.bremen.de/news/pressestelle/pressemeldungen-ab-19082026-68769,"Nach der tödlichen Auseinandersetzung im Kirchweg am 8. August hat die Mordkommission der Polizei Bremen den Durchbruch erzielt und einen 33 Jahre alten Bremer als Tatverdächtigen ermittelt.
Nach umfangreichen Ermittlungen und Recherchen gelang es der Polizei zunächst, dass bei der Tat genutzte Fahrzeug zu identifizieren. Die weiteren Ermittlungen führten anschließend zu dem 33 Jahre alten deutschen Fahrzeugführer, der als Tatverdächtiger ermittelt werden konnte.
Bei der Auseinandersetzung am 8. August war ein 56 Jahre alter Mann nach Faustschlägen zu Boden gestürzt und hatte schwere Kopfverletzungen erlitten. Trotz sofort eingeleiteter Reanimationsmaßnahmen verstarb er noch am Tatort. Der Tatverdächtige war anschließend mit einem Fahrzeug geflüchtet.
Die weiteren Ermittlungen wegen Körperverletzung mit Todesfolge dauern an.
Weitere Auskünfte zu dem Verfahren erteilt die Staatsanwaltschaft Bremen.",53.0622074,8.8100994,address
54926.0,2026-08-20,21.08.2026,Walle,False,Koerperverletzung,Elfjähriger bei Verkehrsunfall schwer verletzt,"Bremen-Walle, OT Überseestadt, Konsul-Smidt-Straße",https://www.polizei.bremen.de/news/pressestelle/pressemeldungen-ab-19082026-68769,"In der Bremer Überseestadt kam es am Donnerstag zu einem schweren Verkehrsunfall. Ein elfjähriger Junge wurde beim Überqueren der Straße von einem Auto erfasst und dabei schwer verletzt.
Ein 19 Jahre alter Autofahrer befuhr nachmittags die Konsul-Smidt-Straße in Richtung Hansator. Nach derzeitigem Ermittlungsstand fuhr der elf Jahre alte Junge zeitgleich mit seinem Fahrrad an einer Bushaltestelle hinter einem anfahrenden Linienbus über die Straße und prallte seitlich gegen das Auto. Das Kind schlug mit dem Kopf gegen die Windschutzscheibe und blieb anschließend bewusstlos auf der Straße liegen. Der Junge trug keinen Schutzhelm. Er wurde nach einer Erstversorgung von Rettungskräften in ein Krankenhaus gebracht.
Das Überqueren der Straße zählt bei Kindern zu den Hauptunfallursachen. Die Polizei appelliert an alle Eltern, das richtige Verhalten im Straßenverkehr immer wieder zu besprechen und zu üben. Für alle motorisierten Fahrer gilt: Wenn Sie Kinder am Straßenrand sehen, verringern Sie ihre Geschwindigkeit und seien Sie bremsbereit.
Die Polizei rät zudem allen Radfahrern einen Helm zu tragen. Moderne Helme sind sehr stabil, leicht und müssen nicht viel kosten. Natürlich kann ein Helm keinen Unfall verhindern, aber schwere Verletzungen als Unfallfolgen deutlich mindern.",53.0873507,8.7822074,address
55026.0,2026-08-20,21.08.2026,Walle,False,Brandstiftung,"„Ich möchte ins Gefängnis, ich möchte nicht über Los“","Bremen-Walle, OT Hohweg",https://www.polizei.bremen.de/news/pressestelle/pressemeldungen-ab-19082026-68769,"Ein 80 Jahre alter Mann setzte am Donnerstagabend in Walle zwei von ihm gepachtete Parzellen in Brand. Verletzt wurde niemand. Der mutmaßliche Brandleger konnte noch vor Ort von Einsatzkräften gestellt werden. Seine Erklärung für die Tat sorgte allerdings für Erstaunen.
Feuerwehr und Polizei wurden am Abend zu zwei brennenden Parzellen in Walle gerufen. Während die Feuerwehr die Löscharbeiten übernahm, trafen Polizisten vor Ort auf den 80 Jahre alten Pächter der beiden Grundstücke.
Der Senior räumte gegenüber den Einsatzkräften ein, die Brände selbst gelegt zu haben. Als Grund gab er an, dass er die Parzellen künftig nicht mehr nutzen dürfe. Damit nicht genug: Nach eigenen Angaben verfolgte der 80-Jährige mit der Brandstiftung noch ein weiteres, durchaus ungewöhnliches Ziel – er wolle ins Gefängnis.
So einfach wie beim Monopoly sollte sich der direkte Weg dorthin allerdings nicht gestalten. Dem ausdrücklich geäußerten Wunsch des Seniors nach einer Unterbringung in der Justizvollzugsanstalt konnten die Einsatzkräfte mangels vorliegender Haftgründe nicht entsprechen. Ob der 80-Jährige mit dem Ausgang des Abends zufrieden war, ist nicht überliefert. Fest steht: Brände vorsätzlich zu legen, kann erhebliche Gefahren für Menschen und Sachwerte verursachen – auch wenn die Beweggründe in diesem Fall durchaus ungewöhnlich waren.",53.1028746,8.783049,district
55126.0,2026-08-20,21.08.2026,Östliche Vorstadt,False,Drogendelikt,Verkehrskontrolle: Gestohlenes Auto sichergestellt – Fahrer ohne Führerschein,"Bremen-Östliche Vorstadt, OT Peterswerder, Stader Straße",https://www.polizei.bremen.de/news/pressestelle/pressemeldungen-ab-19082026-68769,"Am Donnerstagsvormittag stoppte die Polizei in der Östlichen Vorstadt im Rahmen einer Verkehrskontrolle einen 46-jährigen Autofahrer und fand im gestohlenen Fahrzeug diverse Aufbruchswerkzeuge.
Gegen 11:00 Uhr hielt die Polizei einen grauen Toyota in der Stader Straße an. Bei der Überprüfung stellte sich heraus, dass das Fahrzeug seit Juni als gestohlen gemeldet war. Aber auch die am Fahrzeug angebrachten Kennzeichen wurden Anfang August als gestohlen registriert und gehörten zu einem anderen Fahrzeug. Bei der Kontrolle des bereits polizeibekannten Fahrzeugführers stellte sich zudem heraus, dass dieser nicht im Besitz einer gültigen Fahrerlaubnis war. Er gestand auch ein, am Vorabend Betäubungsmittel konsumiert zu haben.
Bei der Durchsuchung des Fahrzeuges und der Überprüfung der weiteren Fahrzeuginsassen wurden diverses Aufbruchswerkzeuge wie ein Kuhfuß und ein Bolzenschneider aufgefunden.
Neben dem gestohlenen Fahrzeug und Kennzeichen stellte die Polizei zudem einen vierstelligen Geldbetrag sowie drei Smartphones sicher. Außerdem ordnete sie bei dem 46-Jährigen eine Blutentnahme an. Die weiteren polizeilichen Ermittlungen dauern an.",53.0671681,8.8484643,address
55226.0,2026-08-21,21.08.2026,Woltmershausen,False,Waffendelikt,Mann in Woltmershausen angeschossen,"Bremen-Woltmershausen, OT Woltmershausen, Dangaster Straße",https://www.polizei.bremen.de/news/pressestelle/pressemeldungen-ab-19082026-68769,"Am Freitagnachmittag schoss ein bisher noch unbekannter Täter im Bremer Stadtteil Woltmershausen auf einen 40 Jahre alten Mann.
Nach derzeitigen Erkenntnissen schoss der Unbekannte gegen 15 Uhr im Einmündungsbereich Woltmershauser Straße / Dangaster Straße auf den Bremer. Anschließend flüchtete der Schütze zu Fuß vom Tatort. Der 40-Jährige wurde mit schweren Verletzungen in ein Krankenhaus gebracht.
Die Fahndung nach dem Täter sowie die weiteren Ermittlungen, auch zu den Hintergründen der Tat, dauern an. Zeugenhinweise nimmt der Kriminaldauerdienst unter 0421 362-3888 entgegen. Der Flüchtende konnte nur als etwa 175cm groß mit Glatze beschrieben werden.",53.076081,8.7825625,address
55326.0,2026-08-22,22.08.2026,Mitte,False,Sonstiges,Polizei Bremen sorgt für Sicherheit beim CSD-Umzug,Bremen-Mitte,https://www.polizei.bremen.de/news/pressestelle/pressemeldungen-ab-19082026-68769,"Am Samstag fand in Bremen der Christopher Street Day statt. Rund 30.000 Menschen nahmen in der Spitze an dem Demonstrationsaufzug durch die Innenstadt teil.
Die Versammlung verlief friedlich und ausgelassen. Aufgrund des Aufzugs und des heutigen Pokalspiels im Weserstadion kam es zu Straßensperrungen und Verkehrsbehinderungen. Insgesamt waren umfangreiche Verkehrs- und Sicherheitsmaßnahmen erforderlich.
Nur in wenigen Fällen musste die Polizei einschreiten. Am Rande der Aufzugsstrecke kam es am Nachmittag zu einem Zwischenfall. Sechs Personen wollten auf dem Dach eines Parkhauses in der Innenstadt ein polizeifeindliches Plakat anbringen. Die Gruppe führte zudem Pyrotechnik und weitere Flyer mit sich. Die Sachen wurden sichergestellt, entsprechende Ermittlungen eingeleitet und Platzverweise erteilt.
Am Goetheplatz endete der Aufzug gegen 16 Uhr, anschließend gehen die Veranstaltungen und Feierlichkeiten weiter.
Neben dem CSD ist die Polizei Bremen an diesem Samstag weiter gefordert und begleitet ebenfalls die erste Runde des DFB-Pokals und ein großes Konzert auf der Bürgerweide. Die Polizei Bremen wird am Sonntagvormittag eine Bilanz zu dem veranstaltungsreichen Samstag ziehen.",53.0786741,8.8109045,district
55526.0,2026-08-24,24.08.2026,Neustadt,False,Einbruch,Polizei schnappt Einbrecher auf Baustelle,"Bremen-Neustadt, OT Huckelriede, Neuenlander Straße",https://www.polizei.bremen.de/news/pressestelle/pressemeldungen-ab-19082026-68769,"In der Nacht zu Montag brachen zwei Männer in einen Container auf einer Baustelle in der Bremer Neustadt ein. Für das Duo klickten schnell die Handschellen.
Die beiden 32 und 42 Jahre alten Einbrecher konnten über eine Baustellenkamera beobachtet werden, wie sie sich unberechtigt Zutritt zum Baugelände an der Neuenlander Straße verschafften und den dortigen Baucontainer aufbrachen. Als die alarmierten Einsatzkräfte eintrafen, warfen die Eindringlinge gerade gestohlenes, hochwertiges Werkzeug über einen Zaun. Der 42-Jährige konnte noch auf dem Baugelände gestellt werden. Sein Komplize flüchtete zunächst auf ein angrenzendes Firmengelände, wo der 32-Jährige durch den Werkschutz festgehalten und an die Polizei übergeben werden konnte. Ein vermutliches Fluchtfahrzeug wurde in Tatortnähe entdeckt und sichergestellt.
Gegen die beiden Einbrecher wurden Ermittlungen wegen besonders schweren Einbruchdiebstahls eingeleitet.",53.0579498,8.7948935,address
55626.0,2026-08-23,24.08.2026,Östliche Vorstadt,False,Einbruch,Einbrecher gestellt,"Bremen-Östliche Vorstadt, OT Steintor, Vor dem Steintor",https://www.polizei.bremen.de/news/pressestelle/pressemeldungen-ab-19082026-68769,"Einsatzkräfte der Polizei Bremen stellten am Sonntagmorgen zwei mutmaßliche Einbrecher im Alter von 19 und 42 Jahren. Sie sind verdächtig, kurz zuvor in eine Wohnung, mehrere Kellerräume und die Räume eines Imbisses eingebrochen und dabei einen 24 -Jährigen mit einer Eisenstange bedroht zu haben.
Etwa um 09:00 Uhr alarmierte der 24 Jahre alte Mann über den Notruf die Polizei, weil kurz zuvor zwei Täter versucht hatten in seine Wohnung in der Straße Vor dem Steintor einzubrechen. Vor Ort gab er an, dass er am Morgen bemerkt hatte, wie die beiden zunächst Unbekannten seine Wohnungstür geöffnet hatten. Er hatte sich dagegenstemmen und beide somit vertreiben können. Als er bemerkte, dass ein Rucksack fehlte, war er den beiden auf die Straße gefolgt und verlangte diesen zurück. Dabei erlangte er diesen zwar wieder, jedoch bedrohte ihn einer der beiden Täter mit einer Eisenstange.
Einsatzkräfte leiteten umgehend Fahndungsmaßnahmen ein und über die Videoüberwachung am Ziegenmarkt führten diese schließlich zum Erfolg. Die beiden mutmaßlichen Einbrecher konnten identifiziert und in der Nähe vorläufig festgenommen werden.  Im Zuge der Ermittlungen stellte sich heraus, dass sie ebenfalls für Einbrüche in mehrere Kellerräume im selben Gebäude und in einen benachbarten Imbiss verantwortlich sein könnten. Hier wurden mehrere Gegenstände, eine Kasse und zwei komplette Dönerspieße entwendet. Beide Männer sind schon mehrfach mit gleichgelagerten Taten in Erscheinung getreten und wurden mit auf die Wache genommen. Die weiteren Ermittlungen der Kriminalpolizei dauern an.",53.0730116,8.8237464,address
55726.0,2026-08-24,24.08.2026,Walle,False,Fahrzeugaufbruch,Autos aufgebrochen – Polizei nimmt Tatverdächtigen fest,"Bremen-Walle, OT Hohweg, Bayernstraße",https://www.polizei.bremen.de/news/pressestelle/pressemeldungen-ab-19082026-68769,"In der Nacht zu Montag meldete ein Zeuge zwei Personen in Walle, die er dabei beobachtete, wie sie die Scheiben von geparkten Autos einschlugen. Die alarmierte Polizei nahm einen Tatverdächtigen fest.
Gegen 02:00 Uhr in der Nacht wurde ein Anwohner der Bayernstraße durch laute Geräusche vor seinem Haus geweckt. Als er aus dem Fenster schaute, konnte er zwei Männer erkennen. Einer der beiden war gerade dabei, die Heckscheibe eines dort geparkten Transporters einzuschlagen. Der andere befand sich etwas abseits und schien Schmiere zu stehen. Sobald sie die anrückende Polizei bemerkten, ergriffen beide die Flucht. Im Rahmen der sofort eingeleiteten Fahndung, entdeckte die Polizei einen 52-Jährigen in einem anderen Auto. Dieser behauptete nicht zu wissen, wem das Fahrzeug gehört, in dem er saß. Neben dem Mann konnten Werkzeuge und entstempelte Kennzeichen aufgefunden werden. Bei der Überprüfung des Autos stellte sich heraus, dass die angebrachten Kennzeichen nicht für dieses ausgegeben und als gestohlen gemeldet waren.
Da der Tatverdächtige stark nach Alkohol roch, wurde ein freiwilliger Atemalkoholtest durchgeführt. Dieser ergab einen Wert von 0,36 Promille. Die Polizei ermitteln nun wegen Diebstahls und Urkundenfälschung.",53.1046699,8.7978976,address
55826.0,2026-08-25,25.08.2026,Mitte,False,Raub,Videoleitstelle identifiziert mutmaßlichen Räuber,"Bremen-Mitte, OT Bahnhofsvorstadt, Bahnhofsplatz",https://www.polizei.bremen.de/news/pressestelle/pressemeldungen-ab-19082026-68769,"Einsatzkräfte der Polizei Bremen stellten in der Nacht zu Dienstag einen 38-Jährigen in der Bahnhofsvorstadt, nachdem dieser einen 36-Jährigen überfallen hatte. Der mutmaßliche Täter konnten durch die Videoleitstelle der Polizei Bremen überführt werden.
Mitarbeitende der Videoleitstelle beobachteten, wie eine vierköpfige Gruppe - zwei Männer und zwei Frauen – den 36-Jährigen anging. Dabei schlugen ihn die Männer und nahmen ihn in den Schwitzkasten. Anschließend zückte der 38-Jährige ein Messer und raubte dabei einen Geldschein aus seiner Hosentasche. Anschließend flüchtete das Quartett. Eine alarmierte Streife stellte den mutmaßlichen Haupttäter noch in der Nähe. Der 36-Jährige wurde leicht verletzt und zur ambulanten Behandlung in ein Krankenhaus gebracht.
Der 38-jährige mutmaßliche Räuber wurde vorläufig festgenommen. Haftgründe gegen ihn werden aktuell geprüft. Die weiteren Ermittlungen, auch zu den Mittätern, dauern an.",53.082478,8.8127559,address
55926.0,2026-08-24,25.08.2026,Vahr,False,Raub,Maskierte Räuber überfallen Tankstelle – Polizei sucht weitere Zeugen,"Bremen-Vahr, OT Neue Vahr Südwest, Richard-Boljahn-Allee",https://www.polizei.bremen.de/news/pressestelle/pressemeldungen-ab-19082026-68769,"Am Montagabend überfielen bewaffnete und maskierte Räuber eine Tankstelle in der Neuen Vahr Südwest. Die Polizei sucht weitere Zeugen.
Gegen 22:50 Uhr betraten zwei bislang unbekannte männliche Täter die Tankstelle, die an der stadtauswärtsführenden Seite der Richard-Boljahn-Allee liegt. Während einer der Männer in der Tür der Tankstelle stehen blieb, bewegte sich der zweite Mann mit einer gezogenen Schusswaffe in Richtung des Kassenbereichs. Von der Kassiererin verlangte er sodann die Herausgabe des Geldes. Insgesamt konnten die Räuber Bargeld sowie einige Schachteln Zigaretten erbeuten. Im Anschluss flüchteten sie in Richtung Philipp-Scheidemann-Straße in der Neuen Vahr Nord, wobei sie von Zeugen beobachtet wurden.
Die Täter wurden als männlich, schlank und ungefähr 170 bis 185 cm groß beschrieben. Der Räuber, der in der Tür stehen blieb, trug eine schwarze Trainingshose der Marke Adidas mit weißen Streifen, eine schwarze Sturmhaube, Handschuhe und ein Cap. Der zweite Mann soll schwarz gekleidet gewesen sein, habe ebenfalls eine schwarze Sturmhaube und helle Handschuhe sowie einen grünen Turnbeutel mit schwarzem Muster auf dem Rücken getragen.
Zeugen, die im Bereich der Philipp-Scheidemann-Straße, Carl-Severing-Straße, deren Nähe oder im Umfeld der Tankstelle etwas Verdächtiges beobachtet haben, melden sich bitte jederzeit beim Kriminaldauerdienst der Polizei Bremen unter der Rufnummer 0421 362-3888.",53.0826838,8.8800412,address
56026.0,2026-08-24,26.08.2026,Findorff,False,Brandstiftung,Brandstiftung in Parzellengebiet,"Bremen-Findorff, OT In den Hufen, Heinrich-Klenke-Weg",https://www.polizei.bremen.de/news/pressestelle/pressemeldungen-ab-19082026-68769,"In der Nacht von Montag auf Dienstag brannte eine Laube in einem Parzellengebiet in Findorff vollständig aus. Zuvor konnten sich eine 37-jährige Frau und ein 43-jähriger Mann aus dem brennenden Gebäude retten. Der Polizei liegen Hinweise auf einen 41 Jahre alten mutmaßlichen Brandstifter vor.
Gegen 23:25 Uhr wurden Polizei und Feuerwehr in den Heinrich-Klenke-Weg gerufen. Vor Ort brannte ein Parzellenhäuschen in voller Ausdehnung. Während der Löscharbeiten machten die beiden 37- und 43-Jährigen auf sich aufmerksam. Sie gaben an, zuvor in dem Haus geschlafen zu haben, als sie durch einen lauten Knall geweckt wurden. Durch das Fenster konnten sie einen ihnen bekannten 41 Jahre alten Mann erkennen, wie er Behälter mit brennbarer Flüssigkeit gegen das Haus warf. Beide sprangen aus dem Fenster, der Mann flüchtete. Die Löscharbeiten zogen sich über mehrere Stunden hin und das Gebäude wurde vollständig zerstört. Die Fahndung nach dem mutmaßlichen Täter dauert an.
Weitere Zeugen, die die Tat möglicherweise beobachtet haben oder weitere Angaben machen können, werden gebeten, sich jederzeit beim Kriminaldauerdienst der Polizei Bremen unter 0421 362-3888 zu melden.",53.1038008,8.8166123,address
56226.0,2026-08-26,26.08.2026,Östliche Vorstadt,False,Toetungsdelikt,Polizei stellt Einbrecher im Viertel,"Bremen-Östliche Vorstadt, OT Steintor, Vor dem Steintor",https://www.polizei.bremen.de/news/pressestelle/pressemeldungen-ab-19082026-68769,"Am Mittwochmorgen stellte die Polizei einen 42-jährigen Mann, der im Verdacht steht in zwei Geschäfte im Viertel eingebrochen zu sein.
Gegen 5:45 Uhr hebelte ein Täter mit einem Schraubenzieher die Tür eines Ladenlokals in der Straße „Vor dem Steintor“ auf. Womit er nicht rechnete, der Besitzer des Ladens schlief im selbigen und wachte auf, weshalb der Täter den Laden sofort wieder verließ. Die Polizei stellte ihn direkt am Tatort und nahm ihn fest. Zudem steht er im Verdacht, in der gleichen Straße zuvor in ein Restaurant eingebrochen zu sein. Dort wurden Lebensmittel und ein Tablet entwendet. Die Lebensmittel fand die Polizei bei dem Verdächtigen, das Tablet in Tatortnähe.
Eine Haftprüfung dauert an.",53.0730116,8.8237464,address
56326.0,2026-08-26,26.08.2026,Huchting,False,Sachbeschaedigung,Radfahrer von umstürzender Laterne getroffen,"Bremen-Huchting, OT Kirchhuchting, Kirchhuchtinger Landstraße",https://www.polizei.bremen.de/news/pressestelle/pressemeldungen-ab-19082026-68769,"Am Mittwochmorgen erlitt ein 40 Jahre alter Radfahrer bei einem Verkehrsunfall in Huchting lebensgefährliche Verletzungen. Eine zuvor von einem Lastwagen beschädigte Betonlaterne stürzte auf ihn.
Nach ersten Erkenntnissen wollte ein 38 Jahre alter Lkw-Fahrer rückwärts von einem Tankstellengelände auf die Kirchhuchtinger Landstraße fahren. Der 40-Jährige hielt mit seinem Pedelec auf dem Radweg an und signalisierte dem Fahrer, dass er zurücksetzen könne.
Beim Rückwärtsfahren stieß der Lkw gegen eine Betonlaterne. Diese brach in etwa zwei Metern Höhe ab und stürzte auf den wartenden Radfahrer. Die herabfallenden Teile trafen ihn am Kopf und Rücken und beschädigten zudem sein Pedelec erheblich.
Rettungskräfte versorgten den 40-Jährigen und brachten ihn in ein Krankenhaus. Dort mussten Ärzte ihn aufgrund seiner schweren Kopf- und Rückenverletzungen notoperieren. Nach derzeitigem Stand schwebt er in Lebensgefahr.
Die weiteren Ermittlungen zum Unfallhergang dauern an.",53.0530922,8.7421291,address
56426.0,2026-08-26,27.08.2026,Mitte,False,Drogendelikt,"Umfangreiche Kontrollen im Bahnhofsquartier, Viertel und Bremer Süden","Bremen-Mitte, Östliche Vorstadt, Neustadt, Huchting",https://www.polizei.bremen.de/news/pressestelle/pressemeldungen-ab-19082026-68769,"Die Polizei Bremen führte am Mittwoch erfolgreich gemeinsam mit dem Ordnungsamt, dem Zoll, dem Finanzamt und weiteren Behörden wie Gewerbe- und Glücksspielaufsicht umfangreiche Kontrollen durch. Ziel der Maßnahmen war die Bekämpfung der Drogenkriminalität und die Überprüfung gewerblicher Betriebe im Bahnhofsumfeld, im Viertel, in Huchting und der Neustadt.
Etwa ab 14 Uhr waren die Einsatzkräfte in den jeweiligen Stadtteilen präsent, kontrollierten knapp 60 Personen und fertigten diverse Anzeigen, unter anderem wegen Verstößen gegen das Betäubungsmittel- und Cannnabiskonsumgesetz. Sie stellten Straßendealer, entdeckten Drogenbunker und stellten diverse Betäubungsmittel wie Cannabis, Kokain und Ecstasy sowie Bargeld sicher. Außerdem erteilten die Polizisten Platzverweise.
Weiterhin kontrollierten die Kräfte insgesamt 18 Gewerbeobjekte, wie Bars, Kioske, Imbisse sowie andere Lokalitäten rund um den Bahnhof, im Steintorviertel, in Huchting und der Neustadt. Eine Bar im Steintor wurde unter anderem wegen Verstößen gegen das Jugendschutzgesetz und die Spielverordnung noch vor Ort geschlossen. Ein Friseurladen in der Innenstadt musste aufgrund erheblicher Kassenmängel auch mit sofortiger Wirkung durch den Ordnungsdienst geschlossen werden. In weiteren Lokalen wurden ebenfalls Kassen- sowie Hygienemängel, Glücksspielverstöße und fehlerhafte Preisauszeichnungen festgestellt.
Im Verlauf der Maßnahmen kontrollierten die Einsatzkräfte mehrere Personen im Hohentorspark und an der Piepe. Hier klickten für eine 43-Jährige zunächst die Handschellen, gegen sie lagen zwei offene Haftbefehle über mehrere Hundert Euro vor. Im weiteren Verlauf konnte der offene Betrag bezahlt werden.
Die Polizei Bremen ist hier behördenübergreifend verstärkt im Einsatz und wird diese Maßnahmen auch weiterhin gezielt fortsetzen.",53.0786741,8.8109045,district
56526.0,2026-08-26,27.08.2026,Gröpelingen,False,Waffendelikt,Polizei stellt Mann mit Schusswaffe,"Bremen-Gröpelingen, OT Ohlenhof, Gröpelinger Heerstraße",https://www.polizei.bremen.de/news/pressestelle/pressemeldungen-ab-19082026-68769,"Am Mittwochabend hantierte ein 56 Jahre alter Mann in Gröpelingen mit einer Schusswaffe, so dass Passanten die Polizei alarmierten. Einsatzkräfte stellten ihn und beschlagnahmten einen scharfen Revolver.
Etwa um 18:15 Uhr gingen Notrufe bei der Polizei Bremen ein, in denen geschildert wurde, dass ein Mann mit einer Pistole in einer Straßenbahn gesehen wurde. Die Einsatzkräfte fanden den 56-Jährigen, auf den die Beschreibung passte, in der Gröpelinger Heerstraße. Zunächst versuchte er, mit einem Fahrrad zu fliehen, doch die Polizisten stellten ihn nach einem kurzen Sprint. Sie brachten ihn zu Boden und legten ihm Handfesseln an, dabei wurde der 56-Jährige leicht verletzt.
Bei der Durchsuchung fanden die Einsatzkräfte den scharfen und geladenen Revolver und außerdem einen Schlagring. Sie nahmen den Mann mit auf die Wache und fertigten diverse Strafanzeigen, unter anderem wegen des illegalen Besitzes von Schusswaffen. Nach einer psychiatrischen Begutachtung wurde er zwangsweise untergebracht. Die Pistole ist als gestohlen gemeldet, die weiteren Ermittlungen der Kriminalpolizei dauern an.",53.1190553,8.7553786,address
56626.0,2026-08-27,28.08.2026,Mitte,False,Hasskriminalitaet,14-Jährige schreit antisemitische Beleidigungen,"Bremen-Mitte, OT Bahnhofsvorstadt, Bahnhofstraße/Hillmannplatz",https://www.polizei.bremen.de/news/pressestelle/pressemeldungen-ab-19082026-68769,"Ein 14 Jahre altes Mädchen äußerte am Donnerstagabend massive antisemitische Beleidigungen gegenüber Teilnehmerinnen einer Demonstration. Einsatzkräfte nahmen sie mit auf die Wache.
Gegen 17:50 Uhr hatte sich eine kleinere Gruppe Menschen auf dem Hillmannplatz zu einer Kundgebung versammelt. Diese stand unter dem Motto „Solidarität mit der Ukraine“. Eine 57 Jahre alte Teilnehmerin hielt eine ukrainische Fahne mit einem Davidsstern darauf in der Hand, als sich die 14-Jährige mit zwei Begleiterinnen näherte und die Frau mehrfach aufgrund dessen beleidigte. Sie schrie und spuckte in die Richtung der Frau und einer weiteren Teilnehmerin. Die hinzugerufenen Einsatzkräfte nahmen das Mädchen mit auf die Wache, fertigten eine entsprechende Strafanzeige und übergaben sie den Erziehungsberechtigten. Verletzt wurde niemand. Die weiteren Ermittlungen dauern an.",53.0786741,8.8109045,district
56726.0,2026-08-28,28.08.2026,Mitte,False,Waffendelikt,Größerer Polizeieinsatz im Bremer Viertel,"Bremen-Mitte, OT Ostertor, Auf den Häfen",https://www.polizei.bremen.de/news/pressestelle/pressemeldungen-ab-19082026-68769,"Am Freitagnachmittag kam es infolge eines Streits zu einer Auseinandersetzung zwischen zwei Männern. Dabei schoss ein 22-Jähriger mehrfach mit einer Schreckschusswaffe. Einsatzkräfte der Polizei Bremen stellten den Mann.
Gegen 14:50 Uhr gingen mehrere Notrufe bei der Polizei Bremen ein, in denen Anrufer Schüsse in der Straße Auf den Häfen meldeten. Einsatzkräfte waren schnell mit einem größeren Aufgebot vor Ort, sicherten den Bereich ab und leiteten umgehende Fahndungsmaßnahmen ein. Schnell stellten sie einen 22 Jahre alten Mann. Dieser hatte eine Augenreizung erlitten. Laut erster Zeugenaussagen war er mit einem noch unbekannten Mann in Streit geraten und hatte dann mit einer Schreckschusswaffe mehrfach geschossen.
Anschließend hatte er offenbar selbst Reizgas aus der Waffe abbekommen. Weitere Verletzte gibt es derzeit nicht. Der andere Mann konnte noch nicht aufgefunden werden. Der 22-Jährige wurde mit auf die Wache genommen, wo die Einsatzkräfte eine entsprechende Anzeige fertigten. Die weiteren Ermittlungen zu den Hintergründen dauern an. Die Waffe konnte bisher noch nicht aufgefunden werden.",53.075661,8.8205745,address
56826.0,2026-08-28,29.08.2026,Mitte,False,Koerperverletzung,Frau lebensgefährlich verletzt,"Bremen-Mitte, OT Ostertor, Osterdeich",https://www.polizei.bremen.de/news/pressestelle/pressemeldungen-ab-19082026-68769,"Am Freitagnachmittag attackierte im Ostertor ein 28 Jahre alter Mann eine 68-Jährige auf ihrem Fahrrad. Die Frau stürzte und zog sich lebensgefährliche Kopfverletzungen zu.
Etwa um 14:00 Uhr war die 68 Jahre alte Frau mit ihrem Fahrrad am Osterdeich auf dem Weg direkt am Ufer in Richtung Weserstadion unterwegs. Laut Zeugenaussagen soll der 28-Jährige sie dann unvermittelt und mit großer Wucht vom Fahrrad gestoßen haben, so dass die Frau stürzte. Dabei zog sie sich lebensgefährliche Kopfverletzungen zu. Zeugen leisteten umgehend Erste Hilfe und folgten dem Mann und gaben eine genaue Beschreibung ab. So konnten Einsatzkräfte den 28-Jährigen auf Höhe der Wilhelm-Kaisen-Brücke stellen und mit auf die Wache nehmen. Nach einer psychiatrischen Begutachtung wurde der Mann zwangsweise untergebracht. Die weiteren Ermittlungen dauern an.",53.0718932,8.8109939,address
56926.0,2026-08-29,30.08.2026,Schwachhausen,False,Waffendelikt,Mit Messer verletzt,"Bremen-Schwachhausen, OT Riensberg, Riensberger Straße",https://www.polizei.bremen.de/news/pressestelle/pressemeldungen-ab-19082026-68769,"Am Samstagnachmittag wurde ein 30-Jähriger in Schwachhausen offenbar mit einem Messer schwer verletzt. Zuvor soll es zu einem Streit mit einem 50 Jahre alten Mann gekommen sein.
Etwa um 15:20 Uhr meldeten mehrere Zeugen über den Notruf der Polizei einen schwer verletzten Mann in der Riensberger Straße. Vor Ort fanden die Einsatzkräfte den am Arm stark blutenden 30-Jährigen vor. Sie leisteten umgehend Erste Hilfe und legten dem Mann bis zum Eintreffen der Rettungskräfte ein so genanntes Tourniquet an. Der Mann konnte noch angeben, dass er zuvor Streit mit seinem Vermieter gehabt hatte. Er wurde in ein Krankenhaus gebracht, Lebensgefahr bestand nicht. Die Polizisten stellten den 50 Jahre alten Mann kurz darauf und nahmen ihn mit auf die Wache, wo er erkennungsdienstlich behandelt wurde. Ein Messer konnte bisher nicht aufgefunden werden. Der genaue Tatablauf ist jetzt Bestandteil der weiteren Ermittlungen der Kriminalpolizei.
Weitere Zeugen, die die Auseinandersetzung in der Riensberger Straße möglicherweise beobachtet haben, oder weitere Angaben machen können, melden sich jederzeit beim Kriminaldauerdienst der Polizei Bremen unter 0421 362-3888.",53.0918682,8.8617843,address
57026.0,2026-08-28,30.08.2026,Östliche Vorstadt,False,Koerperverletzung,Verletzte nach Auseinandersetzung im Viertel,"Bremen-Östliche Vorstadt, OT Steintor, Vor dem Steintor",https://www.polizei.bremen.de/news/pressestelle/pressemeldungen-ab-19082026-68769,"In der Nacht von Freitag auf Samstag kam es zu einer körperlichen Auseinandersetzung zwischen mehreren Personen im Steintorviertel. Dabei wurden zwei junge Männer im Alter von 20 und 21 Jahren mit einem Messer schwer verletzt.
Gegen 23:10 Uhr wurden Einsatzkräfte zu einem Lokal in die Straße Vor dem Steintor gerufen, da es dort laut Zeugen zu einer Auseinandersetzung mit einem Messer gekommen sein sollte. Mehrere Streifenwagen waren schnell vor Ort, sicherten den Bereich ab und trafen auf die beiden 20- und 21-Jährigen. Der Ältere hatte mehrere Stichverletzungen im Oberkörper, der Zweite Schnittverletzungen am Arm. Die Einsatzkräfte leisteten umgehend Erste Hilfe, Rettungskräfte brachten sie in Krankenhäuser. Lebensgefahr bestand nicht. Im Zuge der Sachverhaltsaufnahme stellte sich ein 26-jähriger Verdächtiger, der angab, dass er zuvor Streit mit den beiden jungen Männern hatte. Dabei sei es um den Sitzplatz an einem Spielautomaten gegangen.
Auch er wurde zunächst aufgrund seiner Kopfverletzungen in ein Krankenhaus gebracht. Die Polizisten fertigten eine Strafanzeige. Die weiteren Ermittlungen dauern an.",53.0730116,8.8237464,address
57126.0,2026-08-30,30.08.2026,Neustadt,False,Waffendelikt,Mann mit Schussverletzung aufgefunden,"Bremen-Neustadt, OT Huckelriede, Nollendorfer Straße",https://www.polizei.bremen.de/news/pressestelle/pressemeldungen-ab-19082026-68769,"Am Sonntagmittag fanden Einsatzkräfte der Polizei Bremen in der Neustadt einen 42 Jahre alten verletzten Mann auf. Zuvor hatten Anrufer über den Notruf Schüsse gemeldet. In der Folge wurde ein größerer Polizeieinsatz ausgelöst.
Etwa um 12:00 Uhr meldeten mehrere Anrufer über den Notruf der Polizei Schüsse in der Nollendorfer Straße. Kurz darauf waren Einsatzkräfte mit einem großen Aufgebot vor Ort und sicherten den Bereich ab. Sie fanden einen 42 Jahre alten Mann mit einer Schussverletzung vor und leisteten umgehend Erste Hilfe. Er wurde mit einer Schussverletzung im Bein in ein Krankenhaus gebracht, zwischenzeitlich bestand Lebensgefahr. Aufgebrachte Angehörige des Mannes mussten vor Ort durch eine starke Polizeipräsenz beruhigt werden. Weitere Verletzte gibt es derzeit nicht.
In der Folge leitete die Polizei umfangreiche Fahndungsmaßnahmen nach möglichen Tätern ein: Einsatzkräfte befragten Zeugen, die Spurensicherung war vor Ort, auch Diensthunde kamen zum Einsatz. Die Zeugen gaben an, zuvor einen mit einer Schusswaffe bewaffneten Man gesehen zu haben. Aktuell dauern die Maßnahmen an, die Polizei Bremen geht aktuell davon aus, dass sich der 42-Jährige und der Täter kannten.
Die weiteren Ermittlungen zu den Hintergründen der Tat dauern an. Weitere Zeugen werden gebeten, sich beim Kriminaldauerdienst der Polizei Bremen unter 0421 362-3888 zu melden.",53.0511109,8.8177117,address
57226.0,2026-08-31,31.08.2026,Östliche Vorstadt,False,Einbruch,Polizei fasst Kiosk-Einbrecher,"Bremen-Östliche Vorstadt, OT Peterswerder, Hamburger Straße",https://www.polizei.bremen.de/news/pressestelle/pressemeldungen-ab-19082026-68769,"Einsatzkräfte der Bremer Polizei stellten in der Nacht von Sonntag auf Montag im Steintorviertel einen 19 Jahre alten mutmaßlichen Einbrecher. Der Heranwachsende steht zudem im Verdacht, bereits in der Nacht zuvor in ein Geschäft eingebrochen zu sein.
Ein Kioskbesitzer beobachtete über die Videoüberwachung, wie sich ein Mann gewaltsam Zugang zu seinem Geschäft in der Hamburger Straße verschaffte, über die Ladentheke sprang und unter anderem rund 200 Zigarettenschachteln sowie Bargeld entwendete. Noch vor dem Eintreffen der alarmierten Einsatzkräfte flüchtete der Einbrecher.
Anhand der Videoaufzeichnungen erkannten Polizisten den 19-Jährigen wieder und stellten ihn wenig später in Tatortnähe. Bei seiner Durchsuchung fanden die Einsatzkräfte zudem einen Schlüsselbund, der einem weiteren Einbruch in der Östlichen Vorstadt zugeordnet werden konnte. Dort war in der Nacht von Samstag auf Sonntag in ein Geschäft eingebrochen und Bargeld gestohlen worden. Auch auf den dortigen Aufnahmen erkannten die Ermittler den 19-Jährigen wieder. Zudem wurden Spuren gesichert.
Die Staatsanwaltschaft ordnete die Fortdauer der freiheitsentziehenden Maßnahmen an. Die weiteren Ermittlungen dauern an.",53.0706471,8.8335651,address
57426.0,2026-08-27,01.09.2026,Walle,False,Sachbeschaedigung,Mietfahrzeuge in der Überseestadt beschädigt,"Bremen-Walle, OT Überseestadt, Korffdeich",https://www.polizei.bremen.de/news/pressestelle/pressemeldungen-ab-19082026-68769,"In der letzten Woche kam es zu Sachbeschädigungen an geparkten Fahrzeugen auf dem Gelände einer Autovermietung am Korffdeich in der Überseestadt. Die Polizei prüft aktuell ein Bekennerschreiben, das auf einer linksextremistischen Internetplattform veröffentlicht wurde und sucht Zeugen.
Insgesamt wurden vier Mietwagen, überwiegend Kleintransporter, durch bislang unbekannte Täter in der Nacht von Mittwoch zu Donnerstag beschädigt. An den betroffenen Fahrzeugen wurden Reifen zerstochen und Schriftzüge wie „FCK ICE“ und „3.10.“ mit schwarzer Farbe gesprüht.
In dem nun veröffentlichten Schreiben bekannten sich Unbekannte zu der Tat. Sie begründeten den Anschlag politisch und deklarierten den Angriff unter anderem als Aktion gegen die Einheitsfeierlichkeiten rund um den 3. Oktober in Bremen.
Der Staatsschutz ermittelt und sucht Zeugen. Hinweisgeber melden sich jederzeit beim Kriminaldauerdienst unter der Rufnummer 0421 362-3888.
Bei verdächtigen Beobachtungen in diesem Zusammenhang alarmieren Sie die Polizei sofort unter dem Notruf 110",53.1028746,8.783049,district
57526.0,2026-09-01,01.09.2026,Neustadt,False,Brandstiftung,Brandsätze gegen Lokal geschleudert,"Bremen-Neustadt, OT Alte Neustadt, Friedrich-Ebert-Straße",https://www.polizei.bremen.de/news/pressestelle/pressemeldungen-ab-19082026-68769,"Unbekannte warfen in der Nacht zu Dienstag zwei Behälter mit brennbarer Flüssigkeit gegen die Fassade einer Bar in der Neustadt. Verletzt wurde niemand. Die Polizei sucht Zeugen.
Gegen 04:35 Uhr wurde über den Notruf ein Feuer vor einem Gebäude in der Friedrich-Ebert-Straße an der Ecke zum Neustadtswall gemeldet. Als die Einsatzkräfte eintrafen, war das Feuer schon von selbst ausgegangen. Es wurden Rückstände von zwei Brandsätzen gefunden. Niemand wurde verletzt, es entstand geringer Sachschaden. Zeugen hatten zuvor einen Knall gehört und hatten dann das Feuer gesehen.
Die Kriminalpolizei hat die Ermittlungen aufgenommen. Weitere Zeugen werden gebeten, sich beim Kriminaldauerdienst der Polizei Bremen unter 0421 362-3888 zu melden.",53.0715904,8.8016695,address
57626.0,2026-08-31,01.09.2026,Walle,False,Diebstahl,Falsche Wasserwerker erbeuten Schmuck,"Bremen-Walle, OT Utbremen, Bürgermeister-Deichmann-Straße",https://www.polizei.bremen.de/news/pressestelle/pressemeldungen-ab-19082026-68769,"Am Montagvormittag wurde eine 89-jährige Utbremerin von falschen Wasserwerkern bestohlen. Die Polizei sucht Zeugen.
Die 89-Jährige kehrte gegen 10:45 Uhr vom Einkaufen zurück, als sie vor ihrer Wohnung in der Bürgermeister-Deichmann-Straße von zwei unbekannten Männern angesprochen wurde. Diese teilten ihr mit, dass es in der Nähe einen Wasserrohrbruch gegeben habe und sie deshalb in ihre Wohnung müssten. Gegen den Willen der 89-jährigen Frau betraten die beiden Männer die Wohnung und forderten sie auf, in das Badezimmer zu gehen. Einer der Täter griff der Frau hierbei an den Arm und führte sie dorthin. Die beiden Täter begaben sich sodann in das Schlafzimmer und entwendeten dort diversen Schmuck. Aus Furcht verblieb die Wohnungsinhaberin im Badezimmer, bis sie die Wohnungstür zufallen hörte, und setzte dann einen Notruf ab.
Einer der Täter wird als männlich, ca. 25–30 Jahre alt, ca. 170 cm groß, schlank und dunkelblond beschrieben. Zur Tatzeit trug er eine helle Jeans, ein weißes T-Shirt, weiße Turnschuhe und rote Handschuhe mit einer hellen Innenfläche.
Wer zur Tatzeit in der Bürgermeister-Deichmann-Straße verdächtige Beobachtungen gemacht hat oder Hinweise zu den Tätern geben kann, wird gebeten, sich jederzeit an den Kriminaldauerdienst der Polizei Bremen unter 0421 362-3888 zu wenden.",53.0887096,8.7881847,address
57726.0,2026-09-01,02.09.2026,Horn-Lehe,False,Sachbeschaedigung,Stille Wasser sind tief – und voller E-Scooter,"Bremen-Horn-Lehe, OT-Horn, Achterstraße",https://www.polizei.bremen.de/news/pressestelle/pressemeldungen-ab-19082026-68769,"Manchmal lohnt sich ein Blick unter die Wasseroberfläche: Mitarbeiter des Bremischen Deichverbandes haben am Dienstag aus der Kleinen Wümme in Horn-Lehe insgesamt 40 E-Scooter geborgen. Statt „20.000 Meilen unter dem Meer“ hieß es dabei eher: rund 20.000 Euro unter Wasser.
Mit einem Bagger holten die Mitarbeiter die Zweiräder im Bereich Achterstraße, Universitätsallee und Parkallee aus dem Fleet. Polizeikräfte unterstützten die ungewöhnliche Bergungsaktion. Die 40 Scooter lagen verteilt auf einer Strecke von mehreren hundert Metern im Wasser und gehörten verschiedenen Verleihfirmen.
Die unfreiwilligen U-Boote hatten ihre Tauchfahrt offenbar nicht ganz unbeschadet überstanden: Sämtliche E-Scooter waren stark beschädigt. Bei einem angenommenen durchschnittlichen Wert von rund 500 Euro pro Fahrzeug liegt der Gesamtschaden bei etwa 20.000 Euro.
Da einige der Scooter vermutlich bereits seit Monaten oder sogar Jahren auf dem Grund der Kleinen Wümme lagen, waren verwertbare Spuren nicht mehr zu erwarten. Eine Überprüfung der Fahrzeuge ergab zudem keine Fahndungstreffer.
Die 40 E-Scooter wurden zunächst zum Polizeipräsidium gebracht und dort sichergestellt.
Warum und vor allem durch wen die Fahrzeuge in der Kleinen Wümme landeten, ist bislang nicht bekannt. Sicher ist nur: Für diese Art der Elektromobilität war der Wasserweg eher nicht vorgesehen.
Die Polizei ermittelt wegen Sachbeschädigung und Diebstahl.",53.103623,8.8818799,district
57826.0,2026-08-31,02.09.2026,Horn-Lehe,False,Sachbeschaedigung,Farbvandalismus an Oberschule,"Bremen-Horn-Lehe, OT Horn, Ronzelenstraße",https://www.polizei.bremen.de/news/pressestelle/pressemeldungen-ab-19082026-68769,"In der Nacht von Montag auf Dienstag haben ein oder mehrere unbekannte Täter Schriftzüge an die Sporthalle der „Oberschule an der Ronzelenstraße“ gesprüht.
Am Dienstagmorgen stellte der Hausmeister der Schule die meterlangen Schriftzüge sowohl an eine Säule der Überdachung als auch im Eingangsbereich und an die Frontfassade fest. Die Schriftzüge enthielten teils politische Inhalte, wie unter anderem „ACAB“ (All Cops Are Bastards), „BESSER LINKS ALS RECHTS“ und „NARZIS RAUS“ (Fehler im Original).
Wer zur Tatzeit verdächtige Beobachtungen im Bereich der Oberschule Ronzelenstraße gemacht hat, wird gebeten, sich jederzeit an den Kriminaldauerdienst der Polizei Bremen unter 0421 362-3888 zu wenden.",53.095456,8.8757878,address
57926.0,2026-09-02,03.09.2026,Mitte,False,Einbruch,Einbruch in Bar - Polizei fasst Täter,"Bremen-Mitte, OT Ostertor, Fedelhören",https://www.polizei.bremen.de/news/pressestelle/pressemeldungen-ab-19082026-68769,"Einsatzkräfte stellten am Mittwochmorgen einen 42-Jährigen nach einem Einbruch in eine Bar im Ostertorviertel. Er ging anschließend in Haft.
Nach bisherigen Erkenntnissen hatte der Einbrecher früh morgens die Eingangstür der Bar im Fedelhören aufgehebelt, eine Kasse aufgebrochen und daraus Bargeld entnommen. Alarmierte Einsatzkräfte erwischten ihn auf frischer Tat und nahmen ihn vorläufig fest. Bei der Durchsuchung stellten die Polizisten ein in der Bauchtasche seines Hoodies mitgeführtes und griffbereites Messer fest. Neben dem auf dem Tresen abgelegten Schraubenzieher führte der 42-Jährige in einem Rucksack weitere Werkzeuge, darunter auch ein Stemmeisen, mit sich.
Das Messer, die Werkzeuge und das gestohlene Bargeld wurden beschlagnahmt, der mutmaßliche Täter vorläufig festgenommen. Ein Haftrichter erließ im Laufe des Tages Haftbefehl gegen ihn. Anschließend wurde der 42-Jährige in die Justizvollzugsanstalt überführt. Die weiteren Ermittlungen dauern an.",53.078055,8.8198172,address
58026.0,2026-08-21,03.09.2026,Woltmershausen,False,Sonstiges,Polizei veröffentlicht Fahndungsfoto nach Schüssen in Woltmershausen,"Bremen-Woltmershausen, OT Woltmershausen, Dangaster Straße",https://www.polizei.bremen.de/news/pressestelle/pressemeldungen-ab-19082026-68769,"Nachdem im August auf einen 40 Jahre alten Mann im Bremer Stadtteil Woltmershausen geschossen wurde, siehe auch Pressemeldung 552, konnte die Polizei den mutmaßlichen Täter ermitteln und fahndet mit einem Foto nach dem 29-Jährigen.
Aus noch nicht abschließend geklärten Gründen gerieten der 40-Jährige und sein Bruder in der Dangaster Straße mit zwei 28 und 29 Jahre alten Männer in einen Streit. Der 29-Jährige soll dann im weiteren Verlauf auf den Bremer geschossen haben. Anschließend flüchtete das Duo.
Es folgten umfangreiche Fahndungs- und Ermittlungsmaßnahmen der Polizei. Zudem konnten wichtige Beweismittel aufgefunden, beschlagnahmt und untersucht werden.
Die Ergebnisse dieser intensiven Arbeit führten zu dem mutmaßlichen Schützen Mahsum Demir.
Unter
https://hb.hinweisportal.de
können Zeuginnen und Zeugen Hinweise sowie Fotos oder Videos - auf Wunsch auch anonym - direkt an die Ermittler übermitteln.
In akuten Notfällen oder wenn der Gesuchte aktuell gesehen wird, wählen Sie bitte umgehend den Notruf 110 und sprechen Sie ihn nicht an. Sonstige Hinweise nimmt weiterhin auch der Kriminaldauerdienst der Polizei Bremen unter der Rufnummer (0421) 362-3888 entgegen
Die weiteren Ermittlungen dauern noch an. Auskünfte erteilt die Staatsanwaltschaft Bremen.",53.076081,8.7825625,address
58126.0,2026-09-03,04.09.2026,Neustadt,False,Drogendelikt,Gemeinsame Kontrollen in der Neustadt – Zahlreiche Verstöße festgestellt,Bremen-Neustadt,https://www.polizei.bremen.de/news/pressestelle/pressemeldungen-ab-19082026-68769,"Bei einem groß angelegten Einsatz gegen Straßenkriminalität und Ordnungsstörungen kontrollierte die Polizei Bremen gemeinsam mit mehreren Behörden am Donnerstag zahlreiche Personen, Gaststätten und Gewerbebetriebe in der Neustadt. Rund 70 Einsatzkräfte waren an den Maßnahmen beteiligt. Dabei wurden unter anderem offene Haftbefehle vollstreckt, mutmaßliche Drogen und unverzollte Waren gefunden sowie ein gestohlenes E-Bike sichergestellt. Ein Betrieb wurde geschlossen.
Neben der Polizei waren unter anderem das Ordnungsamt, der Zoll, das Finanzamt mit der Kassenprüfung, die Gewerbeabteilung, die Lebensmittelüberwachung und das Veterinärwesen sowie die Bauordnung beteiligt. Durch die unterschiedlichen Zuständigkeiten konnten die Betriebe umfassend und aus verschiedenen rechtlichen Blickwinkeln überprüft werden.
Bei den Kontrollen trafen die Einsatzkräfte unter anderem auf eine Person mit zwei offenen Haftbefehlen. Zwei weitere Personen wurden wegen des Verdachts des illegalen Aufenthalts zur weiteren polizeilichen Bearbeitung mitgenommen. In einer Bar fanden die Einsatzkräfte Heroin. In Kellerräumen wurden zudem elf Fahrräder entdeckt, darunter ein als gestohlen gemeldetes E-Bike, das sichergestellt wurde.
In einem Shisha-Shop stellten die Behörden hunderte unverzollte Vapes sowie etwa ein Kilogramm Wasserpfeifentabak sicher. Darüber hinaus wurden zwei Glücksspielautomaten stillgelegt und ein Barbershop durch das Ordnungsamt aufgrund von fehlendem Meistertitel und gravierenden Kassenmängeln geschlossen.
In zahlreichen Betrieben stellten die beteiligten Behörden außerdem teils erhebliche Kassen-, Hygiene-, Gewerbe- und Lebensmittelverstöße sowie weitere Ordnungswidrigkeiten fest. In mehreren Fällen wurden Nachkontrollen veranlasst. Bei einer Verkehrskontrolle wurde zudem ein Autofahrer ohne Fahrerlaubnis festgestellt.
Die Polizei setzte bei den Maßnahmen auch Rauschgift- und Sprengstoffspürhunde ein. Die verstärkte Präsenz wurde zugleich genutzt, um weitere Hinweise und mögliche Zeugen zu dem versuchten Tötungsdelikt der vergangenen Tage zu gewinnen.
Die Polizei wird ihre verstärkte Präsenz in der Neustadt und insbesondere in Huckelriede fortsetzen. Die Kontaktpolizistinnen und Kontaktpolizisten sind derzeit verstärkt im Quartier unterwegs.
Die Auswertung der Kontrollen dauert an. Weitere Maßnahmen können folgen.",53.0695355,8.7928381,district
58226.0,2026-09-04,04.09.2026,Mitte,False,Diebstahl,Nach Diebstahl einer wertvollen Geige – Polizei fahndet mit Fotos,"Bremen-Mitte, OT Bahnhofsvorstadt, An der Weide",https://www.polizei.bremen.de/news/pressestelle/pressemeldungen-ab-19082026-68769,"Staatsanwaltschaft und Polizei Bremen fahnden mit einem Foto nach einem bislang unbekannten Mann.
Der Täter entwendete vor zwei Jahren am Abend des 29. September einen dunkelblauen Geigenkoffer samt hochwertiger Geige aus dem 19. Jahrhundert (1830) und vier Geigenbögen im Gesamtwert von knapp 20.000 Euro aus dem Spind der Herrenumkleide eines Fitnessstudios an der Straße An der Weide in Bremen. Er konnte von der Videoüberwachung aufgezeichnet werden.
Die bisherigen Ermittlungen führten nicht zu seiner Identifizierung. Auf Antrag der Staatsanwaltschaft Bremen ordnete das zuständige Gericht daher die Öffentlichkeitsfahndung an.
Der Dieb trug zur Tatzeit eine Brille und hatte die Haare straff zu einem Zopf nach hinten gebunden. Die Geige und Bögen transportierte er in einem Geigenkoffer.
Staatsanwaltschaft und Polizei fragen: Wer kennt den Mann und kann Angaben zu seiner Identität oder seinem Aufenthaltsort machen? Wer kann Angaben zum Verbleib der Geige machen?
Hinweise nimmt der Kriminaldauerdienst der Polizei Bremen jederzeit unter 0421 362-3888 entgegen.
Zur weiteren Fotos
hier klicken
.",53.0806887,8.8188283,address
58426.0,2026-09-04,04.09.2026,Burglesum,False,Raub,Versuchter Raub in Burglesum – Polizei sucht Zeugen,"Bremen-Burglesum, OT Lesum, Am Radeberg",https://www.polizei.bremen.de/news/pressestelle/pressemeldungen-ab-19082026-68769,"Donnerstagnacht versuchten zwei Männer, einen 24-jährigen Nordbremer auszurauben. Die Polizei sucht Zeugen.
Der 24-Jährige war gegen 2 Uhr in der Nacht im Grünzug in der Straße „Am Radeberg“ unterwegs, als er von zwei ihm unbekannten Männern angesprochen wurde. Diese forderten von ihm Geld sowie die Herausgabe seiner Armbanduhr und bedrohten ihn hierbei mit einem Messer. Der Nordbremer gab daraufhin vor, eine Schreckschusswaffe dabei zu haben, woraufhin die beiden Täter ohne Beute die Flucht in Richtung Hindenburgstraße ergriffen.
Die Männer werden als ca. 180 cm groß und dunkel gekleidet beschrieben. Einer der Männer trug eine Kapuze über dem Kopf, der andere einen Mundschutz.
Wer zur Tatzeit verdächtige Beobachtungen im Bereich der Straße „Am Radeberg“, dem dortigen Grünzug oder der Hindenburgstraße gemacht hat, wird gebeten, sich beim Kriminaldauerdienst der Polizei Bremen unter der Telefonnummer 0421 362-3888 zu melden.",53.1709223,8.6879424,address
58526.0,2026-09-03,04.09.2026,Mitte,False,Einbruch,Nach Einbruch festgenommen,"Bremen-Mitte, OT Altstadt, Knochenhauer Straße",https://www.polizei.bremen.de/news/pressestelle/pressemeldungen-ab-19082026-68769,"Einsatzkräfte der Polizei Bremen stellten am Donnerstagmorgen einen 26 Jahre alten Mann in der Innenstadt. Er ist verdächtig, zuvor in einen Tabakladen eingebrochen zu sein.
Etwa um 06:35 Uhr sahen Zeugen, wie ein Mann mit einem Gullydeckel die Scheibe eines Tabakgeschäftes in der Knochenhauer Straße einwarf und das Geschäft betrat. Über den Notruf alarmierten sie die Polizei und sahen währenddessen, wie der Mann wieder mit einem Plastiksack herauskam und mit einem Roller flüchtete. Die Einsatzkräfte stellten den Mann in der Nähe, dabei versuchte er mehrfach zu flüchten und leistete bei der Festnahme zusätzlich Widerstand. Erbeutet hatte er unter anderem mehrere Stangen Zigaretten. Verletzt wurde niemand. Der Mann wurde mit auf die Wache genommen und eine entsprechende Strafanzeige gefertigt.",53.0786581,8.8071362,address
58626.0,2026-09-05,05.09.2026,Östliche Vorstadt,False,Sachbeschaedigung,Sachbeschädigung am Weserstadion,"Bremen-Östliche Vorstadt, OT Peterswerder, Franz-Böhmert-Straße",https://www.polizei.bremen.de/news/pressestelle/pressemeldungen-ab-19082026-68769,"In der Nacht zu Samstag kam es im Bereich des Weserstadions am Osterdeich zu einer Sachbeschädigung. Die Polizei stellte zwei Tatverdächtige.
Ein Sicherheitsdienst beobachtete 20 bis 25 dunkel gekleidete und vermummte Personen, die gegen 1 Uhr die 'Verdener Treppe' flächendeckend mit grün weißem Graffiti besprühten. Anschließend flüchteten sie über den Parkplatz (Rampe Ost) in Richtung Platz 11. Alarmierte Einsatzkräfte stellten noch in der Nähe zwei 21 und 31 Jahre alte Verdächtige – einer in einem Gebüsch versteckt- mit frischen Farbanhaftungen. Dazu wurden in Tatortnähe Beweismittel wie Sprühdosen sichergestellt. Das Duo erhielt im Anschluss an die polizeilichen Maßnahmen Platzverweise.
Die weiteren Ermittlungen wegen Sachbeschädigung dauern an. Zeugen oder weitere Hinweisgeber melden sich jederzeit beim Kriminaldauerdienst unter der Rufnummer 0421 361-3888.",53.0661598,8.8394956,address
58726.0,2026-09-05,06.09.2026,Mitte,False,Raub,Kein guter Tag für aggressive Ladendiebe,"Bremen-Mitte, Schwachhausen",https://www.polizei.bremen.de/news/pressestelle/pressemeldungen-ab-19082026-68769,"Zwei Ladendiebe beschäftigten am Samstag die Polizei in Schwachhausen und Mitte. Beide Männer versuchten nach ihren Diebstählen zu flüchten und gingen dabei aggressiv gegen ihre Verfolger vor. Weit kamen sie jeweils nicht.
Am Samstagmorgen entwendete ein 28-Jähriger in einem Supermarkt in der Friedhofstraße zwei Packungen Kaffee und passierte damit den Kassenbereich. Ein Mitarbeiter bemerkte die auffällige Ausbeulung unter seiner Jacke und sprach den Mann vor dem Geschäft an. Der 28-Jährige versuchte daraufhin zu flüchten, riss sich los und schlug nach dem Mitarbeiter, verfehlte ihn jedoch. Als dieser ihn erneut festhielt, griff der Dieb in dessen Gesäßtasche und nahm ihm auch noch das Smartphone weg. Mit Unterstützung eines Passanten konnte der Mann schließlich bis zum Eintreffen der Polizei festgehalten werden. Da er bereits mehrfach wegen Eigentumsdelikten in Erscheinung getreten war und Fluchtgefahr bestand, wurde er nicht nur temporär festgenommen, sondern ging in Haft.
Nur wenige Stunden später griff ein 31-Jähriger in einem Discounter in der Theodor-Heuss-Allee zu. Seine Beute: eine Flasche Whisky und eine Dose Energydrink. Nachdem ihn ein Ladendetektiv hinter dem Kassenbereich angesprochen hatte, ergriff der Mann die Flucht. Während der Verfolgung warf er die Getränkedose nach dem Detektiv und verfehlte ihn nur knapp. Auch die Whiskyflasche ließ er auf der weiteren Flucht zurück. Schnell eintreffende Einsatzkräfte stellten den 31-Jährigen wenig später.
Gegen beide Männer wurden Strafanzeigen wegen räuberischen Diebstahls gefertigt. Die weiteren Ermittlungen dauern an.",53.0786741,8.8109045,district
58826.0,2026-09-06,06.09.2026,Mitte,False,Verkehrsunfall,Einsatzfahrzeuge kollidieren,"Bremen-Mitte, OT Bahnhofsvorstadt, Breitenweg",https://www.polizei.bremen.de/news/pressestelle/pressemeldungen-ab-19082026-68769,"Bei einem Verkehrsunfall mit zwei Einsatzfahrzeugen in Bremen-Mitte wurden am Sonntagvormittag fünf Polizisten leicht verletzt. Der genaue Unfallhergang wird derzeit untersucht.
Ein Funkstreifenwagen der Polizei Bremen und ein Einsatzfahrzeug der Bundespolizei befanden sich mit Sonder- und Wegerechten jeweils auf der Anfahrt zu einem dringenden Einsatz, als beide Fahrzeuge im Breitenweg miteinander kollidierten.
Zwei Einsatzkräfte der Polizei Bremen wurden leicht verletzt und mit Rettungswagen zur weiteren Untersuchung in ein Krankenhaus gebracht. Sie waren anschließend nicht mehr dienstfähig. Drei Bundespolizisten erlitten ebenfalls leichte Verletzungen und begaben sich zur medizinischen Abklärung eigenständig in ein Krankenhaus.
Für die Unfallaufnahme wurde der Bereich vorübergehend für den Fahrzeugverkehr gesperrt. Die Ermittlungen zum genauen Unfallhergang dauern an.",53.0856248,8.8037004,address
58926.0,2026-09-06,,Mitte,False,Raub,Griff ins Bremer Loch – Stadtmusikanten geben nichts heraus,"Bremen-Mitte, OT Altstadt, Am Markt",https://www.polizei.bremen.de/news/pressestelle/pressemeldungen-ab-19082026-68769,"(07.09.26)
Ein 26 Jahre alter Mann hat am Sonntagmorgen auf dem Bremer Marktplatz versucht, Geld aus dem sogenannten „Bremer Loch“ vor der Bürgerschaft zu angeln. Statt einer tierischen Zugabe gab es am Ende eine Begegnung mit der Polizei.
Normalerweise erklingen Hahnenschreie, Maunzen, Bellen und ein kräftiges „I-A“, wenn Passanten eine Münze in das Bremer Loch werfen. Die ungewöhnliche Spendendose am Marktplatz sammelt Geld für einen guten Zweck.
Am Sonntagmorgen hatte es ein Mann allerdings weniger auf den Gesang der Bremer Stadtmusikanten als auf deren Einnahmen abgesehen.
Ein Zeuge alarmierte die Polizei und meldete, dass sich jemand an dem Bremer Loch zu schaffen machte. Einsatzkräfte trafen wenig später auf einen 26-Jährigen, der neben den geöffneten Gullydeckel lag und mit einer Eisenstange versuchte, an das darin befindliche Geld zu gelangen. Nach bisherigen Erkenntnissen hatte der Mann Schrauben des Gullydeckels herausgedreht und diesen geöffnet. Seine Rechnung hatte allerdings einen Haken: Unter dem Deckel schützt ein zusätzlich verschlossenes Gitter den Auffangbehälter mit den Spenden. Der 26-Jährige versuchte deshalb, das Geld mit der Eisenstange durch das Gitter zu angeln – ohne Erfolg.
Gegenüber den Einsatzkräften zeigte er sich von den Eigentumsverhältnissen wenig beeindruckt. Sinngemäß erklärte er, das Geld gehöre schließlich niemandem und er versuche bereits seit Tagen, daran zu gelangen. Seinen Wunsch, das Geld nun endlich ausgehändigt zu bekommen, erfüllten ihm die Polizisten nicht.
So blieb die Beute dort, wo sie hingehört. Die Einsatzkräfte verschraubten das Bremer Loch anschließend wieder weitestgehend.
Esel, Hund, Katze und Hahn konnten ihre Einnahmen damit verteidigen – ganz ohne Räuberhaus und diesmal mit Unterstützung der Polizei.
Die weiteren Ermittlungen dauern an.",53.0759677,8.8068883,address
59026.0,2026-09-06,07.09.2026,Walle,False,Koerperverletzung,Schlägerei zwischen mehreren Personen,"Bremen-Walle, OT Überseestadt, Am Winterhafen",https://www.polizei.bremen.de/news/pressestelle/pressemeldungen-ab-19082026-68769,"Am Sonntagabend kam es zu einer größeren Auseinandersetzung in der Überseestadt. Dabei sollen auch Messer und Eisenstangen eingesetzt worden sein. Ein 21-Jähriger wurde dabei verletzt. Die Polizei sucht Zeugen.
Etwa um 19:20 Uhr wurden Einsatzkräfte in den Überseepark in der Straße Am Winterhafen gerufen, weil dort laut Zeugen mehrere Personen aufeinander einschlugen. Vor Ort hatte sich die Situation bereits beruhigt, ein 21-Jähriger hatte mehrere Prellungen und einen Messerstich im Bein erlitten. Rettungskräfte brachten ihn in ein Krankenhaus. Er konnte noch angeben, dass er bei der Auseinandersetzung schlichten wollte und dabei verletzt worden sei. Der Haupttäter soll eine Eisenstange eingesetzt haben, ein weiterer ein Messer. Beide flüchteten in unbekannte Richtung. Die Einsatzkräfte sicherten Beweismittel, befragten Zeugen und fertigten eine entsprechende Strafanzeige. Die Hintergründe der Auseinandersetzung ermittelt jetzt die Kriminalpolizei.
Die beiden Männer wurden wie folgt beschrieben: Der Mann mit der Eisenstange soll eine schlanke Statur und dunkle Haare gehabt haben. Bekleidet war er mit einem roten Oberteil und einer kurzen Hose. Außerdem trug er schwarze Schuhe mit weißen Elementen. Der zweite Mann hatte schwarze Hautfarbe und kurze schwarze Haare. Er war mit einem schwarzen Oberteil bekleidet.
Die Kriminalpolizei hat die Ermittlungen aufgenommen. Weitere Zeugen werden gebeten, sich beim Kriminaldauerdienst der Polizei Bremen unter 0421 362-3888 zu melden.",53.0998264,8.7619577,address
59226.0,2026-09-10,07.09.2026,Obervieland,False,Sonstiges,Grundschüler unterstützen bei Verkehrskontrolle,"Bremen-Obervieland, OT Kattenturm, Steinsetzer Straße",https://www.polizei.bremen.de/news/pressestelle/pressemeldungen-ab-19082026-68769,"Rund 6200 Schulanfängerinnen und Schulanfänger sind in diesen Tagen wieder auf den Straßen in Bremen unterwegs. Autofahrer sollten dabei besonders zum Schulbeginn sehr aufmerksam und rücksichtsvoll sein. In diesem Zusammenhang findet durch die Polizei Bremen wieder eine präventive Verkehrskontrolle statt, zu der Medienvertreter herzlich eingeladen sind. Polizeipräsident Dirk Fasse wird an der Kontrolle teilnehmen.
Am 10. September wird in Kattenturm an der Steinsetzer Straße von 7.15 bis 8.15 Uhr eine Verkehrskontrolle mit dem Fokus auf Geschwindigkeit und Rückhaltesysteme durchgeführt.
Im Rahmen der präventiven Kontrolle mit einer mobilen Geschwindigkeitsanzeigetafel des ADAC wird sofort die gefahrene Geschwindigkeit erkennbar angezeigt. Außerdem werden Rückhaltesysteme kontrolliert und hilfreiche Ratschläge zur richtigen Sicherung gegeben.
Die Aktion fördert die Sicherheit im Straßenverkehr und gehört zum stets wiederkehrenden Maßnahmenpaket ""Sicherer Schulweg"". Im Falle von festgestellten Verstößen werden von Schulkindern der 4. Klasse ""Gelbe Karten"" mit Präventionstipps sowie Zitronen verteilt.
An der Kontrolle werden Polizeipräsident Dirk Fasse sowie Kooperationspartner teilnehmen.
Medienvertreterinnen und Medienvertreter können sich direkt beim Präventionszentrum der Polizei Bremen per E-Mail praeventionszentrum@polizei.bremen.de anmelden.",53.0476894,8.852118,address
59326.0,2026-09-07,07.09.2026,Blockland,False,Sonstiges,Kampfmittelräumdienst macht Granate unschädlich,"Bremen-Blockland, Mittelweg",https://www.polizei.bremen.de/news/pressestelle/pressemeldungen-ab-19082026-68769,"Eine bei Sondierungsarbeiten auf einem Feld im Blockland gefundene deutsche Sprenggranate vom Kaliber 8,8 wurde durch den Kampfmittelräumdienst der Bremer Polizei erfolgreich gesprengt. Um den Fundort wurde ein Sicherheitsradius von 200 Metern eingerichtet.
Sprengmeister Thomas Richter machte die Granate durch eine kontrollierte Sprengung gegen 12:30 Uhr auf einem Feld nahe des Kuhgrabensees wie geplant unschädlich.
Aufgrund des Fundortes waren keine umfangreichen Absperr- oder Evakuierungsmaßnahmen nötig. Lediglich der Mittelweg musste für die Dauer der Arbeiten kurzzeitig gesperrt werden.",53.142216,8.800021,district
59526.0,2026-09-07,08.09.2026,Mitte,False,Fahrzeugaufbruch,Polizei schnappt Autoaufbrecher,"Bremen-Mitte, OT Bahnhofsvorstadt, Bahnhofsplatz",https://www.polizei.bremen.de/news/pressestelle/pressemeldungen-ab-19082026-68769,"Am Montagabend nahm die Polizei einen 27-jährigen Mann fest, der verdächtigt wird, zuvor ein Auto aufgebrochen und daraus zwei Taschen gestohlen zu haben.
Gegen 21:20 Uhr wurde ein Mann dabei beobachtet, wie dieser mit einem Gullideckel das Beifahrerfenster eines am Bahnhof geparkten Autos einschlug und im Anschluss zwei Taschen aus dem Fahrzeug entwendete. Er flüchtete sodann in Richtung Löningstraße. Dank der Hinweise einer Zeugin griffen Polizisten den 27-Jährigen dort auf. Bei der Durchsuchung stellten die Einsatzkräfte die beiden gestohlenen Taschen bei ihm sicher.
Die Haftprüfung dauert an.",53.082478,8.8127559,address
59626.0,2026-09-07,08.09.2026,Östliche Vorstadt,False,Raub,Unbekannte rauben Mann im Viertel aus,"Bremen-Östliche Vorstadt, OT Steintor, Linienstraße",https://www.polizei.bremen.de/news/pressestelle/pressemeldungen-ab-19082026-68769,"Drei unbekannte Männer schlugen am Montagmorgen einen 58-Jährigen im Viertel nieder und raubten ihm eine Umhängetasche mit Portemonnaie und Handy. Die Polizei sucht Zeugen.
Gegen 09:30 Uhr sprachen die drei Täter den Mann in der Linienstraße an und fragten ihn nach Zigaretten. Dem kam er zunächst nach. Als er sich weigerte, ihnen noch weitere Zigaretten zu geben, schlugen sie ihn nieder und er verlor das Bewusstsein. Als der 58-Jährige wieder zu sich kam, stellte er fest, dass seine Tasche mit Portemonnaie und Mobiltelefon fehlte. Anschließend zeigte er die Tat an einer Polizeiwache an. Die Kriminalpolizei hat die weiteren Ermittlungen übernommen.
Die drei Männer wurden wie folgt beschrieben: Sie sollen schwarze Haare gehabt haben, etwa 30 bis 40 Jahre alt und ca. 180 bis 185 cm groß gewesen sein. Zwei der Männer sollen einen Bart gehabt haben. Einer trug eine dunkle Jacke, der Zweite ein blaues Sweatshirt und graue Turnschuhe. Der Dritte soll ein grünes Sweatshirt getragen haben.
Zeugen, die in der Linienstraße oder der näheren Umgebung Beobachtungen gemacht haben, werden gebeten, sich beim Kriminaldauerdienst der Polizei Bremen unter 0421 362-3888 zu melden.",53.0721974,8.824479,address
59726.0,2026-09-07,08.09.2026,Neustadt,False,Diebstahl,Gestohlenes Fahrrad führt Polizei zu Hehlerlager,"Bremen-Neustadt, OT Hohentor, Hohentorstraße",https://www.polizei.bremen.de/news/pressestelle/pressemeldungen-ab-19082026-68769,"Ein zuvor bestohlener Bremer hat die Polizei am Montag auf die Spur eines mutmaßlichen Hehlerlagers geführt.
Der 52-jährige Bremer hatte sein zuvor gestohlenes Fahrrad in einer Garage in der Neustadt geortet und verständigte die Polizei. Bei der Durchsuchung der Garage fanden die Einsatzkräfte nicht nur das Fahrrad des 52-Jährigen. Daneben stießen sie noch auf sechs weitere Fahrräder, drei E-Scooter und einen Motorroller. Insgesamt fünf dieser Zweiräder waren bereits wegen Diebstahls zur Fahndung ausgeschrieben. Bei den übrigen dauert die Zuordnung noch an. Aufgrund der Gesamtumstände geht die Polizei davon aus, dass es sich auch hierbei um Diebesgut handelt.
Die Einsatzkräfte haben alle aufgefundenen Fahrzeuge als Beweismittel beschlagnahmt und abtransportiert. Die Ermittlungen zu den potentiellen Hintergründen sowie den Tatverdächtigen dauern an.",53.075041,8.7918655,address
59926.0,2026-09-08,09.09.2026,Findorff,False,Raub,Goldkette entrissen,"Bremen-Findorff, OT Weidedamm, Hemmstraße",https://www.polizei.bremen.de/news/pressestelle/pressemeldungen-ab-19082026-68769,"Ein Unbekannter entriss am Dienstagmittag einer 82 Jahre alten Frau eine goldene Halskette und flüchtete mit einem zweiten Täter. Die Polizei sucht Zeugen.
Etwa um 12:30 Uhr saß die 82 Jahre alte Frau in der Hemmstraße an einer Bushaltestelle, als sich der Unbekannte neben sie setzte. Die Frau bat ihn, etwas Abstand zu halten, dann griff dieser plötzlich die Halskette und entriss sie der Frau. Anschließend rannte er zu einem wartenden jungen Mann und sie flüchteten gemeinsam auf einem E-Scooter in Richtung Northeimer Straße. Die Frau wurde leicht verletzt.
Die beiden Räuber wurden wie folgt beschrieben: Sie sollen etwa 20 bis 25 Jahre alt gewesen sein und einen leichten Bart gehabt haben. Bekleidet waren sie mit schwarzen Hosen und Oberteilen und hatten jeweils eine Kappe auf dem Kopf. Erste Zeugen gaben an, das sie sich sehr ähnlich gewesen sein sollen.
Die Kriminalpolizei hat die Ermittlungen aufgenommen. Weitere Zeugen, die in der Hemmstraße, der Northeimer Straße oder der näheren Umgebung Beobachtungen gemacht haben, werden gebeten, sich beim Kriminaldauerdienst der Polizei Bremen unter 0421 362-3888 zu melden.",53.1019074,8.8149464,address
60026.0,2026-09-08,09.09.2026,Walle,False,Verkehrsunfall,Schwerer Unfall in der Überseestadt: Rollerfahrer lebensgefährlich verletzt,"Bremen-Walle, OT Überseestadt, Hansator/Johann-Jacobs-Straße",https://www.polizei.bremen.de/news/pressestelle/pressemeldungen-ab-19082026-68769,"Bei einem schweren Verkehrsunfall in der Überseestadt hat ein 24-jähriger Rollerfahrer am Dienstagnachmittag lebensgefährliche Verletzungen erlitten.
Nach bisherigen Erkenntnissen war der Rollerfahrer auf der Straße „Hansator“ in Richtung Nordstraße unterwegs. Im Kreuzungsbereich zur Johann-Jacobs-Straße kollidierte er mit der Beifahrerseite eines Autos. Dessen 46-jährige Fahrerin kam aus der Gegenrichtung und war gerade im Begriff, nach links in die Johann-Jacobs-Straße abzubiegen.
Der 24-Jährige verletzte sich bei dem Unfall so schwer, dass er umgehend in ein Krankenhaus gebracht und dort notoperiert werden musste. Die Ermittlungen zum genauen Unfallhergang dauern an.",53.0869071,8.7831125,address
60126.0,2026-09-08,09.09.2026,Mitte,False,Toetungsdelikt,Fahrradfahrer nach Kollision mit Straßenbahn lebensgefährlich verletzt – Polizei sucht Zeugen,"Bremen-Mitte, OT Bahnhofsvorstadt, Falkenstraße",https://www.polizei.bremen.de/news/pressestelle/pressemeldungen-ab-19082026-68769,"Am Dienstagnachmittag wurde bei einem Verkehrsunfall in der Falkenstraße ein 34-jähriger Radfahrer lebensgefährlich verletzt, nachdem er mit einer Straßenbahn kollidierte. Die Polizei sucht Zeugen
Nach ersten Erkenntnissen der Polizei überquerte der Radfahrer gegen 14:20 Uhr die Falkenstraße vom Kaufmannsmühlenkamp kommend auf der dafür vorgesehenen Radfahrerfurt. Zum gleichen Zeitpunkt näherte sich eine Straßenbahn der Linie 10 aus Richtung Hauptbahnhof. Der Mann setzte seine Fahrt über die Schienen fort und wurde im selben Moment von der Front der herannahenden Straßenbahn erfasst. Durch die Wucht des Aufpralls schlug der Radfahrer mit dem Kopf gegen die Straßenbahn und wurde anschließend zu Boden geschleudert. Der 34-Jährige erlitt hierbei so schwere Verletzungen, dass er umgehend in einer Klinik notoperiert werden musste.
Die Polizei hat die Ermittlungen zum genauen Unfallhergang aufgenommen. Zeugen, die den Unfall beobachtet haben und Hinweise geben können werden gebeten, sich jederzeit bei der Verkehrsbereitschaft der Polizei Bremen unter der Telefonnummer 0421 362-14850 zu melden.",53.0836282,8.8052099,address
60326.0,2026-08-28,09.09.2026,Mitte,False,Koerperverletzung,Frau nach Attacke verstorben,"Bremen-Mitte, OT Ostertor, Osterdeich",https://www.polizei.bremen.de/news/pressestelle/pressemeldungen-ab-19082026-68769,"Am 28.08.2026 attackierte im Ostertor ein 28 Jahre alter Mann eine 68-Jährige auf ihrem Fahrrad. Die Frau stürzte und zog sich lebensgefährliche Kopfverletzungen zu. Sie verstarb am Mittwoch in einem Krankenhaus an den Folgen.
Die 68 Jahre alte Frau war mit ihrem Fahrrad am Osterdeich auf dem Weg direkt am Ufer in Richtung Weserstadion unterwegs. Der 28-jährige Mann stieß sie laut Zeugenaussagen dann unvermittelt und mit großer Wucht vom Fahrrad. Nach einer psychiatrischen Begutachtung wurde der Mann zwangsweise untergebracht. Die weiteren Ermittlungen dauern an.",53.0718932,8.8109939,address
60426.0,2026-09-09,10.09.2026,Obervieland,False,Sonstiges,Fahrradkontrollen im Bremer Süden,"Bremen-Obervieland, OT Habenhausen, Carl-Carstens-Brücke, Wehrstraße",https://www.polizei.bremen.de/news/pressestelle/pressemeldungen-ab-19082026-68769,"Einsatzkräfte aus der Region, darunter erfahrene Kontaktpolizisten, führten am Mittwochmorgen mit Polizeistudenten Fahrradkontrollen in Habenhausen durch. Den Radfahrern wurden auch, vor allem mit Blick auf die kommende dunkle Jahreszeit, Sicherheitstipps rund ums Thema Zweirad gegeben.
Insgesamt kontrollierten die Polizeistudenten im Rahmen ihrer fachpraktischen Ausbildung, zusammen mit ihren Praxistrainern und Polizeibeamten aus der Region, 257 Radfahrerinnen und Radfahrer auf den vielbefahrenen Strecken an der Carl-Carstens-Brücke und der Wehrstraße. Dabei ahndeten die angehenden Polizisten Ordnungswidrigkeiten und sprachen Verwarnungen aus, warfen einen Blick auf die Verkehrstauglichkeit -insbesondere auf eine funktionierende Beleuchtung- und machten auf Unfallgefahren aufmerksam. Bereits in der vergangenen Woche fanden solche Fahrradkontrollen in Woltmershausen statt.
Die Kontrollen wurden von den meisten Fahrradfahrern durchaus auch sehr positiv aufgenommen und Tipps zur Verkehrssicherheit dankbar angenommen. Die Polizei Bremen wird insbesondere zu Beginn der dunkleren Jahreszeit ihre Kontrollmaßnahmen weiter intensivieren.",53.03885,8.837961,district
60526.0,2026-09-09,10.09.2026,Schwachhausen,False,Waffendelikt,Einsätze im Nelson-Mandela-Park,"Bremen-Schwachhausen, OT Barkhof, Nelson-Mandela-Park",https://www.polizei.bremen.de/news/pressestelle/pressemeldungen-ab-19082026-68769,"Einsatzkräfte der Polizei Bremen stellten in Schwachhausen am Dienstagmorgen einen 37 Jahre alten mutmaßlichen Straßendealer. Bei einem weiteren Einsatz leistete am Mittwoch ein ebenfalls 37-Jähriger erheblichen Widerstand und attackierte mehrere Polizisten.
Etwa um 10:00 Uhr waren Einsatzkräfte der Taskforce am Dienstag im Rahmen der Steife im Nelson-Mandela-Park unterwegs. Ihnen fiel der 37 Jahre alte Mann auf, da er sich beim Erblicken der Polizisten schnell entfernen wollte. Bei der anschließenden Personenkontrolle stellten die Einsatzkräfte zunächst Kokain, eine große Anzahl verschreibungspflichtiger Medikamente, Bargeld und eine Feinwaage sicher. Auf Antrag der Staatsanwaltschaft wurde ein Durchsuchungsbeschluss für die Wohnung des Mannes erwirkt. Hier fanden die Einsatzkräfte in einem Safe weiteres Kokain, Steroide, verschreibungspflichtige Medikamente, eine größere Menge Bargeld und eine Schreckschusswaffe. Entsprechende Strafanzeigen wurden gefertigt. Die weiteren Ermittlungen hierzu dauern an.
Am Mittwochmorgen wollten Kräfte der Kooperationsstreife auch im Nelson-Mandela-Park gegen 09:00 Uhr einen ebenfalls 37 Jahre alten Mann kontrollieren. Dieser griff sich daraufhin eine Glasflasche und bedrohte die Kräfte damit. Er weigerte sich, diese wegzulegen, schlug bei der anschließenden Festnahme einem Bundespolizisten mehrfach ins Gesicht und versuchte, ihm die Dienstwaffe zu entreißen, was aber unterbunden wurde. Einen Polizisten der Polizei Bremen versuchte er, mehrfach zu treten. Auf der Wache stellte sich heraus, dass gegen ihn ein offener Untersuchungshaftbefehl vorlag. Er wurde daraufhin in eine Justizvollzugsanstalt überstellt.  Die Einsatzkräfte fertigten eine Strafanzeige wegen Widerstands gegen Vollstreckungsbeamte. Die weiteren Ermittlungen dauern an. Beide Polizisten wurden leicht verletzt, waren aber weiterhin dienstfähig.",53.0850524,8.8180182,address
60626.0,2026-09-08,10.09.2026,Neustadt,False,Sonstiges,Straßenbahn muss Notbremsen: Frau stürzt und verletzt sich schwer – Polizei sucht Zeugen,"Bremen-Neustadt, OT Neustadt, Friedrich-Ebert-Straße/Kornstraße/Lahnstraße",https://www.polizei.bremen.de/news/pressestelle/pressemeldungen-ab-19082026-68769,"Am Dienstagnachmittag stürzte eine 54-jährige Bremerin infolge einer Notbremsung in einer Straßenbahn und verletzte sich dabei schwer. Die Polizei sucht nun nach Zeugen des Vorfalls.
Die Straßenbahn der BSAG befuhr die Friedrich-Ebert-Straße in der Neustadt in Richtung Neuenlander Straße. Vor der Straßenbahn war ein roter Kleinbus, vermutlich der Marke Volkswagen, unterwegs. Dieser blinkte plötzlich links und verringerte seine Geschwindigkeit. Trotz mehrfacher Klingelsignale der Straßenbahn kam der Kleinbus auf der Kreuzung Friedrich-Ebert-Straße/Kornstraße/Lahnstraße zum Stillstand. Der Fahrer der Straßenbahn musste eine Notbremsung einleiten, um einen Zusammenstoß zu verhindern.
Durch das abrupte Bremsen stürzte die 54-Jährige in der Bahn und zog sich erhebliche Verletzungen zu. Sie musste umgehend in ein Krankenhaus eingeliefert werden. Die mutmaßlich weibliche Fahrerin des roten Kleinbusses bog anschließend nach links in die Kornstraße ein und entferne sich vom Unfallort.
Die Polizei Bremen hat die Ermittlungen – unter anderem wegen unerlaubten Entfernens vom Unfallort – aufgenommen. Zeugen, die Hinweise geben können (insbesondere zu dem roten Kleinbus oder der Fahrerin), werden gebeten, sich jederzeit bei der Verkehrsbereitschaft der Polizei Bremen unter der Telefonnummer 0421 362-14850 zu melden.",53.0695355,8.7928381,district
60725.0,2025-09-11,11.09.2025,Neustadt,False,Sachbeschaedigung,Sachbeschädigungen an Autos in der Neustadt,"Bremen-Neustadt, OT Neustadt, OT Hohentor",https://www.polizei.bremen.de/news/pressestelle/pressemeldungen-ab-10092025-65280,"Ein unbekannter Täter zerstach in der Nacht von Mittwoch auf Donnerstag die Vorder- und Hinterreifen mehrerer geparkten Autos in der Bremer Neustadt.
Die Fahrzeuge, darunter die Marken Daimler, Mazda, Nissan und Skoda, standen in der Bachstraße, der Elbstraße und der Bodenheimer Straße. Es entstand ein Sachschaden von mehreren tausend Euro.
Die Polizei Bremen ermittelt, Zeugenhinweise nimmt der Kriminaldauerdienst unter 0421 362-3888 entgegen.",53.0695355,8.7928381,district
60726.0,2026-09-09,10.09.2026,Mitte,False,Einbruch,Polizei schnappt sechs mutmaßliche Einbrecher in der Innenstadt,"Bremen-Mitte, OT Altstadt, Obernstraße",https://www.polizei.bremen.de/news/pressestelle/pressemeldungen-ab-19082026-68769,"In der Mittwochnacht nahm die Polizei sechs Jugendliche und Heranwachsende fest, die im Verdacht stehen, in ein Bekleidungsgeschäft in der Obernstraße eingebrochen zu sein.
Gegen 23:15 Uhr meldeten mehrere Zeugen der Polizei, dass sie in der Obernstraße ein lautes Klirren gehört hätten. Die zuerst eingetroffenen Einsatzkräfte bemerkten daraufhin Personen auf dem Dach eines der Gebäude. Als die Tatverdächtigen die Beamten entdeckten, ergriffen sie sofort die Flucht über die Dächer. Daraufhin umstellten weitere hinzugerufene Polizisten den gesamten Gebäudekomplex und suchten ihn systematisch ab. Drei Verdächtige wurden schließlich in einer Physiotherapiepraxis aufgegriffen, die im selben Gebäudekomplex liegt und über das Dach zugänglich ist. Die Fensterscheibe der Praxis war zuvor eingeschlagen worden. Drei weitere Verdächtige stellten die Einsatzkräfte in einem Rohbau auf dem Dach des Komplexes. Bei der anschließenden Durchsuchung der Gebäude fanden die Beamten mehrere mit Kleidung gefüllte Plastiktüten. Die Ware war zuvor aus dem Lager eines Modegeschäfts im obersten Stockwerk entwendet worden.
Die Kriminalpolizei hat die Ermittlungen wegen versuchten schweren Bandendiebstahls aufgenommen.",53.0773705,8.8048852,address
60826.0,2026-09-12,11.09.2026,Häfen,False,Sonstiges,Einladung: 3. Bremer Mobilitätstag und 75 Jahre Landesverkehrswacht Bremen,"Bremen-Häfen, OT Industriehäfen, AG-Weser-Straße",https://www.polizei.bremen.de/news/pressestelle/pressemeldungen-ab-19082026-68769,"Am Samstag, 12. September 2026, findet der 3. Bremer Mobilitätstag von 11:00 Uhr bis 18:00 Uhr an der Waterfront Bremen statt.
In Bremen sind viele Menschen mit Zweirädern (Fahrrädern Pedelecs, E-Scootern etc.) unterwegs. Aufgrund der hohen Verkehrsdichte kommt es immer wieder zu gefährlichen Situationen zwischen verschiedenen Verkehrsteilnehmenden.
Im Rahmen des Mobilitätstages wird die Polizei Bremen zusammen mit vielen Kooperationspartnern über mögliche Gefahren im Straßenverkehr aufklären und für ein rücksichtsvolleres Miteinander sensibilisieren.
Zudem feiern wir das 75-jährige Jubiläum der Landesverkehrswacht Bremen.
Mit Spiel und Spaß wollen wir gemeinsam einen informationsreichen Tag verbringen und somit einen wertvollen Beitrag für alle Verkehrsteilnehmenden leisten.
Kooperationspartner:
Waterfront Bremen, Landesverkehrswacht Bremen e.V., ADAC Weser-Ems e.V., ADFC Bremen, Dekra, B.A.D.S (Bund gegen Alkohol und Drogen im Straßenverkehr), DRK, Johanniter, BSAG Bremen, TÜV Süd, DVR (Deutscher Verkehrssicherheitsrat e.V.) Dott und Lime (E-Scooter-Verleiher), Gröpelingen-Marketing e.V.
Medienvertreter sind herzlich eingeladen.",53.1115108,8.7510425,address
60925.0,2025-09-11,12.09.2025,Neustadt,False,Drogendelikt,Unfall in der Neustadt,"Bremen-Neustadt, OT Buntentor, Kirchweg",https://www.polizei.bremen.de/news/pressestelle/pressemeldungen-ab-10092025-65280,"In der Nacht von Donnerstag auf Freitag kam es in der Neustadt zu einem Verkehrsunfall. Dabei prallte ein Ford gegen einen Stromkasten und eine Hauswand. Ein 22-Jähriger wurde vor Ort gestellt, im Auto fanden Einsatzkräfte Drogen.
Gegen 23:35 Uhr hörten Anwohner in der Kornstraße und im Kirchweg einen lauten Knall und sahen den Ford, der gegen eine Hauswand im Kirchweg geprallt war. Die alarmierten Einsatzkräfte fanden den unverletzten 22-Jährigen am Auto vor. Gegenüber den Polizisten behauptete er, nicht gefahren zu sein. Im Auto fanden sie kleinere Mengen Kokain und Cannabis. Verletzt wurde niemand, es entstand hoher Sachschaden. Ein Stromkasten wurde so stark zerstört, dass in mehreren Haushalten bis in die Morgenstunden der Strom ausfiel, auch die Straßenbeleuchtung war betroffen. Bei dem augenscheinlich unter dem Einfluss von Rauschmitteln stehenden 22-Jährigen wurde eine Blutuntersuchung angeordnet und es wurden diverse Strafanzeigen gefertigt. Die weiteren Ermittlungen des Verkehrskommissariats dauern an.
Weitere Zeugenhinweise nimmt die Verkehrsbereitschaft der Polizei Bremen unter 0421 362-14850 entgegen.",53.0622074,8.8100994,address
60926.0,2026-09-10,11.09.2026,Mitte,False,Diebstahl,Taschendieb verhaftet – Zeuge zeigt Zivilcourage,"Bremen-Mitte, OT Altstadt, Herdentor",https://www.polizei.bremen.de/news/pressestelle/pressemeldungen-ab-11092026-69054,"Einsatzkräfte der Polizei Bremen nahmen am Donnerstagnachmittag einen 20-Jährigen in der Altstadt fest. Er ist verdächtig, zuvor mit einem Komplizen einem 43 Jahre alten Mann das Portemonnaie entwendet zu habe. Ein Zeuge hielt den jungen Mann aus Marokko bis zum Eintreffen der Polizei fest.
Gegen 14:30 Uhr wurden die Polizisten in die Straße Herdentor gerufen. Vor Ort hielt der 56 Jahre alte Zeuge den 20-Jährigen immer noch fest. Dieser schrie laut und zeigte sich äußerst aggressiv. Die Einsatzkräfte legten ihm Handschellen an und nahmen ihn mit auf die Wache. Laut erster Zeugenaussagen hatte er zuvor gemeinsam mit einem weiteren Täter dem 43-Jährigen in einer Straßenbahn das Portemonnaie aus der Tasche entwendet. Der Zeuge hatte dies bemerkt und den Mann darauf aufmerksam gemacht. Gemeinsam folgten sie den beiden Tätern als die Straßenbahn anhielt und der 56-Jährige hielt den 20-Jährigen fest. Dieser hatte dem zweiten Täter offenbar das Portemonnaie übergeben, der dann geflüchtet war. Weitere Zeugen konnten noch beobachten, wie er in einen Bus der Linie 24 in Richtung Hauptbahnhof stieg. Eine Haftprüfung wegen Wiederholungsgefahr dauert an.
Der Täter wurde wie folgt beschrieben: Er soll etwa 20 Jahre alt und 175 cm groß gewesen sein. Er hatte schwarze Haare und war schlank. Bekleidet war er mit einem schwarzen Oberteil und einer schwarzen Hose. Auf dem Kopf trug er eine schwarze Kappe. Er sprach laut Zeugen mit dem 20-Jährigen auf Arabisch.
Weitere Zeugen, die Angaben zu dem Flüchtigen machen können, werden gebeten, sich beim Kriminaldauerdienst der Polizei Bremen unter 0421 362-3888 zu melden.",53.0800679,8.8105421,address
61125.0,2025-09-13,14.09.2025,Walle,False,Sonstiges,Polizei verhindert Übergriff auf AfD-Stand,"Bremen-Walle, OT Walle, Waller Ring, Lauenburger Straße",https://www.polizei.bremen.de/news/pressestelle/pressemeldungen-ab-10092025-65280,"An einem AfD-Infostand in Walle kam es am Samstag zu einer angemeldeten Gegendemonstration von bis zu 150 Teilnehmenden. Die Polizei begleitete die Veranstaltungen und verhinderte einen schlagartigen Übergriff von Vermummten auf den Informationsstand.
Die AfD hatte am Samstagmorgen einen Infostand am Bahnhof Bremen-Walle aufgebaut. Unbekannte hatten hier zuvor Schriftzüge wie „Nazis raus“ und AFD stinkt“, mit Sprühkreide auf den Gehweg geschrieben sowie Plakate über eine Eisenbahnunterführung mit dem Wortlaut „Kein Platz für rechte Hetze, Solidarität statt Faschismus“, angebracht. Einsatzkräfte entfernten die Banner. Wenig später kam es zu der angemeldeten Gegendemo an zwei Standorten in unmittelbarer Nähe. Gegen 11.35 Uhr rannte eine Gruppierung von bis zu 30 Vermummten aus Richtung Osterfeuerberger Ring direkt in Richtung des Parteistandes. Die Polizei stoppte den Angriff unter Anwendung körperlicher Gewalt und Einsatz des Mehrzweckeinsatzstockes und verhinderte so ein Aufeinandertreffen sowie eine weitere Eskalation. Verletzt wurde nach derzeitigem Kenntnisstand niemand. Mit Lautsprecherdurchsagen wurden die Personen aufgefordert, die Vermummung abzulegen und den Ort zu verlassen. Der Anweisung kamen sie nicht nach. Im Weiteren schloss sich die Gruppe schließlich der Gegendemo an, wechselt die Kleidung und legt die Vermummung ab. Die Verstöße wurden dokumentiert und eine Strafanzeige nach dem Versammlungsgesetz gefertigt.
Die Veranstaltungen konnten im Anschluss wie geplant durchgeführt werden. Die Gegendemo löste sich mit Abbau des Infostandes am Mittag auf. Der Verkehr musste im Bereich Waller Ring/ Waller Heerstraße sowie im Bereich Osterfeuerberger Ring/ Ratzeburger Straße gesperrt werden. Dabei kam es auch zu Verkehrsbehinderungen.",53.1028746,8.783049,district
61126.0,2026-09-03,11.09.2026,Huchting,False,Verkehrsunfall,Zeugen nach Verkehrsunfall gesucht,"Bremen-Huchting, OT Sodenmatt, Maastrichter Straße",https://www.polizei.bremen.de/news/pressestelle/pressemeldungen-ab-11092026-69054,"Am 03.09.2026 kam es zu einem Verkehrsunfall zwischen einem 62 Jahre alten Radfahrer und einer jungen Frau mit einem Mädchen auf einem E-Scooter. Der 62-Jährige wurde dabei schwer verletzt. Die Polizei sucht Zeugen.
An diesem Tag war der Mann gegen 17:35 Uhr mit seinem Fahrrad auf der Maastrichter Straße unterwegs. Hinter ihm fuhr eine Heranwachsende mit einem E-Scooter. Bei sich hatte sie ein Mädchen. Als der 62-Jährige nach links in die Straße Am Sodenmatt einbiegen wollte, prallte die Fahrerin mit ihrem E-Scooter seitlich gegen ihn, sodass er stürzte. Er wurde von Rettungskräften mit schweren Verletzungen in ein Krankenhaus gebracht. Der Unfall wurde zwei Tage später angezeigt. Das Verkehrskommissariat hat die Ermittlungen übernommen und sucht Zeugen.
Die junge Frau wurde wie folgt beschrieben: Sie soll etwa 18 bis 19 Jahre alt, 160 bis 170 cm groß gewesen sein und blonde Haare gehabt haben. Das Mädchen soll ca. acht bis zehn Jahre alt, 120 cm groß und ebenfalls blond gewesen sein.
Zeugenhinweise nimmt die Verkehrsbereitschaft der Polizei Bremen unter 0421 362-14850 entgegen.",53.0452136,8.7160136,address
61225.0,2025-09-14,15.09.2025,Östliche Vorstadt,False,Waffendelikt,52-Jähriger löst Polizeieinsatz aus,"Bremen-Östliche Vorstadt, OT Peterswerder, Bei den drei Pfählen",https://www.polizei.bremen.de/news/pressestelle/pressemeldungen-ab-10092025-65280,"Ein 52 Jahre alter Mann bedrohte am Sonntagnachmittag Polizisten nach einer Ruhestörung in der Östlichen Vorstadt mit einer Axt. Spezialkräfte mussten ihn mit einem Taser stoppen und er wurde in eine psychiatrische Einrichtung überstellt.
Etwa um 16:30 Uhr wurden Einsatzkräfte aufgrund von lauter Musik in die Straße Bei den drei Pfählen gerufen. Vor Ort trafen sie zunächst außerhalb des Mehrfamilienhauses auf den 52-Jährigen, der sehr sprunghaftes und aggressives Verhalten zeigte und kaum ansprechbar war. Plötzlich ergriff er eine Axt und ging bedrohlich auf die Polizisten zu, die daraufhin ihre Dienstwaffen zogen. Der Mann legte die Axt weg und flüchtete in seine Wohnung. Im weiteren Verlauf versuchten Kräfte der Verhandlungsgruppe den Kontakt mit dem Mann aufzunehmen. Dabei beobachteten die, wie dieser immer wieder mit gefährlichen Gegenständen, wie einer Schere oder einem Zimmermannshammer hantierte und laut herumschrie, dass er diese auch einsetzen werde.
Als der Mann schließlich auf ein benachbartes Garagendach sprang, auf dem sich auch Polizisten befanden, setzten Spezialkräfte einen Taser ein und stoppten ihn. Er erlitt dadurch Prellungen und Abschürfungen und wurde nach Abschluss der Maßnahmen zwangsweise in einer psychiatrischen Einrichtung untergebracht. Drei Polizisten wurden bei dem Einsatz leicht verletzt.",53.0707977,8.8529773,address
61226.0,2026-09-12,12.09.2026,Mitte,False,Drogendelikt,Verkehrsunfall am Hauptbahnhof,"Bremen-Mitte, OT Bahnhofsvorstadt, Theodor-Heuss-Allee",https://www.polizei.bremen.de/news/pressestelle/pressemeldungen-ab-11092026-69054,"Ein 19-Jähriger wurde in der Nacht von Freitag auf Samstag am Hauptbahnhof von einem Auto angefahren. Er erlitt dabei schwere Kopfverletzungen.
Etwa um 01:25 Uhr war eine 77 Jahre alte Frau mit ihrem Mercedes auf der Theodor-Heuss-Alle unterwegs. Auf Höhe der Ampelanlage überquerte der 19-Jährige die Straße und es kam zum Zusammenprall. Mehrere Zeugen gaben an, dass die Ampel für die 77-Jährige auf Grün stand. Der 19-Jährige prallte gegen die Windschutzscheibe und erlitt dabei schwere Kopfverletzungen. Mehrere Passanten leisteten umgehend Erste Hilfe. Ihnen gegenüber gab er an, Alkohol und Cannabis konsumiert zu haben. Anschließend wurde er von Rettungskräften in ein Krankenhaus gebracht. Das Verkehrskommissariat der Polizei Bremen hat die weiteren Ermittlungen zur genauen Unfallursache übernommen.
Weitere Zeugenhinweise nimmt die Verkehrsbereitschaft der Polizei Bremen unter 0421 362-14850 entgegen.",53.0848079,8.8151677,address
61325.0,2025-09-16,16.09.2025,Horn-Lehe,False,Sachbeschaedigung,Reifen an mehreren Fahrzeugen zerstochen,Bremen-Horn-Lehe/ Oberneuland,https://www.polizei.bremen.de/news/pressestelle/pressemeldungen-ab-10092025-65280,"Unbekannte beschädigten in der Nacht von Montag zu Dienstag in Horn-Lehe und Oberneuland mehrere Fahrzeuge. Die Polizei sucht nach Zeugen.
Zwischen Mitternacht und 6 Uhr sind im Bereich Lehesterdeich und Achterdiek an bislang mehr als 80 Autos die Reifen zerstochen worden. Es entstand Sachschaden von mehreren tausend Euro. Die Kriminalpolizei hat die Ermittlungen aufgenommen und sucht Zeugen, die in den Straßen oder der näheren Umgebung verdächtige Beobachtungen gemacht haben.
Hinweise nimmt der Kriminaldauerdienst der Polizei Bremen jederzeit unter 0421 362-3888 entgegen.",53.103623,8.8818799,district
61325.0,2025-09-16,16.09.2025,Oberneuland,False,Sachbeschaedigung,Reifen an mehreren Fahrzeugen zerstochen,Bremen-Horn-Lehe/ Oberneuland,https://www.polizei.bremen.de/news/pressestelle/pressemeldungen-ab-10092025-65280,"Unbekannte beschädigten in der Nacht von Montag zu Dienstag in Horn-Lehe und Oberneuland mehrere Fahrzeuge. Die Polizei sucht nach Zeugen.
Zwischen Mitternacht und 6 Uhr sind im Bereich Lehesterdeich und Achterdiek an bislang mehr als 80 Autos die Reifen zerstochen worden. Es entstand Sachschaden von mehreren tausend Euro. Die Kriminalpolizei hat die Ermittlungen aufgenommen und sucht Zeugen, die in den Straßen oder der näheren Umgebung verdächtige Beobachtungen gemacht haben.
Hinweise nimmt der Kriminaldauerdienst der Polizei Bremen jederzeit unter 0421 362-3888 entgegen.",53.0898563,8.9369073,district
61326.0,2026-09-12,13.09.2026,Mitte,False,Hasskriminalitaet,Frau rastet in der Innenstadt aus,"Bremen-Mitte, OT Altstadt, Am Markt",https://www.polizei.bremen.de/news/pressestelle/pressemeldungen-ab-11092026-69054,"Eine psychisch auffällige 41 Jahre alte Frau beleidigte am Samstagmorgen in der Innenstadt eine Familie rassistisch und schrie und pöbelte herum. Sie wurde in eine psychiatrische Einrichtung gebracht
Etwa um 09:40 Uhr wurden Einsatzkräfte zum Marktplatz gerufen. Eine Familie mit ihrem vier Jahre alten Kind hatte angegeben, von einer Frau rassistisch beleidigt worden zu sein. Bei Eintreffen der Polizisten verhielt sich die 41-Jährige ruhig und wurde nach der Personalienfeststellung und dem Fertigen einer entsprechenden Anzeige zunächst aus der Maßnahme entlassen. Kurz darauf schrie sie jedoch erneut in der Innenstadt herum, pöbelte Passanten an und beleidigte die Polizisten, sperrte sich gegen die Maßnahmen und spuckte die Einsatzkräfte an. Ihr wurden Handschellen und eine Spuckschutzhaube angelegt und sie wurde mit auf die Wache genommen und später in eine psychiatrische Klinik gebracht.",53.0759677,8.8068883,address
61425.0,2025-09-16,16.09.2025,Vegesack,False,Einbruch,Einbrecher gestellt,"Bremen-Vegesack, OT Schönebeck, Clamersdorfer Straße",https://www.polizei.bremen.de/news/pressestelle/pressemeldungen-ab-10092025-65280,"Einsatzkräfte der Polizei Bremen stellten in der Nacht von Montag auf Dienstag in Vegesack zwei mutmaßliche Einbrecher. Sie sind verdächtig, zuvor aus einem Keller ein hochwertiges E-Bike gestohlen zu haben.
Gegen 00:45 Uhr alarmierte ein 34 Jahre alter Mann die Polizei, da er sein kurz zuvor aus dem Keller eines Mehrfamilienhauses in der Clamersdorfer Straße entwendetes E-Bike per GPS in einer Straße in der Nähe orten konnte. Die Einsatzkräfte trafen daraufhin vor Ort auf zwei 22 und 40 Jahre alte Männer, die das E-Bike gerade in den Kofferraum eines Autos laden wollten. Den 40-Jährigen nahmen die Polizisten mit auf die Wache um dort die Identität zu klären, eine entsprechende Strafanzeige wurde gefertigt. Die weiteren Ermittlungen der Kriminalpolizei dauern an.",53.1769842,8.6464508,address
61426.0,2026-09-12,13.09.2026,Östliche Vorstadt,False,Waffendelikt,Jugendliche mit Schreckschusswaffe lösen Polizeieinsatz aus,"Bremen-Östliche Vorstadt, OT Steintor, Fehrfeld",https://www.polizei.bremen.de/news/pressestelle/pressemeldungen-ab-11092026-69054,"Drei Jugendliche schossen am späten Samstagabend mit einer Schreckschusswaffe aus dem Fenster eines Hauses im Viertel. Mehrere Anwohner alarmierten die Polizei.
Gegen 21:45 Uhr gingen mehrere Notrufe ein, in denen Anwohner Schüsse in der Straße Fehrfeld meldeten. Mehrere Streifenwagen waren schnell vor Ort und lokalisierten die Wohnung, aus der mutmaßlich aus dem Fenster geschossen wurde. Durch Angehörige wurde die Tür geöffnet und darin drei Jugendliche im Alter von 16 und 17 Jahren angetroffen. Eine Schreckschusswaffe wurde durch die Polizisten schnell gefunden und beschlagnahmt und eine entsprechende Strafanzeige gefertigt. Alle Jugendlichen wurden anschließen ihren Eltern übergeben.",53.0745618,8.826143,address
61525.0,2025-09-15,16.09.2025,Horn-Lehe,False,Sonstiges,Schmierereien an Schule in Horn-Lehe,"Bremen-Horn-Lehe, OT Lehe, Vorkampsweg",https://www.polizei.bremen.de/news/pressestelle/pressemeldungen-ab-10092025-65280,"Am Wochenende wurde eine Schule in Horn-Lehe mit Farbe beschmiert. Die Polizei sucht nach Zeugen.
Unbekannte sprühten mit roter und blauer Farbe mehrere politisch motivierte Schriftzüge, wie „Fuck AFD und NZS“, „Fuck Trump“, an eine rückwärtige Außenfassade, einen Treppenaufgang und an die Sporthalle des Gymnasiums am Vorkampsweg.
Die Schmierereien wurden am Montag durch einen Mitarbeiter entdeckt, der die Polizei alarmierte.
Die Kriminalpolizei hat die Ermittlungen aufgenommen. Zeugenhinweise nimmt der Kriminaldauerdienst unter 0421 362-3888 jederzeit entgegen.",53.1050077,8.8696398,address
61526.0,2026-09-13,14.09.2026,Hemelingen,False,Sachbeschaedigung,Parteistand beschädigt – Polizei sucht Zeugen,"Bremen-Hemelingen, OT Arbergen, Im Strumpf",https://www.polizei.bremen.de/news/pressestelle/pressemeldungen-ab-11092026-69054,"Unbekannte zerstörten am Wochenende einen Infostand der Partei 'Die Linke' in Arbergen. Die Polizei ermittelt wegen Sachbeschädigung und sucht Zeugen.
Am Rande des Arberger Dorffestes wurde in der Nacht zu Sonntag ein Informationsstand der Linken beschädigt. Bislang unbekannte Täter durchsuchten den überdachten Stand, verstreuten Werbe- und Infomaterialien auf dem Boden, rissen Zeltwände aus der Verankerung und zerstörten Einrichtungsgegenstände.
Zwei weitere Infostände wurden offensichtlich ebenfalls durchwühlt.
Die Polizei hat die Ermittlungen aufgenommen und sucht Zeugen. Hinweise gehen jederzeit an den Kriminaldauerdienst unter der Rufnummer 0421 362-3888.",53.0421909,8.9165794,address
61626.0,2026-09-14,14.08.2026,Oberneuland,False,Koerperverletzung,Autofahrer fährt gegen Anhänger – schwer verletzt,"Bremen-Oberneuland, Rockwinkeler Heerstraße",https://www.polizei.bremen.de/news/pressestelle/pressemeldungen-ab-11092026-69054,"Ein 86 Jahre alter Autofahrer fuhr am Montagmorgen in Oberneuland gegen einen Anhänger und zog sich dabei schwere Verletzungen zu. Die Polizei sucht Zeugen.
Der 86-Jährige befuhr mit seinem Mercedes die Rockwinkeler Heerstraße in Richtung Franz-Schütte-Allee. Dabei übersah er offenbar einen ordnungsgemäß am Fahrbahnrand abgestellten Pkw-Anhänger und fuhr frontal dagegen. Anschließend überschlug sich der Wagen und blieb auf dem Dach liegen. Der Anhänger wurde durch den Aufprall quer auf die Fahrbahn geschoben. Der 86-jährige Fahrer konnte von der Feuerwehr aus seinem Auto befreit werden. Er wurde nach einer Behandlung durch Rettungskräfte schwer verletzt in ein Krankenhaus gebracht.
Die Rockwinkeler Heerstraße wurde für die Dauer der Unfallaufnahme gesperrt.
Die weiteren Ermittlungen zum Unfallhergang dauern an. Mögliche Unfallzeugen melden sich jederzeit bei der Verkehrsbereitschaft der Polizei Bremen unter 0421 362-14850.",53.0898563,8.9369073,district
61725.0,2025-09-16,17.09.2025,Neustadt,False,Sachbeschaedigung,Polizei Bremen intensiviert Ermittlungen und Präsenz nach erneuten Reifenstichen,Bremen-Neustadt,https://www.polizei.bremen.de/news/pressestelle/pressemeldungen-ab-10092025-65280,"Nach den Sachbeschädigungen an rund 160 Fahrzeugen in Horn-Lehe und Oberneuland kam es in der vergangenen Nacht auch in der Neustadt zu ähnlichen Vorfällen. Dort wurden bislang über 40 Autos mit zerstochenen Reifen festgestellt.
Tatorte sind hier beispielsweise die Hohentorsheerstraße, die Langemarckstraße oder die Rheinstraße.  Die Kriminalpolizei hat die Ermittlungen intensiviert. Die Tatortgruppe sicherte umfangreiche Spuren, zudem werden derzeit mögliche Videoaufzeichnungen ausgewertet. Zur Motivation der bislang unbekannten Täterinnen oder Täter können noch keine Angaben gemacht werden – sämtliche Hintergründe und mögliche Zusammenhänge werden geprüft, ein gezieltes Vorgehen kann derzeit nicht ausgeschlossen werden.
Die Polizei Bremen setzt in den kommenden Nächten gezielt Streifen im Stadtgebiet ein.
Wir bitten Anwohnerinnen und Anwohner weiterhin um erhöhte Aufmerksamkeit. Zeugen, die verdächtige Personen oder Fahrzeuge in den betroffenen Bereichen beobachtet haben, werden gebeten, sich umgehend beim Kriminaldauerdienst unter der Telefonnummer 0421 362-3888 zu melden.",53.0695355,8.7928381,district
61726.0,2026-09-13,15.09.2026,Östliche Vorstadt,False,Fahrzeugaufbruch,Auto aufgebrochen – Polizei stellt Tatverdächtigen,"Bremen-Östliche Vorstadt, OT Steintor, Friesenstraße",https://www.polizei.bremen.de/news/pressestelle/pressemeldungen-ab-11092026-69054,"Am Sonntagmorgen brachen zwei Männer in der Friesenstraße ein Auto auf. Ein Tatverdächtiger konnte gestellt werden. Ein weiterer wird noch gesucht.
Gegen 9:15 Uhr meldeten zwei Zeugen über den Notruf der Polizei, dass sie durch ein lautes Klirren und eine Autoalarmanlage auf ihre Balkone gelockt worden waren. Von dort konnten sie zwei Männer dabei beobachten, wie diese gerade an der Beifahrertür eines in der Friesenstraße geparkten Autos standen. Weiter konnten sie beobachten, wie die beiden Männer etwas aus dem Fahrzeug entwendeten und sich in Richtung Ziegenmarkt davonmachten. Die eingesetzten Polizisten trafen dann auch am Ziegenmarkt einen Mann an, auf den die Beschreibung passte. Der wegen ähnlicher Delikte polizeibekannte Mann wurde in Untersuchungshaft genommen und an die JVA überstellt.
Der zweite Mann wird als schlank, mit schwarzer Hautfarbe und ca. 30 Jahre alt beschrieben. Er soll zum Tatzeitpunkt einen blauen Kapuzenpullover mit weißer Kordel und vorne rot-gelben Applikationen, eine kurze schwarz-grüne Hose, blau-weiße Sneaker der Marke Converse, einen dunkelblauen Bademantel sowie ein weißes Cap getragen haben.
Zeugen, die in der Friesenstraße, im Bereich des Ziegenmarktes oder in dessen Umfeld etwas Verdächtiges beobachtet haben oder Angaben zu dem zweiten Täter machen können, melden sich bitte jederzeit beim Kriminaldauerdienst der Polizei Bremen unter der Rufnummer 0421 362-3888.",53.0724769,8.8328327,address
61825.0,2025-09-16,17.09.2025,Mitte,False,Diebstahl,Videoleitstelle überführt Intensivtäter,"Bremen-Mitte, OT Bahnhofsvorstadt, Breitenweg",https://www.polizei.bremen.de/news/pressestelle/pressemeldungen-ab-10092025-65280,"Einsatzkräfte der Polizei Bremen stellten am späten Dienstagabend einen 27 Jahre alten Intensivtäter in der Bahnhofsvorstadt. Er ist verdächtig, zuvor die Scheiben eines Autos eingeschlagen und eine Tasche entwendet zu haben. Die Tat konnte über die Videoleitstelle der Polizei Bremen erfasst werden.
Etwa um 21:30 Uhr meldete sich der Halter eines Mitsubishi, da eine Scheibe seines im Breitenweg geparkten Autos kurz zuvor eingeschlagen wurde. Eine im Auto abgelegte Tasche fehlte. Über die Videoleitstelle konnte die Tat aufgezeichnet und ein 27 Jahre alter Mann festgestellt werden. Einsatzkräfte stellten den bei der Polizei als Intensivtäter geführten Mann kurz darauf in der Nähe. Bei ihm fanden sie Wertgegenstände und Dokumente, die möglicherweise aus weiteren Straftaten stammen. Er wurde mit auf die Wache genommen und eine Strafanzeige gefertigt. Er soll noch im Laufe des Tages einem Haftrichter vorgeführt werden.",53.0856248,8.8037004,address
61826.0,2026-09-28,15.09.2026,Obervieland,False,Sonstiges,Gefahren für Kinder im Netz - Seminar der Polizei Bremen,"Bremen-Obervieland, OT Kattenturm, Alfred-Faust-Straße 4",https://www.polizei.bremen.de/news/pressestelle/pressemeldungen-ab-11092026-69054,"Das Präventionszentrum der Polizei Bremen lädt am 28. September 2026 von 18 bis 20 Uhr zum kostenlosen Vortrag ""Gefahren im Netz"" ins Bürgerhaus Obervieland an der Alfred-Faust-Straße ein.
Eltern von Grundschulkindern und Teenagern, Pädagogen und Interessierte erhalten in diesem Seminar praxisnahe Einblicke zu aktuellen Gefahren für Kinder im digitalen Raum, wie Cybergrooming, Pornografie und Sexting. Wir klären über strafrechtliche Hintergründe auf, geben praktische Verhaltens- und Präventionstipps und zeigen, was zu tun ist, wenn Sie oder ihr Kind mit strafbaren Inhalten oder Verhalten im Internet konfrontiert werden. Zudem erhalten Sie Informationen darüber, wo Sie Unterstützung finden können.
Der Vortrag findet am 28. September 2026 von 18 bis 20 Uhr im Bürgerhaus Obervieland an der Alfred-Faust-Straße 4 statt.
Da die Plätze begrenzt sind ist eine Anmeldung per E-Mail an  pst13@polizei.bremen.de
erforderlich. Weitere Informationen zu Cybercrime und Präventionstipps finden Sie auch auf unserer Internetseite www.polizei.bremen.de.",53.0334179,8.830967,address
61925.0,2025-09-18,18.09.2025,Osterholz,False,Sachbeschaedigung,Erneute Reifenstiche in Bremen – Polizei richtet Sonderkommission ein,"Bremen-Osterholz, OT Tenever",https://www.polizei.bremen.de/news/pressestelle/pressemeldungen-ab-10092025-65280,"In der Nacht von Mittwoch auf Donnerstag haben bislang unbekannte Täter erneut zahlreiche Fahrzeuge beschädigt. Im Ortsteil Tenever wurden an rund 60 Pkw die Reifen zerstochen.
Zeugen beobachteten gegen 03:10 Uhr zwei zu Fuß flüchtende Männer im Bereich der Tatorte. Ob diese im Zusammenhang mit den Sachbeschädigungen stehen, ist derzeit Gegenstand der Ermittlungen. Betroffen waren Fahrzeuge in der Neuwieder Straße, der Otto-Brenner-Allee, der St.-Gotthard-Straße sowie in der Schevemoorer Heide. Die Reifen von etwa 60 Pkw unterschiedlicher Marken und Typen wurden beschädigt. Ein gezieltes Vorgehen gegen bestimmte Fahrzeugarten ist bislang nicht erkennbar.
Die Kriminalpolizei hat umfangreiche Ermittlungen aufgenommen, der Staatsschutz ist involviert. Es liegen inzwischen auch Videoaufnahmen von Verdächtigen vor, die derzeit zügig ausgewertet werden. Darüber hinaus hat die Polizei Bremen eine Sonderkommission Reifenstecher eingerichtet, die unter Hochdruck an der Aufklärung arbeitet.
Insgesamt wurden in den vergangenen drei Nächten mehr als 260 beschädigte Fahrzeuge im Stadtgebiet registriert. Die Polizei Bremen verstärkt massiv die Präsenz in den Nächten und setzt gezielt Streifen ein.
Zeugen, die verdächtige Beobachtungen gemacht haben oder Hinweise zu den Tätern geben können, werden gebeten, sich beim Kriminaldauerdienst unter der Telefonnummer 0421 362-3888 zu melden.
Wer über Video- oder Fotoaufnahmen im Zusammenhang mit den Vorfällen verfügt, kann diese zudem über das
Hinweisportal der Polizei Bremen
hochladen. Die Daten können auch anonym zur Verfügung gestellt werden.",53.055514,8.9507122,district
61926.0,2026-09-15,16.09.2026,Schwachhausen,False,Drogendelikt,E-Scooter-Fahrer flüchtet – Polizist verletzt,"Bremen-Schwachhausen, OT Neu-Schwachhausen, Parkallee",https://www.polizei.bremen.de/news/pressestelle/pressemeldungen-ab-11092026-69054,"Die Polizei stoppte am Dienstagnachmittag einen 17 Jahre alten Fahrer eines E-Rollers, der sich einer Verkehrskontrolle in Schwachhausen entziehen wollte. Dabei wurde ein Polizeianwärter verletzt.
Der 17-Jährige raste mit einem E-Scooter ohne Versicherungskennzeichen durch die Parkallee und versuchte, sich einer Verkehrskontrolle durch die Polizei zu entziehen. Trotz mehrfacher Aufforderung fuhr er weiter und flüchtete über einen Gehweg. Als ein Polizeistudent ihn stoppen wollte und den Weg blockierte, erhöhte der Rollerfahrer die Geschwindigkeit und stieß mit dem Polizeianwärter zusammen. Dabei zog sich der junge Polizist eine schwere Gesichtsverletzung zu. Er ist aktuell nicht dienstfähig. Der Fahrer des E-Scooters konnte anschließend zu Boden gebracht und fixiert werden. Der Roller wurde beschlagnahmt.
Der unter Cannabiseinfluss stehende 17-Jährige war nicht im Besitz einer gültigen Fahrerlaubnis für den hochmotorisierten E-Scooter. Des Weiteren stellten die Einsatzkräfte Cannabis bei ihm sicher.
Gegen den 17-Jährigen wurden neben dem Versicherungsverstoß unter anderem Ermittlungen wegen Widerstand gegen Vollstreckungsbeamte und Fahrens ohne Fahrerlaubnis, unter Einfluss von Rauschmitteln, eingeleitet.",53.0877342,8.8284036,address
62125.0,2025-09-18,19.09.2025,Vegesack,False,Hasskriminalitaet,Jugendliche rassistisch beleidigt und bedroht,"Bremen-Vegesack, OT Vegesack, Vegesacker Bahnhofsplatz",https://www.polizei.bremen.de/news/pressestelle/pressemeldungen-ab-10092025-65280,"Ein 72 Jahre alter Mann beleidigte am Donnerstagvormittag in Vegesack eine Gruppe von zehn Kindern und Jugendlichen im Alter von 13 bis 14 Jahren rassistisch und bedrohte diese mit einem Messer.
Die Kinder und Jugendlichen gerieten mit dem Mann in einem Kiosk am Vegesacker Bahnhofsplatz aneinander. In der weiteren Folge wurden sie dann laut eigenen Aussagen von dem Mann rassistisch beleidigt und mit einem Messer bedroht.
Alarmierte Einsatzkräfte waren schnell vor Ort und überwältigten den Mann. Bei ihm fanden sie in einem Rucksack unter anderem zwei Küchenmesser. Der 72-jährige Rumäne wurde vorläufig festgenommen.
Gegen ihn wurden unter anderem Strafanzeigen wegen Volksverhetzung und Bedrohung gefertigt. Verletzt wurde niemand. Die weiteren Ermittlungen dauern an.",53.1697112,8.6277049,address
62126.0,2026-09-17,17.09.2026,Mitte,False,Toetungsdelikt,Toter in Wallgraben gefunden,"Bremen-Mitte, OT Altstadt, Contrescarpe",https://www.polizei.bremen.de/news/pressestelle/pressemeldungen-ab-11092026-69054,"In der Bremer Altstadt konnte am Donnerstagvormittag ein Mann nur noch tot aus einem Gewässer in den Wallanlagen geborgen werden.
Polizei- und Rettungskräfte wurden alarmiert, nachdem ein Passant eine leblose Person in einem Graben in den Wallanlagen entdeckt hatte. Taucher der Feuerwehr zogen den Mann aus dem Wasser. Ein Notarzt konnte nur noch den Tod feststellen. Die Polizei sperrte den Bereich für die Dauer der Einsatzmaßnahmen ab. Bei dem Toten handelt es sich um 40 Jahre alten Mann aus Bremen. Der Leichnam wurde zur weiteren Untersuchung in die Rechtsmedizin gebracht.
Die Polizei Bremen geht derzeit nicht von einem Fremdverschulden aus. Die weiteren Ermittlungen zur Todesursache dauern an.",53.0775096,8.8144198,address
62225.0,2025-09-20,19.09.2025,Mitte,False,Sonstiges,SV Werder Bremen - SC Freiburg,Bremen-Weserstadion,https://www.polizei.bremen.de/news/pressestelle/pressemeldungen-ab-10092025-65280,"Am Samstag empfängt der SV Werder Bremen um 15:30 Uhr im Weserstadion den SC Freiburg. Der Veranstalter rechnet mit einem ausverkauften Stadion.
Es wird das übliche Verkehrskonzept angewandt: Der Osterdeich wird für den Individualverkehr zwischen Sielwall und Stader Straße circa zweieinhalb Stunden vor und etwa eine Stunde nach Spielende gesperrt. Am Stadion und in unmittelbarer Nähe stehen keine Parkplätze zur Verfügung. Kurzfristige Straßensperrungen durch die Polizei aufgrund von Einsatzmaßnahmen im Stadionumfeld und im gesamten Innenstadtbereich sind möglich. Weiterhin wird es einen Fanmarsch geben, der vom Marktplatz bis zum Weserstadion führen wird. Aus diesen Gründen kann es zu Behinderungen des Individual- und öffentlichen Nahverkehrs kommen.
Aufgrund von anhaltenden Bauarbeiten an der Weserbrücke, ist mit erheblichen Verkehrsstörungen, in beiden Fahrtrichtungen der BAB 1, zu rechnen.
Im Umfeld von Fußballspielen kommt es immer wieder zu einer Häufung von Autoaufbrüchen. Die Polizei rät: Lassen Sie keine Wertgegenstände in den Fahrzeugen.",53.0786741,8.8109045,district
62326.0,2026-09-18,18.09.2026,Neustadt,False,Sonstiges,Zehn Tonnen Heu brennen im Nord-West-Knoten – Brücke gesperrt,"Bremen-Neustadt, OT Alte Neustadt, Oldenburger Straße",https://www.polizei.bremen.de/news/pressestelle/pressemeldungen-ab-11092026-69054,"Ein mit zehn Tonnen Heu beladener Anhänger geriet am frühen Freitagmorgen auf der Oldenburger Straße in Richtung Delmenhorst in Brand. Verletzt wurde niemand. Es kam zu erheblichen Verkehrsbehinderungen, die aktuell noch andauern. Die Brücke im Bremer Nord-West-Knoten wurde nach dem Brand von der Autobahn GmbH vorsorglich in beide Richtungen gesperrt.
Mehrere Verkehrsteilnehmer meldeten am frühen Morgen den brennenden Sattelzug in Höhe des Nord-West-Knotens. Der 45 Jahre alte Fahrer bemerkte nach einem vermutlichen Reifenplatzer Flammen an der linken Hinterachse seines Gespanns. Er lenkte den Sattelzug an den rechten Fahrbahnrand, koppelte die Zugmaschine vom brennenden Anhänger ab und brachte sich in Sicherheit.
Beim Eintreffen der Einsatzkräfte stand der Anhänger bereits in Vollbrand. Die Feuerwehr löschte das Feuer. Aufgrund starker Rauchentwicklung erfolgte ab 4.50 Uhr eine Vollsperrung in beide Fahrtrichtungen. Der Verkehr aus Richtung Utbremer Tunnel, Utbremer Straße und Breitenweg kommend sowie der Gegenverkehr wurde in die Hans-Böckler-Straße abgeleitet.
Gegen 7.20 Uhr konnte eine Fahrspur auf der Gegenfahrbahn wieder freigegeben werden. Die in der Vollsperrung befindlichen Fahrzeuge in Richtung Delmenhorst wurden bis 6.25 Uhr entgegen der Fahrtrichtung herausgelotst. Mehrere Lastwagen konnten erst gegen 7 Uhr auf dem linken Fahrstreifen an der Unfallstelle vorbeigeleitet werden.
Die umfangreichen Bergungs- und Reinigungsarbeiten dauern an. Aufgrund der Vollsperrung der Brücke im Nord-West-Knoten ist weiterhin mit erheblichen Verkehrsbehinderungen und Rückstaus zu rechnen.",53.0619562,8.7720017,address
62425.0,2025-09-20,,Osterholz,False,Sachbeschaedigung,Polizei nimmt mutmaßlichen Reifenstecher fest,"Bremen-Osterholz, OT Tenever, Bultenweg",https://www.polizei.bremen.de/news/pressestelle/pressemeldungen-ab-10092025-65280,"(20.09.25)
Nach einer Serie von Sachbeschädigungen an Fahrzeugen konnte die Polizei Bremen einen weiteren schnellen Ermittlungserfolg erzielen: Der 41 Jahre alte mutmaßliche Täter wurde in der Nacht von Freitag auf Samstag in Osterholz Tenever gestellt.
Der Bremer konnte gegen 1.30 Uhr im Bereich des Bultensees lokalisiert, von Zivilkräften gestellt und mit zur Wache genommen werden. Nun werden im Laufe des Tages die weiteren Maßnahmen geprüft. Die Polizei wird dann weiter informieren.",53.0759697,8.9556965,address
62426.0,2026-09-17,18.09.2026,Huchting,False,Sonstiges,Diverse Verstöße bei Verkehrskontrollen in Huchting,Bremen-Huchting,https://www.polizei.bremen.de/news/pressestelle/pressemeldungen-ab-11092026-69054,"Einsatzkräfte aus der Region und Polizeistudenten führten am Donnerstagmorgen Verkehrskontrollen in Huchting durch. An zwei Stellen, an denen es immer wieder zu gefährlichen Situationen kommt, ging es vor allem um das Thema überhöhte Geschwindigkeit.
Insgesamt kontrollierten die Polizeistudenten im Rahmen ihrer fachpraktischen Ausbildung, zusammen mit ihren Praxistrainern und Polizisten aus der Region, 49 Fahrzeuge in der Huchtinger Heerstraße und der Brokhuchtinger Landstraße. An beiden Stellen kommt es immer wieder zu Verstößen. Dabei ahndeten die angehenden Polizisten insgesamt 45 Ordnungswidrigkeiten und sprachen Verwarnungen aus und warfen einen Blick auf die Verkehrstauglichkeit. Zwei E-Scooter-Fahrer müssen mit einer Strafanzeige aufgrund der fehlenden Pflichtversicherung rechnen. Negativer Spitzenreiter war ein Paketlieferer, der mit 74 km/h bei erlaubten 30 km/h unterwegs war. Bei zwei Autos fehlte seit mehr als zwei Jahren die Hauptuntersuchung. In allen Fällen wurden entsprechende Anzeigen gefertigt.
Die Polizei Bremen wird auch zukünftig stationär und mobil mit Funkstreifenwagen oder Zivilfahrzeugen zielgerichtete Verkehrskontrollen durchführen.",53.0519445,8.7422973,district
62525.0,2025-09-20,,Mitte,False,Sonstiges,Unangemeldete Versammlung vor Martinikirche,"Bremen-Mitte, OT Altstadt, Martinistraße",https://www.polizei.bremen.de/news/pressestelle/pressemeldungen-ab-10092025-65280,"(20.09.25)
Am frühen Samstagmorgen kam es in der Bremer Altstadt zu einer unangemeldeten Versammlung. Rund 30 Personen sammelten sich gegen 6 Uhr vor einem Reisebus an der Martinikirche, hielten Plakate hoch und skandierten unter anderem ""Mein Bauch gehört mir"". Der Bus sollte Gemeindemitglieder zu einer Veranstaltung im Zusammenhang mit dem Thema Schwangerschaftsabbrüche befördern.
Die Einsatzkräfte erklärten die Ansammlung zur nicht angemeldeten Versammlung. Eine Versammlungsleitung trat trotz mehrfacher Aufforderung nicht hervor. Da der Bus durch die Blockade nicht abfahren konnte, wiesen die Einsatzkräfte einen neuen Versammlungsort zu. Den wiederholten Aufforderungen, diesen einzunehmen, kamen die Teilnehmenden zunächst nicht nach. Anschließend verließen sie jedoch eigenständig die Fahrbahn und bewegten sich in Richtung Wilhelm-Kaisen-Brücke, teils in Kleingruppen.
Mehrere Personen wurden kontrolliert und einer Identitätsfeststellung unterzogen. Strafanzeigen, unter anderem wegen Nötigung und Verstößen gegen das Versammlungsgesetz, wurden gefertigt.
Der Reisebus konnte anschließend störungsfrei abfahren. Personen wurden nicht verletzt, Sachschäden am Kirchengebäude entstanden nicht.",53.0744053,8.8052867,address
62725.0,2025-09-20,21.09.2025,Mitte,False,Koerperverletzung,Auseinandersetzungen bei Demonstrationen in der Innenstadt,"Bremen-Mitte, OT Altstadt, Am Markt",https://www.polizei.bremen.de/news/pressestelle/pressemeldungen-ab-10092025-65280,"Am Samstagnachmittag kam es in der Bremer Innenstadt im Zusammenhang mit Demonstrationen sowohl pro Israel als auch pro Palästina zu mehreren Auseinandersetzungen.
Zunächst entriss ein bislang unbekannter Mann am Markt einem Teilnehmer einer Mahnwache eine Israel-Flagge, zerbrach die Stange und flüchtete mit der Fahne. Kurz darauf kam es während eines „Pro Palästina“-Aufzuges zu einer weiteren Auseinandersetzung. Eine 49 Jahre alte Frau, die sich im Bereich der Mahnwache zur Solidarisierung mit Israel aufhielt, wurde von einer 31-Jährigen mit Wasser überschüttet. Im Anschluss entwickelte sich eine körperliche Auseinandersetzung, in deren Verlauf die beiden Frauen zu Boden stürzten und die 49-Jährige von mehreren Beteiligten getreten wurde. Zeugen konnten die Situation beenden.
Die beteiligten Personen wurden im Rahmen einer Fahndung gestellt. Nach Abschluss polizeilicher Maßnahmen erfolgte die Entlassung vor Ort.
Die Polizei Bremen hat Ermittlungen wegen Raubes und gefährlicher Körperverletzung eingeleitet. Zeugenhinweise nimmt der Kriminaldauerdienst unter 0421 362-3888 entgegen.",53.0759677,8.8068883,address
62726.0,2026-09-18,21.09.2026,Walle,False,Koerperverletzung,Mehrere Scheiben bei Logistikfirma beschädigt,"Bremen-Walle, OT Überseestadt, Konsul-Smidt-Straße",https://www.polizei.bremen.de/news/pressestelle/pressemeldungen-ab-11092026-69054,"Unbekannte schlugen am Wochenende mehrere Scheiben einer Firma in der Überseestadt ein und beschmierten diese mit Parolen. Es entstand hoher Sachschaden. Die Polizei sucht Zeugen.
Zwischen Freitag und Montag beschädigten die Täter mehr als 60 Scheiben des Gebäudes in der Konsul-Smidt-Straße. Außerdem hinterließen sie großflächig Parolen mit Bezug zur Einheitsfeier am 3. Oktober an einer Glastür. Es entstand hoher Sachschaden.
Der Staatsschutz der Polizei Bremen hat die Ermittlungen aufgenommen. Zeugenhinweise nimmt der Kriminaldauerdienst der Polizei Bremen unter 0421 362-3888 entgegen.",53.0873507,8.7822074,address
62825.0,2025-09-21,23.09.2025,Mitte,False,Raub,Straßenräuber geht in Haft,"Bremen-Mitte, OT Bahnhofsvorstadt, Auf der Brake",https://www.polizei.bremen.de/news/pressestelle/pressemeldungen-ab-10092025-65280,"Die Bremer Polizei konnte am Sonntag einen schnellen Erfolg gegen einen Straßenräuber verzeichnen. In der Bahnhofsvorstadt nahmen Einsatzkräfte einen 26 Jahre alten Mann aus Algerien fest. Er hatte zuvor einer 25-Jährigen gewaltsam die Handtasche geraubt und dabei ihren 21-jährigen Freund verletzt.
Die Bremerin wartete mit ihrem Freund vor einem Imbiss am Bahnhof auf ihre Bestellung, als ihr ein Unbekannter von hinten die Handtasche raubte. Dabei schlug der Räuber ihrem 21 Jahre altem Partner eine Glasflasche gegen den Kopf und flüchtete mit einem Komplizen. Im Weiteren lief das Paar den Flüchtenden hinterher, woraufhin der 21-Jährige erneut mit einer Flasche niedergeschlagen und am Boden liegend mehrfach gegen den Kopf getreten wurde. Erst als alarmierte Einsatzkräfte eintrafen, ließen die Angreifer von ihm ab. Die Handtasche ließen sie am Tatort zurück und flüchteten nur mit der Geldbörse der 25-Jährigen, die sich in der Tasche befand. Der 21-Jährige erlitt eine blutende Kopfplatzwunde, die von Rettungskräften behandelt werden musste.
Im Rahmen der Fahndung konnte ein 26-jähriger Tatverdächtiger aus Algerien festgenommen werden. Bei seiner Festnahme spuckte der renitente Mann Einsatzkräfte an und beschädigte Zelleninventar. Bei einer Überprüfung stellte sich heraus, dass er sich unerlaubt in Deutschland aufhält.
Eine anschließende Haftprüfung verlief positiv. Ein Haftrichter erließ nun Haftbefehl gegen den mutmaßlichen Täter. Er wurde der Justizvollzugsanstalt zugeführt. Die Ermittlungen wegen schweren Raubes, auch gegen seinen noch unbekannten Mittäter, dauern an. Darüber hinaus sieht er Anzeigen wegen Unerlaubten Aufenthalts, Tätlichen Angriffs auf Vollstreckungsbeamte und Sachbeschädigung entgegen.",53.080043,8.8129319,address
62826.0,2026-09-22,23.09.2026,Mitte,False,Sachbeschaedigung,Panzerknacker-Methode: Diebe erbeuten Bargeld,"Bremen-Mitte, OT Altstadt, Katharinenklosterhof",https://www.polizei.bremen.de/news/pressestelle/pressemeldungen-ab-11092026-69054,"In Comics greifen Schurken, Diebe und Trickbetrüger wie die Panzerknacker gerne auf kreative und mitunter ziemlich ausgefallene Methoden zurück, um an ihre Beute zu kommen. Ein ähnlich ungewöhnliches Vorgehen wählten zwei unbekannte Männer am Dienstagvormittag in der Bremer Altstadt. Mit einem präparierten Schwamm, Nägeln und einem Ablenkungsmanöver erbeuteten sie einen hohen Betrag.
Eine 19 Jahre alte Frau hatte zuvor bei einer Bank am Schüsselkorb das Geld für ihre Firma abgehoben und war anschließend in das Parkhaus Katharinenklosterhof gegangen. Als sie mit ihrem Auto das Parkhaus verlassen wollte, stellte sich ein Mann vor den Wagen und ließ Bargeld auf den Boden fallen. Während er die Scheine wieder aufsammelte, platzierte er offenbar unbemerkt einen mit Nägeln präparierten Schwamm vor einem Reifen des Autos.
Die 19-Jährige fuhr darüber und bemerkte kurze Zeit später einen beschädigten Reifen auf der Beifahrerseite. Als sie ausstieg, nutzte der Täter die Gelegenheit, griff in das Auto und entwendete eine Mappe mit dem Geld vom Beifahrersitz. Anschließend flüchtete er mit einem Komplizen. Dieser verwickelte während des Diebstahls zudem einen Zeugen in ein Gespräch und sorgte so für zusätzliche Ablenkung.
Der erste Mann wurde als etwa 40 Jahre alt und circa 1,75 Meter groß beschrieben. Er hatte einen dunklen Teint, einen Schnurr- und Kinnbart und trug eine blaue Jeans, eine schwarze Jacke sowie eine schwarze Cap. Sein Komplize soll etwa 40 bis 45 Jahre alt, circa 1,60 Meter groß und kräftig gewesen sein. Er hatte dunkle Haare und trug eine weiße Jacke. Auffällig war ein schwarzer Regenschirm, den er bei sich hatte.
Die Polizei Bremen sucht Zeugen, die die Männer beobachtet haben oder Hinweise zu ihrer Identität geben können. Hinweise nimmt der Kriminaldauerdienst unter 0421 362-3888 entgegen.",53.0775346,8.8082108,address
62925.0,2025-09-17,22.09.2025,Osterholz,False,Sonstiges,Brennende Mülltonne an Moschee,"Bremen-Osterholz, OT Ellenerbrok-Schevemoor, Graubündener Straße",https://www.polizei.bremen.de/news/pressestelle/pressemeldungen-ab-10092025-65280,"An einer Moschee in Osterholz brannte am späten Mittwochabend eine Mülltonne. In den letzten Tagen gab es zwei weitere ähnlich gelagerte Vorfälle. Die Polizei sucht Zeugen.
Gegen 21:25 Uhr wurden Einsatzkräfte in die Graubündener Straße gerufen, weil dort eine Mülltonne brennen sollte. Vor Ort hatten Gemeindemitglieder diese bereits gelöscht. Am 10.09 und am 11.09.2025 brannten ebenfalls jeweils eine Mülltonne und ein Holzstuhl. Verletzt wurde niemand. Die Kriminalpolizei hat die Ermittlungen zu möglichen Hintergründen aufgenommen.
Hinweise nimmt der Kriminaldauerdienst der Polizei Bremen unter 0421 362-3888 entgegen.",53.0710287,8.9492797,address
63025.0,2025-09-22,23.09.2025,Neustadt,False,Drogendelikt,Drogenhändlerin in Haft,"Bremen-Neustadt, OT Südervorstadt, Buntentorsteinweg",https://www.polizei.bremen.de/news/pressestelle/pressemeldungen-ab-10092025-65280,"Einsatzkräfte der Polizei Bremen stellten am Montag in der Bremer Neustadt eine 34 Jahre alte Frau und einen 44 Jahre alten Mann. Beide sind verdächtig, mit Drogen gehandelt zu haben. Gegen die 34-Jährige wurde ein Haftbefehl vollstreckt.
Aufgrund von umfangreichen Vorermittlungen wegen Handels mit Betäubungsmitteln wurde ein Haftbefehl gegen die 34-Jährige erlassen. Zivilpolizisten stellten sie in der Nähe eines Kiosks im Buntentorsteinweg. Dabei wurden Drogen, wie Crack und Heroin sowie eine größere Menge Bargeld und ein Messer sichergestellt. Zeitgleich stellten zivile Einsatzkräfte den 44-Jährigen ebenfalls in der Neustadt, als er gerade in einem Taxi unterwegs war. Beide wurden mit auf die Wache genommen. Bei einer anschließenden Wohnungsdurchsuchung fanden die Polizisten weitere Betäubungsmittel, wie Crack und Ecstasy sowie Bargeld und Waffen, wie einen Schlagstock und Messer. Außerdem wurde diverses hochwertiges Stehlgut, wie Drohnen und Airpods sichergestellt. Entsprechende weitere Strafanzeigen wurden gefertigt und die 34-Jährige in eine Justizvollzugsanstalt überstellt. Die weiteren Ermittlungen dauern an.
Die Polizei Bremen setzt ihre Kontrollen zur Bekämpfung des Drogenhandels fort - auch in Wohngebieten. Ziel ist es, den öffentlichen Raum sicher zu halten und den Betäubungsmittelhandel nachhaltig zu unterbinden.",53.0676537,8.8021467,address
63026.0,2026-09-22,23.09.2026,Huchting,False,Koerperverletzung,Ausraster mit Feuerlöscher,"Bremen-Huchting, OT Mittelshuchting, Heinrich-Plett-Allee",https://www.polizei.bremen.de/news/pressestelle/pressemeldungen-ab-11092026-69054,"Einsatzkräfte der Polizei stellten in der Nacht von Dienstag auf Mittwoch in Huchting einen 18-Jährigen und einen 25-Jährigen. Sie sind verdächtig, zuvor unter anderem mit einem Feuerlöscher Autos und Fensterscheiben beschädigt zu haben. Danach gingen sie auf einen 31-Jährigen los und schlugen diesen.
Gegen 23:35 Uhr wurden Einsatzkräfte in die Heinrich-Plett-Allee gerufen, weil dort zwei zunächst Unbekannte auf einen 31-Jährigen eingeschlagen hatten. Vor Ort trafen die Polizisten auf den Mann und er gab an, dass die beiden Männer sein Auto beschädigt und ihn angegriffen hatten, als er versuchte, sie daran zu hindern. Er wurde dabei leicht verletzt. Kurz darauf stellten die Einsatzkräfte die beiden in der Nähe, die sich äußerst aggressiv verhielten, die Polizisten beleidigten und sich der Festnahme widersetzten. Im Verlaufe des Einsatzes meldeten sich Zeugen, die angaben, dass in einem Wohnhaus in der Antwerpener Straße ein komplettes Treppenhaus und anschließend ein Auto mit einem Feuerlöscher vollgesprüht wurde. Es entstand ein höherer Sachschaden.
Beide waren betrunken und ein Drogenschnelltest zeigte bei dem 25-Jährigen ein positives Ergebnis. Die Einsatzkräfte nahmen sie mit auf die Wache und fertigten diverse Anzeigen, unter anderem wegen gefährlicher Körperverletzung, Bedrohung und Sachbeschädigung. Die weiteren Ermittlungen dauern an.",53.0554961,8.7160922,address
63125.0,2025-09-24,25.09.2025,Woltmershausen,False,Sonstiges,92-Jährige überlistet Schockanrufer – Polizei nimmt Tatverdächtige fest,Bremen-Woltmershausen,https://www.polizei.bremen.de/news/pressestelle/pressemeldungen-ab-10092025-65280,"Am Mittwochnachmittag erhielt eine 92 Jahre alte Bremerin in Woltmershausen einen sogenannten Schockanruf. Eine Frau am Telefon gab vor, dass die Tochter der Seniorin einen schweren Unfall verursacht habe und nun eine hohe Bargeldsumme als Kaution notwendig sei.
Die Seniorin reagierte umsichtig: Da ihre Tochter im selben Wohnhaus lebt, suchte sie sofort den direkten Kontakt zu ihr. Die Tochter alarmierte umgehend die Polizei. Währenddessen blieb die 92-Jährige am Telefon und ging scheinbar auf die Forderungen der Betrüger ein. So gelang es, die Täter weiter in die Irre zu führen.
Am Abend erschienen zwei Männer an der Wohnanschrift, um das vermeintliche Geld abzuholen. Für sie endete die Aktion mit Handschellen: Einsatzkräfte nahmen die beiden 30 Jahre alten Ukrainer fest. Die Staatsanwaltschaft ordnete die Fortdauer der freiheitsentziehenden Maßnahmen an.
Die Polizei Bremen lobt das vorbildliche Verhalten von Mutter und Tochter ausdrücklich. „Sie haben genau das Richtige getan: misstrauisch sein, Angehörige einbeziehen und sofort die Polizei verständigen“.
Telefonbetrüger versuchen immer wieder, insbesondere ältere Menschen mit sogenannten Schockanrufen oder ähnlichen Maschen zu täuschen und um Geld oder Schmuck zu bringen. Dabei werden Betrugsvarianten zunehmend auch kombiniert.
So schützen Sie sich:
Lassen Sie sich nicht unter Druck setzen – legen Sie im Zweifel auf.
Nutzen Sie nicht die Rückruftaste, sondern wählen Sie bekannte Nummern Ihrer Angehörigen selbst.
Sprechen Sie niemals über persönliche oder finanzielle Verhältnisse am Telefon.
Übergeben Sie kein Geld oder Wertsachen an unbekannte Personen.
Ziehen Sie im Zweifel eine Vertrauensperson hinzu oder verständigen Sie die Polizei über den Notruf 110.
Wichtig: Die Behandlung von Unfallopfern ist niemals von einer sofortigen Geldzahlung abhängig.",53.079628,8.770217,district
63126.0,2026-09-21,23.09.2026,Osterholz,False,Verkehrsunfall,Zeugenaufruf nach Verkehrsunfall – Elfjährige verletzt,"Bremen-Osterholz, OT Ellenerbrok-Schevemoor, Osterholzer Heerstraße",https://www.polizei.bremen.de/news/pressestelle/pressemeldungen-ab-11092026-69054,"Am Montagmittag kam es in Osterholz zu einem Unfall mit einem E-Roller und einem Fahrrad. Dabei wurde ein elf Jahre altes Kind schwer verletzt. Die Polizei sucht nach Zeugen.
Das Mädchen befuhr mit ihrem Rad mittags gegen 12.45 Uhr die Osterholzer Heerstraße, um nach links in einen Stichweg zur Armsenser Straße abzubiegen. Dabei musste die Elfjährige einem sehr schnell entgegenkommenden E-Scooter ausweichen. Dennoch stieß der Rollerfahrer mit dem Lenker gegen die Hand des Mädchens, das daraufhin zu Boden stürzte und sich schwer an der Hand verletzte. Sie wurde von einer Ersthelferin versorgt und später von ihrer Mutter ein Krankenhaus gebracht, wo sie operiert werden musste. Der Rollerfahrer flüchtete. Der Unfall wurde einen Tag später angezeigt.
Der Mann auf dem Sooter soll dunkel gekleidet gewesen sein, mit einem leicht gebräunten Teint.
Das Verkehrskommissariat hat die Ermittlungen aufgenommen und sucht Zeugen, insbesondere auch die Ersthelferin. Hinweise gehen jederzeit an die Verkehrsbereitschaft unter 0421 362-14850.",53.0577626,8.9531471,address
63325.0,2025-09-24,25.09.2025,Mitte,False,Drogendelikt,Kontrollen und Schließungen,Bremen-Mitte/ Östliche Vorstadt/ Neustadt,https://www.polizei.bremen.de/news/pressestelle/pressemeldungen-ab-10092025-65280,"Am Mittwoch führte die Polizei Bremen gemeinsam mit dem Ordnungsamt, dem Zoll, dem Gewerbeamt sowie der Kassenprüfung des Finanzamtes und der Handwerkskammer umfangreiche behördenübergreifende Kontrollen durch. Ziel der Maßnahmen war die Bekämpfung öffentlich wahrnehmbarer Kriminalität sowie die Überprüfung gewerblicher Betriebe im Bahnhofsquartier, der Innenstadt sowie im Ostertor-/Steintorviertel und der Neustadt.
Insgesamt wurden 20 Gewerbeeinheiten, wie Kioske, Imbisse und Barbershops kontrolliert. Parallel dazu führten zivile und uniformierte Polizeikräfte intensive Maßnahmen gegen den Straßenhandel mit Betäubungsmitteln durch. Dabei wurden zahlreiche Personenkontrollen und Identitätsfeststellungen durchgeführt, bei denen unter anderem Betäubungsmittel, wie Kokain, Ecstasy und Cannabis und Bargeld aufgefunden und sichergestellt wurden. Mit Hilfe von Diensthunden wurden Drogenbunker aufgespürt. In der Folge fertigte die Polizei diverse Strafanzeigen, hauptsächlich wegen Verstößen gegen das Betäubungsmittelgesetz. Darüber hinaus wurden mehrere Platzverweise ausgesprochen und Betretungsverbote durchgesetzt.
Vier Barbershops in der Neustadt, der Östlichen Vorstadt und in Mitte sowie ein Cafe in Mitte wurden aufgrund erheblicher Mängel geschlossen. Hier lagen unter anderem der Verdacht auf Schwarzarbeit und illegales Glücksspiel, baurechtliche Verstöße und erhebliche Kassenmängel vor. Beweismittel wurden sichergestellt und die Geschäfte vor Ort versiegelt.
Die Polizei Bremen wird auch künftig mit starken Partnern an ihrer Seite konsequent gegen Drogenhandel und ordnungswidriges Verhalten im öffentlichen Raum vorgehen. Solche Maßnahmen tragen nachhaltig zur Erhöhung der Sicherheit und des Sicherheitsgefühls in der Stadt bei.",53.0786741,8.8109045,district
63325.0,2025-09-24,25.09.2025,Östliche Vorstadt,False,Drogendelikt,Kontrollen und Schließungen,Bremen-Mitte/ Östliche Vorstadt/ Neustadt,https://www.polizei.bremen.de/news/pressestelle/pressemeldungen-ab-10092025-65280,"Am Mittwoch führte die Polizei Bremen gemeinsam mit dem Ordnungsamt, dem Zoll, dem Gewerbeamt sowie der Kassenprüfung des Finanzamtes und der Handwerkskammer umfangreiche behördenübergreifende Kontrollen durch. Ziel der Maßnahmen war die Bekämpfung öffentlich wahrnehmbarer Kriminalität sowie die Überprüfung gewerblicher Betriebe im Bahnhofsquartier, der Innenstadt sowie im Ostertor-/Steintorviertel und der Neustadt.
Insgesamt wurden 20 Gewerbeeinheiten, wie Kioske, Imbisse und Barbershops kontrolliert. Parallel dazu führten zivile und uniformierte Polizeikräfte intensive Maßnahmen gegen den Straßenhandel mit Betäubungsmitteln durch. Dabei wurden zahlreiche Personenkontrollen und Identitätsfeststellungen durchgeführt, bei denen unter anderem Betäubungsmittel, wie Kokain, Ecstasy und Cannabis und Bargeld aufgefunden und sichergestellt wurden. Mit Hilfe von Diensthunden wurden Drogenbunker aufgespürt. In der Folge fertigte die Polizei diverse Strafanzeigen, hauptsächlich wegen Verstößen gegen das Betäubungsmittelgesetz. Darüber hinaus wurden mehrere Platzverweise ausgesprochen und Betretungsverbote durchgesetzt.
Vier Barbershops in der Neustadt, der Östlichen Vorstadt und in Mitte sowie ein Cafe in Mitte wurden aufgrund erheblicher Mängel geschlossen. Hier lagen unter anderem der Verdacht auf Schwarzarbeit und illegales Glücksspiel, baurechtliche Verstöße und erhebliche Kassenmängel vor. Beweismittel wurden sichergestellt und die Geschäfte vor Ort versiegelt.
Die Polizei Bremen wird auch künftig mit starken Partnern an ihrer Seite konsequent gegen Drogenhandel und ordnungswidriges Verhalten im öffentlichen Raum vorgehen. Solche Maßnahmen tragen nachhaltig zur Erhöhung der Sicherheit und des Sicherheitsgefühls in der Stadt bei.",53.07023,8.84098,district
63325.0,2025-09-24,25.09.2025,Neustadt,False,Drogendelikt,Kontrollen und Schließungen,Bremen-Mitte/ Östliche Vorstadt/ Neustadt,https://www.polizei.bremen.de/news/pressestelle/pressemeldungen-ab-10092025-65280,"Am Mittwoch führte die Polizei Bremen gemeinsam mit dem Ordnungsamt, dem Zoll, dem Gewerbeamt sowie der Kassenprüfung des Finanzamtes und der Handwerkskammer umfangreiche behördenübergreifende Kontrollen durch. Ziel der Maßnahmen war die Bekämpfung öffentlich wahrnehmbarer Kriminalität sowie die Überprüfung gewerblicher Betriebe im Bahnhofsquartier, der Innenstadt sowie im Ostertor-/Steintorviertel und der Neustadt.
Insgesamt wurden 20 Gewerbeeinheiten, wie Kioske, Imbisse und Barbershops kontrolliert. Parallel dazu führten zivile und uniformierte Polizeikräfte intensive Maßnahmen gegen den Straßenhandel mit Betäubungsmitteln durch. Dabei wurden zahlreiche Personenkontrollen und Identitätsfeststellungen durchgeführt, bei denen unter anderem Betäubungsmittel, wie Kokain, Ecstasy und Cannabis und Bargeld aufgefunden und sichergestellt wurden. Mit Hilfe von Diensthunden wurden Drogenbunker aufgespürt. In der Folge fertigte die Polizei diverse Strafanzeigen, hauptsächlich wegen Verstößen gegen das Betäubungsmittelgesetz. Darüber hinaus wurden mehrere Platzverweise ausgesprochen und Betretungsverbote durchgesetzt.
Vier Barbershops in der Neustadt, der Östlichen Vorstadt und in Mitte sowie ein Cafe in Mitte wurden aufgrund erheblicher Mängel geschlossen. Hier lagen unter anderem der Verdacht auf Schwarzarbeit und illegales Glücksspiel, baurechtliche Verstöße und erhebliche Kassenmängel vor. Beweismittel wurden sichergestellt und die Geschäfte vor Ort versiegelt.
Die Polizei Bremen wird auch künftig mit starken Partnern an ihrer Seite konsequent gegen Drogenhandel und ordnungswidriges Verhalten im öffentlichen Raum vorgehen. Solche Maßnahmen tragen nachhaltig zur Erhöhung der Sicherheit und des Sicherheitsgefühls in der Stadt bei.",53.0695355,8.7928381,district
63326.0,2026-09-24,24.09.2026,Schwachhausen,False,Drogendelikt,Polizei beendet Drogenfahrt,"Bremen-Schwachhausen, OT Barkhof, Parkallee",https://www.polizei.bremen.de/news/pressestelle/pressemeldungen-ab-11092026-69054,"Eine Streife stoppte in der Nacht zu Donnerstag in Schwachhausen einen 27 Jahre alten Autofahrer unter Drogeneinfluss. Sein Führerschein wurde beschlagnahmt.
Gegen 0.30 Uhr fiel einer Streifenwagenbesatzung ein Fiat Panda auf, der ohne zu blinken, vom Stern in die Parkallee abbog, in Schlangenlinien weiterfuhr und fast den Bordstein touchierte. Bei einer anschließenden Kontrolle stellten die Polizisten fest, dass der Mann unter Drogeneinfluss stand und erhebliche Ausfallerscheinungen aufwies. So zitterte der 27-Jährige und musste sich beim Aussteigen am Auto festhalten. Nach eigenen Angaben hatte er Crack und Cannabis konsumiert.
Einen Drogenschnelltest lehnte der Fahrer ab, so dass eine angeordnete Blutentnahme durchgeführt werden musste. Sein Führerschein wurde beschlagnahmt und zur Vorbereitung der Einziehung einbehalten. Gegen ihn wurde eine entsprechende Strafanzeige gefertigt. Die weiteren Ermittlungen dauern an.
Die Polizei appelliert:
Eine Hauptunfallursache für viele Verkehrsunfälle ist die Beeinträchtigung durch psychoaktive Substanzen wie Alkohol, Drogen und bestimmte Medikamente.
Wer unter dem Einfluss von Cannabis, Heroin, Morphin, Kokain, Crack, Amphetamin oder Ecstasy ein Fahrzeug führt, begeht bereits ohne erkennbare Fahrfehler eine Ordnungswidrigkeit (§ 24a StVG). Hier drohen Geldbußen bis zu 1.500 Euro und ein Fahrverbot von bis zu drei Monaten.",53.0877342,8.8284036,address
63525.0,2025-09-25,25.09.2025,Neustadt,False,Sonstiges,83-Jährige nach Notbremsung in Linienbus verletzt – Polizei sucht flüchtigen Fiat Punto,"Bremen-Neustadt, OT Neuenland, Solinger Straße",https://www.polizei.bremen.de/news/pressestelle/pressemeldungen-ab-10092025-65280,"Am Donnerstagvormittag kam es in der Bremer Neustadt zu einem Unfall mit einem Linienbus, bei dem eine 83 Jahre alte Insassin schwer verletzt wurde. Die Polizei sucht Zeugen.
Eine bislang unbekannte Person befuhr gegen 9.25 Uhr mit einem blauen Fiat Punto die Industriestraße stadteinwärts in Richtung Solinger Straße. Gleichzeitig war ein Linienbus auf der Solinger Straße in Richtung Dortmunder Straße unterwegs. Als der 57-jährige Busfahrer in den Kreuzungsbereich Solinger Straße/Industriestraße einfuhr, missachtete der Punto die Vorfahrt und fuhr ungebremst in die Kreuzung ein. Nur durch eine sofort eingeleitete Notbremsung konnte der Busfahrer eine Kollision verhindern. Dabei stürzte jedoch eine 83-jährige Frau im Bus, zog sich eine Kopfplatzwunde zu und erlitt einen kurzfristigen Herzstillstand. Polizeikräfte führten erfolgreich Reanimationsmaßnahmen durch. Die Seniorin wurde anschließend in ein Krankenhaus gebracht.
Der Fiat Punto setzte seine Fahrt über die Kreuzung hinweg fort und flüchtete unerkannt in die Industriestraße.
Die Polizei Bremen bittet um Hinweise zum flüchtigen Fahrzeug und dessen Fahrer oder Fahrerin. Angaben nimmt die Verkehrsbereitschaft unter der Telefonnummer 0421 362-14850 entgegen.",53.0619802,8.7739093,address
63526.0,2026-09-25,25.09.2026,Östliche Vorstadt,False,Drogendelikt,18-Jähriger bei Auseinandersetzung verletzt,"Bremen-Östliche Vorstadt, OT-Steintor, Vor dem Steintor",https://www.polizei.bremen.de/news/pressestelle/pressemeldungen-ab-11092026-69054,"In der Nacht von Donnerstag auf Freitag wurde ein 18 Jahre alter Mann bei einer Auseinandersetzung in der Östlichen Vorstadt durch ein Messer schwer verletzt.
Gegen 4.35 Uhr meldeten Anrufer einen Tumult zwischen etwa 10 bis 15 Personen im Steintorviertel, sowie einen stark blutenden Mann in der Friesenstraße. Einsatzkräfte versorgten den 18-Jährigen, der mehrere Stichverletzungen hatte und alarmierten Rettungskräfte. Er wurde in ein Krankenhaus gebracht, Lebensgefahr bestand nicht.
Nach ersten Erkenntnissen war es zuvor im Bereich Sachsenstraße/Stedinger Straße zu einer Auseinandersetzung innerhalb einer größeren Personengruppe gekommen. Der unter dem Einfluss von Betäubungsmitteln stehende 18-Jährige konnte zunächst keine Angaben zum Geschehen machen.
Die Polizei ermittelt zu den Hintergründen und sucht Zeugen. Hinweise nimmt der Kriminaldauerdienst unter 0421 362-3888 entgegen.",53.07023,8.84098,district
63625.0,2025-09-26,26.09.2025,Osterholz,False,Brandstiftung,Autobrand in Tenever,"Bremen-Osterholz, OT Tenever, Otto-Brenner-Allee",https://www.polizei.bremen.de/news/pressestelle/pressemeldungen-ab-10092025-65280,"In der Nacht zu Freitag brannten im Ortsteil Tenever ein Lamborghini und ein Dacia und wurden dadurch stark beschädigt. Die Polizei sucht Zeugen.
Eine Streifenwagenbesatzung bemerkte gegen 03:30 Uhr den brennenden Lamborghini in der Otto-Brenner-Allee und alarmierte die Feuerwehr. Die Flammen hatten bereits auf einen daneben geparkten Dacia übergegriffen. Die Feuerwehr löschte den Brand kurze Zeit später. Beide Autos brannten vollständig aus und es entstand hoher Sachschaden. Ein drittes Auto wurde leicht beschädigt. Die Kriminalpolizei hat die Ermittlungen wegen Brandstiftung aufgenommen.
Zeugenhinweise nimmt der Kriminaldauerdienst der Polizei Bremen unter 0421 362-3888 entgegen.",53.0668833,8.9588905,address
63626.0,2026-09-25,25.09.2026,Blumenthal,False,Einbruch,83-Jährige von Einbrecher überrascht – Polizei sucht Zeugen,"Bremen-Blumenthal, OT Lüssum-Bockhorn, Schwaneweder Straße",https://www.polizei.bremen.de/news/pressestelle/pressemeldungen-ab-11092026-69054,"In der Nacht von Donnerstag auf Freitag wurde eine 83-jährige Nordbremerin in ihrer Wohnung in Blumenthal von einem Einbrecher überrascht. Der Täter floh ohne Beute. Die Polizei sucht nun nach Zeugen.
Die Seniorin lag gegen 3 Uhr morgens wach auf dem Sofa in ihrem dunklen Wohnzimmer, als sie plötzlich ein lautes Geräusch hörte. Zunächst vermutete sie, dass in der Nachbarwohnung jemand gestürzt sei. Im nächsten Moment blickte sie jedoch in das Licht einer Taschenlampe. Ein Mann stand in der Wohnzimmertür. Die 83-Jährige fing sofort an, laut zu schreien. Daraufhin bewegte sich der Unbekannte auf die Frau zu und sagte mehrfach laut „viele Geld“ und „nicht schreien“.
Als die Wohnungsinhaberin versuchte aufzustehen, drückte der Mann sie gewaltsam wieder auf das Sofa, verletzt wurde sie dabei glücklicherweise nicht. Als es ihr gelang, den Angreifer abzuwehren, rannte dieser in die Küche. Die Nordbremerin nutzte den Moment, um aus der Wohnung zu einer Nachbarin zu fliehen und die Polizei zu verständigen. Der Täter flüchtete in der Zwischenzeit ohne Beute aus der Wohnung.
Der Gesuchte wird als ca. 185 cm groß beschrieben. Er war komplett schwarz gekleidet und trug ein dunkles Tuch vor dem Gesicht.
Zeugen, die zur Tatzeit in der Schwaneweder Straße oder der näheren Umgebung verdächtige Beobachtungen gemacht haben oder Angaben zum Täter machen können, werden gebeten, sich beim Kriminaldauerdienst der Polizei Bremen unter der Rufnummer 0421 362-3888 zu melden.",53.1992339,8.5734176,address
63725.0,2025-09-26,27.09.2025,Hemelingen,False,Sonstiges,Anzeigen nach Hitlergruß,"Bremen-Hemelingen, OT Sebaldsbrück, Vahrer Straße",https://www.polizei.bremen.de/news/pressestelle/pressemeldungen-ab-10092025-65280,"Am Freitagabend rief ein 25-jähriger Mann in Sebaldsbrück islamfeindliche Parolen und zeigte den Hitlergruß. Einsatzkräfte nahmen ihn mit zum Revier und leiteten Ermittlungen gegen ihn ein.
Gegen 18.50 Uhr meldeten Zeugen der Polizei den Mann in der Vahrer Straße. Sie gaben an, dass er zuvor eine Frau mit Kleinkind islamfeindlich beleidigt und den Hitlergruß gezeigt haben soll. Danach war er in einen Einkaufsmarkt gegangen. Die Polizisten stellten den 25-Jährigen dort und nahmen den stark betrunkenen Mann mit zur Wache. Dort führten sie eine angeordnete Blutentnahme durch. Der alkoholisierte 25-Jährige war zuvor mit seinem Fahrrad unterwegs gewesen.
Gegen ihn wurden Strafanzeigen wegen Verwenden von Kennzeichen verfassungswidriger Organisationen und Trunkenheitsfahrt gefertigt. Die weiteren Ermittlungen gegen ihn dauern an.",53.0610649,8.8934149,address
63726.0,2026-09-25,26.09.2026,Mitte,False,Drogendelikt,Großaufgebot kontrolliert 163 Personen – Gemeinsame Sicherheitsmaßnahmen in Bremen,"Bremen-Mitte, Östliche Vorstadt",https://www.polizei.bremen.de/news/pressestelle/pressemeldungen-ab-11092026-69054,"Einsatzkräfte der Polizei Bremen führten in der Nacht von Freitag auf Sonnabend gemeinsam mit der Bundespolizei und dem Ordnungsdienst umfangreiche Kontrollen im Bahnhofsumfeld und im Viertel durch. Im Fokus der Maßnahmen standen insbesondere die Bekämpfung der Eigentums-, Gewalt- und Drogenkriminalität sowie Verstöße gegen waffenrechtliche Bestimmungen.
Unterstützt wurden die mehr als 50 Einsatzkräfte durch die Videoleitstelle der Polizei Bremen. Im Bereich des Ziegenmarktes fiel den dort eingesetzten Kräften eine Personengruppe auf, die sich auffällig verhielt. Im Zuge der anschließenden Kontrolle konnte einer Person ein sogenannter „Bunker“, ein Versteck für Betäubungsmittel, zugeordnet werden. Auch bei weiteren Kontrollen stellten die Einsatzkräfte verschiedene Drogen sicher. Diensthunde spürten zudem weitere Verstecke auf, in denen sie gelagert waren. Im Bereich der Friedrich-Rauers-Straße fanden Einsatzkräfte mehrere gefährliche Gegenstände, darunter Messer sowie Kleinkaliberpatronen. Die Gegenstände wurden sichergestellt und werden im Rahmen der weiteren Ermittlungen geprüft. Die vorläufige Bilanz des Einsatzes: Insgesamt kontrollierten die Einsatzkräfte 163 Personen und fertigten 19 Strafanzeigen. Dabei geht es unter anderem um Verstöße gegen das Waffengesetz, gefährliche Körperverletzung, unerlaubten Handel mit Cannabis sowie unerlaubten Aufenthalt. Vier Personen wurden vorläufig festgenommen. Darüber hinaus wurden Ordnungswidrigkeitenanzeigen gefertigt und Platzverweise ausgesprochen. Die Auswertung der umfangreichen Maßnahmen dauert an.
Die Polizei Bremen wird auch künftig gemeinsam mit ihren Partnerbehörden Kontrollen durchführen. Ziel ist es, Straftaten konsequent zu verfolgen und die Sicherheit im öffentlichen Raum nachhaltig zu stärken.",53.0786741,8.8109045,district
63825.0,2025-09-26,27.09.2025,Mitte,False,Raub,Polizei fasst rasch junge Straßenräuber,"Bremen-Mitte, OT Altstadt, Wilhelm-Kaisen-Brücke",https://www.polizei.bremen.de/news/pressestelle/pressemeldungen-ab-10092025-65280,"Am Freitagabend wurde ein 16-Jähriger in Mitte ausgeraubt. Zivilpolizisten fassten schnell zwei 15 und 17 Jahre alte Verdächtige.
Der Jugendliche befand sich an der Haltstelle Wilhelm-Kaisen-Brücke, als er von dem Duo nach einer Zigarette gefragt wurde. Dabei versuchte einer der beiden, das Smartphone des 16-Jährigen zu entwenden. Als dieser sein Handy festhielt, wurde er ins Gesicht geschlagen und das Telefon entrissen. Danach kam es zu einem lauten Streit. Dabei gab man dem 16-Jährigen im Austausch mit seinen Airpods das Handy zurück.
Alarmierte Zivilkräfte, die schwerpunkmäßig im Einsatz waren, stellten das Räuberduo rasch. Die Beute konnte dabei aufgefunden und sichergestellt werden.
Nach Beendigung der polizeilichen Maßnahmen wurden die 15 und 17 Jahre alten Tatverdächtigen aus Syrien und Albanien ihren betreuten Wohneinrichtungen zugeführt. Gegen sie wird wegen schweren Raubes ermittelt.",53.0717883,8.8025203,address
63826.0,2026-09-25,26.09.2026,Burglesum,False,Verkehrsunfall,Motorradfahrer kollidiert mit Linienbus – Lebensgefahr,"Bremen-Burglesum, OT Industriehäfen, Auf den Delben",https://www.polizei.bremen.de/news/pressestelle/pressemeldungen-ab-11092026-69054,"Bei einem Verkehrsunfall in Bremen-Burglesum wurde am Freitagnachmittag ein 58 Jahre alter Motorradfahrer lebensgefährlich verletzt.
Ein 38 Jahre alter Fahrer eines unbesetzten Linienbusses war auf der Straße Auf den Delben stadteinwärts unterwegs und wollte nach links in die Gottlieb-Daimler-Straße abbiegen. Dabei kam es zum Zusammenstoß mit dem entgegenkommenden, vorfahrtsberechtigten Motorradfahrer. Nach ersten Erkenntnissen war der 58-Jährige mit hoher Geschwindigkeit unterwegs. Der Motorradfahrer erlitt lebensgefährliche Verletzungen und wurde nach einer Erstversorgung in ein Krankenhaus gebracht und dort notoperiert. Der Busfahrer blieb unverletzt. An beiden Fahrzeugen entstand erheblicher Sachschaden, das Motorrad wurde vollständig zerstört. Die weiteren Ermittlungen zum genauen Unfallhergang dauern an.",53.1381378,8.7141258,address
63925.0,2025-09-26,28.09.2025,Mitte,False,Drogendelikt,"Wochenend-Kontrollen: Polizei stellt Drogen, Waffen und Bargeld sicher",Bremen-Mitte-Östliche Vorstadt,https://www.polizei.bremen.de/news/pressestelle/pressemeldungen-ab-10092025-65280,"Am Wochenende führte die Polizei Bremen gemeinsam mit der Bundespolizei umfangreiche Abend- und Nachtkontrollen zur Bekämpfung der Drogenkriminalität in der Bahnhofsvorstadt sowie im Steintorviertel durch. Ein Schwerpunkt war auch die Überwachung der bestehenden Waffenverbotszone.
Im Bereich rund um den Bahnhof zeigte die Polizei ab 18:30 Uhr mit uniformierten Kräften starke Präsenz und führte bis in die späten Nachtstunden Kontrollen an zentralen Orten wie dem Philosophenweg und dem Tivoli durch. Auch im Ostertor- und Steintorviertel rückten polizeiliche Maßnahmen in den Fokus – insbesondere an bekannten Hotspots wie dem Fehrfeld und dem Ziegenmarkt.
Insgesamt wurden über 140 Personen kontrolliert und durchsucht sowie neun Platzverweise ausgesprochen. Die Einsatzkräfte stellten unter anderem Messer, einen höheren Bargeldbetrag, Kokain, Ecstasy und Cannabis sowie verschreibungspflichtige Medikamente und fremde Ausweisdokumente und Bankkarten sicher. Zudem wurden Straf- und Ordnungswidrigkeitenanzeigen gefertigt.
In der Freitagnacht fanden Polizisten bei einem Verdächtigen am Gustav-Deetjen-Tunnel eine Tüte mit mehreren verschreibungspflichtigen Schmerztabletten. Eine entsprechende Anzeige nach dem Arzneimittelgesetz wurde gefertigt.
Die Einsatzkräfte mussten auch bei einer gefährlichen Körperverletzung eingreifen. Ein Angreifer schlug seinem Widersacher mit einer Glasflasche ins Gesicht. Der Tatverdächtige wurde festgenommen und auf die Wache gebracht.
Zudem konnten bei einem Verdächtigen an den Straßenbahngleisen diverse fremde Ausweisdokumente und Bankkarten sichergestellt werden. Hierzu wurde eine Strafanzeige wegen Unterschlagung gefertigt.
Bei einem mutmaßlichen Straßendealer stellten die Polizeistreifen eine höhere Bargeldsumme sicher. Zusätzlich konnte ein Bunker mit Marihuana, Ecstasy und Kokain in der Linienstraße aufgefunden werden.
Samstagnacht wurden dazu Verstöße gegen das Glasflaschenverbot geahndet, bei einem Tätlichen Angriff zum Nachteil einer Polizeistreife unterstützt, Jugendschutzkontrollen durchgeführt, eine vermisste Minderjährige zurückgeführt, eine Ingewahrsamnahme zur Durchsetzung eines Platzverweises durchgeführt sowie 15 Aufenthaltsermittlungen erfasst.
Die Polizei macht deutlich: Die Maßnahme ist Teil einer langfristig angelegten Strategie zur nachhaltigen Erhöhung der Sicherheit im Bereich Bahnhofsvorstadt und Viertel. Auch in Zukunft werden gemeinsam mit Partnerbehörden gezielte Kontrollen – sowohl offen als auch verdeckt – fortgesetzt.",53.0786741,8.8109045,district
63925.0,2025-09-26,28.09.2025,Östliche Vorstadt,False,Drogendelikt,"Wochenend-Kontrollen: Polizei stellt Drogen, Waffen und Bargeld sicher",Bremen-Mitte-Östliche Vorstadt,https://www.polizei.bremen.de/news/pressestelle/pressemeldungen-ab-10092025-65280,"Am Wochenende führte die Polizei Bremen gemeinsam mit der Bundespolizei umfangreiche Abend- und Nachtkontrollen zur Bekämpfung der Drogenkriminalität in der Bahnhofsvorstadt sowie im Steintorviertel durch. Ein Schwerpunkt war auch die Überwachung der bestehenden Waffenverbotszone.
Im Bereich rund um den Bahnhof zeigte die Polizei ab 18:30 Uhr mit uniformierten Kräften starke Präsenz und führte bis in die späten Nachtstunden Kontrollen an zentralen Orten wie dem Philosophenweg und dem Tivoli durch. Auch im Ostertor- und Steintorviertel rückten polizeiliche Maßnahmen in den Fokus – insbesondere an bekannten Hotspots wie dem Fehrfeld und dem Ziegenmarkt.
Insgesamt wurden über 140 Personen kontrolliert und durchsucht sowie neun Platzverweise ausgesprochen. Die Einsatzkräfte stellten unter anderem Messer, einen höheren Bargeldbetrag, Kokain, Ecstasy und Cannabis sowie verschreibungspflichtige Medikamente und fremde Ausweisdokumente und Bankkarten sicher. Zudem wurden Straf- und Ordnungswidrigkeitenanzeigen gefertigt.
In der Freitagnacht fanden Polizisten bei einem Verdächtigen am Gustav-Deetjen-Tunnel eine Tüte mit mehreren verschreibungspflichtigen Schmerztabletten. Eine entsprechende Anzeige nach dem Arzneimittelgesetz wurde gefertigt.
Die Einsatzkräfte mussten auch bei einer gefährlichen Körperverletzung eingreifen. Ein Angreifer schlug seinem Widersacher mit einer Glasflasche ins Gesicht. Der Tatverdächtige wurde festgenommen und auf die Wache gebracht.
Zudem konnten bei einem Verdächtigen an den Straßenbahngleisen diverse fremde Ausweisdokumente und Bankkarten sichergestellt werden. Hierzu wurde eine Strafanzeige wegen Unterschlagung gefertigt.
Bei einem mutmaßlichen Straßendealer stellten die Polizeistreifen eine höhere Bargeldsumme sicher. Zusätzlich konnte ein Bunker mit Marihuana, Ecstasy und Kokain in der Linienstraße aufgefunden werden.
Samstagnacht wurden dazu Verstöße gegen das Glasflaschenverbot geahndet, bei einem Tätlichen Angriff zum Nachteil einer Polizeistreife unterstützt, Jugendschutzkontrollen durchgeführt, eine vermisste Minderjährige zurückgeführt, eine Ingewahrsamnahme zur Durchsetzung eines Platzverweises durchgeführt sowie 15 Aufenthaltsermittlungen erfasst.
Die Polizei macht deutlich: Die Maßnahme ist Teil einer langfristig angelegten Strategie zur nachhaltigen Erhöhung der Sicherheit im Bereich Bahnhofsvorstadt und Viertel. Auch in Zukunft werden gemeinsam mit Partnerbehörden gezielte Kontrollen – sowohl offen als auch verdeckt – fortgesetzt.",53.07023,8.84098,district
63926.0,2026-09-25,27.09.2026,Burglesum,False,Einbruch,Einbrecher dieseln sich ein,"Bremen-Burglesum, OT-Industriehäfen, Ferdinand-Porsche-Straße",https://www.polizei.bremen.de/news/pressestelle/pressemeldungen-ab-11092026-69054,"Unbekannte drangen in der Nacht von Freitag auf Samstag auf das Gelände eines Logistikunternehmens in Burglesum ein und entwendeten rund 6000 Liter Diesel. Die Polizei sucht Zeugen.
Die Einbrecher brachen ein Tor auf und gelangten so auf das Firmengelände in der Ferdinand-Porsche-Straße. Dort machten sie sich an mehreren vollgetankten, abgestellten Lastwagen sowie einem Kran zu schaffen. Die Täter brachen die Tankdeckel auf und pumpten nahezu den gesamten Kraftstoff ab. Insgesamt erbeuteten sie rund 6000 Liter Diesel. Der entstandene Schaden wird auf deutlich über 10.000 Euro geschätzt.
Die Polizei ermittelt wegen besonders schweren Diebstahls. Aufgrund der großen Menge des abtransportierten Kraftstoffs dürften die Täter entsprechende Fahrzeuge oder Behältnisse genutzt haben. Die Ermittler fragen: Wer hat in der Nacht zu Samstag in der Ferdinand-Porsche-Straße oder der näheren Umgebung verdächtige Personen oder Fahrzeuge beobachtet? Hinweise nimmt der Kriminaldauerdienst unter 0421 362-3888 entgegen.",53.1610926,8.691722,district
64025.0,2025-09-28,29.09.2025,Gröpelingen,False,Waffendelikt,32-Jähriger mit Schlägen und Reizgas attackiert,"Bremen-Gröpelingen, OT Ohlenhof, Rostocker Straße",https://www.polizei.bremen.de/news/pressestelle/pressemeldungen-ab-10092025-65280,"In Gröpelingen kam es am späten Sonntagnachmittag aufgrund einer Verkehrssituation zu einer Auseinandersetzung, bei der einem 32-Jährigen mit einer Schreckschusswaffe Reizgas ins Gesicht geschossen wurde. Einsatzkräfte stellten schnell drei Tatverdächtige im Alter von 27, 29 und 59 Jahren.
Gemeinsam mit seiner Frau befuhr der 32 Jahre alte Mann mit seinem Auto gegen 17:30 Uhr die Rostocker Straße, als ihnen ein Auto entgegenkam und sie aufgrund der engen Straße anhalten mussten. Als es nicht voranging, stieg der 32-Jährige aus und bat die Fahrerin, zurückzufahren. Plötzlich stießen nach und nach Familienangehörige der Fahrerin dazu und beschimpften den 32-Jährigen. Im weiteren Verlauf schlugen zwei Männer mit Fäusten mehrfach auf ihn ein. Ein anderer Mann holte eine Schreckschusswaffe, die mit Reizgas befüllt war, und schoss dem 32 Jahre alten Mann aus kurzer Entfernung mehrmals ins Gesicht. Die schnell eingetroffenen Einsatzkräfte stellten vor Ort und in Tatortnähe drei Männer zwischen 27, 29 und 59 Jahren und nahmen sie vorläufig fest. Der 32-Jährige wurde mit Augenreizungen zur weiteren Behandlung von Rettungskräften in ein Krankenhaus gebracht.
Die Polizisten fertigte gegen das Trio Strafanzeigen, unter anderem wegen versuchter schwerer Körperverletzung, gefährlicher Körperverletzung und Bedrohung. Die weiteren Ermittlungen dauern an.",53.1231956,8.7561483,address
64125.0,2025-09-03,29.09.2025,Findorff,False,Hasskriminalitaet,Nach erneuter verhetzender Beleidigung: Polizei sucht weiter nach Täter,"Bremen-Findorff, OT Findorff-Bürgerweide, Admiralstraße",https://www.polizei.bremen.de/news/pressestelle/pressemeldungen-ab-10092025-65280,"Mit Hilfe der Veröffentlichung eines Videos und mehreren Fotos fahnden die Staatsanwaltschaft und die Polizei Bremen seit April nach einem derzeit noch unbekannten Mann. Er ist verdächtigt, Schriftstücke mit fremdenfeindlichen und volksverhetzenden Äußerungen in mehrere Briefkästen im Stadtteil Walle eingeworfen zu haben. Anfang September kam es in Findorff zu einem weiteren Vorfall der diesem Täter zugeordnet wird. Die Polizei Bremen verstärkt aktuell ihre Fahndungsmaßnahmen.
Unter anderem werden in den kommenden Tagen auch Fahndungsplakate in den Stadtteilen angebracht. Zuletzt hatte am 04. September eine 29 Jahre alte Frau aus der Admiralstraße die Polizei alarmiert, weil sie an ihrem geparkten Auto eine Karte mit rassistischen Beleidigungen vorfand. Sie vermutet, dass die Karte zwischen Mittwochabend (03.September) und Donnerstagmorgen (04. September) dort angebracht wurde. Die Kriminalpolizei geht davon aus, dass es sich bei dem Urheber um denselben Mann handelt, der im Zeitraum vom 19. April 2024 bis 11. März 2025 handgeschriebene Karten mit rassistischem und ausländerfeindlichem Inhalt in mehrere Briefkästen in Mehrparteienhäuser, überwiegend in den Ortsteilen Walle und Überseestadt, geworfen hat.
Polizei und Staatsanwaltschaft fahnden mit Fotos und einem Video aus einer Überwachungskamera nach dem Mann und fragen: ""Wer kann Angaben zu dem Täter auf dem Foto machen, wer erkennt ihn wieder?"" Er soll zwischen 40 und 55 Jahre alt und von kräftig, sportlicher Statur sein. Zur Tatzeit im April trug er eine auffällig blaue Mütze und blaue Ringer-/Boxer Schuhe. Hinweise nimmt der Kriminaldauerdienst unter der Rufnummer 0421 362-3888 entgegen.
Das Video finden Sie
hier
.",53.0928418,8.803541,address
64225.0,2025-09-30,30.09.2025,Gröpelingen,False,Raub,Polizei fahndet mit Fotos nach unbekanntem Täter,"Bremen-Gröpelingen, OT Oslebshausen, Oslebshauser Heerstraße",https://www.polizei.bremen.de/news/pressestelle/pressemeldungen-ab-10092025-65280,"Polizei und Staatsanwaltschaft Bremen fahnden nach einer gefährlichen Körperverletzung und einem besonders schweren Raub Mitte Mai in Oslebshausen mit Fotos aus einer Überwachungskamera nach dem bislang noch unbekannten Täter.
Der Verdächtige rempelte am späten Abend des 17. Mai einen Kunden in einem Kiosk an der Oslebshauser Heerstraße an, woraufhin es zu einem kurzen Wortgefecht und einer Rangelei kam. Auf der Straße wurde der 50-Jährige unvermittelt von dem Angreifer mit einem Schlagstock attackiert. Als sein Begleiter schlichtend eingriff, bedrohte der Täter den 54-Jährigen mit dem Schlagstock und entriss ihm dabei seine Bauchtasche samt Geldbörse. Anschließend flüchtete der Täter unerkannt stadtauswärts.
Trotz intensiver Ermittlungen gelang es bisher nicht, ihn zu identifizieren. Nun hofft die Polizei auf die Hilfe der Öffentlichkeit. Wer kann Angaben zu dem abgebildeten Mann machen? Der Gesuchte ist ca. 20 bis 30 Jahre alt und etwa 160 bis 170 cm groß. Er wurde mit dunklen Haaren, dunklem Bart, sehr schmaler Figur und als psychisch auffällig beschrieben. Zur Tatzeit trug er eine dunkle Trainingsjacke und eine dunkle Jeans.
Hinweise nimmt der Kriminaldauerdienst der Polizei Bremen unter der Rufnummer 0421 362-3888 entgegen.",53.1291132,8.7438481,address
64226.0,2026-09-27,28.09.2026,Neustadt,False,Sonstiges,Erfolgreicher Tasereinsatz in der Neustadt,"Bremen-Neustadt, OT Alte Neustadt, Friedrich-Ebert-Straße",https://www.polizei.bremen.de/news/pressestelle/pressemeldungen-ab-11092026-69054,"Spezialkräfte der Polizei Bremen setzten am Sonntagabend einen Taser gegen einen 21-Jährigen in der Neustadt ein. Dieser hatte zuvor gedroht, sich mit einem Messer selbst zu verletzen. Zwischenzeitlich war er mit dem Messer auch auf Einsatzkräfte zugerannt.
Etwa um 21:05 Uhr wurden Einsatzkräfte in die Friedrich-Ebert-Straße gerufen, weil dort ein psychisch auffälliger Mann mit einem Messer unterwegs sein sollte. Vor Ort trafen die Polizisten auf den 21-Jährigen, der laut herumschrie und mit einem Messer herumfuchtelte und immer wieder drohte, sich damit zu verletzen. Die Einsatzkräfte sicherten den Bereich ab. Kräfte der Verhandlungsgruppe versuchten mehrfach Kontakt zu dem 21-Jährigen aufzunehmen. Als dies scheiterte und der junge Mann immer lauter herumschrie und mit dem Messer auf die Kräfte zurannte, setzen Spezialkräfte den Taser erfolgreich ein.
Verletzt wurden niemand, bei der Überstellung in eine psychiatrische Klinik musste dem 21-Jährigen eine Spuckschutzhaube aufgesetzt werden, da er sich äußerst aggressiv verhielt und mehrfach versuchte, Polizisten anzuspucken. Anschließend wurde er zwangsweise untergebracht.",53.0715904,8.8016695,address
64326.0,2026-09-29,,Mitte,False,Koerperverletzung,Jugendliche verletzen Obdachlose mit Böllern,"Bremen-Mitte, OT Bahnhofsvorstadt, Theodor-Heuss-Allee",https://www.polizei.bremen.de/news/pressestelle/pressemeldungen-ab-30092026-69187,"(30.09.26)
Mehrere Jugendliche attackierten am Dienstagvormittag eine 56 Jahre alte Obdachlose auf der Bürgerweide und verletzten sie mit Feuerwerkskörpern. Die Polizei sucht Zeugen.
Die 56-Jährige schlief auf einem Betonquader im Bereich der Bürgerweide, als drei Jugendliche sie umringten. Nach bisherigen Erkenntnissen legten sie mehrere Silvesterböller auf der Frau ab und entzündeten diese. Die 56-Jährige erlitt dadurch leichte Brandverletzungen.
Anschließend soll das Trio mit einem Linienbus in Richtung Innenstadt geflüchtet sein. Eine sofort eingeleitete Fahndung verlief ohne Erfolg.
Die drei Jugendlichen wurden als etwa 12 bis 14 Jahre alt und zwischen 160 und 170 Zentimeter groß beschrieben.
Die Polizei fragt: Wer hat am Dienstagvormittag im Bereich der Bürgerweide entsprechende Beobachtungen gemacht? Wer kann Hinweise zu den drei Jugendlichen geben? Zeugen werden gebeten, sich beim Kriminaldauerdienst der Polizei Bremen unter 0421 362-3888 zu melden.
Die weiteren Ermittlungen wegen einer gefährlichen Körperverletzung dauern an.",53.0848079,8.8151677,address
64425.0,2025-09-29,30.09.2025,Hemelingen,False,Raub,Goldschmuck geraubt,"Bremen-Hemelingen, OT Mahndorf, Schneidhainer Straße",https://www.polizei.bremen.de/news/pressestelle/pressemeldungen-ab-10092025-65280,"Drei unbekannte Täter, zwei Frauen und ein Mann, raubten einer 63 Jahre alten Frau in Hemelingen Goldschmuck und flüchteten anschließend. Die Polizei sucht Zeugen.
Gegen 12:15 Uhr war die 63-Jährige zu Fuß in der Schneidhainer Straße unterwegs, als neben ihr ein Auto hielt und zwei Frauen ausstiegen. Sie sprachen die Frau an und sagten, dass sie ihr Goldschmuck verkaufen wollten. Dazu hängten sie ihr unter anderem eine Halskette um, hielten sie gleichzeitig fest und entwendeten ihr zwei Goldarmreifen. Anschließend stiegen sie wieder in das Auto, in dem ein Mann am Steuer saß und fuhren mit ihm davon. Den vermutlich wertlosen Schmuck ließen sie dabei zurück. Anschließend zeigte die 63-Jährige die Tat an einer Polizeiwache an. Die Kriminalpolizei hat die Ermittlungen aufgenommen und sucht Zeugen.
Die Täter wurden wie folgt beschrieben: Eine der beiden Frauen war etwa 40 bis 50 Jahre alt, hatte kurze schwarze Haare und einen dunklen Teint und dunkle Augen. Sie sprach gebrochenes Deutsch. Die zweite Täterin war ca. 20 bis 25 Jahre alt, hatte ebenfalls einen dunklen Teint und dunkle Augen sowie schwarze Haare. Auch sie sprach gebrochenes Deutsch. Der Mann war etwa 30 bis 35 Jahre alt mit dunklem Teint und schwarzen Haaren. Das Auto konnte die 63 Jahre alte Frau nicht näher beschreiben.
Zeugen, die in der Schneidhainer Straße oder der näheren Umgebung Beobachtungen gemacht haben, werden gebeten, sich beim Kriminaldauerdienst der Polizei Bremen unter 0421 362-3888 zu melden.",53.0400676,8.9341068,address
64426.0,2026-09-29,30.09.2026,Osterholz,False,Einbruch,Einbrecher schneiden sich durch mehrere Wände,"Bremen-Osterholz, OT Osterholz, Hans-Bredow-Straße",https://www.polizei.bremen.de/news/pressestelle/pressemeldungen-ab-30092026-69187,"Unbekannte Täter brachen in der Nacht von Montag auf Dienstag in ein Tabakgeschäft in einem Einkaufszentrum in Osterholz ein. Dabei durchschnitten sie mehrere Wände, erbeuteten eine größere Menge Tabakwaren und flüchteten. Die Polizei sucht Zeugen.
Am frühen Dienstagmorgen bemerkten Mitarbeiter des Geschäftes in dem Einkaufszentrum in der Hans-Bredow-Straße die Einbruchsspuren und alarmierten die Polizei. Die Unbekannten hatten mehrere Zwischenwände durchtrennt und waren so in den Tabak- und Schreibwarenladen gelangt. Dabei hatten sie eine größere Menge Tabakwaren erbeutet und waren anschließend geflüchtet. Anschließend entleerten sie einen Feuerlöscher in den Geschäftsräumen. Dadurch entstand zusätzlicher Sachschaden.
Zeugen, die in der Nacht von Montag auf Dienstag in der Hans-Bredow-Straße Beobachtungen gemacht haben, werden gebeten, sich beim Kriminaldauerdienst der Polizei Bremen unter 0421 362-3888 zu melden.",53.053526,8.9620469,address
64525.0,2025-09-23,01.10.2025,Vegesack,False,Sonstiges,Radfahrerin schwer verletzt – Polizei sucht Zeugen,"Bremen-Vegesack, OT Grohn, Am Wasser",https://www.polizei.bremen.de/news/pressestelle/pressemeldungen-ab-10092025-65280,"Am Dienstagabend der vergangenen Woche stürzte in Vegesack eine 78-jährige Radfahrerin, nachdem sie von einem Rennradfahrer beim Überholen gestreift wurde.
Die Frau erlitt dabei schwere Verletzungen. Die Polizei sucht nun Zeugen und den beteiligten Radfahrer.
Gegen 18.30 Uhr war die Seniorin mit dem Rad am Lesumsperrwerk in Richtung Straße Am Wasser unterwegs, als sie nach einer Kurve von einem Rennradfahrer rechts überholt wurde. Dabei streife er den Arm der Seniorin, die daraufhin die Kontrolle über ihr Rad verlor und stürzte. Alarmierte Rettungskräfte versorgten die Frau am Unfallort und brachten sie mit schweren Verletzungen in ein Krankenhaus. Die 78-Jährige hatte mehrere Knochenbrüche erlitten und musste stationär aufgenommen werden.
Der unbekannte Radfahrer setzte seine Fahrt mit seinem orange-roten Rennrad fort. Ob er den Sturz bemerkt hat, ist aktuell Gegenstand der Ermittlungen. Die Polizei bittet den beteiligten Rennradfahrer, sowie Zeugen des Unfalls sich bei Polizei zu melden. Hinweise nimmt jederzeit die Verkehrsbereitschaft unter der Telefonnummer 0421 362-14850 entgegen.",53.1631496,8.6353371,address
64526.0,2026-10-01,02.10.2026,Neustadt,False,Waffendelikt,Mann nach Messerverletzung notoperiert,"Bremen-Neustadt, OT Buntentor, Buntentorsteinweg",https://www.polizei.bremen.de/news/pressestelle/pressemeldungen-ab-30092026-69187,"Gestern Abend verletzten sich in der Neustadt ein 26 Jahre alter Mann und sein 33 Jahre alter Nachbar mit einem Messer. Für den 33-Jährigen bestand aufgrund des Verletzungsbildes Lebensgefahr.
Gegen 21.20 Uhr wurden Einsatzkräfte der Polizei Bremen in ein Mehrparteienhaus im Buntentorsteinweg gerufen. Dort trafen sie in der dritten Etage auf einen 29-jährigen Zeugen, der einen schwer verletzten Mann in seine Wohnung gezogen hatte. Zuvor war es nach seinen Angaben zu einer Auseinandersetzung mit einem weiteren Hausbewohner gekommen. Der 33-Jährige wies mehrere Schnitt- und Stichverletzungen auf und wurde umgehend in ein Klinikum verbracht. Er wurde sofort operiert und befindet sich auf der Intensivstation.
Den beteiligten 26-Jährigen konnten Polizisten in seiner eigenen Wohnung festnehmen nachdem sie sich Zugang verschafft hatten. Auch er hatte eine tiefere Schnittwunde am Arm und musste in ein Krankenhaus gebracht werden.
Die Hintergründe des Sachverhalts sind noch unklar. Ein Zusammenhang zu den letzten gewaltsamen Auseinandersetzungen in der Bremer Neustadt ist bisher nicht bekannt. Das entsprechende Fachkommissariat der Kriminalpolizei hat die Ermittlungen wegen eines versuchten Tötungsdeliktes aufgenommen.",53.0676537,8.8021467,address
64625.0,2025-10-01,01.10.2025,Osterholz,False,Brandstiftung,Brände im Bremer Osten – Polizei sucht Zeugen,"Bremen-Osterholz, OT Tenever/Ellenerbrok-Schevemoor, Ute-Meyer-Weg, Luganer Straße",https://www.polizei.bremen.de/news/pressestelle/pressemeldungen-ab-01102025-65420,"Im Stadtteil Osterholz kam es am Dienstag zu zwei Branddelikten, verletzt wurde niemand. Die Kriminalpolizei hat die Brandursachenermittlungen aufgenommen.
Zunächst brannte gegen 21 Uhr im Ute-Meyer-Weg eine sogenannte Big-Bag, die mit Bauschutt befüllt war. Durch das Feuer wurde ein danebenstehendes Auto an der Fahrerseite beschädigt. Kurze Zeit später wurde in der Luganer Straße durch mehrere Anwohner ein weiterer Brand gemeldet. Hierbei gerieten mehrere Paletten Dämmmaterial in Brand, die sich vor einem Mehrparteienhaus befanden. Am Gebäude entstand kein Schaden. Alle Flammen konnten durch Einsatzkräfte der Feuerwehr gelöscht werden. Es entstand Sachschaden von mehreren tausend Euro.
Die Polizei ermittelt wegen Sachbeschädigung und Brandstiftung und prüft Zusammenhänge zwischen diesen und weiteren Bränden in jüngerer Vergangenheit in den Ortsteilen Tenever und Ellenerbrok-Schevemoor. Zeugenhinweise nimmt der Kriminaldauerdienst unter 0421 362-3888 entgegen.",53.055514,8.9507122,district
64725.0,2025-09-30,01.10.2025,Östliche Vorstadt,False,Einbruch,Einbrecher festgenommen,"Bremen-Östliche Vorstadt, OT Steintor, Friesenstraße",https://www.polizei.bremen.de/news/pressestelle/pressemeldungen-ab-01102025-65420,"Einsatzkräfte der Polizei Bremen nahmen am Dienstag einen 27 Jahre alten Mann in der Östlichen Vorstadt fest, nachdem dieser in eine Wohnung eingebrochen war.
Ein 32 Jahre alter Mann kehrte gegen 22:45 Uhr in seine Wohnung in einem Mehrparteienhaus in der Friesenstraße zurück. Als er die Treppe hochging, sah er einen Mann, der auf bisher noch unbekannte Weise in die Wohnung gelang, mit diversen Gegenständen, wie unter anderem einen Laptop, aus seiner Wohnungstür herausgehen. Der Einbrecher grüßte den 32-Jährigen und verließ das Haus in Richtung Gleimstraße. Daraufhin nahm der Bestohlene die Verfolgung auf und alarmierte die Einsatzkräfte, die den Einbrecher wenig später in Tatortnähe stellten. Der 27-Jährige führte noch Diebesgut bei sich. Die Sachen wurden als Beweismittel beschlagnahmt. Während der Festnahme verhielt sich der 27-Jährige den Einsatzkräften gegenüber äußerst aggressiv und versuchte, einen Polizisten zu schlagen. Niemand wurde verletzt.
Die Einsatzkräfte nahmen ihn mit auf die Wache. Eine Haftprüfung gegen den 27-Jährigen dauert derzeit an.",53.0724769,8.8328327,address
64726.0,2026-10-02,02.10.2026,Woltmershausen,False,Waffendelikt,Einsatz in Woltmershausen,"Bremen-Woltmershausen, Woltmershauser Straße",https://www.polizei.bremen.de/news/pressestelle/pressemeldungen-ab-30092026-69187,"In der Nacht zu Freitag musste die Polizei zu einem Einsatz nach Woltmershausen ausrücken. Ein 63 Jahre alter Mann hatte zuvor in einer Bar randaliert.
Kurz bevor der 63-Jährige gegen 2 Uhr das Lokal an der Woltmershauser Straße betrat, nahm die Tresenkraft von draußen Knallgeräusche wahr, die sie zunächst nicht zuordnen konnte. Im weiteren Verlauf begab sich der späte Gast zur Theke und forderte ein Getränk. Da die Mitarbeiterin gerade schließen wollte, nahm sie keine Bestellungen mehr an. Daraufhin zog der Mann eine Machete, schlug damit dreimal auf den Tresen und bedrohte die Barfrau.
Anschließend flüchtete der Angreifer aus dem Lokal in unbekannte Richtung. Alarmierte Einsatzkräfte fanden vor der Bar Patronenhülsen und eine Schusswaffe. In der Hauswand des Lokals entdeckten sie zudem Einschusslöcher. Die Waffe und Hülsen wurden als Beweismittel beschlagnahmt.
Der 63-Jährige konnte schnell als Tatverdächtiger identifiziert werden. Ob er für die Einschusslöcher verantwortlich ist, ist Gegenstand der Ermittlungen. Zeugen melden sich jederzeit beim Kriminaldauerdienst unter der Rufnummer 0421 362-3888.",53.079628,8.770217,district
64925.0,2025-10-01,02.10.2025,Hemelingen,False,Raub,Aggressiver Supermarkt-Dieb gestellt,"Bremen-Hemelingen, OT Hastedt, Auf der Hohwisch",https://www.polizei.bremen.de/news/pressestelle/pressemeldungen-ab-01102025-65420,"Nachdem ein 44 Jahre alter Mann am Mittwochabend in Hastedt beim Ladendiebstahl erwischt wurde, bewarf er zwei Ladendetektive während seiner Flucht mit mehreren Glasflaschen und bedrohte sie. Einsatzkräfte stellten den Mann noch in Tatortnähe.
Gegen 18:30 Uhr wurden Einsatzkräfte zu einem Supermarkt in der Straße Auf der Hohwisch gerufen. Mehrere Mitarbeiter des Supermarktes hatten beobachtet, wie ein Mann mehrere Flaschen Whisky in seine Tasche steckte, und ohne zu bezahlen den Laden verließ. Als die beiden Ladendetektive den Mann verfolgten, warf der Dieb mit Whisky-Flaschen nach ihnen und bedrohte sie anschließend mit einer angebrochenen Glasflasche. Verletzt wurde niemand. Die schnell eingetroffenen Einsatzkräfte stellten den Dieb noch vor Ort und nahmen ihn vorläufig fest.
Gegen den 44 Jahre alten Mann fertigten die Polizisten eine Strafanzeige wegen räuberischen Diebstahls ein. Die weiteren Ermittlungen dauern an.",53.0669034,8.8553239,address
65025.0,2025-09-04,02.10.2025,Hemelingen,False,Koerperverletzung,Öffentlichkeitsfahndung nach gefährlicher Körperverletzung in Hastedt,"Bremen-Hemelingen, OT Hastedt, Hastedter Heerstraße",https://www.polizei.bremen.de/news/pressestelle/pressemeldungen-ab-01102025-65420,"Die Staatsanwaltschaft und die Polizei Bremen fahnden mit Fotos nach einem Mann, der im September dieses Jahres einen Senior in einer Straßenbahn in Hastedt attackierte und verletzte.
Der 71 Jahre alte Mann befand am sich am 4. September gegen 11:05 Uhr in der Straßenbahnlinie 10 in Fahrtrichtung Sebaldsbrück. Während der Fahrt hörte ein anderer Mann über einen Lautsprecher Musik. Der 71-Jährige bat den Mann, die Musik etwas leiser zu drehen, was er auch tat. Bevor der Unbekannte kurz vor der Haltestelle Bennigsenstraße aussteigen wollte, trat er dem 71-Jährigen mit voller Wucht gegen den Kopf und flüchtete. Der Senior erlitt dabei eine Nasenbeinfraktur.
Nachdem die bisherigen Ermittlungen nicht zur Identifizierung des Täters führten, fahnden die Polizei und Staatsanwaltschaft mit Bildern nach ihm und fragen: ""Wer kann Angaben zu dem Mann auf dem Foto machen, wer erkennt ihn wieder?"" Hinweise nimmt der Kriminaldauerdienst unter der Rufnummer 0421 362-3888 entgegen.",53.0648346,8.8800426,address
65126.0,2026-10-03,04.10.2026,Huchting,False,Sonstiges,Mofafahrer lebensgefährlich verletzt,"Bremen-Huchting, OT Grolland, Emslandstraße/ Frieslandstraße",https://www.polizei.bremen.de/news/pressestelle/pressemeldungen-ab-30092026-69187,"Ein 63 Jahre alter Mann erlitt bei einem Unfall in Huchting lebensgefährliche Verletzungen. Die Polizei sucht Zeugen.
Etwa um 10:40 Uhr wollte ein 71 Jahre alter Mann mit seinem VW von der Emslandstraße in die Norderländer Straße abbiegen. Etwa auf Höhe der Frieslandstraße nahm er hinter sich einen Knall wahr und hielt sein Auto an. Er sah, wie der 63-Jährige mit seinem Mofa gestürzt war und alarmierte die Rettungskräfte. Passanten leisteten Erste Hilfe. Der Mann wurde mit einem Hubschrauber aufgrund seiner lebensgefährlichen Kopfverletzungen in ein Krankenhaus gebracht. Nach ersten Erkenntnissen war er gestürzt, als er versuchte den Zusammenstoß mit dem VW zu verhindern. Der 71-Jährige erlitt einen Schock. Das Verkehrskommissariat hat die Ermittlungen zur genauen Unfallursache aufgenommen.
Zeugenhinweise nimmt die Verkehrsbereitschaft der Polizei Bremen unter 0421 362-14850 entgegen.",53.0519445,8.7422973,district
65225.0,2025-10-03,03.10.2025,Vahr,False,Sachbeschaedigung,Berauschter Fahrer verursacht Verkehrsunfall,"Bremen-Vahr, OT Neue Vahr Südwest, Vahrer Straße/Kurt-Schumacher-Allee",https://www.polizei.bremen.de/news/pressestelle/pressemeldungen-ab-01102025-65420,"Ein offenbar unter Rauschmitteln stehender 32 Jahre alter Mann verursachte in der Nacht zu Freitag einen Unfall in der Vahr und prallte gegen eine Ampel. Verletzt wurde niemand.
Gegen 04:35 Uhr befuhr der 32-Jährige die Kurt-Schumacher-Allee in Richtung Berliner Freiheit und wollte an der Kreuzung nach links in die Vahrer Straße Richtung Amelinghauser Straße abbiegen. Aus bisher noch ungeklärter Ursache verlor er beim Abbiegen die Kontrolle über seinen Golf und prallte gegen eine Ampel. Der Aufprall war so stark, dass die Ampel aus dem Fundament gerissen und komplett zerstört wurde. Der Golf wurde ebenfalls stark beschädigt und musste abgeschleppt werden. Der 32-Jährige blieb unverletzt. Ein von ihm freiwillig durchgeführter Atemalkoholtest ergab einen Wert von über 1,8 Promille. Zudem ergab ein Drogentest ein positives Ergebnis auf THC, woraufhin eine Blutentnahme angeordnet wurde.
Gegen den 32-Jährigen wurde eine Strafanzeige wegen Gefährdung des Straßenverkehrs infolge des Genusses alkoholischer Getränke oder anderer berauschender Mittel eingeleitet. Der Schaden wird auf rund 30.000 Euro geschätzt. Die weiteren Ermittlungen dauern an.",53.078655,8.877569,district
65226.0,2026-10-03,04.10.2026,Mitte,False,Hasskriminalitaet,Homosexuelles Paar attackiert,"Bremen-Mitte, OT Altstadt, Sögestraße",https://www.polizei.bremen.de/news/pressestelle/pressemeldungen-ab-30092026-69187,"Zwei 29 und 33 Jahre alte Männer wurden am Samstagabend in der Altstadt aus einer etwa zehnköpfigen Gruppe heraus aufgrund ihrer sexuellen Orientierung beleidigt und geschlagen.
Die Polizei Bremen sucht Zeugen.
Die beiden Männer hatten gemeinsam die Feierlichkeiten zum Tag der Deutschen Einheit besucht. Auf dem Nachhauseweg schlenderten sie durch die Obern- und Sögestraße. Dort kam ihnen eine größere Gruppe entgegen. Mehrere junge Männer pöbelten sie lautstark an und riefen ihnen unvermittelt homophobe Beleidigungen in arabischer Sprache zu. Als der 29-Jährige sein Handy zückte, um den Vorfall zu dokumentieren, wurde das Paar aus der Gruppe heraus von mehreren Personen mit Fäusten geschlagen. Im Anschluss flüchteten die Verdächtigen zu Fuß. Die Verletzungen des 29-Jähriges wurden während der polizeilichen Sachverhaltsaufnahme von einer Rettungswagenbesatzung erstversorgt. Anschließend wurde er zur ambulanten Versorgung in ein Krankenhaus gebracht.
Die Polizisten fertigten Strafanzeigen unter anderem wegen verhetzender Beleidigung und gefährlicher Körperverletzung. Homophobe Straftaten werden der Hasskriminalität zugeordnet, der Staatsschutz der Kriminalpolizei ermittelt. Zeugenhinweise nimmt der Kriminaldauerdienst der Polizei Bremen unter der Rufnummer 0421 362-3888 entgegen.",53.0768682,8.806821,address
65325.0,2025-10-04,04.10.2025,Vahr,False,Brandstiftung,Jugendliche nach Autobränden in der Vahr gefasst,"Bremen-Vahr, OT Neue Vahr Nord, Adolf-Reichwein-Straße",https://www.polizei.bremen.de/news/pressestelle/pressemeldungen-ab-01102025-65420,"Einsatzkräfte der Polizei Bremen stellten in der Nacht zu Samstag zwei mutmaßliche Brandstifter im Alter von 14 und 16 Jahren. Zuvor hatten mehrere Autos im Ortsteil Neue Vahr Nord gebrannt.
Gegen 04:05 Uhr brannten in der Adolf-Reichwein-Straße zwei Autos in voller Ausdehnung. Durch die Hitzeentwicklung wurden zwei danebenstehende Fahrzeuge beschädigt. Einsatzkräfte der Feuerwehr löschten das Feuer schnell, Personen wurden dabei nicht verletzt. Im Rahmen des Einsatzes machten zwei Jugendliche im näheren Umfeld auf sich aufmerksam und berichteten den Einsatzkräften, dass sie das Feuer gemeldet hätten. Während des Gesprächs verhielten sich die Jugendlichen den Polizisten gegenüber auffällig und wurden immer nervöser. Bei einer freiwilligen Durchsuchung entdeckten die Einsatzkräfte mehrere Feuerwerkskörper sowie ein Feuerzeug. Einer der Jugendlichen versuchte anschließend zu flüchten, was ihm jedoch nicht gelang.
Das Duo im Alter von 14 und 16 Jahren wurde mit auf die Wache genommen und nach Abschluss der Maßnahmen an ihre Erziehungsberechtigten übergeben. Die Einsatzkräfte fertigten eine Strafanzeige wegen Brandstiftung, die weiteren Ermittlungen dauern an.",53.0849552,8.8941726,address
65425.0,2025-09-04,04.10.2025,Hemelingen,False,Sonstiges,Angreifer nach Öffentlichkeitsfahndung identifiziert,"Bremen-Hemelingen, OT Hastedt, Hastedter Heerstraße",https://www.polizei.bremen.de/news/pressestelle/pressemeldungen-ab-01102025-65420,"Nach einem Angriff auf einen 71-Jährigen in einer Straßenbahn im Ortsteil Hastedt hatten Polizei und Staatsanwaltschaft mit Bildern nach dem Täter gesucht, siehe hierzu auch die Pressemeldung 0650. Ein 29 Jahre alter Mann konnte nun ermittelt werden.
Der bis zu diesem Zeitpunkt Unbekannte trat dem 71 Jahre alten Mann in einer Straßenbahn in der Hastedter Heerstraße mit voller Wucht ins Gesicht und flüchtete anschließend. Der Senior erlitt dabei eine Nasenbeinfraktur. Polizei und Staatsanwaltschaft fahndeten daraufhin mit Bildern nach ihm, dies führte jetzt zum Erfolg: Mehrere Zeugen erkannten den 29-Jährigen wieder und benachrichtigten den Kriminaldauerdienst. Im Rahmen einer Wohnungsdurchsuchung nahmen Einsatzkräfte den mutmaßlichen Angreifer fest. Die weiteren Ermittlungen dauern an.
Die Fahndung aus der Pressemeldung 0650 hat sich damit erledigt, die Bilder sind entsprechend zu löschen.",53.0648346,8.8800426,address
65426.0,2026-10-04,05.10.2026,Blumenthal,False,Raub,77-Jährige im Haus überfallen,"Bremen-Blumenthal, OT Rönnebeck, Am Dillenkamp",https://www.polizei.bremen.de/news/pressestelle/pressemeldungen-ab-30092026-69187,"In der Nacht zu Sonntag überfielen drei bislang unbekannte Männer eine ältere Frau in ihrem Wohnhaus in Blumenthal. Die Polizei Bremen ermittelt und bittet um Hinweise.
Das Trio hebelte die Eingangstür der Doppelhaushälfte an der Straße Am Dillenkamp auf und riss die 77-jährige Bewohnerin aus dem Schlaf. Die Eindringlinge bedrohten die Frau mit einem Messer, fesselten sie mit Kabelbindern und verklebten ihr den Mund mit Paketband. Anschließend durchsuchten die Täter sämtliche Räume, einen Tresor und flüchteten schließlich ohne Beute in Richtung angrenzender Bahnschienen.
Die Seniorin konnte sich selbstständig befreien und den Notruf wählen. Verwandte kümmerten sich im Anschluss um sie. Eine umgehend eingeleitete Fahndung verlief bislang ohne Erfolg.
Die Räuber waren zur Tatzeit maskiert und trugen Handschuhe sowie dunkle Kleidung. Einer hatte einen schwarzen Stoffbeutel dabei.
Zeugen, die in der Nacht diesbezüglich verdächtige Beobachtungen gemacht haben oder Hinweise zu den Tätern sowie auffälligen Fahrzeugen geben können, melden sich jederzeit beim Kriminaldauerdienst unter der Rufnummer 0421 362-3888.",53.1898956,8.5477205,address
65525.0,2025-10-03,05.10.2025,Mitte,False,Einbruch,Einbruch in Kaufhaus – Polizei sucht Zeugen,"Bremen-Mitte, OT Altstadt, Obernstraße",https://www.polizei.bremen.de/news/pressestelle/pressemeldungen-ab-01102025-65420,"Ein Unbekannter brach in der Nacht zu Freitag in der Altstadt in ein Kaufhaus ein und entwendete Schmuck. Der Täter flüchtete unerkannt. Die Polizei sucht Zeugen.
Der Eindringling zerstörte die Glastüren eines Kaufhauses in der Obernstraße und gelangte so in die Räumlichkeiten. Er begab sich zur Schmuckabteilung, brach mehrere Vitrinen auf und entwendete diversen Gold- und Diamantenschmuck. Anschließend flüchtete der Täter unerkannt.
Die Polizei sucht Zeugen und fragt: ""Wer hat in der Nacht zu Freitag zwischen 01:55 Uhr und 2 Uhr sowie kurz davor in der Obernstraße und in der nahliegenden Umgebung verdächtige Beobachtungen gemacht?"" Hinweise nimmt der Kriminaldauerdienst unter der Rufnummer 0421 362-3888 jederzeit entgegen.",53.0773705,8.8048852,address
65526.0,2026-10-04,05.10.2026,Vegesack,False,Raub,Mann überfallen und ausgeraubt,"Bremen-Vegesack, OT Fähr-Lobbendorf, Kirchhofstraße",https://www.polizei.bremen.de/news/pressestelle/pressemeldungen-ab-30092026-69187,"Ein 45 Jahre alter Mann wurde am Sonntagabend von maskierten Unbekannten in Vegesack überfallen. Dabei wurde er mit einer Schusswaffe bedroht und mit einem Schlagstock geschlagen. Die Polizei sucht Zeugen.
Gegen 20:35 Uhr war der 45-Jährige in der Kirchhofstraße unterwegs, als sich ihm zwei Männer in den Weg stellten. Sie forderten ihn auf, Geld und Mobiltelefon herauszugeben und einer schlug ihm mit einem Schlagstock auf den Kopf, als er sich weigerte. Währenddessen hielt einer der Täter eine Schusswaffe in der Hand. Als sich Passanten näherten, flüchteten die beiden Räuber in Richtung Löhstraße ohne Beute. Sie konnten nur als etwa 185 cm groß und schwarz gekleidet beschrieben werden. Auffällig soll eine Maske gewesen sein, die aussah wie aus der Serie „Haus des Geldes“. Diese ist dem Künstler Salvador Dalí nachempfunden. Der 45-Jährige wurde aufgrund seiner Verletzungen, unter anderem Platzwunden, zur weiteren Begutachtung in ein Krankenhaus gebracht.
Zeugenhinweise nimmt der Kriminaldauerdienst der Polizei Bremen unter 0421 362-3888 entgegen.",53.180148,8.6020725,address
65625.0,2025-10-04,05.10.2025,Blumenthal,False,Raub,21-Jähriger in Erotikfalle gelockt und ausgeraubt,"Bremen-Blumenthal, OT Lüssum-Bockhorn, Am Freibad",https://www.polizei.bremen.de/news/pressestelle/pressemeldungen-ab-01102025-65420,"In Blumenthal tappte ein 21 Jahre alter Mann am späten Samstagabend in eine Erotikfalle. Er verabredete sich über ein Chatportal zum Sex, wurde stattdessen verprügelt und ausgeraubt.
Der 21-Jährige verabredete sich mit einer vermeintlich 17-Jährigen, die er zuvor in einem Chat kennengelernt hatte, zum Liebesakt. Er sollte gegen 23 Uhr in die Straße Am Freibad zu einem Waldstück kommen. Als er dort ankam, sprangen plötzlich drei Unbekannte aus dem Gebüsch. Der 21-Jährige versuchte noch zu flüchten, wobei er stürzte. Daraufhin traten und schlugen die Unbekannten mit Schlagstöckern auf den am Boden liegenden Mann ein und raubten seine Geldbörse und seine Autoschlüssel. Sie zerrten ihn zu einem nahlegenden Mülleimer, fesselten ihn mittels Klebeband und banden ihn daran fest. Anschließend flüchtete das Trio mit dem grauen BMW des 21-Jährigen in unbekannte Richtung. Der junge Mann konnte sich kurze Zeit später selbstständig befreien und alarmierte mit Hilfe von Zeugen die Polizei. Der Verletzte wurde mit einer Rippenfraktur und Hämatomen am ganzen Körper von Rettungskräften in ein Krankenhaus gebracht und dort stationär aufgenommen.
Die Angreifer sollen alle männlich gewesen sein. Zwei von ihnen trugen eine dunkle Maske im Gesicht. Einer von ihnen eine weiße. Ein Angreifer hatte blonde Haare. Die Kriminalpolizei bittet um Hinweise aus der Bevölkerung: Wer hat am späten Samstagabend in der Straße Am Freibad verdächtige Beobachtungen gemacht? Wer kann Angaben zu den beschriebenen Personen, dem Auto oder weiteren Umständen machen? Hinweise nimmt der Kriminaldauerdienst unter der Telefonnummer 0421 362-3888 entgegen.
Die Polizei rät zu besonderer Vorsicht bei Verabredungen über Online-Portale:
Verabreden Sie sich zunächst in einem Lokal oder in einer Gegend, die Sie kennen. Verabreden Sie sich nie in einer Wohnung oder an einem Ihnen unbekannten Ort. Wählen Sie einen belebten Ort, am besten ein Lokal oder Café. Planen Sie selbst Ihre An- und Abreise, um nicht von Ihrer neuen Bekanntschaft abhängig zu sein. Informieren Sie eine Person Ihres Vertrauens darüber, wann und wo Sie verabredet sind.",53.199193,8.5796159,address
65626.0,2026-10-05,06.10.2026,Schwachhausen,False,Koerperverletzung,Mann attackiert Spaziergänger,"Bremen-Schwachhausen, OT Riensberg, Friedhofstraße",https://www.polizei.bremen.de/news/pressestelle/pressemeldungen-ab-30092026-69187,"Ein psychisch auffälliger 35 Jahre alter Mann griff am Montagmorgen in Schwachhausen einen 45-jährigen Spaziergänger und traktierte ihn mit Schlägen und Tritten. Einsatzkräfte stellten ihn kurze Zeit später.
Etwa um 09:50 Uhr war der 45-Jährige auf dem Riensberger Friedhof unterwegs, hatte sein Telefon in der Hand und sprach per Video mit Kollegen. Er bemerkte, wie plötzlich der 35-Jährige vor ihm stand und ihn aufforderte wegzugehen. Dieser schlug dann völlig unvermittelt auf den 45-Jährigen ein, so dass er zu Boden ging. Anschließend trat der 35-Jährige noch mehrfach gegen seinen Kopf, entriss ihm das Mobiltelefon, warf es in den See und flüchtete. Zeugen alarmierten die Polizei. Der Mann erlitt Abschürfungen und Prellungen und wurde zu weiteren Begutachtung in ein Krankenhaus gebracht.
Die alarmierten Einsatzkräfte stellten den 35-Jährigen in der Lilienthaler Heerstraße und nahmen ihn mit auf die Wache. Er wurde nach einer Begutachtung zwangsweise in einer psychiatrischen Klinik untergebracht.",53.0910075,8.856929,address
65725.0,2025-10-04,05.10.2025,Mitte,False,Koerperverletzung,Autofahrer baut Unfall und flüchtet,"Bremen-Mitte, OT Ostertor, Osterdeich",https://www.polizei.bremen.de/news/pressestelle/pressemeldungen-ab-01102025-65420,"Im Ortsteil Ostertor kam es am Samstag zu einem Unfall, bei dem mehrere Autos beschädigt worden sind. Eine 61-Jährige wurde dabei verletzt. Der Unfallverursacher flüchtete. Die Polizei sucht Zeugen.
Gegen 19:15 Uhr war eine 61 Jahre alte Frau mit ihrem Ford auf dem Osterdeich in stadtauswärtiger Richtung unterwegs. Auf Höhe der Mozartstraße fuhr plötzlich ein Unbekannter mit seinem VW auf die Gegenfahrbahn und stieß frontal mit dem Auto der 61-Jährigen zusammen. Durch den Aufprall wurden zwei parkende Autos sowie ein Verkehrsschild beschädigt. Der VW prallte gegen einen Baum und kam zum Stehen. Der Fahrer flüchtete anschließend fußläufig. Die Frau wurde von Rettungskräften versorgt und in ein Krankenhaus gebracht. Es entstand hoher Sachschaden. Für die Dauer der Aufräumarbeiten wurde die Strecke zwischen Tiefer und Sielwall in beide Richtungen bis 22 Uhr vollgesperrt.
Im weiteren Verlauf gab sich ein Mann bei den Einsatzkräften als Fahrer des VW zu erkennen. Laut mehrerer übereinstimmender Zeugenaussagen handelte es sich bei dem Mann aber nicht um den Fahrer des VW.
Das Verkehrskommissariat der Polizei Bremen ermittelt nun wegen fahrlässiger Körperverletzung und unerlaubten Entfernens vom Unfallort. Der Fahrer soll zwischen 1,70 bis 1,80 Meter groß und zwischen 20 und 30 Jahre alt sein. Er soll einen dunklen Teint, kurze schwarze Haare und einen kräftigen, schwarzen Bart haben. Er trug eine schwarze Winterjacke, einen schwarzen Pullover, eine helle Jeanshose und helle Schuhe. Hinweise nimmt die Verkehrsbereitschaft unter 0421 362-14850 entgegen.",53.0718932,8.8109939,address
65825.0,2025-10-04,05.10.2025,Mitte,False,Drogendelikt,Kontrollen im Bahnhofsquartier – Mann hustet Kokain aus dem Mund,"Bremen-Mitte, OT Bahnhofsvorstadt",https://www.polizei.bremen.de/news/pressestelle/pressemeldungen-ab-01102025-65420,"Die Polizei Bremen führte von Samstag bis in die Nacht im Bahnhofsquartier Kontrollen durch. Dabei wurden über 20 Personen kontrolliert und Messer sowie Cannabis und Kokain beschlagnahmt.
Neben der Bekämpfung der wahrnehmbaren Drogen- und Straßenkriminalität in der Bahnhofsvorstadt stand auch die Kontrolle der Waffenverbotszone im Fokus der Einsatzkräfte. Insgesamt wurden 26 Personen kontrolliert und diverse Verstöße gegen das Waffengesetz festgestellt. Die Einsatzkräfte beschlagnahmten mehrere Messer sowie mehrere Verkaufseinheiten Cannabis. Während einer Kontrolle musste ein Mann husten und verlor dabei 20 Verkaufseinheiten Kokain aus seinem Mund. Bei einer anschließenden Wohnungsdurchsuchung fanden die Einsatzkräfte mehrere Mobiltelefone, Bargeld und weitere Beweismittel. Über die Videoleitstelle wurde im Bereich des Bahnhofsvorplatzes eine körperliche Auseinandersetzung gemeldet. Die Einsatzkräfte stellten noch vor Ort einen 29 Jahre alten Mann. Es wurden entsprechende Strafanzeigen gefertigt und sieben Platzverweise erteilt. Die weiteren Ermittlungen hierzu dauern an.
Diese koordinierte Aktion war Teil der fortlaufenden Anstrengungen, die Sicherheit und Ordnung in diesem Bereich weiter zu verbessern. Die Polizei Bremen setzt sich seit vielen Wochen und Monaten verstärkt für die Bekämpfung der Straßenkriminalität ein und wird diese Bemühungen auch mit anderen Sicherheitsbehörden fortsetzen.",53.0786741,8.8109045,district
65925.0,2025-10-04,06.10.2025,Osterholz,False,Waffendelikt,Autofahrer flüchtet vor Polizei,"Bremen-Osterholz, OT Tenever, Osterholzer Heerstraße",https://www.polizei.bremen.de/news/pressestelle/pressemeldungen-ab-01102025-65420,"Bei einer Verkehrskontrolle am späten Samstagnachmittag kam es in Osterholz zum Schusswaffengebrauch durch die Polizei. Verletzt wurde niemand.
Ein Polizist aus Niedersachsen, der gerade auf dem Weg zu Arbeit war, befuhr gegen 17:30 Uhr die Bundesautobahn 27 in Fahrtrichtung Hannover und erkannte ein Auto wieder, welches sich in der Vergangenheit einer Polizeikontrolle entzog.
Der Polizist fuhr dem Fahrzeug hinterher und alarmierte die Einsatzkräfte der Polizei Bremen. In der Osterholzer Heerstraße Ecke Heiligenbergstraße hielten sie den BMW an. Als sie an das Auto herantraten, beschleunigte der Fahrer einmal stark und scherte über den Fußweg aus, so dass ein Polizist ausweichen musste.
Um die weitere Flucht zu unterbinden, schoss ein Polizist auf einen Reifen.
Verletzt wurde niemand. Der BMW-Fahrer flüchtete daraufhin stadteinwärts. Kurze Zeit später fanden die Polizisten das flüchtige Auto in der Engadiner Straße.
Der Fahrer war zu Fuß geflüchtet. Hinweise nimmt die Verkehrsbereitschaft jederzeit unter der Rufnummer 0421 362-14850 entgegen.
Die weiteren Ermittlungen durch die Staatsanwaltschaft dauern derzeit an.",53.0577626,8.9531471,address
66025.0,2025-10-05,06.10.2025,Horn-Lehe,False,Sachbeschaedigung,Farbparolen an Schule und Uni in Horn,"Bremen-Horn-Lehe, OT Lehe, Vorkampsweg und Universitätsboulevard",https://www.polizei.bremen.de/news/pressestelle/pressemeldungen-ab-01102025-65420,"Am Wochenende wurden eine Schule und eine Universität in Horn-Lehe mit Farbe beschmiert. Die Polizei sucht nach Zeugen.
Unbekannte sprühten mit roter und blauer Farbe mehrere politisch motivierte Schriftzüge, wie ""FCK Linke"", ""Deutschland braucht rechts"", an eine Außenfassade, einen Treppenaufgang und an die Sporthalle des Gymnasiums am Vorkampsweg. Der Hausmeister entdeckte die Schmierereien am Sonntag und alarmierte die Polizei.
Am Sonntagabend entdeckten Mitarbeiter eines Sicherheitsdienstes an der Universität im Bereich des Universitätsboulevards Graffitis in roter Farbe.
Unbekannte hatten auf dem Gehweg, an Pfeiler und Mülleimer insgesamt 26 politische Parolen, wie ""Nazis aufs Maul"", Antifa in der Offensive"" gesprüht.
Der Staatsschutz der Polizei Bremen hat die Ermittlungen aufgenommen.
Zeugenhinweise nimmt der Kriminaldauerdienst unter 0421 362-3888 jederzeit entgegen.",53.103623,8.8818799,district
66125.0,2025-10-07,08.10.2025,Gröpelingen,False,Brandstiftung,Vermummte Gruppe verbrennt Israel-Flagge – Polizei ermittelt,"Bremen-Gröpelingen, OT Lindenhof, Gröpelinger Heerstraße",https://www.polizei.bremen.de/news/pressestelle/pressemeldungen-ab-01102025-65420,"Am Dienstagabend verbrannte eine Gruppe vermummter Personen in Gröpelingen eine israelische Flagge und zündete pyrotechnische Gegenstände. Die Polizei hat die Ermittlungen wegen des Verdachts der Volksverhetzung sowie weiterer Straftatbestände aufgenommen.
Gegen 19.10 Uhr wurde der Polizei eine Ansammlung von etwa 30 Personen im Bereich der Gröpelinger Heerstraße / Ecke Königsberger Straße gemeldet. Nach bisherigen Erkenntnissen zündeten die teils vermummten Personen Feuerwerkskörper, Bengalos und Rauchstäbe auf dem Gleiskörper der Straßenbahn und skandierten pro-palästinensische Parolen. Auf Videoaufzeichnungen der Überwachungskameras am Bürgermeister-Koschnick-Platz war zu erkennen, dass eine israelische Flagge in Brand gesetzt wurde, während in der Menge mehrere Palästina-Flaggen geschwenkt wurden. Passanten löschten das Feuer kurz darauf. Beim Eintreffen der Einsatzkräfte hatte sich die Gruppe bereits entfernt. Im Rahmen einer Nahbereichsfahndung konnten im Bereich des Grünzug West drei Personen kontrolliert werden.
Der Staatsschutz der Polizei Bremen ermittelt unter anderem wegen Volksverhetzung, Verletzung von Flaggen und Hoheitszeichen ausländischer Staaten sowie Verstößen gegen das Sprengstoff- und Versammlungsgesetz.
Zeuginnen und Zeugen, die Hinweise zu dem Vorfall oder zu beteiligten Personen geben können, werden gebeten, sich beim Kriminaldauerdienst unter der Telefonnummer 0421 362-3888 zu melden.",53.1190553,8.7553786,address
66225.0,2025-10-07,08.10.2025,Walle,False,Hasskriminalitaet,Fahrgast beleidigt Straßenbahnfahrer rassistisch,"Bremen-Walle, UT Utbremen, Utbremer  Straße",https://www.polizei.bremen.de/news/pressestelle/pressemeldungen-ab-01102025-65420,"Am Dienstagnachmittag wurde ein 30 Jahre alter Straßenbahnfahrer in Walle während seines Dienstes rassistisch beleidigt und bedroht. Die Polizei ermittelt und sucht Zeugen.
Der Fahrer der Linie 10 hielt gegen 16:15 Uhr an der Haltestelle Utbremer Straße. Aufgrund eines technischen Defekts konnte er einem Rollstuhlfahrer den Einstieg nicht ermöglichen. Ein unbeteiligter Fahrgast beleidigte daraufhin den Fahrer, der eine schwarze Hautfarbe hat, mit rassistischen Äußerungen und ging anschließend aggressiv auf die Fahrerkabine zu. Der Mann spuckte und schlug mit der Faust gegen die Scheibe, bevor er die Straßenbahn verließ und flüchtete.
Der Tatverdächtige wird als 20 bis 30 Jahre alt, mit dunklem Teint, Vollbart und weißem T-Shirt beschrieben. Zeuginnen und Zeugen werden gebeten, sich beim Kriminaldauerdienst unter der Telefonnummer 0421 362-3888 zu melden.",53.1028746,8.783049,district
66325.0,2025-10-04,08.10.2025,Schwachhausen,False,Sonstiges,Polizei fasst Tatverdächtige nach Wohnungsbetrug,"Bremen-Schwachhausen, OT Neu-Schwachhausen,",https://www.polizei.bremen.de/news/pressestelle/pressemeldungen-ab-01102025-65420,"Nachdem eine 24-Jährige im Internet auf eine falsche Wohnungsanzeige in Schwachhausen reingefallen war, fingierte sie daraufhin ein Treffen mit den Betrügern und alarmierte die Polizei. Vor Ort stellten die Einsatzkräfte eine 41-Jährige und einen 64 Jahre alten Mann.
Eine 24 Jahre alte Frau suchte auf Online-Plattformen nach einer Wohnung in Bremen. Über eine Internetseite wurde sie auf ein Angebot im Ortsteil Neu-Schwachhausen aufmerksam und kontaktierte den vermeintlichen Vermieter. Nachdem alle Formalitäten geklärt waren, zahlte sie die Kaution. Einen Wohnungsschlüssel oder eine Rückmeldung bekam die 24-Jährige nicht. Da die Wohnungsanzeige noch online war, vereinbarte die 24-Jährige unter einem anderen Namen am vergangenen Samstag eine Wohnungsbesichtigung und alarmierte die Einsatzkräfte der Polizei Bremen. Bei dem fingierten Treffen stellten die Polizisten eine 41 Jahre alte Frau und einen 64-Jährigen und nahmen sie fest. Bei einer anschließenden Durchsuchung des Autos des 64-Jährigen sowie der Wohnadresse der Beiden wurden Datenträger, Bargeld sowie weitere Beweismittel beschlagnahmt.
Das Duo wurde für weitere polizeiliche Maßnahmen in eine Wache gebracht. Gegen sie wurden Ermittlungen wegen Betruges eingeleitet. Auch wird geprüft, ob sie für weitere gleichgelagerte Taten verantwortlich sind. Die weiteren Ermittlungen dauern an.",53.0854265,8.8363055,district
66425.0,2025-10-06,08.10.2025,Neustadt,False,Raub,Zeugenaufruf nach Straßenraub,"Bremen-Neustadt, OT Südervorstadt, Buntentorsteinweg",https://www.polizei.bremen.de/news/pressestelle/pressemeldungen-ab-01102025-65420,"Eine 76 Jahre alte Frau ist am Montagabend von zwei Männern in der Neustadt ausgeraubt worden. Die Polizei sucht Zeugen.
Gegen 21 Uhr wurde die Frau im Buntentorsteinweg von einem Unbekannten angesprochen und nach Geld gefragt. Als sie ihm das Geld geben wollte, sah sie, dass er eine Flasche mit Alkohol in seiner Jackentasche hatte. Daraufhin sagte sie ihm, dass sie nicht für Alkohol spende. Der Mann wurde daraufhin wütend. Ein weiterer Unbekannter kam dazu und schubste die 76-Jährige von hinten, sodass sie mit ihrem Fahrrad umkippte und auf den Boden fiel. Daraufhin entrissen die beiden Männer ihre Geldbörse und flüchteten. Die Frau klagte über leichte Schmerzen im Arm und an der Schulter, eine rettungsdienstliche Behandlung war jedoch nicht erforderlich. Die Tatverdächtigen waren dunkel gekleidet und sind offensichtlich dem Trinker- und Obdachlosenmilieu zuzuordnen.
Die Polizei sucht nach den Räubern und fragt: „Wer hat am Montagabend im Buntentorsteinweg verdächtige Beobachtungen gemacht?“ Zeugen werden gebeten, sich beim Kriminaldauerdienst unter der Rufnummer 0421 / 362 - 3888 zu melden.",53.0676537,8.8021467,address
66525.0,2025-10-08,09.10.2025,Mitte,False,Koerperverletzung,Fußgängerin löst Bremsmanöver aus – mehrere Busfahrgäste verletzt,"Bremen-Mitte, OT Bahnhofsvorstadt, Bahnhofsplatz",https://www.polizei.bremen.de/news/pressestelle/pressemeldungen-ab-01102025-65420,"In der Bahnhofsvorstadt kam es am Mittwochmittag zu einem Verkehrsunfall, bei dem mehrere Fahrgäste eines Linienbusses leichte Verletzungen erlitten.
Nach derzeitigen Erkenntnissen überquerte eine 26-Jährige gegen 12:25 Uhr den Gleisbereich am Bahnhofsplatz, ohne auf den dortigen Verkehr zu achten und übersah einen heranfahrenden Bus. Der 52 Jahre alte Busfahrer hupte mehrfach, doch die Frau reagierte nicht. Daraufhin leitete er eine Gefahrenbremsung ein und konnte einen Zusammenstoß gerade noch verhindern. Durch den Bremsvorgang stürzten daraufhin mehrere Menschen zu Boden und zogen sich leichte Verletzungen zu. Sie wurden von Rettungskräften in ein Krankenhaus gebracht. Die 26-Jährige blieb unverletzt.
Die Einsatzkräfte der Polizei Bremen fertigten gegen die 26-Jährige eine Strafanzeige wegen fahrlässiger Körperverletzung, die weiteren Ermittlungen des Verkehrskommissariats dauern an.",53.082478,8.8127559,address
66625.0,2025-10-09,09.10.2025,Osterholz,False,Einbruch,Erneut Einbrecher festgenommen,"Bremen-Osterholz, OT Tenever, Andernacher Straße",https://www.polizei.bremen.de/news/pressestelle/pressemeldungen-ab-01102025-65420,"Einsatzkräfte der Polizei Bremen nahmen am frühen Donnerstagmorgen einen 18 Jahre alten Mann in Tenever fest, nachdem dieser zusammen mit zwei weiteren Unbekannten in eine Ganztagsschule in der Andernacher Straße eingebrochen war.
Eine Anwohnerin aus der Neuwieder Straße hörte gegen 03:05 Uhr Einbruchgeräusche vom Gelände der nahegelegenen Schule in der Andernacher Straße und alarmierte umgehend die Polizei.
Die eintreffenden Einsatzkräfte konnten dann insgesamt drei Personen feststellen, welche beim Erblicken der Polizei zu Fuß vom Schulgelände flüchteten. Einer Streifenwagenbesatzung gelang es schließlich, einen der Tatverdächtigen auf einem Zaun zu stellen und festzunehmen. Bei einer anschließenden Durchsuchung des 18-Jährigen stellten die Polizisten eine Sturmhaube sowie mehrere Einweg-Gummihandschuhe fest. Die beiden anderen Personen flüchteten unerkannt und getrennt voneinander in unterschiedliche Richtungen. Sie wurden nahezu übereinstimmend wie folgt beschrieben: Männlich, 1,70 bis 1,80 Meter groß, schlank, 20 bis 25 Jahre alt, dunkle Bekleidung.
Hinweise nimmt der Kriminaldauerdienst unter 0421-362 3888 entgegen.",53.0689629,8.9607147,address
66725.0,2025-10-08,09.10.2025,Hemelingen,False,Verkehrsunfall,Autofahrer erleidet Krankheitsfall und verursacht schweren Verkehrsunfall,"Bremen-Hemelingen, OT Sebaldsbrück, Hermann-Koenen-Straße/Sebaldsbrücker Heerstraße",https://www.polizei.bremen.de/news/pressestelle/pressemeldungen-ab-01102025-65420,"Ein 56 Jahre alter Autofahrer erlitt in Sebaldsbrück am Mittwochabend einen Krankheitsfall und prallte gegen ein anderes Auto. Der Mann und eine 39-Jährige mussten in ein Krankenhaus gebracht werden.
Gegen 20 Uhr befuhr der 56-Jährige mit seinem Toyota die Hermann-Koenen-Straße, als er einen Krankheitsfall erlitt und die Kontrolle über sein Auto verlor. Er prallte daraufhin ungebremst gegen einen an der Ampel stehenden Skoda. Durch die Wucht des Aufpralls wurde der Skoda mehrere Meter weit in die Sebaldsbrücker Heerstraße geschleudert und kam zum Stehen. Mehrere Ersthelfer eilten zum 56-Jährigen, der zu diesem Zeitpunkt nicht mehr ansprechbar war. Die 39-Jährige Skoda-Fahrerin zog sich leichte Verletzungen zu. Beide wurde von Rettungskräften in ein Krankenhaus gebracht. Insgesamt entstand ein Sachschaden von knapp 35.000 Euro.
Die weiteren Ermittlungen zum Unfallhergang dauern an.",53.0555687,8.8843106,district
66825.0,2025-10-08,09.10.2025,Vahr,False,Toetungsdelikt,Kriminelle betrügen Seniorin am Telefon,Bremen-Vahr,https://www.polizei.bremen.de/news/pressestelle/pressemeldungen-ab-01102025-65420,"Eine Betrügerin gab sich am Mittwoch am Telefon als Gerichtsangestellte aus und erlangte so mit einem Komplizen das Geld einer 73 Jahre alten Bremerin in der Vahr. Die Polizei warnt vor dem erneuten Auftreten dieser Kriminellen und gibt Präventionstipps.
Die 73-Jährige erhielt am Mittwoch mehrere Anrufe einer angeblichen Mitarbeiterin eines Mahngerichtes, welche die Frau dazu aufforderte, ca. 15.000 Euro aus scheinbar ausstehenden Lottospielen zu begleichen. Sie wurde im Anschluss an einen vermeintlichen Anwalt verwiesen, um sich am Telefon rechtlich beraten zu lassen. Dieser forderte die Frau auf, die Hälfte des geforderten Betrags sofort zu überweisen, um einem möglichen Haftbefehl zu entgehen. Die Bremerin kam dem nach und überwies das Geld auf ein genanntes Konto. Im Laufe des Tages kamen ihr jedoch Zweifel und der Schwindel flog auf.
Die Polizei warnt vor dem Betrug und gibt Tipps, um sich davor zu schützen.
Bei Unsicherheit wählen Sie die 110. Lassen Sie sich am Telefon auf keinen Fall unter Druck setzen oder zu kurzfristigen Entscheidungen verleiten, egal wie plausibel eine Situation zunächst dargestellt wird. Legen Sie am besten auf.
Ziehen Sie eine Vertrauensperson hinzu oder rufen Sie Angehörige unter der Ihnen bekannten Nummer an. Übergeben oder überweisen Sie niemals Geld an unbekannte Personen. Mehr Tipps erhalten Sie in unserem Präventionszentrum, Am Wall 195 oder unter www.Polizei.Bremen.de.",53.078655,8.877569,district
67025.0,2025-10-09,09.10.2025,Horn-Lehe,False,Toetungsdelikt,Vermisster tot aufgefunden,"Bremen-Horn-Lehe, OT Lehesterdeich, Am Lehester Deich",https://www.polizei.bremen.de/news/pressestelle/pressemeldungen-ab-01102025-65420,"Der seit dem 9. Januar 2024 vermisste Heiko Strunk aus Bremen-Horn wurde am Donnerstagvormittag an einem Graben in Horn-Lehe tot aufgefunden.
Hinweise auf ein Fremdverschulden liegen nicht vor. Die weiteren Ermittlungen zur Todesursache dauern an.
Die Polizei Bremen bittet um Rücknahme der Fahndung und Löschung der Fotoaufnahmen.",53.1185116,8.8963011,address
67125.0,2025-10-10,10.10.2025,Walle,False,Sonstiges,Bremen-Walle: Blockadeaktion von Umweltaktivisten,"Bremen-Walle, OT Überseestadt, Getreidestraße",https://www.polizei.bremen.de/news/pressestelle/pressemeldungen-ab-01102025-65420,"Seit kurz nach 10 Uhr blockieren rund 100 Umwelt- und Klimaaktivisten, teils vermummt, die Zufahrt zu einem Hafendienstleister in der Getreidestraße im Stadtteil Walle.
Die Polizei Bremen ist mit Einsatzkräften vor Ort. Die Versammlung wurde als solche eingestuft. Mehrfach wurden die Teilnehmenden aufgefordert, ihre Vermummung abzulegen. Da dies ignoriert wurde, stellt die Polizei derzeit die Personalien der beteiligten Personen fest.
Weitere Maßnahmen sowie Ermittlungen wegen Verstößen gegen das Versammlungsgesetz und des Verdachts der Nötigung, da Zulieferer durch die Aktion blockiert wurden, dauern an.",53.1098826,8.7566284,address
67225.0,2025-10-10,10.10.2025,Walle,False,Sonstiges,Blockadeaktion aufgelöst,"Bremen-Walle, OT Überseestadt, Getreidestraße",https://www.polizei.bremen.de/news/pressestelle/pressemeldungen-ab-01102025-65420,"Am Freitagvormittag blockierten rund 100 Umwelt- und Klimaaktivisten, teils vermummt, die Zufahrt zu einem Hafendienstleister in der Getreidestraße im Stadtteil Walle (siehe Meldung Nr. 0671).
Mehrfach wurden die Teilnehmenden der Versammlung aufgefordert, ihre Vermummung abzulegen. Da dies ignoriert wurde, stellt die Polizei die Personalien der beteiligten Personen fest. Die Versammlung wurde aufgelöst. Die Teilnehmerinnen und Teilnehmer, die trotzdem noch in der Sitzblockade verharrten, wurden zur Identitätsfeststellung mit auf die Polizeiwache genommen.
Die weiteren Ermittlungen zu den Versammlungsverstößen und des Verdachts der Nötigung, durch die Aktion wurden Zulieferer an der Zufahrt behindert, dauern an.",53.1098826,8.7566284,address
67325.0,2025-10-10,11.10.2025,Neustadt,False,Toetungsdelikt,22-Jähriger von Gruppe attackiert,"Bremen-Neustadt, OT Neustadt, Friedrich-Ebert-Straße",https://www.polizei.bremen.de/news/pressestelle/pressemeldungen-ab-01102025-65420,"Eine Gruppe von Unbekannten griff am Freitag in der Neustadt einen 22 Jahre alten Mann an. Dabei schlugen sie auf ihn ein und traten mehrfach gegen seinen Kopf. Die Polizei Bremen sucht Zeugen.
Der 22-Jährige befand sich gegen 13:15 Uhr an einer Bushaltestelle in der Friedrich-Ebert-Straße, als plötzlich drei unbekannte Männer auf ihn zukamen und einer von ihnen ihm unmittelbar mit der Faust ins Gesicht schlug. Anschließend schlugen alle drei mehrfach auf den Mann ein und traten ihm auch gegen den Kopf. Erst als mehrere Zeugen durch lautes Hupen auf sich aufmerksam machten, flohen die Männer. Der 22-Jährige Mann wurde von Rettungskräften vor Ort versorgt und zur ambulanten Behandlung in ein Krankenhaus gebracht.
Die Täter wurden wie folgt beschrieben: Alle drei sollen zwischen 20 und 25 Jahre alt und ungefähr 1,75 bis 1,85 Meter groß sein. Einer von ihnen trug eine hellblaue Trainingsjacke, eine beigefarbene Kappe sowie eine weite Baggy Jeans. Der andere Angreifer trug einen grauen Kapuzenpullover und eine helle Baggy Jeans. Hinweise nimmt der Kriminaldauerdienst unter 0421 362-3888 entgegen.
Jeder Tritt gegen den Kopf eines Menschen kann tödlich sein, wenige Zentimeter können entscheiden. Es hängt regelmäßig ausschließlich vom Zufall ab, ob durch die Tritte lebensgefährdende Verletzungen verursacht werden. Die Polizei Bremen verfolgt diese Delikte mit aller Konsequenz.",53.0715904,8.8016695,address
67425.0,2025-10-11,11.10.2025,Schwachhausen,False,Koerperverletzung,Snackautomat ausgeräumt – Täter gestellt,"Bremen- Schwachhausen, OT Bürgerpark, Alter Hollerallee",https://www.polizei.bremen.de/news/pressestelle/pressemeldungen-ab-01102025-65420,"Einsatzkräfte der Polizei Bremen stellten in der Nacht zu Samstag einen 37-Jährigen in Schwachhausen. Der Mann hatte zuvor die Scheibe eines Snackautomaten eingeschlagen und diverse Lebensmittel entwendet.
In Schwachhausen schlug gegen 04:25 Uhr ein bis dato Unbekannter mittels eines Backsteines einen Snackautomaten auf dem Gelände einer Tankstelle in der Hollerallee ein und entnahm diverse Lebensmittel daraus. Als er mit seinem Fahrrad flüchtete, prallte er gegen ein Bushaltestellenhaus und stürzte zu Boden. Seine zweite Flucht zu Fuß währte auch nicht lang, denn die zuvor alarmierten Einsatzkräfte der Polizei Bremen stellten ihn kurz danach und nahmen den 37 Jahre alten Mann vorläufig fest. An dem Bushaltestellenhaus fanden die Polizisten das Stehlgut und stellten es sicher.
Gegen den 37-Jährigen wurde eine Anzeige wegen besonders schweren Diebstahls gefertigt. Die weiteren Ermittlungen dauern an.",53.0854265,8.8363055,district
67525.0,2025-10-10,11.10.2025,Östliche Vorstadt,False,Sonstiges,Fußgänger schwer verletzt,"Bremen-Östliche Vorstadt, OT Steintor, Vor dem Steintor",https://www.polizei.bremen.de/news/pressestelle/pressemeldungen-ab-01102025-65420,"In der Östlichen Vorstadt wurde am Freitagnachmittag ein 52 Jahre alter Mann von einem Auto erfasst und dabei schwer verletzt.
Nach derzeitigen Erkenntnissen befuhr der 76-Jährige gegen 16:55 Uhr mit seinem Auto die Straße Vor dem Steintor in stadtauswärtiger Richtung, als plötzlich ein Mann zwischen zwei parkenden Autos auf die Fahrbahn trat. Der Fußgänger wurde frontal von dem Fahrzeug des 76-Jährigen erfasst und dabei schwer verletzt. Einsatzkräfte der Polizei Bremen übernahmen die Erstversorgung, bevor der 52-Jährige anschließend von Rettungskräften in ein Krankenhaus gebracht wurde.
Die Straße Vor dem Steintor musste für die Dauer der Unfallaufnahme zeitweise in beide Fahrtrichtungen voll gesperrt werden.
Die Polizei Bremen hat die weiteren Ermittlungen zur Unfallursache aufgenommen.",53.0730116,8.8237464,address
67725.0,2025-10-12,12.10.2025,Mitte,False,Toetungsdelikt,Lebensgefährliche Verletzungen bei Auseinandersetzung – 39-Jähriger festgenommen,"Bremen-Mitte, OT Bahnhofsvorstadt, Bahnhofsplatz",https://www.polizei.bremen.de/news/pressestelle/pressemeldungen-ab-01102025-65420,"In der Nacht zu Sonntag kam es in der Bahnhofsvorstadt zu einer körperlichen Auseinandersetzung, bei der ein 26 Jahre alter Mann lebensgefährlich verletzt worden ist. Einsatzkräfte nahmen einen 39-Jährigen fest.
Gegen 02:25 Uhr geriet ein 26-jähriger Mann auf dem Bahnhofsplatz mit einem Unbekannten in einen Streit, der in eine körperliche Auseinandersetzung mündete. Der 26-Jährige wurde dabei schwer verletzt und kam in ein Krankenhaus. Einsatzkräfte stellten einen 39 Jahre alten Verdächtigen, der im Zusammenhang mit dem Vorfall stand.
Kurze Zeit später kam es am Bahnhofsplatz zu einer weiteren körperlichen Auseinandersetzung, bei der ein 44 Jahre alter Mann durch denselben Tatverdächtigen verletzt worden war. Lebensgefahr bestand nicht.
Im weiteren Verlauf der Ermittlungen und nach Sichtung von Videoaufzeichnungen konnte der Tatablauf des ersten Vorfalls rekonstruiert werden. Dabei zeigte sich, dass der 39-Jährige den 26 Jahre alten Mann zunächst gewürgt, mehrfach geschlagen und zu Boden gebracht hatte. Anschließend hob er den Oberkörper des am Boden Liegenden an und stieß diesen wiederholt zu Boden, bis der 26-Jährige das Bewusstsein verlor. Als der Täter von Passanten weggedrängt wurde, trat er erneut gegen den Kopf des Bewusstlosen und flüchtete. Der 26 Jahre alte Mann schwebt derzeit in Lebensgefahr.
Die Staatsanwaltschaft und die Polizei Bremen ermitteln gegen den 39-jährigen Mann wegen eines versuchten Tötungsdeliktes. Eine Haftprüfung dauert derzeit an. Gesucht wird in diesem Zusammenhang ein circa 30 Jahre alter Mann, der die erste Tat gesehen hat und couragiert dazwischen ging. Er trug eine Steppjacke, die im Brust und Schulter Bereich schwarz und darunter weiß ist. Der Mann sowie weitere Zeugen werden gebeten, sich beim Kriminaldauerdienst der Polizei Bremen unter 0421 362-3888 zu melden.
Jeder Tritt gegen den Kopf eines Menschen kann tödlich sein, wenige Zentimeter können entscheiden. Es hängt regelmäßig ausschließlich vom Zufall ab, ob durch die Tritte lebensgefährdende Verletzungen verursacht werden. Die Polizei Bremen verfolgt diese Delikte mit aller Konsequenz.",53.082478,8.8127559,address
67825.0,2025-10-11,12.10.2025,Mitte,False,Hasskriminalitaet,Schwules Paar beleidigt und bedroht – Polizei stellt Tatverdächtigen,"Bremen-Mitte, OT Bahnhofsvorstadt, Bahnhofsplatz",https://www.polizei.bremen.de/news/pressestelle/pressemeldungen-ab-01102025-65420,"In der Bahnhofsvorstadt wurde am Samstagabend ein Paar von einem zunächst Unbekannten aufgrund ihrer sexuellen Orientierung beschimpft und bedroht. Einsatzkräfte stellten vor Ort noch einen 22-jährigen Tatverdächtigen.
Das Paar wandte sich am Abend auf dem Bahnhofsplatz an Polizeikräfte und schilderte, an einer Haltestelle von einem Mann angesprochen worden zu sein. Der Unbekannte habe sie gefragt, ob sie homosexuell seien. Nachdem das Paar dies bejaht hatte, habe der Mann sie beschimpft und bedroht, sie umzubringen. Als sie den Mann daraufhin filmten, flüchtete er. Die Polizisten stellten noch vor Ort einen 22 Jahre alten Mann.
Gegen ihn wurde eine Strafanzeige wegen Bedrohung gefertigt. Außerdem führten die Einsatzkräfte eine Gefährderansprache mit dem Mann durch und erteilten diesem einen Platzverweis.",53.082478,8.8127559,address
67925.0,2025-10-12,13.10.2025,Mitte,False,Einbruch,Polizei Bremen sucht Zeugen nach Einbruchsserie in Mitte und Schwachhausen,"Bremen-Mitte/Schwachhausen, OT Ostertor/Radio Bremen, Wulwesstraße/Beim Steinernen Kreuz/ Kirchbachstraße/Schwachhauser Heersrtraße",https://www.polizei.bremen.de/news/pressestelle/pressemeldungen-ab-01102025-65420,"In der Nacht zu Sonntag schlugen Unbekannte in den Stadtteilen Mitte und Schwachhausen mehrere Schaufenster von diversen Geschäften ein. Die Polizei sucht Zeugen.
Einsatzkräfte der Polizei Bremen wurden zwischen 04:30 Uhr und 06:35 Uhr in die Wulwesstraße, Kirchbachstraße, Schwachhauser Heersrtraße sowie die Straße Beim Steinernen Kreuz gerufen. Unbekannte hatten mit einem Gullideckel und mit einem Verkehrsschild die Fensterscheiben von insgesamt fünf Geschäften eingeschlagen. In vier Fällen gelangten die Unbekannten in die Räumlichkeiten und durchsuchten diese. Nach ersten Erkenntnissen wurde bislang nichts entwendet.
Die Polizei sucht Zeugen und fragt, wer im Tatzeitraum (04:30 Uhr bis 06:35 Uhr) verdächtige Beobachtungen gemacht hat. Hinweise nimmt der Kriminaldauerdienst unter der Rufnummer 0421 362-3888 jederzeit entgegen.",53.0786741,8.8109045,district
67925.0,2025-10-12,13.10.2025,Schwachhausen,False,Einbruch,Polizei Bremen sucht Zeugen nach Einbruchsserie in Mitte und Schwachhausen,"Bremen-Mitte/Schwachhausen, OT Ostertor/Radio Bremen, Wulwesstraße/Beim Steinernen Kreuz/ Kirchbachstraße/Schwachhauser Heersrtraße",https://www.polizei.bremen.de/news/pressestelle/pressemeldungen-ab-01102025-65420,"In der Nacht zu Sonntag schlugen Unbekannte in den Stadtteilen Mitte und Schwachhausen mehrere Schaufenster von diversen Geschäften ein. Die Polizei sucht Zeugen.
Einsatzkräfte der Polizei Bremen wurden zwischen 04:30 Uhr und 06:35 Uhr in die Wulwesstraße, Kirchbachstraße, Schwachhauser Heersrtraße sowie die Straße Beim Steinernen Kreuz gerufen. Unbekannte hatten mit einem Gullideckel und mit einem Verkehrsschild die Fensterscheiben von insgesamt fünf Geschäften eingeschlagen. In vier Fällen gelangten die Unbekannten in die Räumlichkeiten und durchsuchten diese. Nach ersten Erkenntnissen wurde bislang nichts entwendet.
Die Polizei sucht Zeugen und fragt, wer im Tatzeitraum (04:30 Uhr bis 06:35 Uhr) verdächtige Beobachtungen gemacht hat. Hinweise nimmt der Kriminaldauerdienst unter der Rufnummer 0421 362-3888 jederzeit entgegen.",53.0854265,8.8363055,district
68025.0,2025-10-12,13.10.2025,Blumenthal,False,Diebstahl,Spuren im Sand – Polizei stellt flüchtigen Intensivtäter,"Bremen-Blumenthal, OT Blumenthal, Landrat-Christians-Straße",https://www.polizei.bremen.de/news/pressestelle/pressemeldungen-ab-01102025-65420,"Dank eines aufmerksamen Zeugen und Spuren im Sand gelang Einsatzkräften der Bremer Polizei am Sonntagnachmittag die vorläufige Festnahme eines 16-jährigen Intensivtäters. Der Jugendliche hatte zuvor versucht, eine 82 Jahre alte Frau in einer Bankfiliale in Blumenthal zu bestehlen.
Der 16-Jährige hielt sich im Vorraum einer Bank in der Landrat-Christians-Straße auf und beobachtete die Seniorin beim Geldabheben. Während er sie in ein Gespräch verwickelte, griff er in ihre Jackentasche und versuchte die frisch abgehobenen Geldscheine an sich zu nehmen. Ein 54-jähriger Bremer, der den Vorfall zufällig bemerkte, reagierte geistesgegenwärtig: Er zog den jungen Dieb von der Frau weg und verhinderte so Schlimmeres. Der ertappte Jugendliche bedrohte den Zeugen daraufhin mit dem Tode und flüchtete.
Schnell eingetroffene Einsatzkräfte leiteten eine Fahndung ein. Auf einem nahegelegenen Spielplatz entdeckten sie frische Fußspuren im Sand, die sie direkt in ein angrenzendes Waldstück führten. Dort fanden die Einsatzkräfte den Verdächtigen – der bei ihrem Anblick sofort die Flucht ergriff. Doch die Polizistinnen und Polizisten waren schneller: Nach kurzer Verfolgung konnte der Jugendliche gestellt und vorläufig festgenommen werden.
Bei der anschließenden Durchsuchung fanden die Ermittler weiteres Diebesgut aus einer anderen Tat. Die Ermittlungen dauern an.
Die Polizei Bremen lobt ausdrücklich das couragierte Eingreifen des Zeugen, der durch sein entschlossenes Handeln dazu beitrug, dass der Täter gefasst werden konnte.",53.1811758,8.5849719,address
68125.0,2025-10-17,13.10.2025,Findorff,False,Diebstahl,So bleibt der Freimarkt ein sicheres Vergnügen,"Bremen-Findorff, OT Bürgerweide",https://www.polizei.bremen.de/news/pressestelle/pressemeldungen-ab-01102025-65420,"Der Bremer Freimarkt, eines der ältesten Volksfeste Deutschlands, geht in seine 990. Runde. Vom 17. Oktober bis zum 2. November 2025 lädt das Traditionsfest wieder Millionen Besucherinnen und Besucher zum Feiern, Staunen und Genießen ein. Damit alle das Volksfest unbeschwert erleben können, sorgt die Polizei Bremen gemeinsam mit Partnern für ein umfassendes Sicherheitskonzept.
Polizeipräsenz und Anlaufstellen vor Ort
Während der gesamten Veranstaltungszeit ist die Polizeiwache auf der Bürgerweide zu den Marktöffnungszeiten besetzt. Besucherinnen und Besucher können sich dort mit ihren Anliegen melden oder Anzeigen erstatten. Neben uniformierten Polizeistreifen ist auch ein privater Sicherheitsdienst auf dem Gelände im Einsatz. Polizei und Sicherheitskräfte stehen in engem Austausch, um bei Bedarf schnell reagieren zu können. In Notfällen gilt weiterhin: Wählen Sie den Notruf 110.
Videoüberwachung
Auch in diesem Jahr kommt eine Videoüberwachung zum Einsatz. Sie unterstützt die Polizei bei der gezielten Beobachtung des Veranstaltungsgeschehens und liefert wichtige Lagebilder bei unvorhergesehenen Ereignissen wie Schadens- oder Gefahrenlagen. Dadurch können Einsatzkräfte noch schneller und gezielter handeln.
Klare Regeln für ein sicheres Miteinander
Um die Sicherheit auf dem Festgelände zu gewährleisten, sind folgende Gegenstände und Tiere nicht erlaubt: Waffen, Hunde, Fahrräder, E-Scooter, Pyrotechnik und Glasflaschen.
Bei Verstößen drohen Bußgelder von bis zu 2.500 Euro.
Tipps gegen Taschendiebstahl
Die Polizei rät zur Vorsicht: Taschendiebe nutzen Menschenmengen gezielt aus.Nehmen Sie nur so viel Bargeld und Karten mit, wie nötig. Tragen Sie Wertsachen eng am Körper. Halten Sie Taschen stets geschlossen und mit der Verschlussseite zum Körper. Lassen Sie Handtaschen, Smartphones oder Geldbörsen niemals unbeaufsichtigt.
Keine Wertsachen im Auto lassen
Auch außerhalb des Geländes gilt: Lassen Sie keine Wertgegenstände sichtbar im Auto liegen. Aufbrecher erkennen Tatgelegenheiten oft auf den ersten Blick.
Verkehrs- und Parkhinweise
Damit Rettungs- und Einsatzfahrzeuge jederzeit durchkommen, bittet die Polizei darum, Halteverbote unbedingt zu beachten. Falschparker müssen mit dem Abschleppen rechnen. Empfohlen wird die Anreise mit öffentlichen Verkehrsmitteln oder dem Fahrrad, um Verkehrsbehinderungen zu vermeiden.
Das Ordnungsamt Bremen wird ebenfalls mit Verkehrsüberwachern im Einsatz sein und insbesondere rund um den Bürgerpark kontrollieren.
Die Polizei Bremen wünscht allen Besucherinnen und Besuchern einen schönen und sicheren Aufenthalt auf dem 990. Bremer Freimarkt!",53.094685,8.808282,district
68225.0,2025-10-13,14.10.2025,Osterholz,False,Sonstiges,Zeugen nach Bränden im Bremer Osten gesucht,"Bremen-Osterholz, Ellernerbrok-Schevemoor, Graubündener Straße/Sankt-Moritz-Straße",https://www.polizei.bremen.de/news/pressestelle/pressemeldungen-ab-01102025-65420,"Am Montagabend brannte es im Stadtteil Osterholz dreimal innerhalb kurzer Zeit. Die Polizei Bremen sucht Zeugen.
Zunächst meldete eine Anwohnerin gegen 21 Uhr ein brennendes Dixi-Klo in der Graubündener Straße. Etwa zwanzig Minuten später brannte eine Mülltonne in der Sankt-Moritz-Straße gefolgt von einer brennenden Fußmatte vor einem Imbiss in der Graubündener Straße. In allen drei Fällen konnten die Brände schnell gelöscht werden. Verletzt wurde niemand.
Die Polizei Bremen hat die Ermittlungen aufgenommen und sucht Zeugen, die am Montagabend zwischen 21 Uhr und 21:30 Uhr verdächtige Beobachtungen in dem Bereich gemacht hat. Insbesondere auch Personen und Geschäftsinhaber, die eine Videoüberwachung in dem Gebiet installiert haben, werden gebeten, sich beim Kriminaldauerdienst unter 0421 362-3888 zu melden.",53.055514,8.9507122,district
68325.0,2025-10-14,14.10.2025,Walle,False,Raub,Straßenräuber verletzt Passanten,"Bremen-Walle, OT Walle, Waller Ring",https://www.polizei.bremen.de/news/pressestelle/pressemeldungen-ab-01102025-65420,"Ein Straßenräuber verletzte am frühen Dienstagmorgen in Walle einen 60 Jahre alten Passanten schwer am Kopf und erbeutete Bargeld. Die Polizei sucht nach Zeugen.
Der 60-Jährige ging mit seinem 16-jährigen Sohn gegen 5 Uhr die Straße Waller Ring entlang, als sie von einem Unbekannten angesprochen und mit einem Metallgegenstand bedroht wurden. Der Mann verlangte die Herausgabe von Bargeld. Vater und Sohn versuchten zu flüchten, der 60 Jahre alte Bremer konnte aber vom Räuber gestoppt und mehrfach mit dem bisher noch unbekannten Gegenstand attackiert werden. Nachdem der Angreifer Geld ausgehändigt bekam, flüchtete er. Der Vater wurde mit schweren Kopfverletzungen in ein Krankenhaus gebracht.
Der Räuber wurde als etwa 190 bis 195 Zentimeter groß, kräftig und 25 bis 35 Jahre alt beschrieben. Er hatte dunkle Haare, einen dunklen Teint und war dunkel gekleidet. Zeugenhinweise nimmt der Kriminaldauerdienst unter 0421 362-3888 entgegen.",53.0990806,8.777015,address
68525.0,2025-10-14,15.10.2025,Huchting,False,Raub,Zeugen nach Raub in Mittelshuchting gesucht,"Bremen-Huchting, OT Mittelshuchting, Ortkampsweg /Bi’n Eekhoff",https://www.polizei.bremen.de/news/pressestelle/pressemeldungen-ab-01102025-65420,"Am Dienstagabend überfielen drei Unbekannte einen 57 Jahre alten Bremer auf der Straße. Die Polizei bittet mögliche Zeuginnen und Zeugen um Mithilfe.
Gegen 20.45 Uhr verließ der Mann den ÖPNV an der Haltestelle „Mittelshuchtinger Dorfstraße“. Dort sprach ihn eine Person an und forderte die Herausgabe seiner Geldbörse und seines Mobiltelefons. Als der Mann versuchte, sich zu entfernen, verfolgten ihn der mutmaßliche Täter und zwei weitere Personen.
An der Kreuzung Ortkampsweg / Bi’n Eekhoff griffen die drei den 57-Jährigen an und traten ihn mehrfach. Anschließend flüchteten sie in unbekannte Richtung. Danach bemerkte der Mann, dass seine Geldbörse fehlte.
Die drei Verdächtigen konnten wie folgt beschrieben werden:
-	etwa 15 Jahre alt
-	Schwarze, kurze Haare
-	dunkle Kleidung
-	Sprachen deutsch mit unbekannten Akzent
Die Polizei Bremen hat die Ermittlungen aufgenommen und bittet Zeuginnen und Zeugen, die zwischen 20:30 und 21:00 Uhr im Bereich der Haltestelle „Mittelshuchtinger Dorfstraße“ und der Kreuzung Ortkampswegweg / Bi’n Eekhoff verdächtige Beobachtungen gemacht haben, sich beim Kriminaldauerdienst der Polizei Bremen unter Telefon 0421 362-3888 zu melden.",53.0519445,8.7422973,district
68625.0,2025-10-10,15.10.2025,Woltmershausen,False,Einbruch,Hochwertiges Werkzeug entwendet - Polizei sucht Zeugen,"Bremen-Woltmershausen, OT Woltmershauen, Carl-Stockhinger-Straße Bremen",https://www.polizei.bremen.de/news/pressestelle/pressemeldungen-ab-01102025-65420,"Aus einer Werkshalle in Woltmershausen wurden zwischen dem 10.10.2025 und dem 13.10.2025 bei einem Einbruch zahlreiche Werkzeuge gestohlen.
Unbekannte verschafften sich über das Wochenende Zutritt zu dem Gebäude in der Carl-Stockhinger-Straße. Nachdem sie den Geländezaun aufgeschnitten und ein Fenster gewaltsam geöffnet hatten, gelangten die Täter vermutlich über eine Leiter in die Werkshalle.
Dort entwendeten sie eine Vielzahl verschiedener Hand- und Elektrowerkzeuge, darunter zum Beispiel Akkuschrauber und Winkelschleifer.
Das Diebesgut wurde möglicherweise mit einem Fahrzeug abtransportiert.
Die Polizei sicherte Spuren am Tatort um nahm die Ermittlungen auf. Zeuginnen und Zeugen, welche von Freitag, 10.10.2025, ca. 17.00 Uhr bis zum 13.10.2025, ca. 05.30 Uhr, verdächtige Beobachtungen im Gewerbegebiet Carl-Stockhinger-Straße / Senator-Apelt-Straße gemacht haben, werden gebeten, sich beim Kriminaldauerdienst der Polizei Bremen unter Telefon 0421 362-3888 zu melden.",53.0781356,8.7575507,address
68725.0,2025-10-16,16.10.2025,Mitte,False,Toetungsdelikt,Auseinandersetzung in der Friedrich-Rauers-Straße,"Bremen-Mitte, OT Bahnhofsvorstadt, Friedrich-Rauers-Straße",https://www.polizei.bremen.de/news/pressestelle/pressemeldungen-ab-01102025-65420,"In der Nacht von Mittwoch auf Donnerstag kam es in der Friedrich-Rauers-Straße in der Bremer Innenstadt zu einer gewaltsamen Auseinandersetzung, bei der zwei Männer verletzt wurden – einer von ihnen schwer, der andere lebensgefährlich.
Einsatzkräfte der Polizei fanden die beiden blutverschmierten Männer in einem Container auf der sogenannten Toleranzfläche in der Friedrich-Rauers-Straße. Beide wurden umgehend notärztlich versorgt und in Krankenhäuser gebracht.
Die genauen Hintergründe der Tat sind derzeit unklar. Die Mordkommission hat die Ermittlungen aufgenommen. Zeugen, die Hinweise zu dem Vorfall geben können, werden gebeten, sich beim Kriminaldauerdienst unter der Telefonnummer 0421 362-3888 zu melden.",53.0864305,8.8033814,address
69025.0,2025-10-15,16.10.2025,Walle,False,Sonstiges,Zivilkräfte der Polizei unterbinden illegales Straßenrennen,"Bremen-Walle, OT Überseestadt, Hafenstraße/Überseetor",https://www.polizei.bremen.de/news/pressestelle/pressemeldungen-ab-01102025-65420,"In der Bremer Überseestadt lieferten sich am Mittwochabend zwei Autofahrer ein illegales Straßenrennen. Zivile Einsatzkräfte der Polizei Bremen unterbanden dies und beschlagnahmten die Führerscheine der beiden Männer.
Zwei BMW fielen den Zivilkräften im Bereich Konsul-Schmidt-Straße/Überseetor auf, nachdem die Fahrer dort zunächst verkehrskonform unterwegs waren. Beim Abbiegen in die Hafenstraße beschleunigten sie dann jedoch auf etwa 100 km/h.
Noch bevor das zivile Polizeifahrzeug zu den beiden Autos aufschließen konnte, führten diese auf der nassen, kurvenreichen Fahrbahn wechselseitige Überholmanöver durch.
Die Polizisten stoppten die Fahrzeuge kurze Zeit später und kontrollierten die Fahrer. In Absprache mit der Staatsanwaltschaft Bremen wurden die Führerscheine des 19- und des 21-jährigen Fahrzeugführers beschlagnahmt.
Illegale Straßenrennen gefährden nicht nur die Beteiligten, sondern auch unbeteiligte Verkehrsteilnehmende erheblich.
Die Polizei Bremen wird auch weiterhin konsequent gegen illegale Straßenrennen vorgehen.",53.1028746,8.783049,district
69125.0,2025-10-16,17.10.2025,Mitte,False,Waffendelikt,"Polizei beschlagnahmt Kokain, Heroin und Waffen - Drogendealer festgenommen","Bremen-Mitte, OT Bahnhofsvorstadt, Bürgermeister-Smidt-Straße",https://www.polizei.bremen.de/news/pressestelle/pressemeldungen-ab-01102025-65420,"Am Donnerstag durchsuchten Zivilpolizisten eine Wohnung in Mitte. Dabei fanden sie Kokain, Heroin und Waffen. Ein 52 Jahre alter Tatverdächtiger wurde vorläufig festgenommen.
Der Durchsuchung vorangegangen waren Ermittlungen der Ermittlungsgruppe (EG) Straßendeal. Schon seit mehreren Wochen hatten die Ermittlerinnen und Ermittler ein Haus an der Bürgermeister-Smidt-Straße im Fokus. Donnerstagmittag vollstreckten Zivilpolizisten einen Durchsuchungsbeschluss für eine dortige Wohnung, aus der heraus offensichtlich mit Drogen gehandelt wurde. Dort trafen sie auf den 52-jährigen mutmaßlichen Drogenhändler, der neben sich ca. 40 Gramm Kokain und 13 Gramm Heroin sowie griffbereit ein Messer und einen Teleskopschlagstock gebunkert hatte. Bei der anschließenden Wohnungsdurchsuchung fanden die Polizisten zwei Schreckschusswaffen, Reizgas, Bargeld in szenetypischer Stückelung, eine Feinwaage und weitere Beweismittel, wie ein Mobiltelefon.
Die Sachen wurden beschlagnahmt, der 52-Jährige festgenommen. Gegen ihn werden aktuell Haftgründe geprüft. Die weiteren Ermittlungen dauern an.",53.0832266,8.8088173,address
69225.0,2025-10-16,17.10.2025,Gröpelingen,False,Einbruch,Einbrecherin versteckt sich im Kleiderschrank,"Bremen-Gröpelingen, OT Ohlenhof, Güstrower Straße",https://www.polizei.bremen.de/news/pressestelle/pressemeldungen-ab-01102025-65420,"Am Donnerstagmittag stellten Einsatzkräfte der Polizei Bremen eine 30-jährige Einbrecherin in Gröpelingen. Nachdem aufmerksame Zeugen den Einbruch meldeten, hatte sie noch versucht, sich im Kleiderschrank zu verstecken.
Kurz vor 14 Uhr meldeten Anwohner einen mutmaßlichen Einbruch in eine Wohnung in der Güstrower Straße. Die schnell eintreffenden Einsatzkräfte umstellten das Haus und durchsuchten die betreffende Wohnung. Dabei entdeckten sie die 30-Jährige zwischen mehreren Decken und Kissen versteckt im Kleiderschrank. Die Frau wurde für die weiteren polizeilichen Maßnahmen mit zu einer Wache genommen.
Laut Zeugenaussagen war noch eine weitere Frau an der Tat beteiligt. Die Ermittlungen zu ihr dauern aktuell an.",53.122991,8.7551964,address
69325.0,2025-10-17,18.10.2025,Mitte,False,Raub,Polizei sucht nach Schmuckräubern,"Bremen-Mitte, OT Altstadt, Am Wall",https://www.polizei.bremen.de/news/pressestelle/pressemeldungen-ab-01102025-65420,"Nach einem Schmuckraub am Freitagabend in der Bremer Altstadt sucht die Polizei nach Zeugen.
Ein Ehepaar ging gegen 18.05 Uhr in den Wallanlagen in Richtung Am Wall, als ihnen in Höhe
Bischofsnadel ein Unbekannter entgegenkam und den Arm der 56-jährigen Frau ergriff. Als ihr Mann
zur Hilfe eilte, attackierten ihn zwei weitere Männer und sprühten dem 55-Jährigen Pfefferspray ins
Gesicht. Dabei entriss das Trio die Uhren von den Handgelenken des Paares. Dazu raubten sie noch
ein goldenes Armband des Ehemannes und ihre Eheringe. Anschließend flüchteten die Räuber in
unbekannte Richtung. Das Ehepaar erlitt leichte Blessuren und wurde vorsorglich von Rettungskräften behandelt.
Die Täter sollen etwa 1,70 bis 1,80 Meter groß, ca. 20 bis 25 Jahre alt, mit kurzen schwarzen Haaren
und schlank sein. Zur Tatzeit waren sie dunkel gekleidet, zwei mit schwarzen Lederjacken. Einer eine
Jeansjacke mit Fellkragen. Zeugenhinweise gehen an den Kriminaldauerdienst unter der Rufnummer
0421 362-3888.
Objekte der Begierde von Straßenräubern sind in der Regel Smartphones, Uhren, Schmuck und
mitgeführtes Bargeld. Deswegen rät die Polizei: Achten Sie auf Ihre Wertsachen! Verwahren Sie
Wertgegenstände in verschließbaren Innentaschen und achten Sie auf Ihre Uhren und Schmuck.
Weitere Verhaltenstipps und Hinweise gibt es beim Präventionszentrum der Polizei Bremen unter
(0421) 362-19003, bzw. unter www.Polizei.Bremen.de oder www.polizei-beratung.de.
Seite 1 von 1",53.0810445,8.8009342,address
69425.0,2025-10-18,18.10.2025,Neustadt,False,Sonstiges,Hausbesetzung in der Neustadt,"Bremen-Neustadt, OT Buntentor, Kornstraße",https://www.polizei.bremen.de/news/pressestelle/pressemeldungen-ab-01102025-65420,"Am Samstag verschafften sich mehrere Personen Zugang zu einem leerstehenden Haus in der Bremer Neustadt. Die Polizei ist präsent vor Ort.
Heute Mittag betraten mehrere Personen das leere Gebäude an der Kornstraße und klebten die Fensterscheiben mit Zeitungspapier ab. Zudem wurden Banner u.a. mit den Aufschriften „Besetzt“, „Häuser denen die sie brauchen“, „Leerstand aufs Korn nehmen“ am Gebäude angebracht.
Eine Aktivisten-Gruppe „Leerstand gestalten“ bekannte sich zu der Aktion, die von der Polizei zunächst als Versammlung deklariert wurde. Ein Eigentümer konnte bislang nicht erreicht werden.
Aktuell versammeln sich etwa 75 Personen solidarisch in der Kornstraße. Die polizeilichen Maßnahmen dauern an.",53.0528117,8.8173672,address
69525.0,2025-10-19,19.10.2025,Huchting,False,Sachbeschaedigung,Nächtliche Hausparty artet aus,"Bremen-Huchting, OT Grolland",https://www.polizei.bremen.de/news/pressestelle/pressemeldungen-ab-01102025-65420,"Mit mehreren Streifenwagen rückte die Polizei in der Nacht zu Sonntag zu einem Einsatz in Grolland aus. Dort war eine private Feier aus dem Ruder gelaufen.
Nachbarn hatten sich über Lärm beschwert.
Mehrere Bewohner einer kleinen Wohnstraße in Grolland hatten sich nachts über laute Musik und Lärm auf der Straße beklagt. Ursprung der Ruhestörung war ein Nachbarhaus, wo junge Leute lautstark eine Party feierten. Eine 17-Jährige hatte ursprünglich zu einer kleinen Feier eingeladen, wobei diese offenbar über soziale Medien öffentlich gemacht wurde. In der Spitze erschienen rund 200 Jugendliche, die nicht eingeladen waren und auch nicht alle ins Haus passten.
Die alarmierte Polizei musste die Grundstückseinfahrt absperren, da immer mehr ungebetene Gäste eintrafen und sich über den Garten Zugang verschafften. Sie verließen den Einsatzort erst nach Aufforderung durch Polizeikräfte. Während der ausgearteten Party war es im Wohnhaus lediglich zu Verschmutzungen gekommen. Die Gastgeberin stellte dazu fest, dass aus ihrem Geldbeutel, der sich im Obergeschoss befand, Bargeld gestohlen wurde. Nach Mitternacht erschienen erneut bis zu 60 laut pöbelnde Jugendliche, die weiterfeiern wollten und dabei eine Terrassentür eintraten.
Die aufgeheizte Situation konnte nur mit einem größeren Aufgebot von 12 Streifenwagen beruhigt werden. Nach einer Personenkontrolle begleiteten die Einsatzkräfte die Gruppe zur nah gelegenen Bahnhaltestelle. Dabei kam es zu Beleidigungen gegenüber den einschreitenden Polizisten. Dazu wurden Anzeigen wegen Sachbeschädigung und Diebstahl aufgenommen. Der Einsatz endete gegen 3 Uhr, in Grolland kehrte anschließend Ruhe ein.",53.0519445,8.7422973,district
81325.0,2025-12-09,09.12.2025,Burglesum,False,Koerperverletzung,Reizgas in Schule in Burglesum versprüht,"Bremen-Burglesum, OT Burgdamm, Helsinkistraße",https://www.polizei.bremen.de/news/pressestelle/pressemeldungen-ab-09122025-66024,"Unbekannte setzten am Dienstagmittag Reizgas in einer Schule im Ortsteil Burgdamm ein. Mehrere Schülerinnen und Schüler erlitten Augenreizungen. Die Polizei Bremen ermittelt.
Nach derzeitigen Erkenntnissen wurde im Bereich der Sanitäranlagen des Lehrgebäudes in der Helsinkistraße Pfefferspray versprüht. Mehrere Personen klagten anschließend über Reizungen in den Augen und ließen sich von Rettungskräften behandeln. Insgesamt wurden zehn Schülerinnen und Schüler sowie Lehrkräfte vorsorglich zur weiteren Behandlung in ein Krankenhaus gebracht. Der Schulbetrieb wurde durch die Schulleitung eingestellt.
Die weiteren Ermittlungen wegen gefährlicher Körperverletzung dauern an.",53.1715329,8.7231597,address
81425.0,2025-12-09,10.12.2025,Gröpelingen,False,Raub,Räuber flieht ohne Beute – Polizei sucht Zeugen,"Bremen-Gröpelingen, OT Oslebshausen, Schragestraße",https://www.polizei.bremen.de/news/pressestelle/pressemeldungen-ab-09122025-66024,"Am Dienstagmittag versuchte ein maskierter Mann, ein Modegeschäft in Oslebshausen zu überfallen. Der Täter flüchtete jedoch ohne Beute, nachdem er gestört wurde. Die Polizei bittet nun um Hinweise aus der Bevölkerung.
Der Mann betrat gegen 13 Uhr das Geschäft in der Schragestraße. Mit einer Stricksturmhaube getarnt, bedrohte er die 61-jährige Verkäuferin mit einem Messer und forderte sie auf, die Kasse zu öffnen. Als jedoch eine Kundin im Laden auftauchte und die Verkäuferin um Hilfe rief, flüchtete der Täter ohne Beute.
Er wurde wie folgt beschrieben: Etwa 1,70-1,75 Meter groß, mit einer schlanken Figur, bekleidet mit einer schwarzen Weste, einer Jeanshose und einer schwarzen Strickhaube. Der Mann hatte dunkle Augen und sprach mit einem osteuropäischen Akzent.
Die Polizei bittet Zeugen, die Hinweise zu dem Vorfall geben können, sich unter der Telefonnummer 0421 362-3888 beim Kriminaldauerdienst zu melden. Auch die Kundin, die zum Zeitpunkt des Vorfalls im Laden war, wird gebeten, sich mit der Polizei in Verbindung zu setzen, da sie bei der Sachverhaltsaufnahme nicht mehr vor Ort war.",53.1371338,8.7440874,address
81525.0,2025-12-09,10.12.2025,Gröpelingen,False,Waffendelikt,Polizei sucht Zeugen nach versuchtem Raubüberfall in Gröpelingen,"Bremen-Gröpelingen, OT Lindenhof, Liegnitzstraße",https://www.polizei.bremen.de/news/pressestelle/pressemeldungen-ab-09122025-66024,"Zwei Unbekannte versuchten am Dienstag in Gröpelingen, einen 43 Jahre alten Mann auszurauben. Dabei bedrohten sie ihn und seine Freundin mit einer Schusswaffe und sprühten ihm Pfefferspray ins Gesicht. Die Polizei sucht Zeugen.
Gegen 23:25 Uhr verließ der 43-Jährige gemeinsam mit seiner Partnerin nach Feierabend ein Restaurant in der Liegnitzstraße, als sich ihnen kurz darauf zwei maskierte Männer näherten. Während einer von ihnen mit der Schusswaffe in Richtung des 43-Jährigen zielte, bedrohte ihn sein Komplize auf türkisch mit den Worten: „Beweg dich nicht, ich werde dich umbringen.“ Als das Pärchen flüchten wollte, sprühte einer der Angreifer Reizgas ins Gesicht des Mannes. Das Duo flüchtete anschließend in Richtung Lindenhofstraße. Der 43 Jahre alte Mann musste von Rettungssanitätern vor Ort wegen Augenreizung behandelt werden.
Die Täter sollen beide zwischen 1,80 und 1,85 Meter groß und beide dünn sein. Sie trugen beide eine schwarze Skimaske und schwarze Kleidung. Einer von ihnen hatte eine schwarze Hautfarbe. Der zweite Täter der auf türkisch sprach, hatte einen dunklen Teint.
Zeugenhinweise nimmt der Kriminaldauerdienst jederzeit unter 0421 362-3888 entgegen.",53.1123889,8.7538949,address
81625.0,2025-12-10,11.12.2025,Mitte,False,Koerperverletzung,Hitlergruß gezeigt,"Bremen-Mitte, OT Bahnhofsvorstadt, Bahnhofplatz",https://www.polizei.bremen.de/news/pressestelle/pressemeldungen-ab-09122025-66024,"Am Mittwochabend zeigte ein 41-Jähriger in der Bahnhofsvorstadt den Hitlergruß.
Der psychisch auffällige Mann wurde anschließend einer psychiatrischen Einrichtung zugeführt.
Gegen 22.40 Uhr zeigte der aggressive 41-Jährige am Bahnhof den Hitlergruß und rief dabei lautstark verfassungsfeindliche NS-Parolen. Zuvor war er in eine körperliche Auseinandersetzung mit einer Frau geraten. Alarmierte Einsatzkräfte nahmen den unter Drogen- und Alkoholeinfluss stehenden Bremer für weitere Maßnahmen mit zur Wache. Dabei leistete er Widerstand, so dass er am Boden fixiert und ihm Handfesseln angelegt werden musste.
Gegen den Mann wird unter anderem wegen Verwenden von Kennzeichen verfassungswidriger Organisationen und Widerstand gegen Vollstreckungsbeamte ermittelt. Nach einer Begutachtung wurde er in einer psychiatrischen Einrichtung untergebracht.",53.0786741,8.8109045,district
81725.0,2025-12-10,11.12.2025,Mitte,False,Diebstahl,Ladendieb geht in Haft,"Bremen-Mitte, OT Altstadt, Sögestraße",https://www.polizei.bremen.de/news/pressestelle/pressemeldungen-ab-09122025-66024,"Einsatzkräfte der Polizei Bremen nahmen am Mittwochnachmittag nach einem Ladendiebstahl in der Bremer Altstadt einen 26 Jahre alten Mann fest. Ein Haftrichter erließ Haftbefehl gegen den Mann.
Gegen 14:25 Uhr wurden die Polizisten in die Sögestraße gerufen. Der 26-Jährige war von einem Sicherheitsdienstmitarbeiter des Bekleidungsgeschäftes dabei erwischt worden, als er drei Jacken entwendete. Als er ihn anschließend ansprach, bedrohte der 26-Jährige ihn und versuchte zu flüchten. Die bereits alarmierten Einsatzkräfte stellten den Dieb noch im Nahbereich. Er wurde in eine Polizeiwache gebracht. Im Verlauf der Ermittlungen konnten ihm weitere, gleichgelagerte Delikte zugeordnet werden.
Die Polizei fertigte Strafanzeigen, unter anderem wegen Diebstahl und Bedrohung. Eine Haftprüfung gegen den 26-Jährigen wegen Wiederholungsgefahr verlief positiv. Er wurde der Justizvollzugsanstalt überstellt.",53.0768682,8.806821,address
81825.0,2025-12-10,11.12.2025,Gröpelingen,False,Diebstahl,Autoknacker setzt auf Tarnmodus,"Bremen-Gröpelingen, OT Ohlenhof, Humannstraße",https://www.polizei.bremen.de/news/pressestelle/pressemeldungen-ab-09122025-66024,"Ein 29 Jahre alter Autoknacker entschied sich am Mittwochabend in Gröpelingen für eine ungewöhnliche Taktik: Statt zu fliehen, stellte er sich einfach schlafend.
Eine 51 Jahre alte Bremerin wollte gemeinsam mit ihrer 26-jährigen Tochter in der Humannstraße gerade in ihr Auto steigen, als sie im Innenraum einen „Besucher“ entdeckten: einen Mann, der seelenruhig das Fahrzeug gründlich durchwühlte.
Die Frauen alarmierten umgehend die Polizei. Der Dieb reagierte darauf mit einer eher ungewöhnlichen Strategie: Er verriegelte die Türen, setzte sich auf die Rückbank und tat so, als würde er schlafen – offenbar in der Hoffnung, nach dem Motto: „Wenn ich euch nicht sehe, seht ihr mich auch nicht.“
Eine interessante Theorie, die sich jedoch als wenig praxistauglich erwies. Die eintreffenden Einsatzkräfte „weckten“ den Mann, begleiteten ihn freundlich aus dem Fahrzeug und nahmen ihn vorläufig fest.
Fazit: Auch wenn jetzt die stille Zeit des Jahres naht – auf der Rückbank Fremder bleibt sie erfahrungsgemäß kurz.",53.1266617,8.7552716,address
82025.0,2025-12-11,12.12.2025,Mitte,False,Drogendelikt,Kontrollen am Bahnhof und im Viertel,"Bremen-Mitte/Östliche Vorstadt, OT Bahnhofsvorstadt/Steintorviertel",https://www.polizei.bremen.de/news/pressestelle/pressemeldungen-ab-09122025-66024,"Die Polizei Bremen führte am Donnerstag mit uniformierten und zivilen Kräften in der Bahnhofsvorstadt sowie im Steintorviertel Kontrollen durch. Dabei wurden über 70 Personen kontrolliert und Cannabis sowie weitere Drogen beschlagnahmt.
Ab dem frühen Nachmittag bis in den Abend hinein stand die Bekämpfung der Drogen- und Straßenkriminalität im Fokus der offenen und verdeckten Maßnahmen. Insgesamt wurden 73 Personen kontrolliert. Die Einsatzkräfte stellten dabei diverse Verstöße fest und beschlagnahmten unter anderem mehrere Verkaufseinheiten Cannabis und mehrere Kleidungsstücke mit Sicherheitsetiketten. Mit Hilfe von Diensthunden wurden Drogenbunker aufgespürt. Neben Heroin und Crack wurden zudem diverse verschreibungspflichtige Medikamente aufgefunden. Es wurden entsprechende Strafanzeigen gefertigt und 32 Platzverweise erteilt. Die weiteren Ermittlungen hierzu dauern an.
Die Polizei Bremen setzt sich verstärkt für die Bekämpfung der Straßenkriminalität ein und wird diese Bemühungen auch mit anderen Sicherheitsbehörden fortsetzen.",53.0786741,8.8109045,district
82025.0,2025-12-11,12.12.2025,Östliche Vorstadt,False,Drogendelikt,Kontrollen am Bahnhof und im Viertel,"Bremen-Mitte/Östliche Vorstadt, OT Bahnhofsvorstadt/Steintorviertel",https://www.polizei.bremen.de/news/pressestelle/pressemeldungen-ab-09122025-66024,"Die Polizei Bremen führte am Donnerstag mit uniformierten und zivilen Kräften in der Bahnhofsvorstadt sowie im Steintorviertel Kontrollen durch. Dabei wurden über 70 Personen kontrolliert und Cannabis sowie weitere Drogen beschlagnahmt.
Ab dem frühen Nachmittag bis in den Abend hinein stand die Bekämpfung der Drogen- und Straßenkriminalität im Fokus der offenen und verdeckten Maßnahmen. Insgesamt wurden 73 Personen kontrolliert. Die Einsatzkräfte stellten dabei diverse Verstöße fest und beschlagnahmten unter anderem mehrere Verkaufseinheiten Cannabis und mehrere Kleidungsstücke mit Sicherheitsetiketten. Mit Hilfe von Diensthunden wurden Drogenbunker aufgespürt. Neben Heroin und Crack wurden zudem diverse verschreibungspflichtige Medikamente aufgefunden. Es wurden entsprechende Strafanzeigen gefertigt und 32 Platzverweise erteilt. Die weiteren Ermittlungen hierzu dauern an.
Die Polizei Bremen setzt sich verstärkt für die Bekämpfung der Straßenkriminalität ein und wird diese Bemühungen auch mit anderen Sicherheitsbehörden fortsetzen.",53.07023,8.84098,district
82225.0,2025-12-14,13.12.2025,Mitte,False,Sonstiges,Werder gegen Stuttgart,Bremen-Weserstadion,https://www.polizei.bremen.de/news/pressestelle/pressemeldungen-ab-09122025-66024,"Am Sonntagabend empfängt der SV Werder Bremen um 19:30 Uhr im Weserstadion den VfB Stuttgart. Der Veranstalter rechnet mit einem ausverkauften Stadion.
Es wird das übliche Verkehrskonzept angewandt: Der Osterdeich wird für den Individualverkehr zwischen Sielwall und Stader Straße circa zweieinhalb Stunden vor und etwa eine Stunde nach Spielende gesperrt. Am Stadion und in unmittelbarer Nähe stehen keine Parkplätze zur Verfügung. Kurzfristige Straßensperrungen durch die Polizei aufgrund von Einsatzmaßnahmen im Stadionumfeld und im gesamten Innenstadtbereich sind möglich.
Aufgrund von anhaltenden Bauarbeiten an der Weserbrücke, ist mit erheblichen Verkehrsstörungen, in beiden Fahrtrichtungen der BAB 1, zu rechnen.
Im Umfeld von Fußballspielen kommt es immer wieder zu einer Häufung von Autoaufbrüchen. Die Polizei rät: Lassen Sie keine Wertgegenstände in den Fahrzeugen.",53.0786741,8.8109045,district
82325.0,2025-12-12,13.12.2025,Obervieland,False,Waffendelikt,Auseinandersetzung in Kattenturm,"Bremen-Obervieland, OT Kattenturm, Agnes-Heineken-Straße",https://www.polizei.bremen.de/news/pressestelle/pressemeldungen-ab-09122025-66024,"Am Freitagabend gerieten in Kattenturm etwa 15 Jugendliche in eine Schlägerei. Dabei wurden auch Waffen eingesetzt, darunter Pfefferspray und eine Schreckschusswaffe. Drei Personen erlitten leichte Verletzungen.
Die Auseinandersetzung begann auf einem Parkplatz und eskalierte schnell. Mehrere Waffen kamen zum Einsatz, darunter laut Zeugenaussagen Messer, eine augenscheinliche Schreckschusswaffe, Pfefferspray und mindestens ein Schlagstock. Die Gruppe verlagerte sich anschließend in den Bereich Agnes-Heineken-Straße wo alle Beteiligten in unterschiedliche Richtungen flohen.
Die Polizei sicherte am Tatort Spuren und stellte im Rahmen der Fahndung die Personalien von mehreren Beteiligten und Zeugen im Alter zwischen 15 und 22 Jahren fest. Zudem wurden unter anderem Pfefferspray und ein Teleskopschlagstock sichergestellt. Zwei Personen erlitten Augenreizungen, ein 20-Jähriger hatte eine Kopfplatzwunde.
Die Ermittlungen zu den Hintergründen der Auseinandersetzung dauern an. Zeugen, die sachdienliche Hinweise geben können, werden gebeten, sich unter der Telefonnummer 0421 362-3888 beim Kriminaldauerdienst zu melden.",53.0369677,8.8315042,address
82425.0,2025-12-12,13.12.2025,Gröpelingen,False,Raub,Räuber überfällt Apotheke – Polizei sucht Zeugen,"Bremen-Gröpelingen, OT Oslebshausen, Oslebshauser Heerstraße",https://www.polizei.bremen.de/news/pressestelle/pressemeldungen-ab-09122025-66024,"Am Freitagabend, gegen 18:30 Uhr, überfiel ein maskierter Mann eine Apotheke in der Oslebshauer Heerstraße im Ortsteil Oslebshausen. Der Täter bedrohte die 63-jährige Mitarbeiterin mit einer Schusswaffe und erbeutete Bargeld.
Als die Frau den Mann mit der Waffe in der Hand erblickte, rannte sie sofort in die hinteren Räume der Apotheke. Der Räuber begab sich daraufhin zur Kasse, griff das Bargeld und flüchtete anschließend in Richtung Am Nonnenberg.
Der Täter wurde als etwa 20 Jahre alt und schlank beschrieben. Er trug einen dunklen Kapuzenpullover, dessen Kapuze er über den Kopf gezogen hatte, sowie eine schwarze Stoffmaske, die Mund und Nase bedeckte. Zudem war er mit einer dunklen Hose, die im Bereich des Oberschenkels camouflage-gemustert war, und dunklen Schuhen mit heller Sohle und einem hellen Halbkreis am Fußrücken bekleidet.
Die Polizei Bremen hat die Ermittlungen aufgenommen und bittet Zeugen, sich unter der Telefonnummer 0421 362-3888 beim Kriminaldauerdienst zu melden, falls sie Hinweise auf den Täter oder den Vorfall geben können.",53.1291132,8.7438481,address
82525.0,2025-12-13,14.12.2025,Mitte,False,Sonstiges,Polizei begleitet Versammlung und fertigt Anzeigen,Bremen-Mitte-Östliche Vorstadt,https://www.polizei.bremen.de/news/pressestelle/pressemeldungen-ab-09122025-66024,"Am Samstagabend versammelten sich in der Bremer Innenstadt rund 380 Menschen, um gegen Rassismus in der Polizei zu demonstrieren. Hierbei kam es zu Beleidigungen und weiteren Verstößen.
Die Polizei Bremen begleitete den Aufzug, gewährleistete die Versammlungsfreiheit und stellte einen lageangepassten Ablauf sicher.
Nach einer Auftaktkundgebung am Brill setzte sich der Aufzug in Bewegung. Während der Versammlung skandierten Teilnehmende wiederholt beleidigende und herabwürdigende Parolen wie „Hass, Hass, Hass wie noch nie – All Cops are Bastards (ACAB)“, „Alle Bullen sind Schweine“, „Deutsche Polizisten, Mörder und Faschisten“ sowie „Bullenschweine raus aus dem Viertel“.
Im Verlauf des Aufzugs zündeten Teilnehmende pyrotechnische Gegenstände, darunter bengalische Feuer und Knallkörper. Durch ein bengalisches Feuer geriet im Bereich Ostertorsteinweg ein Bauschutthaufen kurzzeitig in Brand, der durch Polizeikräfte umgehend gelöscht wurde. Zeitweise vermummten sich Teilnehmende, sodass der Aufzug kurzzeitig angehalten und per Lautsprecherdurchsagen zur Einhaltung der Auflagen aufgefordert wurde.
Aufgrund der festgestellten und dokumentierten Verstöße fertigten die Einsatzkräfte mehrere Strafanzeigen, unter anderem wegen Auflagenverstößen, Vermummung sowie Volksverhetzung. Die weitere Auswertung dauert an.",53.0786741,8.8109045,district
82525.0,2025-12-13,14.12.2025,Östliche Vorstadt,False,Sonstiges,Polizei begleitet Versammlung und fertigt Anzeigen,Bremen-Mitte-Östliche Vorstadt,https://www.polizei.bremen.de/news/pressestelle/pressemeldungen-ab-09122025-66024,"Am Samstagabend versammelten sich in der Bremer Innenstadt rund 380 Menschen, um gegen Rassismus in der Polizei zu demonstrieren. Hierbei kam es zu Beleidigungen und weiteren Verstößen.
Die Polizei Bremen begleitete den Aufzug, gewährleistete die Versammlungsfreiheit und stellte einen lageangepassten Ablauf sicher.
Nach einer Auftaktkundgebung am Brill setzte sich der Aufzug in Bewegung. Während der Versammlung skandierten Teilnehmende wiederholt beleidigende und herabwürdigende Parolen wie „Hass, Hass, Hass wie noch nie – All Cops are Bastards (ACAB)“, „Alle Bullen sind Schweine“, „Deutsche Polizisten, Mörder und Faschisten“ sowie „Bullenschweine raus aus dem Viertel“.
Im Verlauf des Aufzugs zündeten Teilnehmende pyrotechnische Gegenstände, darunter bengalische Feuer und Knallkörper. Durch ein bengalisches Feuer geriet im Bereich Ostertorsteinweg ein Bauschutthaufen kurzzeitig in Brand, der durch Polizeikräfte umgehend gelöscht wurde. Zeitweise vermummten sich Teilnehmende, sodass der Aufzug kurzzeitig angehalten und per Lautsprecherdurchsagen zur Einhaltung der Auflagen aufgefordert wurde.
Aufgrund der festgestellten und dokumentierten Verstöße fertigten die Einsatzkräfte mehrere Strafanzeigen, unter anderem wegen Auflagenverstößen, Vermummung sowie Volksverhetzung. Die weitere Auswertung dauert an.",53.07023,8.84098,district
82625.0,2025-12-12,14.12.2025,Findorff,False,Sonstiges,Achtung Betrug: Falsche Polizisten erbeuten Bargeld und Schmuck,Bremen-Findorff-Schwachhausen,https://www.polizei.bremen.de/news/pressestelle/pressemeldungen-ab-09122025-66024,"Mit erfundenen Legenden haben falsche Polizisten am Freitag in Findorff und in Schwachhausen zwei Seniorinnen um Bargeld und Schmuck gebracht. Die Polizei Bremen ermittelt und warnt vor dieser Betrugsmasche.
Am Freitagmorgen rief ein unbekannter Mann eine 94-jährige Bremerin an und gab sich als Polizeibeamter aus. Er behauptete, die Polizei habe „zwei Ausländer, zwei Rumänen“ festgenommen, bei denen eine Liste mit potenziellen Opfern gefunden worden sei – darunter auch der Name der Seniorin. Durch gezielte Fragen und massiven Druck brachte der Anrufer die Frau dazu, Bargeld in eine Tüte zu packen und aus dem Fenster zu werfen. Ein angeblicher Polizist nahm das Geld vor dem Haus an sich und verschwand.
Am frühen Freitagnachmittag erhielt eine 68-Jährige einen Anruf von einer anonymen Nummer. Auch hier gab sich ein Mann als Polizist aus und erzählte von angeblichen Betrugsfällen in der Nachbarschaft. Der Name der Frau stehe ebenfalls auf einer Liste. Zum „Schutz“ sollten ihre Wertgegenstände sichergestellt werden. Die Bremerin legte daraufhin auf Anweisung des Anrufers ihre hochwertige Armbanduhr in einen Beutel vor ihre Wohnungstür. Kurz darauf erschien ein Mann, nahm die Beute an sich und flüchtete unerkannt.
Die Polizei warnt:
Dem Einfallsreichtum der Täter sind keine Grenzen gesetzt. Geben Sie keine Auskünfte über Ihre finanzielle Situation oder Wertgegenstände am Telefon. Die Polizei wird Sie niemals nach Geld oder Schmuck fragen oder um deren Herausgabe bitten – das tun ausschließlich Betrüger. Legen Sie in solchen Fällen sofort auf und informieren Sie die Polizei über den kostenlosen Notruf 110.
Weitere Informationen finden Sie unter der Rubrik ""Prävention"".",53.094685,8.808282,district
82625.0,2025-12-12,14.12.2025,Schwachhausen,False,Sonstiges,Achtung Betrug: Falsche Polizisten erbeuten Bargeld und Schmuck,Bremen-Findorff-Schwachhausen,https://www.polizei.bremen.de/news/pressestelle/pressemeldungen-ab-09122025-66024,"Mit erfundenen Legenden haben falsche Polizisten am Freitag in Findorff und in Schwachhausen zwei Seniorinnen um Bargeld und Schmuck gebracht. Die Polizei Bremen ermittelt und warnt vor dieser Betrugsmasche.
Am Freitagmorgen rief ein unbekannter Mann eine 94-jährige Bremerin an und gab sich als Polizeibeamter aus. Er behauptete, die Polizei habe „zwei Ausländer, zwei Rumänen“ festgenommen, bei denen eine Liste mit potenziellen Opfern gefunden worden sei – darunter auch der Name der Seniorin. Durch gezielte Fragen und massiven Druck brachte der Anrufer die Frau dazu, Bargeld in eine Tüte zu packen und aus dem Fenster zu werfen. Ein angeblicher Polizist nahm das Geld vor dem Haus an sich und verschwand.
Am frühen Freitagnachmittag erhielt eine 68-Jährige einen Anruf von einer anonymen Nummer. Auch hier gab sich ein Mann als Polizist aus und erzählte von angeblichen Betrugsfällen in der Nachbarschaft. Der Name der Frau stehe ebenfalls auf einer Liste. Zum „Schutz“ sollten ihre Wertgegenstände sichergestellt werden. Die Bremerin legte daraufhin auf Anweisung des Anrufers ihre hochwertige Armbanduhr in einen Beutel vor ihre Wohnungstür. Kurz darauf erschien ein Mann, nahm die Beute an sich und flüchtete unerkannt.
Die Polizei warnt:
Dem Einfallsreichtum der Täter sind keine Grenzen gesetzt. Geben Sie keine Auskünfte über Ihre finanzielle Situation oder Wertgegenstände am Telefon. Die Polizei wird Sie niemals nach Geld oder Schmuck fragen oder um deren Herausgabe bitten – das tun ausschließlich Betrüger. Legen Sie in solchen Fällen sofort auf und informieren Sie die Polizei über den kostenlosen Notruf 110.
Weitere Informationen finden Sie unter der Rubrik ""Prävention"".",53.0854265,8.8363055,district
82725.0,2025-12-14,15.12.2025,Osterholz,False,Sonstiges,Rap-Videodreh mit Feuerwerk führt zu Polizeieinsatz,"Bremen-Osterholz, OT Tenever, Koblenzer Straße",https://www.polizei.bremen.de/news/pressestelle/pressemeldungen-ab-09122025-66024,"Ein mutmaßlicher Rap-Videodreh hat am späten Sonntagnachmittag im Bremer Ortsteil Tenever einen größeren Polizeieinsatz ausgelöst.
Gegen 17.30 Uhr meldeten mehrere Anrufer der Polizei Bremen, dass im Bereich der Koblenzer Straße Feuerwerkskörper gezündet würden. Zudem sei es zu Böllerwürfen aus Fenstern und von Balkonen auf die Straße gekommen. Vor Ort hielten sich zeitweise rund 100 Personen auf.
Einsatzkräfte trafen auf etwa 50 bis 70 überwiegend junge Menschen, die sich zunächst im Bereich eines Bolzplatzes und später in angrenzenden Innenhöfen aufhielten. Feuerwerkskörper wurden gezündet, zunächst jedoch ohne gezielte Angriffe auf Personen oder Sachen. Im weiteren Verlauf verschärfte sich die Stimmung einer Teilgruppe, sodass Böller und vereinzelt Flaschen in Richtung der Streifenwagen und Einsatzkräfte geworfen wurden.
Die Polizei zog daraufhin weitere Kräfte hinzu und erteilte Platzverweise. In der Folge löste sich die Menschenansammlung zunehmend auf, kleinere Gruppen entfernten sich vom Einsatzort. Die verbliebenen Personen wurden kontrolliert, zudem wurde eine erhöhte polizeiliche Präsenz im Umfeld sichergestellt.
Im Rahmen der Sachverhaltsaufnahme stellte sich heraus, dass die Zusammenkunft offenbar im Zusammenhang mit dem Dreh eines Musikvideos stand. Der beteiligte Rap-Künstler erschien später selbst am Einsatzort; seine Personalien wurden festgestellt.
Verletzte gab es nicht, weder unter den Einsatzkräften noch unter Unbeteiligten. Die Polizei prüft mögliche Verstöße und wertet den Einsatz aus.",53.0613569,8.9614918,address
82825.0,2025-12-12,15.12.2025,Neustadt,False,Sonstiges,Polizei warnt vor vermeintlichen Bankmitarbeitern,Bremen-Neustadt,https://www.polizei.bremen.de/news/pressestelle/pressemeldungen-ab-09122025-66024,"Trickbetrüger gaben sich am Freitag einem 84 Jahre alten Mann gegenüber als Bankmitarbeiter aus und erbeuteten durch Überweisungen auf diverse Konten Geld. Die Polizei warnt vor diesen Betrügern.
Die Betrüger riefen den 84-Jährigen am Freitag über eine Nachrichten-App an und gaben sich als vermeintliche Bankmitarbeiter aus. Sie erklärten ihm, dass es auf seinem Konto zu Unregelmäßigkeiten gekommen sei und sein Geld in Gefahr sein könnte. Um es zu schützen, sollte der Betroffene Geld auf bestimmte Konten überweisen. Über das gesamte Wochenende kam es zu mehrfachen Anrufen von den vermeintlichen Bankmitarbeitenden, die den 84-Jährigen so sehr unter Druck setzten, dass er den Anweisungen folgte und das Geld überwies. Der Senior erzählte im weiteren Verlauf seinem Enkel davon, der daraufhin das Konto sperren ließ und die Polizei alarmierte.
Die Polizei warnt vor diesen vielfältigen Betrugsmaschen. Bleiben Sie wachsam und hinterfragen Sie, wenn vermeintliche Bankmitarbeiter Sie zu Handlungen auffordern. Die Polizei weist in diesem Zusammenhang noch einmal ausdrücklich daraufhin: Geben Sie am Telefon keine Details zu Ihren finanziellen Verhältnissen preis und überweisen Sie kein Geld auf unbekannte Konten. Seien Sie aufmerksam und misstrauisch bei Geldforderungen. Vergewissern Sie sich immer noch einmal, ob es sich bei Ihrem Gegenüber auch um die vorgegebene Person handelt. Rufen Sie beim geringsten Zweifel die Polizei unter 110 an.
Mehr Tipps und Hinweise gibt es beim Präventionszentrum der Polizei Bremen unter 0421 362-19003, bzw. unter www.polizei.bremen.de oder www.polizei-beratung.de.",53.0695355,8.7928381,district
82925.0,2025-12-14,15.12.2025,Östliche Vorstadt,False,Einbruch,Einbrecher gestellt,"Bremen-Östliche Vorstadt, OT Peterswerder",https://www.polizei.bremen.de/news/pressestelle/pressemeldungen-ab-09122025-66024,"Einsatzkräfte der Polizei Bremen stellten in der Nacht von Samstag auf Sonntag einen 28 Jahre alten Mann in der Östlichen Vorstadt. Er ist verdächtig, zuvor in die Tiefgarage eines Mehrfamilienhauses eingebrochen und aus Autos unter anderem Geld, Papiere und weitere Gegenstände entwendet zu haben.
Gegen 03:30 Uhr alarmierten Anwohner über den Notruf die Polizei, weil sie verdächtige Geräusche gehört und Personen in der Tiefgarage des Hauses in der Hermine-Berthold-Straße beobachtet hatten. Vor Ort trafen die Einsatzkräfte im Haus auf den 28-Jährigen, der zunächst versuchte, zu flüchten. Die Polizisten stoppten ihn und brachten ihn zu Boden. Bei ihm fanden sie Bargeld, ein Portemonnaie, Fahrzeugpapiere und weitere Gegenstände, die aus Autos aus der Tiefgarage stammten. An mehreren Türen des Hauses wurden Hebelspuren festgestellt und entsprechendes Einbruchswerkzeug, wie Schraubenzieher sichergestellt. Der 28 Jahre alte Mann wurde für weitere Maßnahmen mit auf die Wache genommen. Die Kriminalpolizei hat die Ermittlungen auch zu einem möglichen zweiten Täter übernommen.
Hinweise nimmt der Kriminaldauerdienst der Polizei Bremen unter 0421 362-3888 entgegen.",53.07023,8.84098,district
83025.0,2025-12-15,16.12.2025,Neustadt,False,Verkehrsunfall,Fußgängerin verstirbt nach Verkehrsunfall,"Bremen-Neustadt, OT Alte Neustadt, Westerstraße",https://www.polizei.bremen.de/news/pressestelle/pressemeldungen-ab-09122025-66024,"Eine 51 Jahre alte Fußgängerin kollidierte am Montagnachmittag in der Bremer Neustadt mit einer Straßenbahn. Die Frau verstarb wenig später in einem Krankenhaus.
Die 51-Jährige betrat im Bereich der Fußgängerfurt bei Rotlicht die Straßenbahnschienen an der Westerstraße und stieß dabei mit einer Straßenbahn, die gerade von der Haltestelle „Am Neuen Markt“ einfuhr, zusammen. Durch die Wucht des Aufpralls wurde die Frau zurück auf die Fahrbahn geschleudert und dort von einem fahrenden Auto erfasst. Trotz sofortiger Reanimationsmaßnahmen erlag die 51-Jährige ihren schweren Verletzungen am frühen Abend in einer Klinik.
Während der Unfallaufnahme kam es aufgrund der Sperrungen zu erheblichen Verkehrsbehinderungen. Die weiteren Ermittlungen zum Unfallhergang dauern an.",53.0741271,8.7951531,address
83125.0,2025-12-16,17.12.2025,Schwachhausen,False,Drogendelikt,Stichwaffenangriff – Polizei bittet um Hinweise,"Bremen-Schwachhausen, OT Barkhof, Gustav-Deetjen-Allee",https://www.polizei.bremen.de/news/pressestelle/pressemeldungen-ab-09122025-66024,"Am Dienstagabend, gegen 21:30 Uhr, wurde in Schwachhausen ein bislang unbekannter Mann mit einer Stichwaffe schwer verletzt. Die Polizei Bremen bittet um Hinweise aus der Bevölkerung.
Nach ersten Erkenntnissen wurde er von einem unbekannten Täter in der Gustav-Deetjen-Allee, im Bereich des Tunnels, mit Stichen verletzt. Der Mann, der augenscheinlich aus der Obdachlosen- und Betäubungsmittelszene stammt, konnte keinerlei Angaben zu seiner Person oder dem Vorfall machen. Offensichtlich konnte er sich noch fußläufig vom Tatort zum ehemaligen Postamt An der Weide begeben, wo er sich eigenständig mit einem Schal verband. Passanten wurden auf den verletzten Mann aufmerksam und verständigten den Notruf.
Die ersteintreffenden Polizisten leisteten sofort Erste-Hilfe und legten ein Tourniquet an, um den Blutverlust zu stoppen. Der Unbekannte wurde umgehend in ein Krankenhaus gebracht und dort notoperiert. Lebensgefahr konnte zunächst nicht ausgeschlossen werden.
Die Polizei Bremen bittet Personen, die den Vorfall beobachtet haben oder die Hinweise zur Identität des Geschädigten sowie zu einem möglichen Täter geben können, sich unter der Telefonnummer 0421 362-3888 beim Kriminaldauerdienst zu melden.",53.0855412,8.8173802,address
83225.0,2025-12-15,17.12.2025,Obervieland,False,Raub,91-Jähriger ausgeraubt,"Bremen-Obervieland, OT Habenhausen, Habenhauser Dorfstraße",https://www.polizei.bremen.de/news/pressestelle/pressemeldungen-ab-09122025-66024,"Ein 91 Jahre alter Mann wurde am Montagabend in Obervieland von einem unbekannten Täter ausgeraubt. Der Mann riss ihm unter anderem eine Uhr vom Handgelenk. Die Polizei sucht Zeugen.
Etwa um 20:25 Uhr stieg der Senior in der Habenhauser Dorfstraße an der Haltestelle Staustraße aus dem Bus, als ihn ein Mann ansprach und nach dem Weg fragte. Noch während er antwortete, wurde der 91-Jährige von dem Unbekannten gepackt. Dabei entriss der Täter ihm das Portemonnaie und die Armbanduhr und flüchtete in Richtung Innenstadt. Von zu Hause aus alarmierte der 91 Jahre alte Mann etwas später die Polizei. Er erlitt durch die Tat Prellungen und Hautabschürfungen.
Der Täter wurde wie folgt beschrieben: Er soll etwa 20 bis 30 Jahre alt und ungefähr 170 cm groß und schlank gewesen sein. Er hatte dunkle und lockige Haare und soll dunkel gekleidet gewesen sein.
Die Soko Junge Räuber der Kriminalpolizei Bremen hat die Ermittlungen aufgenommen und sucht Zeugen, die in der Habenhauser Dorfstraße oder der näheren Umgebung Beobachtungen gemacht haben. Hinweise nimmt der Kriminaldauerdienst der Polizei Bremen unter 0421 362-3888 entgegen.",53.0478307,8.8593442,address
83325.0,2025-12-19,18.12.2025,Blumenthal,False,Sonstiges,Verdacht auf englische Fliegerbombe – Evakuierung und Entschärfung in Bremen Farge,"Bremen-Blumenthal, OT Farge",https://www.polizei.bremen.de/news/pressestelle/pressemeldungen-ab-09122025-66024,"Bei Bauarbeiten auf dem Gelände des ehemaligen Tanklagers Bremen Farge wurde am gestrigen Tag ein metallischer Gegenstand unter der Grasnarbe aufgefunden. Es besteht der Verdacht, dass es sich um eine 500 kg schwere englische Fliegerbombe mit Langzeitzünder handelt.
Die Entschärfung der Bombe ist für Freitag, 19. Dezember 2025, gegen Mittag geplant. Der Kampfmittelräumdienst hat einen Evakuierungsradius von 1000 Metern festgelegt. In diesem Bereich werden etwa 1500 Personen betroffen sein. Neben Wohngebieten umfasst der Radius auch Gewerbe- und Industrieanlagen. Um 9 Uhr wird der Bereich evakuiert.
Der Sprengmeister beabsichtigt, die Bombe aufgrund des Langzeitzünders mittels Fernentschärfung zu entschärfen. Sollte dieser Versuch misslingen, wird die Bombe kontrolliert gesprengt. Alle erforderlichen Vorbereitungen sind in die Gesamtmaßnahmen eingeplant.
Betroffene Personen werden gebeten, sich auf die Evakuierung vorzubereiten. Die Oberschule ""In den Sandwehen"" wird als Anlaufpunkt für evakuierte Personen dienen. Sollten Sie keine Unterkunft bei Familie oder Freunden finden, können Sie sich dort vorübergehend aufhalten.
Wichtige Hinweise für mobilitätseingeschränkte Personen:
Menschen, die auf Unterstützung angewiesen sind, werden gebeten, sich bei der Feuerwehr Bremen unter der Telefonnummer 0421 33610371 zu melden.
Karte und weitere Informationen: Eine Karte, die zeigt, ob Sie von der Evakuierung betroffen sind, finden Sie im Anhang dieser Mitteilung.
Hier geht es zur
Allgemeinverfügung
(pdf, 996.6 KB)",53.1817926,8.5726297,district
83425.0,2025-12-17,18.12.2025,Mitte,False,Raub,Kontrollen am Hauptbahnhof und im Viertel,"Bremen-Mitte/Östliche Vorstadt, OT Bahnhofsvorstadt, Steintor",https://www.polizei.bremen.de/news/pressestelle/pressemeldungen-ab-09122025-66024,"Einsatzkräfte der Polizei Bremen führten am Mittwoch Kontrollen im Bremer Stadtgebiet durch. Zivile und uniformierte Polizisten waren im Bahnhofsquartier und im Viertel unterwegs und führten Maßnahmen zur Bekämpfung des Drogenhandels durch.
In der Bahnhofsvorstadt sowie im Ostertor und Steintor beobachteten die zivilen Einsatzkräfte im gesamten Tagesverlauf in mehreren Fällen den Handel mit Cannabis. Bei anschließenden Kontrollen von insgesamt 17 Personen stellten die Polizisten mehrere Verkaufseinheiten Cannabis sowie Bargeld und Mobiltelefone sicher und fertigten entsprechende Anzeigen. Darüber hinaus wurden mehrere Platzverweise ausgesprochen. Zivilkräfte der Bundespolizei erkannten zudem auf dem Hillmannplatz einen 17 Jahre alten Tatverdächtigen nach einem Raub wieder, der durch die Einsatzkräfte der Polizei Bremen kurze Zeit später noch vor Ort gestellt und vorläufig festgenommen wurde. Die weiteren Ermittlungen hierzu dauern an.
Seit vielen Monaten setzt sich die Polizei Bremen verstärkt für die Bekämpfung der Drogen- und Straßenkriminalität ein und wird diese Bemühungen, auch mit anderen Sicherheitsbehörden, mit offenen und verdeckten Maßnahmen fortsetzen.",53.07143,8.828268,address
83425.0,2025-12-17,18.12.2025,Östliche Vorstadt,False,Raub,Kontrollen am Hauptbahnhof und im Viertel,"Bremen-Mitte/Östliche Vorstadt, OT Bahnhofsvorstadt, Steintor",https://www.polizei.bremen.de/news/pressestelle/pressemeldungen-ab-09122025-66024,"Einsatzkräfte der Polizei Bremen führten am Mittwoch Kontrollen im Bremer Stadtgebiet durch. Zivile und uniformierte Polizisten waren im Bahnhofsquartier und im Viertel unterwegs und führten Maßnahmen zur Bekämpfung des Drogenhandels durch.
In der Bahnhofsvorstadt sowie im Ostertor und Steintor beobachteten die zivilen Einsatzkräfte im gesamten Tagesverlauf in mehreren Fällen den Handel mit Cannabis. Bei anschließenden Kontrollen von insgesamt 17 Personen stellten die Polizisten mehrere Verkaufseinheiten Cannabis sowie Bargeld und Mobiltelefone sicher und fertigten entsprechende Anzeigen. Darüber hinaus wurden mehrere Platzverweise ausgesprochen. Zivilkräfte der Bundespolizei erkannten zudem auf dem Hillmannplatz einen 17 Jahre alten Tatverdächtigen nach einem Raub wieder, der durch die Einsatzkräfte der Polizei Bremen kurze Zeit später noch vor Ort gestellt und vorläufig festgenommen wurde. Die weiteren Ermittlungen hierzu dauern an.
Seit vielen Monaten setzt sich die Polizei Bremen verstärkt für die Bekämpfung der Drogen- und Straßenkriminalität ein und wird diese Bemühungen, auch mit anderen Sicherheitsbehörden, mit offenen und verdeckten Maßnahmen fortsetzen.",53.07143,8.828268,address
83525.0,2025-12-19,19.12.2025,Blumenthal,False,Sonstiges,Bombe in Farge erfolgreich entschärft,"Bremen-Blumenthal, OT Farge",https://www.polizei.bremen.de/news/pressestelle/pressemeldungen-ab-09122025-66024,"Eine bei Sondierungsarbeiten im Stadtteil Blumenthal gefundene 500-Kilogramm-Bombe aus dem Zweiten Weltkrieg wurde durch den Kampfmittelräumdienst der Bremer Polizei erfolgreich entschärft. Die Anwohnerinnen und Anwohner können nun in ihre Häuser und Wohnungen zurückkehren.
Sprengmeister Thomas Richter entschärfte gegen 13:40 Uhr die englische Fliegerbombe auf dem Gelände des Tanklagers Bremen Farge.
Die Sicherheit der Bevölkerung hatte bei allen Maßnahmen oberste Priorität.
Die Polizei Bremen dankt allen Einsatzkräften, den beteiligten Behörden sowie der Bevölkerung für ihre Geduld und Kooperation während der Evakuierungsmaßnahmen.",53.1817926,8.5726297,district
83625.0,2025-12-19,20.12.2025,Hemelingen,False,Verkehrsunfall,Mann verstirbt nach Unfall mit Straßenbahn,"Bremen-Hemelingen, OT Hastedt, Hastedter Heerstraße",https://www.polizei.bremen.de/news/pressestelle/pressemeldungen-ab-09122025-66024,"Ein 46 Jahre alter Mann kollidierte am Freitagnachmittag in Hastedt mit einer Straßenbahn. Er verstarb etwas später im Krankenhaus.
Gegen 15:45 Uhr war der 46-Jährige zu Fuß in der Hastedter Heerstraße unterwegs. Laut Zeugen ging er kurz nach der Haltestelle Ludwig-Quidde-Straße unvermittelt über die Straße und bemerkte offenbar nicht die fahrende Straßenbahn. Trotz Notbremsung konnte der Fahrer einen Zusammenstoß nicht mehr verhindern. Der 46-Jährige prallte gegen die Frontscheibe der Straßenbahn und fiel auf die Straße. Durch den Unfall zog er sich lebensgefährliche Kopfverletzungen zu, denen er etwas später im Krankenhaus erlag. Der 21 Jahre alte Fahrer der Straßenbahn erlitt einen Schock und wurde vor Ort vom Rettungsdienst behandelt und von einem Seelsorger betreut.
Während der Unfallaufnahme musste die Hastedter Heerstraße zwischenzeitlich voll gesperrt werden und es kam zu Verkehrsbehinderungen. Die weiteren Ermittlungen zum Unfallhergang dauern an.",53.0648346,8.8800426,address
83725.0,2025-12-21,21.12.2025,Neustadt,False,Drogendelikt,Flucht endet im Teich,"Bremen-Neustadt/ Obervieland, OT Huckelriede/Kattenturm",https://www.polizei.bremen.de/news/pressestelle/pressemeldungen-ab-09122025-66024,"Ein 37 Jahre alter Mann flüchtete zunächst in der Neustadt mit deutlich überhöhter Geschwindigkeit mit einem Audi vor einem Streifenwagen. Anschließend rannte er zu Fuß weiter und sprang dann in einen Tümpel. Bei ihm fanden die Polizisten Cannabis und ein Messer, außerdem war er ohne Führerschein unterwegs.
Etwa um 03:15 Uhr fiel einer Streifenwagenbesatzung in der Straße Niedersachsendamm ein Audi auf, der deutlich zu schnell unterwegs war. Als die Polizisten das Signal zum Anhalten gaben, beschleunigte der Fahrer und versuchte zu flüchten. Kurz darauf bog er in einen kleinen Seitenweg ein und rannte zu Fuß weiter. Die Einsatzkräfte sprinteten hinterher und sahen noch, wie der Mann in einen nahegelegenen Tümpel sprang und einen Beutel wegwarf. Zunächst weigerte er sich, aus dem Wasser wieder herauszukommen, letztlich ließ er sich doch mit einer Rettungsleine herausziehen. Er wurde deutlich unterkühlt von Rettungskräften in ein Krankenhaus gebraucht.
Der weggeworfene Beutel wurde sichergestellt, darin befanden sich mehrere Verkaufseinheiten Cannabis, außerdem trug er ein Messer griffbereit an einer Kette um den Hals. Auch dieses wurde sichergestellt. Der 37-Jährige ist nicht im Besitz einer gültigen Fahrerlaubnis. Sein Handy und auch der Audi wurden anschließend beschlagnahmt. Ihn erwarten jetzt diverse Anzeigen, die weiteren Ermittlungen dauern an.",53.0695355,8.7928381,district
83725.0,2025-12-21,21.12.2025,Obervieland,False,Drogendelikt,Flucht endet im Teich,"Bremen-Neustadt/ Obervieland, OT Huckelriede/Kattenturm",https://www.polizei.bremen.de/news/pressestelle/pressemeldungen-ab-09122025-66024,"Ein 37 Jahre alter Mann flüchtete zunächst in der Neustadt mit deutlich überhöhter Geschwindigkeit mit einem Audi vor einem Streifenwagen. Anschließend rannte er zu Fuß weiter und sprang dann in einen Tümpel. Bei ihm fanden die Polizisten Cannabis und ein Messer, außerdem war er ohne Führerschein unterwegs.
Etwa um 03:15 Uhr fiel einer Streifenwagenbesatzung in der Straße Niedersachsendamm ein Audi auf, der deutlich zu schnell unterwegs war. Als die Polizisten das Signal zum Anhalten gaben, beschleunigte der Fahrer und versuchte zu flüchten. Kurz darauf bog er in einen kleinen Seitenweg ein und rannte zu Fuß weiter. Die Einsatzkräfte sprinteten hinterher und sahen noch, wie der Mann in einen nahegelegenen Tümpel sprang und einen Beutel wegwarf. Zunächst weigerte er sich, aus dem Wasser wieder herauszukommen, letztlich ließ er sich doch mit einer Rettungsleine herausziehen. Er wurde deutlich unterkühlt von Rettungskräften in ein Krankenhaus gebraucht.
Der weggeworfene Beutel wurde sichergestellt, darin befanden sich mehrere Verkaufseinheiten Cannabis, außerdem trug er ein Messer griffbereit an einer Kette um den Hals. Auch dieses wurde sichergestellt. Der 37-Jährige ist nicht im Besitz einer gültigen Fahrerlaubnis. Sein Handy und auch der Audi wurden anschließend beschlagnahmt. Ihn erwarten jetzt diverse Anzeigen, die weiteren Ermittlungen dauern an.",53.03885,8.837961,district
83825.0,2025-12-20,22.12.2025,Blumenthal,False,Einbruch,Einbruchsversuch in Blumenthal,"Bremen-Blumenthal, OT Lüssum-Bockhorn, Schwaneweder Straße",https://www.polizei.bremen.de/news/pressestelle/pressemeldungen-ab-09122025-66024,"Zwei Männer im Alter von 46 und 52 Jahren wurden am Samstag nach einem versuchten Einbruch in Blumenthal von Einsatzkräften der Polizei Bremen gestellt. Dabei versuchten sie das Schaufenster mit einer Axt einzuschlagen.
Eine Zeugin hatte gegen 16:15 Uhr in der Schwaneweder Straße beobachtet, wie mehrere Personen das Schaufenster einer Apotheke mit einer Axt eingeschlagen hatten und alarmierte daraufhin die Polizei. Offenbar hatten die Täter versucht einzubrechen, waren aber an den gesicherten Fenstern gescheitert und geflüchtet. Die schnell eingetroffenen Einsatzkräfte stellten zwei Männer in unmittelbarer Nähe des Tatortes. Sie fanden eine Axt sowie ein Messer bei den beiden. Während der Festnahme verhielten sich der 52-Jährige sowie der 46 Jahre alte Mann sehr aggressiv und haben um sich geschlagen. Das Duo muss sich nun unter anderem wegen versuchten Einbruchsdiebstahls und Widerstand gegen Vollstreckungsbeamte verantworten. Die weiteren Ermittlungen dauern an.
Dieser Fall zeigt erneut, dass aufmerksame Zeugen helfen, Einbrecher zu überführen oder einen Einbruch zu verhindern. Melden Sie der Polizei unter dem kostenlosen Notruf 110, wenn Ihnen Personen auf Grundstücken oder an Gebäuden auffallen, die sich verdächtig verhalten.
Damit Sie sehen, wo in Bremen Einbrecherinnen und Einbrecher aktiv waren, hat die Polizei Bremen wieder unter www.polizei.bremen.de ihr Einbruchsradar aktiviert. Die Karte zeigt Ihnen, wo während der der dunklen Jahreszeit Einbrüche in Bremer Wohnhäuser und Wohnungen stattgefunden haben.",53.1992339,8.5734176,address
83925.0,2025-12-19,22.12.2025,Mitte,False,Diebstahl,Diebes-Duo nach Handyortung gestellt,"Bremen-Mitte, OT Ostertor, Goetheplatz",https://www.polizei.bremen.de/news/pressestelle/pressemeldungen-ab-09122025-66024,"Einsatzkräfte der Polizei Bremen nahmen am Freitag zwei Männer im Alter von 30 und 31 Jahren nach einem Handydiebstahl in Mitte vorläufig fest. Bei einer Durchsuchung fanden die Einsatzkräfte das Mobiltelefon. Zudem stellte sich heraus, dass das Duo in einem gestohlenen Auto unterwegs war.
Am Freitagabend stellte eine 66-Jährige nach einem Restaurantbesuch im Ortsteil Ostertor fest, dass ihre Handtasche durch einen bis dato unbekannten Täter gestohlen wurde. Noch am selben Abend konnte das gestohlene Telefon in Schwachhausen geortet werden. Eine alarmierte Streife suchte die Adresse auf und stellte zwei tatverdächtige Männer im Alter von 30 und 31 Jahren an einem Mercedes. Bei der Durchsuchung fanden die Einsatzkräfte im Auto das gesuchte Mobiltelefon. Während der Kontrolle stellte sich heraus, dass die beiden Männer nachweislich unter dem Einfluss von Alkohol und Drogen standen. Zudem stellten die Einsatzkräfte fest, dass das Auto als gestohlen gemeldet wurde. Der Mercedes wurde daraufhin beschlagnahmt. Einer der Männer besaß zudem keine gültige Fahrerlaubnis. Darüber hinaus fanden die Einsatzkräfte diverse verschreibungspflichtige Medikamente. Die beiden Männer wurden vorläufig festgenommen.
Die Polizisten fertigten diverse Strafanzeigen, unter anderem wegen Diebstahl, Fahren ohne Führerschein und Fahren unter Drogeneinfluss. Die weiteren Ermittlungen dauern an.",53.0724484,8.8156678,address
